"ID_DOMINATION","CD_MATCH","CD_CLUB_DOMICILE","CD_CLUB_EXTERIEUR","CLUB_DOMINANT","DEBUT_DOMINATION","FIN_DOMINATION","SCORE_DOM_AV","SCORE_EXT_AV","SCORE_DOM_AP","SCORE_EXT_AP","ACTION_CREATRICE","NB_TIR_DOM","NB_TIR_EXT","NB_ARRET_DOM","NB_ARRET_EXT","NB_ACTION_DEF","NB_TIR_DIFF","ECART_AV","ECART_AP","ECART_CREE","DUREE"
"FR-1-H_32_25_5656_1","FR-1-H_32_25_5656","FR_CRMHB_35510","FR_SRVHB_83700","FR_CRMHB_35510",00:28:00,03:08:00,1,0,2,1,"TIR DIFFICILE",1,1,1,1,5,0,1,1,0,160
"FR-1-H_32_25_5656_10","FR-1-H_32_25_5656","FR_CRMHB_35510","FR_SRVHB_83700","FR_SRVHB_83700",43:54:00,45:31:00,19,20,20,21,"TIR DIFFICILE",1,1,0,0,0,2,1,1,0,97
"FR-1-H_32_25_5656_11","FR-1-H_32_25_5656","FR_CRMHB_35510","FR_SRVHB_83700","FR_CRMHB_35510",45:35:00,46:39:00,20,21,21,22,"TIR DIFFICILE",1,1,0,0,1,0,-1,-1,0,64
"FR-1-H_32_25_5656_12","FR-1-H_32_25_5656","FR_CRMHB_35510","FR_SRVHB_83700","FR_SRVHB_83700",46:39:00,48:27:00,21,22,22,23,"TIR DIFFICILE",0,1,0,2,3,1,1,1,0,108
"FR-1-H_32_25_5656_13","FR-1-H_32_25_5656","FR_CRMHB_35510","FR_SRVHB_83700","FR_CRMHB_35510",53:56:00,55:47:00,25,26,26,27,"TIR DIFFICILE",1,1,0,0,2,0,-1,-1,0,111
"FR-1-H_32_25_5656_2","FR-1-H_32_25_5656","FR_CRMHB_35510","FR_SRVHB_83700","FR_CRMHB_35510",04:02:00,06:59:00,3,1,5,2,"INTERCEPTION",2,1,1,0,3,1,2,3,1,177
"FR-1-H_32_25_5656_3","FR-1-H_32_25_5656","FR_CRMHB_35510","FR_SRVHB_83700","FR_CRMHB_35510",10:34:00,12:55:00,7,3,8,4,"ARRÊT",1,1,1,0,4,1,4,4,0,141
"FR-1-H_32_25_5656_4","FR-1-H_32_25_5656","FR_CRMHB_35510","FR_SRVHB_83700","FR_CRMHB_35510",16:27:00,22:12:00,10,5,11,6,"ARRÊT",3,3,2,1,10,1,5,5,0,345
"FR-1-H_32_25_5656_5","FR-1-H_32_25_5656","FR_CRMHB_35510","FR_SRVHB_83700","FR_SRVHB_83700",23:04:00,26:01:00,12,7,13,9,"TIR DIFFICILE",1,2,1,2,3,1,-5,-4,1,177
"FR-1-H_32_25_5656_6","FR-1-H_32_25_5656","FR_CRMHB_35510","FR_SRVHB_83700","FR_SRVHB_83700",26:58:00,29:27:00,13,10,14,12,"PASSAGE EN FORCE",1,2,0,0,4,1,-3,-2,1,149
"FR-1-H_32_25_5656_7","FR-1-H_32_25_5656","FR_CRMHB_35510","FR_SRVHB_83700","FR_CRMHB_35510",29:27:00,30:42:00,14,12,15,13,"ARRÊT",1,1,0,0,2,1,2,2,0,75
"FR-1-H_32_25_5656_8","FR-1-H_32_25_5656","FR_CRMHB_35510","FR_SRVHB_83700","FR_SRVHB_83700",30:42:00,34:43:00,15,13,16,15,"TIR DIFFICILE",1,2,1,2,5,2,-2,-1,1,241
"FR-1-H_32_25_5656_9","FR-1-H_32_25_5656","FR_CRMHB_35510","FR_SRVHB_83700","FR_SRVHB_83700",36:12:00,39:23:00,16,16,17,17,"TIR DIFFICILE",1,4,0,0,4,1,0,0,0,191
"FR-1-H_32_25_5657_1","FR-1-H_32_25_5657","FR_CSMBHB_73000","FR_FTHB_31000","FR_FTHB_31000",07:00:00,08:35:00,2,2,3,3,"2 MINUTES",2,1,0,0,1,2,0,0,0,95
"FR-1-H_32_25_5657_10","FR-1-H_32_25_5657","FR_CSMBHB_73000","FR_FTHB_31000","FR_FTHB_31000",46:26:00,49:10:00,19,25,20,26,"TIR DIFFICILE",1,1,1,0,2,0,6,6,0,164
"FR-1-H_32_25_5657_11","FR-1-H_32_25_5657","FR_CSMBHB_73000","FR_FTHB_31000","FR_CSMBHB_73000",49:10:00,51:18:00,20,26,21,27,"ARRÊT",1,1,2,0,4,1,-6,-6,0,128
"FR-1-H_32_25_5657_12","FR-1-H_32_25_5657","FR_CSMBHB_73000","FR_FTHB_31000","FR_FTHB_31000",51:18:00,55:29:00,21,27,22,28,"TIR DIFFICILE",0,1,0,2,9,0,6,6,0,251
"FR-1-H_32_25_5657_13","FR-1-H_32_25_5657","FR_CSMBHB_73000","FR_FTHB_31000","FR_CSMBHB_73000",55:29:00,59:59:00,22,28,NA,NA,"2 MINUTES",4,1,2,1,8,0,-6,NA,NA,270
"FR-1-H_32_25_5657_2","FR-1-H_32_25_5657","FR_CSMBHB_73000","FR_FTHB_31000","FR_FTHB_31000",08:44:00,11:57:00,3,4,4,6,"TIR DIFFICILE",1,1,0,2,4,0,1,2,1,193
"FR-1-H_32_25_5657_3","FR-1-H_32_25_5657","FR_CSMBHB_73000","FR_FTHB_31000","FR_CSMBHB_73000",12:49:00,14:03:00,5,7,6,8,"2 MINUTES",1,0,0,0,0,0,-2,-2,0,74
"FR-1-H_32_25_5657_4","FR-1-H_32_25_5657","FR_CSMBHB_73000","FR_FTHB_31000","FR_FTHB_31000",17:17:00,19:11:00,8,10,9,11,"2 MINUTES",2,1,0,0,3,1,2,2,0,114
"FR-1-H_32_25_5657_5","FR-1-H_32_25_5657","FR_CSMBHB_73000","FR_FTHB_31000","FR_FTHB_31000",19:48:00,22:46:00,9,12,10,13,"TIR DIFFICILE",1,2,0,2,8,0,3,3,0,178
"FR-1-H_32_25_5657_6","FR-1-H_32_25_5657","FR_CSMBHB_73000","FR_FTHB_31000","FR_FTHB_31000",23:45:00,26:06:00,10,14,11,15,"TIR DIFFICILE",0,1,0,1,4,1,4,4,0,141
"FR-1-H_32_25_5657_7","FR-1-H_32_25_5657","FR_CSMBHB_73000","FR_FTHB_31000","FR_FTHB_31000",26:26:00,28:38:00,11,16,12,17,"TIR DIFFICILE",1,0,0,2,3,0,5,5,0,132
"FR-1-H_32_25_5657_8","FR-1-H_32_25_5657","FR_CSMBHB_73000","FR_FTHB_31000","FR_FTHB_31000",32:17:00,35:57:00,13,19,14,21,"ARRÊT",2,2,1,2,4,1,6,7,1,220
"FR-1-H_32_25_5657_9","FR-1-H_32_25_5657","FR_CSMBHB_73000","FR_FTHB_31000","FR_CSMBHB_73000",38:29:00,45:22:00,16,23,18,24,"PASSAGE EN FORCE",1,2,1,2,13,0,-7,-6,1,413
"FR-1-H_32_25_5658_1","FR-1-H_32_25_5658","FR_USCHB_94000","FR_DHBGL_59140","FR_DHBGL_59140",07:00:00,09:32:00,3,3,4,4,"TIR DIFFICILE",2,1,0,0,2,0,0,0,0,152
"FR-1-H_32_25_5658_10","FR-1-H_32_25_5658","FR_USCHB_94000","FR_DHBGL_59140","FR_DHBGL_59140",51:35:00,53:25:00,25,21,26,22,"HORS CADRE",1,1,0,1,4,1,-4,-4,0,110
"FR-1-H_32_25_5658_11","FR-1-H_32_25_5658","FR_USCHB_94000","FR_DHBGL_59140","FR_DHBGL_59140",53:47:00,55:39:00,26,23,27,24,"TIR DIFFICILE",1,0,0,1,3,0,-3,-3,0,112
"FR-1-H_32_25_5658_12","FR-1-H_32_25_5658","FR_USCHB_94000","FR_DHBGL_59140","FR_USCHB_94000",55:39:00,57:19:00,27,24,28,25,"TEMPS MORT",1,1,1,0,2,0,3,3,0,100
"FR-1-H_32_25_5658_2","FR-1-H_32_25_5658","FR_USCHB_94000","FR_DHBGL_59140","FR_USCHB_94000",10:54:00,13:02:00,5,5,6,6,"TIR DIFFICILE",1,1,0,0,3,0,0,0,0,128
"FR-1-H_32_25_5658_3","FR-1-H_32_25_5658","FR_USCHB_94000","FR_DHBGL_59140","FR_DHBGL_59140",18:56:00,20:20:00,11,11,12,12,"TIR DIFFICILE",1,1,0,1,2,1,0,0,0,84
"FR-1-H_32_25_5658_4","FR-1-H_32_25_5658","FR_USCHB_94000","FR_DHBGL_59140","FR_USCHB_94000",20:20:00,26:22:00,12,12,14,13,"TIR DIFFICILE",2,1,3,2,7,1,0,1,1,362
"FR-1-H_32_25_5658_5","FR-1-H_32_25_5658","FR_USCHB_94000","FR_DHBGL_59140","FR_DHBGL_59140",26:22:00,28:17:00,14,13,15,14,"TIR DIFFICILE",1,1,0,0,4,0,-1,-1,0,115
"FR-1-H_32_25_5658_6","FR-1-H_32_25_5658","FR_USCHB_94000","FR_DHBGL_59140","FR_DHBGL_59140",28:41:00,32:10:00,15,15,16,16,"INTERCEPTION",2,1,2,1,6,0,0,0,0,209
"FR-1-H_32_25_5658_7","FR-1-H_32_25_5658","FR_USCHB_94000","FR_DHBGL_59140","FR_USCHB_94000",33:00:00,37:32:00,17,17,19,18,"TIR DIFFICILE",2,2,0,0,4,0,0,1,1,272
"FR-1-H_32_25_5658_8","FR-1-H_32_25_5658","FR_USCHB_94000","FR_DHBGL_59140","FR_USCHB_94000",44:44:00,47:20:00,21,19,23,20,"PASSAGE EN FORCE",2,1,1,0,1,1,2,3,1,156
"FR-1-H_32_25_5658_9","FR-1-H_32_25_5658","FR_USCHB_94000","FR_DHBGL_59140","FR_USCHB_94000",48:26:00,51:35:00,24,20,25,21,"PASSAGE EN FORCE",2,2,2,1,5,0,4,4,0,189
"FR-1-H_32_25_5659_1","FR-1-H_32_25_5659","FR_IPHB_13806","FR_TFHB_93290","FR_IPHB_13806",11:00:00,14:27:00,4,4,5,5,"PASSAGE EN FORCE",1,0,2,1,5,0,0,0,0,207
"FR-1-H_32_25_5659_10","FR-1-H_32_25_5659","FR_IPHB_13806","FR_TFHB_93290","FR_IPHB_13806",49:39:00,51:03:00,22,18,23,19,"ARRÊT",0,0,0,1,2,0,4,4,0,84
"FR-1-H_32_25_5659_11","FR-1-H_32_25_5659","FR_IPHB_13806","FR_TFHB_93290","FR_IPHB_13806",52:11:00,55:13:00,24,20,26,21,"TIR DIFFICILE",2,1,2,1,3,2,4,5,1,182
"FR-1-H_32_25_5659_12","FR-1-H_32_25_5659","FR_IPHB_13806","FR_TFHB_93290","FR_TFHB_93290",56:07:00,59:13:00,27,22,28,24,"TIR DIFFICILE",1,2,1,1,4,1,-5,-4,1,186
"FR-1-H_32_25_5659_2","FR-1-H_32_25_5659","FR_IPHB_13806","FR_TFHB_93290","FR_TFHB_93290",14:27:00,19:36:00,5,5,6,6,"ARRÊT",0,3,1,2,6,0,0,0,0,309
"FR-1-H_32_25_5659_3","FR-1-H_32_25_5659","FR_IPHB_13806","FR_TFHB_93290","FR_IPHB_13806",19:36:00,22:58:00,6,6,8,7,"ARRÊT",3,1,1,0,5,0,0,1,1,202
"FR-1-H_32_25_5659_4","FR-1-H_32_25_5659","FR_IPHB_13806","FR_TFHB_93290","FR_IPHB_13806",23:43:00,25:18:00,9,7,10,8,"TIR DIFFICILE",0,1,0,0,2,0,2,2,0,95
"FR-1-H_32_25_5659_5","FR-1-H_32_25_5659","FR_IPHB_13806","FR_TFHB_93290","FR_IPHB_13806",27:31:00,29:15:00,12,9,13,10,"TIR DIFFICILE",2,1,1,0,2,1,3,3,0,104
"FR-1-H_32_25_5659_6","FR-1-H_32_25_5659","FR_IPHB_13806","FR_TFHB_93290","FR_TFHB_93290",29:15:00,31:22:00,13,10,14,11,"HORS CADRE",1,1,0,2,5,0,-3,-3,0,127
"FR-1-H_32_25_5659_7","FR-1-H_32_25_5659","FR_IPHB_13806","FR_TFHB_93290","FR_IPHB_13806",31:22:00,35:54:00,14,11,16,12,"INTERCEPTION",2,3,1,0,6,0,3,4,1,272
"FR-1-H_32_25_5659_8","FR-1-H_32_25_5659","FR_IPHB_13806","FR_TFHB_93290","FR_TFHB_93290",36:48:00,38:14:00,17,12,18,13,"TEMPS MORT",1,0,1,0,2,0,-5,-5,0,86
"FR-1-H_32_25_5659_9","FR-1-H_32_25_5659","FR_IPHB_13806","FR_TFHB_93290","FR_TFHB_93290",39:59:00,42:31:00,19,14,20,15,"TIR DIFFICILE",2,1,0,1,4,1,-5,-5,0,152
"FR-1-H_32_25_5660_1","FR-1-H_32_25_5660","FR_MHB_34000","FR_CCMHB_28000","FR_MHB_34000",01:16:00,03:58:00,1,0,2,1,"JEU PASSIF",1,1,0,0,4,0,1,1,0,162
"FR-1-H_32_25_5660_10","FR-1-H_32_25_5660","FR_MHB_34000","FR_CCMHB_28000","FR_MHB_34000",51:37:00,54:58:00,27,22,29,23,"MARCHÉ",2,2,0,0,3,1,5,6,1,201
"FR-1-H_32_25_5660_11","FR-1-H_32_25_5660","FR_MHB_34000","FR_CCMHB_28000","FR_CCMHB_28000",54:58:00,57:40:00,29,23,30,24,"TIR DIFFICILE",2,1,0,1,2,1,-6,-6,0,162
"FR-1-H_32_25_5660_12","FR-1-H_32_25_5660","FR_MHB_34000","FR_CCMHB_28000","FR_MHB_34000",57:40:00,59:53:00,30,24,NA,NA,"TIR DIFFICILE",1,1,1,0,2,1,6,NA,NA,133
"FR-1-H_32_25_5660_2","FR-1-H_32_25_5660","FR_MHB_34000","FR_CCMHB_28000","FR_MHB_34000",04:41:00,08:51:00,3,1,6,2,"BALLON SORTI",3,3,0,3,7,0,2,4,2,250
"FR-1-H_32_25_5660_3","FR-1-H_32_25_5660","FR_MHB_34000","FR_CCMHB_28000","FR_MHB_34000",11:17:00,14:17:00,8,3,9,4,"CARTON JAUNE",3,1,2,0,3,1,5,5,0,180
"FR-1-H_32_25_5660_4","FR-1-H_32_25_5660","FR_MHB_34000","FR_CCMHB_28000","FR_CCMHB_28000",14:17:00,16:26:00,9,4,10,5,"POTEAU",1,1,0,2,5,0,-5,-5,0,129
"FR-1-H_32_25_5660_5","FR-1-H_32_25_5660","FR_MHB_34000","FR_CCMHB_28000","FR_MHB_34000",16:26:00,19:48:00,10,5,12,6,"INTERCEPTION",2,0,0,0,5,0,5,6,1,202
"FR-1-H_32_25_5660_6","FR-1-H_32_25_5660","FR_MHB_34000","FR_CCMHB_28000","FR_CCMHB_28000",19:48:00,25:11:00,12,6,13,7,"ARRÊT",2,0,2,3,9,0,-6,-6,0,323
"FR-1-H_32_25_5660_7","FR-1-H_32_25_5660","FR_MHB_34000","FR_CCMHB_28000","FR_CCMHB_28000",40:08:00,41:30:00,21,16,22,17,"TIR DIFFICILE",1,2,0,0,1,1,-5,-5,0,82
"FR-1-H_32_25_5660_8","FR-1-H_32_25_5660","FR_MHB_34000","FR_CCMHB_28000","FR_CCMHB_28000",42:02:00,43:15:00,22,18,23,19,"TIR DIFFICILE",1,1,0,0,0,1,-4,-4,0,73
"FR-1-H_32_25_5660_9","FR-1-H_32_25_5660","FR_MHB_34000","FR_CCMHB_28000","FR_MHB_34000",43:15:00,48:15:00,23,19,24,20,"TIR DIFFICILE",1,1,1,2,12,0,4,4,0,300
"FR-1-H_32_25_5661_10","FR-1-H_32_25_5661","FR_HBCN_44200","FR_USIHB_94200","FR_HBCN_44200",33:44:00,35:56:00,18,15,19,16,"ARRÊT",1,1,0,0,2,2,3,3,0,132
"FR-1-H_32_25_5661_11","FR-1-H_32_25_5661","FR_HBCN_44200","FR_USIHB_94200","FR_HBCN_44200",39:57:00,46:10:00,21,17,24,18,"MARCHÉ",3,2,2,0,9,1,4,6,2,373
"FR-1-H_32_25_5661_12","FR-1-H_32_25_5661","FR_HBCN_44200","FR_USIHB_94200","FR_USIHB_94200",49:04:00,52:07:00,26,20,27,21,"HORS CADRE",0,1,1,1,3,0,-6,-6,0,183
"FR-1-H_32_25_5661_13","FR-1-H_32_25_5661","FR_HBCN_44200","FR_USIHB_94200","FR_HBCN_44200",52:07:00,54:18:00,27,21,28,22,"ARRÊT",1,2,1,0,3,1,6,6,0,131
"FR-1-H_32_25_5661_2","FR-1-H_32_25_5661","FR_HBCN_44200","FR_USIHB_94200","FR_HBCN_44200",03:43:00,07:29:00,1,2,3,3,"2 MINUTES",2,1,1,1,5,1,-1,0,1,226
"FR-1-H_32_25_5661_3","FR-1-H_32_25_5661","FR_HBCN_44200","FR_USIHB_94200","FR_HBCN_44200",09:20:00,10:49:00,5,4,6,5,"BALLON SORTI",1,1,0,0,0,1,1,1,0,89
"FR-1-H_32_25_5661_4","FR-1-H_32_25_5661","FR_HBCN_44200","FR_USIHB_94200","FR_USIHB_94200",12:23:00,16:20:00,7,6,8,7,"HORS CADRE",3,1,1,1,7,2,-1,-1,0,237
"FR-1-H_32_25_5661_5","FR-1-H_32_25_5661","FR_HBCN_44200","FR_USIHB_94200","FR_HBCN_44200",16:20:00,20:51:00,8,7,10,8,"TIR DIFFICILE",1,2,2,2,7,0,1,2,1,271
"FR-1-H_32_25_5661_6","FR-1-H_32_25_5661","FR_HBCN_44200","FR_USIHB_94200","FR_HBCN_44200",21:12:00,22:33:00,11,8,12,9,"HORS CADRE",1,1,0,0,1,0,3,3,0,81
"FR-1-H_32_25_5661_7","FR-1-H_32_25_5661","FR_HBCN_44200","FR_USIHB_94200","FR_USIHB_94200",25:29:00,27:21:00,13,10,14,11,"ARRÊT",1,1,0,1,3,1,-3,-3,0,112
"FR-1-H_32_25_5661_8","FR-1-H_32_25_5661","FR_HBCN_44200","FR_USIHB_94200","FR_HBCN_44200",27:21:00,29:17:00,14,11,16,12,"TIR DIFFICILE",1,1,1,0,5,0,3,4,1,116
"FR-1-H_32_25_5661_9","FR-1-H_32_25_5661","FR_HBCN_44200","FR_USIHB_94200","FR_USIHB_94200",29:17:00,32:09:00,16,12,17,14,"2 MINUTES",3,2,0,0,0,1,-4,-3,1,172
"FR-1-H_32_25_5662_1","FR-1-H_32_25_5662","FR_USAMNG_30918","FR_LHB_87000","FR_USAMNG_30918",02:36:00,10:26:00,2,1,8,2,"CARTON JAUNE",5,3,2,1,10,2,1,6,5,470
"FR-1-H_32_25_5662_10","FR-1-H_32_25_5662","FR_USAMNG_30918","FR_LHB_87000","FR_LHB_87000",45:09:00,48:54:00,22,17,23,18,"BALLON SORTI",1,1,0,2,6,1,-5,-5,0,225
"FR-1-H_32_25_5662_11","FR-1-H_32_25_5662","FR_USAMNG_30918","FR_LHB_87000","FR_USAMNG_30918",50:58:00,52:55:00,25,20,26,21,"2 MINUTES",1,1,1,0,3,1,5,5,0,117
"FR-1-H_32_25_5662_12","FR-1-H_32_25_5662","FR_USAMNG_30918","FR_LHB_87000","FR_USAMNG_30918",53:28:00,56:19:00,27,21,28,22,"ARRÊT",1,2,0,0,3,0,6,6,0,171
"FR-1-H_32_25_5662_13","FR-1-H_32_25_5662","FR_USAMNG_30918","FR_LHB_87000","FR_USAMNG_30918",57:03:00,59:13:00,29,22,30,23,"INTERCEPTION",1,1,1,0,4,0,7,7,0,130
"FR-1-H_32_25_5662_2","FR-1-H_32_25_5662","FR_USAMNG_30918","FR_LHB_87000","FR_USAMNG_30918",11:36:00,13:28:00,9,2,10,3,"POTEAU",1,1,1,0,4,0,7,7,0,112
"FR-1-H_32_25_5662_3","FR-1-H_32_25_5662","FR_USAMNG_30918","FR_LHB_87000","FR_LHB_87000",13:28:00,16:58:00,10,3,11,4,"TIR DIFFICILE",0,1,1,2,6,0,-7,-7,0,210
"FR-1-H_32_25_5662_4","FR-1-H_32_25_5662","FR_USAMNG_30918","FR_LHB_87000","FR_USAMNG_30918",16:58:00,18:15:00,11,4,12,5,"2 MINUTES",1,1,1,0,1,2,7,7,0,77
"FR-1-H_32_25_5662_5","FR-1-H_32_25_5662","FR_USAMNG_30918","FR_LHB_87000","FR_USAMNG_30918",18:59:00,21:55:00,13,5,14,6,"TIR DIFFICILE",1,1,1,0,4,0,8,8,0,176
"FR-1-H_32_25_5662_6","FR-1-H_32_25_5662","FR_USAMNG_30918","FR_LHB_87000","FR_LHB_87000",29:46:00,32:12:00,18,10,19,12,"POTEAU",0,2,0,1,3,0,-8,-7,1,146
"FR-1-H_32_25_5662_7","FR-1-H_32_25_5662","FR_USAMNG_30918","FR_LHB_87000","FR_USAMNG_30918",32:12:00,35:23:00,19,12,20,13,"ARRÊT",0,0,1,0,5,0,7,7,0,191
"FR-1-H_32_25_5662_8","FR-1-H_32_25_5662","FR_USAMNG_30918","FR_LHB_87000","FR_LHB_87000",35:23:00,40:41:00,20,13,21,16,"2 MINUTES",2,4,0,1,7,0,-7,-5,2,318
"FR-1-H_32_25_5662_9","FR-1-H_32_25_5662","FR_USAMNG_30918","FR_LHB_87000","FR_USAMNG_30918",40:41:00,45:09:00,21,16,22,17,"TEMPS MORT",1,2,2,0,6,0,5,5,0,268
"FR-1-H_32_26_5664_10","FR-1-H_32_26_5664","FR_PAUC_13100","FR_MHB_34000","FR_MHB_34000",34:28:00,35:01:00,17,21,18,22,"TIR DIFFICILE",1,1,0,1,1,0,4,4,0,33
"FR-1-H_32_26_5664_11","FR-1-H_32_26_5664","FR_PAUC_13100","FR_MHB_34000","FR_PAUC_13100",35:01:00,38:54:00,18,22,20,23,"TIR DIFFICILE",3,2,2,0,6,2,-4,-3,1,233
"FR-1-H_32_26_5664_12","FR-1-H_32_26_5664","FR_PAUC_13100","FR_MHB_34000","FR_PAUC_13100",39:22:00,42:36:00,21,23,22,24,"TIR DIFFICILE",1,1,2,0,7,1,-2,-2,0,194
"FR-1-H_32_26_5664_13","FR-1-H_32_26_5664","FR_PAUC_13100","FR_MHB_34000","FR_MHB_34000",42:36:00,45:29:00,22,24,23,26,"PASSAGE EN FORCE",1,1,0,1,6,1,2,3,1,173
"FR-1-H_32_26_5664_14","FR-1-H_32_26_5664","FR_PAUC_13100","FR_MHB_34000","FR_PAUC_13100",50:10:00,52:53:00,24,27,25,28,"TIR DIFFICILE",1,1,1,0,2,1,-3,-3,0,163
"FR-1-H_32_26_5664_15","FR-1-H_32_26_5664","FR_PAUC_13100","FR_MHB_34000","FR_MHB_34000",54:51:00,57:14:00,26,29,27,30,"HORS CADRE",1,2,0,2,4,0,3,3,0,143
"FR-1-H_32_26_5664_16","FR-1-H_32_26_5664","FR_PAUC_13100","FR_MHB_34000","FR_MHB_34000",58:07:00,59:50:00,27,31,NA,NA,"TIR DIFFICILE",0,1,0,0,3,0,4,NA,NA,103
"FR-1-H_32_26_5664_2","FR-1-H_32_26_5664","FR_PAUC_13100","FR_MHB_34000","FR_MHB_34000",04:10:00,08:27:00,3,2,4,7,"TIR DIFFICILE",1,5,0,2,8,0,-1,3,4,257
"FR-1-H_32_26_5664_3","FR-1-H_32_26_5664","FR_PAUC_13100","FR_MHB_34000","FR_PAUC_13100",08:27:00,12:56:00,4,7,6,8,"TEMPS MORT",3,1,2,0,9,1,-3,-2,1,269
"FR-1-H_32_26_5664_4","FR-1-H_32_26_5664","FR_PAUC_13100","FR_MHB_34000","FR_MHB_34000",12:56:00,14:46:00,6,8,7,10,"PASSAGE EN FORCE",2,2,0,0,2,0,2,3,1,110
"FR-1-H_32_26_5664_5","FR-1-H_32_26_5664","FR_PAUC_13100","FR_MHB_34000","FR_PAUC_13100",14:46:00,16:58:00,7,10,8,11,"TIR CONTRÉ",1,1,1,0,5,0,-3,-3,0,132
"FR-1-H_32_26_5664_6","FR-1-H_32_26_5664","FR_PAUC_13100","FR_MHB_34000","FR_MHB_34000",16:58:00,18:22:00,8,11,9,12,"POTEAU",1,1,0,0,1,1,3,3,0,84
"FR-1-H_32_26_5664_7","FR-1-H_32_26_5664","FR_PAUC_13100","FR_MHB_34000","FR_PAUC_13100",23:42:00,25:10:00,12,15,13,16,"TIR DIFFICILE",1,0,1,0,3,0,-3,-3,0,88
"FR-1-H_32_26_5664_8","FR-1-H_32_26_5664","FR_PAUC_13100","FR_MHB_34000","FR_MHB_34000",25:10:00,27:21:00,13,16,14,18,"2 MINUTES",1,2,0,2,3,0,3,4,1,131
"FR-1-H_32_26_5664_9","FR-1-H_32_26_5664","FR_PAUC_13100","FR_MHB_34000","FR_PAUC_13100",31:07:00,34:28:00,16,20,17,21,"TIR DIFFICILE",1,1,1,1,5,2,-4,-4,0,201
"FR-1-H_32_26_5665_1","FR-1-H_32_26_5665","FR_CCMHB_28000","FR_HBCN_44200","FR_HBCN_44200",02:02:00,04:25:00,1,1,2,2,"2 MINUTES",2,1,1,0,3,0,0,0,0,143
"FR-1-H_32_26_5665_10","FR-1-H_32_26_5665","FR_CCMHB_28000","FR_HBCN_44200","FR_HBCN_44200",28:23:00,29:31:00,12,12,13,13,"ZONE",1,2,0,0,1,1,0,0,0,68
"FR-1-H_32_26_5665_11","FR-1-H_32_26_5665","FR_CCMHB_28000","FR_HBCN_44200","FR_CCMHB_28000",29:31:00,31:19:00,13,13,14,14,"TIR DIFFICILE",2,2,0,0,1,1,0,0,0,108
"FR-1-H_32_26_5665_12","FR-1-H_32_26_5665","FR_CCMHB_28000","FR_HBCN_44200","FR_HBCN_44200",32:52:00,38:25:00,15,15,16,17,"TIR DIFFICILE",2,2,1,1,10,2,0,1,1,333
"FR-1-H_32_26_5665_13","FR-1-H_32_26_5665","FR_CCMHB_28000","FR_HBCN_44200","FR_CCMHB_28000",42:50:00,45:13:00,18,19,19,20,"TIR DIFFICILE",1,1,0,1,6,0,-1,-1,0,143
"FR-1-H_32_26_5665_14","FR-1-H_32_26_5665","FR_CCMHB_28000","FR_HBCN_44200","FR_HBCN_44200",48:47:00,52:32:00,21,22,22,23,"ARRÊT",2,1,0,1,6,0,1,1,0,225
"FR-1-H_32_26_5665_15","FR-1-H_32_26_5665","FR_CCMHB_28000","FR_HBCN_44200","FR_CCMHB_28000",52:32:00,55:13:00,22,23,23,24,"INTERCEPTION",1,1,0,0,4,1,-1,-1,0,161
"FR-1-H_32_26_5665_2","FR-1-H_32_26_5665","FR_CCMHB_28000","FR_HBCN_44200","FR_CCMHB_28000",04:25:00,05:10:00,2,2,3,3,"ARRÊT",1,1,0,1,1,0,0,0,0,45
"FR-1-H_32_26_5665_3","FR-1-H_32_26_5665","FR_CCMHB_28000","FR_HBCN_44200","FR_HBCN_44200",05:10:00,08:21:00,3,3,4,4,"ARRÊT",0,1,0,0,4,1,0,0,0,191
"FR-1-H_32_26_5665_4","FR-1-H_32_26_5665","FR_CCMHB_28000","FR_HBCN_44200","FR_CCMHB_28000",08:21:00,14:39:00,4,4,7,5,"2 MINUTES",4,2,2,1,11,2,0,2,2,378
"FR-1-H_32_26_5665_5","FR-1-H_32_26_5665","FR_CCMHB_28000","FR_HBCN_44200","FR_HBCN_44200",14:39:00,15:58:00,7,5,8,6,"TIR DIFFICILE",1,1,0,1,2,0,-2,-2,0,79
"FR-1-H_32_26_5665_6","FR-1-H_32_26_5665","FR_CCMHB_28000","FR_HBCN_44200","FR_CCMHB_28000",15:58:00,17:17:00,8,6,9,7,"CARTON JAUNE",1,1,0,0,0,0,2,2,0,79
"FR-1-H_32_26_5665_7","FR-1-H_32_26_5665","FR_CCMHB_28000","FR_HBCN_44200","FR_HBCN_44200",17:17:00,22:08:00,9,7,10,9,"ARRÊT",2,2,1,1,7,1,-2,-1,1,291
"FR-1-H_32_26_5665_8","FR-1-H_32_26_5665","FR_CCMHB_28000","FR_HBCN_44200","FR_CCMHB_28000",22:08:00,23:42:00,10,9,11,10,"TIR DIFFICILE",1,1,0,0,2,1,1,1,0,94
"FR-1-H_32_26_5665_9","FR-1-H_32_26_5665","FR_CCMHB_28000","FR_HBCN_44200","FR_HBCN_44200",23:42:00,26:08:00,11,10,12,11,"TIR DIFFICILE",2,2,0,0,4,0,-1,-1,0,146
"FR-1-H_32_26_5666_1","FR-1-H_32_26_5666","FR_DHBGL_59140","FR_IPHB_13806","FR_IPHB_13806",07:45:00,08:42:00,2,2,3,3,"HORS CADRE",1,1,0,1,1,1,0,0,0,57
"FR-1-H_32_26_5666_2","FR-1-H_32_26_5666","FR_DHBGL_59140","FR_IPHB_13806","FR_DHBGL_59140",08:42:00,14:28:00,3,3,6,4,"PASSE INCOMPLETE",3,2,0,0,9,1,0,2,2,346
"FR-1-H_32_26_5666_3","FR-1-H_32_26_5666","FR_DHBGL_59140","FR_IPHB_13806","FR_DHBGL_59140",17:37:00,22:52:00,7,4,8,5,"TIR DIFFICILE",2,3,2,1,9,1,3,3,0,315
"FR-1-H_32_26_5666_4","FR-1-H_32_26_5666","FR_DHBGL_59140","FR_IPHB_13806","FR_IPHB_13806",26:53:00,28:17:00,10,7,11,8,"2 MINUTES",2,1,0,0,1,1,-3,-3,0,84
"FR-1-H_32_26_5666_5","FR-1-H_32_26_5666","FR_DHBGL_59140","FR_IPHB_13806","FR_DHBGL_59140",28:17:00,29:54:00,11,8,12,9,"TIR DIFFICILE",1,1,0,0,3,1,3,3,0,97
"FR-1-H_32_26_5666_6","FR-1-H_32_26_5666","FR_DHBGL_59140","FR_IPHB_13806","FR_IPHB_13806",29:54:00,32:06:00,12,9,13,10,"INTERCEPTION",2,1,1,1,4,1,-3,-3,0,132
"FR-1-H_32_26_5666_7","FR-1-H_32_26_5666","FR_DHBGL_59140","FR_IPHB_13806","FR_DHBGL_59140",45:58:00,50:02:00,17,14,18,15,"HORS CADRE",0,2,1,0,5,0,3,3,0,244
"FR-1-H_32_26_5666_8","FR-1-H_32_26_5666","FR_DHBGL_59140","FR_IPHB_13806","FR_IPHB_13806",50:02:00,58:18:00,18,15,19,20,"PASSE INCOMPLETE",3,4,0,4,12,1,-3,1,4,496
"FR-1-H_32_26_5666_9","FR-1-H_32_26_5666","FR_DHBGL_59140","FR_IPHB_13806","FR_DHBGL_59140",58:18:00,59:54:00,19,20,NA,NA,"PASSAGE EN FORCE",1,0,3,0,4,0,-1,NA,NA,96
"FR-1-H_32_26_5667_1","FR-1-H_32_26_5667","FR_USIHB_94200","FR_SRVHB_83700","FR_USIHB_94200",03:19:00,04:22:00,3,2,4,3,"CARTON JAUNE",1,1,0,0,1,1,1,1,0,63
"FR-1-H_32_26_5667_10","FR-1-H_32_26_5667","FR_USIHB_94200","FR_SRVHB_83700","FR_USIHB_94200",41:36:00,42:38:00,23,26,24,27,"BALLON SORTI",0,0,1,0,2,0,-3,-3,0,62
"FR-1-H_32_26_5667_11","FR-1-H_32_26_5667","FR_USIHB_94200","FR_SRVHB_83700","FR_SRVHB_83700",42:38:00,45:08:00,24,27,25,28,"2 MINUTES",1,0,1,0,4,1,3,3,0,150
"FR-1-H_32_26_5667_12","FR-1-H_32_26_5667","FR_USIHB_94200","FR_SRVHB_83700","FR_USIHB_94200",45:52:00,53:35:00,26,29,30,30,"TIR DIFFICILE",3,1,4,1,16,0,-3,0,3,463
"FR-1-H_32_26_5667_14","FR-1-H_32_26_5667","FR_USIHB_94200","FR_SRVHB_83700","FR_USIHB_94200",56:32:00,58:17:00,32,33,33,34,"TEMPS MORT",1,1,0,0,1,2,-1,-1,0,105
"FR-1-H_32_26_5667_2","FR-1-H_32_26_5667","FR_USIHB_94200","FR_SRVHB_83700","FR_SRVHB_83700",04:22:00,05:20:00,4,3,5,4,"TIR DIFFICILE",0,1,0,0,2,0,-1,-1,0,58
"FR-1-H_32_26_5667_3","FR-1-H_32_26_5667","FR_USIHB_94200","FR_SRVHB_83700","FR_SRVHB_83700",07:15:00,08:54:00,6,6,7,7,"TIR DIFFICILE",2,1,0,0,1,1,0,0,0,99
"FR-1-H_32_26_5667_4","FR-1-H_32_26_5667","FR_USIHB_94200","FR_SRVHB_83700","FR_SRVHB_83700",11:12:00,12:55:00,8,9,9,10,"PASSAGE EN FORCE",0,1,0,0,1,0,1,1,0,103
"FR-1-H_32_26_5667_5","FR-1-H_32_26_5667","FR_USIHB_94200","FR_SRVHB_83700","FR_SRVHB_83700",13:29:00,18:54:00,9,11,10,14,"PASSAGE EN FORCE",0,2,0,2,7,0,2,4,2,325
"FR-1-H_32_26_5667_6","FR-1-H_32_26_5667","FR_USIHB_94200","FR_SRVHB_83700","FR_USIHB_94200",18:54:00,20:36:00,10,14,11,15,"TEMPS MORT",1,0,1,0,2,1,-4,-4,0,102
"FR-1-H_32_26_5667_7","FR-1-H_32_26_5667","FR_USIHB_94200","FR_SRVHB_83700","FR_USIHB_94200",23:42:00,25:58:00,13,16,14,17,"PASSE INCOMPLETE",1,1,1,1,2,0,-3,-3,0,136
"FR-1-H_32_26_5667_8","FR-1-H_32_26_5667","FR_USIHB_94200","FR_SRVHB_83700","FR_SRVHB_83700",25:58:00,29:40:00,14,17,15,19,"PASSE INCOMPLETE",1,2,0,0,3,1,3,4,1,222
"FR-1-H_32_26_5667_9","FR-1-H_32_26_5667","FR_USIHB_94200","FR_SRVHB_83700","FR_USIHB_94200",31:12:00,33:40:00,17,21,18,22,"ARRÊT",2,1,1,0,3,1,-4,-4,0,148
"FR-1-H_32_26_5668_1","FR-1-H_32_26_5668","FR_LHB_87000","FR_USCHB_94000","FR_LHB_87000",01:17:00,02:10:00,1,0,2,1,"PASSE INCOMPLETE",1,1,0,0,1,0,1,1,0,53
"FR-1-H_32_26_5668_10","FR-1-H_32_26_5668","FR_LHB_87000","FR_USCHB_94000","FR_USCHB_94000",42:09:00,44:06:00,17,20,18,21,"INTERCEPTION",1,1,0,1,2,1,3,3,0,117
"FR-1-H_32_26_5668_11","FR-1-H_32_26_5668","FR_LHB_87000","FR_USCHB_94000","FR_LHB_87000",44:06:00,46:23:00,18,21,20,22,"TIR DIFFICILE",2,1,1,0,2,1,-3,-2,1,137
"FR-1-H_32_26_5668_12","FR-1-H_32_26_5668","FR_LHB_87000","FR_USCHB_94000","FR_LHB_87000",47:17:00,49:51:00,21,22,23,23,"2 MINUTES",1,1,1,0,3,1,-1,0,1,154
"FR-1-H_32_26_5668_13","FR-1-H_32_26_5668","FR_LHB_87000","FR_USCHB_94000","FR_USCHB_94000",49:51:00,51:15:00,23,23,24,24,"TIR DIFFICILE",1,1,1,0,2,0,0,0,0,84
"FR-1-H_32_26_5668_14","FR-1-H_32_26_5668","FR_LHB_87000","FR_USCHB_94000","FR_LHB_87000",51:15:00,54:22:00,24,24,25,25,"ARRÊT",1,1,1,1,5,1,0,0,0,187
"FR-1-H_32_26_5668_15","FR-1-H_32_26_5668","FR_LHB_87000","FR_USCHB_94000","FR_USCHB_94000",54:22:00,56:42:00,25,25,26,26,"TIR DIFFICILE",1,1,1,0,2,0,0,0,0,140
"FR-1-H_32_26_5668_16","FR-1-H_32_26_5668","FR_LHB_87000","FR_USCHB_94000","FR_LHB_87000",57:27:00,59:36:00,27,27,28,28,"TIR DIFFICILE",1,1,1,0,5,0,0,0,0,129
"FR-1-H_32_26_5668_2","FR-1-H_32_26_5668","FR_LHB_87000","FR_USCHB_94000","FR_USCHB_94000",02:10:00,06:47:00,2,1,3,3,"POTEAU",1,2,1,0,8,0,-1,0,1,277
"FR-1-H_32_26_5668_3","FR-1-H_32_26_5668","FR_LHB_87000","FR_USCHB_94000","FR_LHB_87000",08:22:00,10:47:00,4,4,6,5,"TIR DIFFICILE",2,1,2,0,2,1,0,1,1,145
"FR-1-H_32_26_5668_4","FR-1-H_32_26_5668","FR_LHB_87000","FR_USCHB_94000","FR_USCHB_94000",10:47:00,12:20:00,6,5,7,6,"TIR DIFFICILE",1,1,0,1,2,0,-1,-1,0,93
"FR-1-H_32_26_5668_5","FR-1-H_32_26_5668","FR_LHB_87000","FR_USCHB_94000","FR_USCHB_94000",13:00:00,15:58:00,7,7,8,9,"ARRÊT",1,1,1,1,4,1,0,1,1,178
"FR-1-H_32_26_5668_6","FR-1-H_32_26_5668","FR_LHB_87000","FR_USCHB_94000","FR_USCHB_94000",19:06:00,21:41:00,10,12,11,14,"2 MINUTES",1,2,0,0,1,0,2,3,1,155
"FR-1-H_32_26_5668_7","FR-1-H_32_26_5668","FR_LHB_87000","FR_USCHB_94000","FR_LHB_87000",21:41:00,25:01:00,11,14,12,15,"TEMPS MORT",1,2,0,0,4,1,-3,-3,0,200
"FR-1-H_32_26_5668_8","FR-1-H_32_26_5668","FR_LHB_87000","FR_USCHB_94000","FR_USCHB_94000",25:01:00,29:21:00,12,15,13,16,"TIR DIFFICILE",1,1,0,1,7,0,3,3,0,260
"FR-1-H_32_26_5668_9","FR-1-H_32_26_5668","FR_LHB_87000","FR_USCHB_94000","FR_LHB_87000",29:21:00,34:20:00,13,16,14,17,"2 MINUTES",0,1,2,1,9,0,-3,-3,0,299
"FR-1-H_32_26_5669_1","FR-1-H_32_26_5669","FR_PSGHB_75016","FR_CRMHB_35510","FR_PSGHB_75016",02:14:00,03:36:00,1,0,2,1,"TIR DIFFICILE",1,1,0,0,1,0,1,1,0,82
"FR-1-H_32_26_5669_10","FR-1-H_32_26_5669","FR_PSGHB_75016","FR_CRMHB_35510","FR_PSGHB_75016",46:34:00,48:20:00,29,16,30,17,"TIR DIFFICILE",2,2,0,0,2,0,13,13,0,106
"FR-1-H_32_26_5669_11","FR-1-H_32_26_5669","FR_PSGHB_75016","FR_CRMHB_35510","FR_PSGHB_75016",48:44:00,50:19:00,31,17,32,18,"2 MINUTES",1,1,0,0,2,0,14,14,0,95
"FR-1-H_32_26_5669_12","FR-1-H_32_26_5669","FR_PSGHB_75016","FR_CRMHB_35510","FR_PSGHB_75016",50:32:00,56:45:00,33,18,36,19,"INTERCEPTION",7,5,1,1,11,0,15,17,2,373
"FR-1-H_32_26_5669_2","FR-1-H_32_26_5669","FR_PSGHB_75016","FR_CRMHB_35510","FR_PSGHB_75016",05:19:00,07:13:00,3,1,4,2,"MARCHÉ",2,2,0,1,2,0,2,2,0,114
"FR-1-H_32_26_5669_3","FR-1-H_32_26_5669","FR_PSGHB_75016","FR_CRMHB_35510","FR_CRMHB_35510",08:59:00,10:29:00,5,3,6,4,"ARRÊT",2,1,0,0,1,1,-2,-2,0,90
"FR-1-H_32_26_5669_4","FR-1-H_32_26_5669","FR_PSGHB_75016","FR_CRMHB_35510","FR_PSGHB_75016",10:29:00,13:53:00,6,4,8,5,"2 MINUTES",3,1,1,1,4,1,2,3,1,204
"FR-1-H_32_26_5669_5","FR-1-H_32_26_5669","FR_PSGHB_75016","FR_CRMHB_35510","FR_PSGHB_75016",14:10:00,28:54:00,9,5,19,6,"2 MINUTES",10,4,7,3,19,3,4,13,9,884
"FR-1-H_32_26_5669_6","FR-1-H_32_26_5669","FR_PSGHB_75016","FR_CRMHB_35510","FR_CRMHB_35510",28:54:00,30:36:00,19,6,20,7,"ARRÊT",2,1,0,1,2,2,-13,-13,0,102
"FR-1-H_32_26_5669_7","FR-1-H_32_26_5669","FR_PSGHB_75016","FR_CRMHB_35510","FR_PSGHB_75016",30:36:00,33:28:00,20,7,21,8,"TIR DIFFICILE",1,1,2,1,4,0,13,13,0,172
"FR-1-H_32_26_5669_8","FR-1-H_32_26_5669","FR_PSGHB_75016","FR_CRMHB_35510","FR_CRMHB_35510",38:06:00,41:48:00,24,11,25,13,"ARRÊT",1,2,1,1,4,0,-13,-12,1,222
"FR-1-H_32_26_5669_9","FR-1-H_32_26_5669","FR_PSGHB_75016","FR_CRMHB_35510","FR_PSGHB_75016",41:48:00,43:16:00,25,13,26,14,"2 MINUTES",1,0,1,0,1,0,12,12,0,88
"FR-1-H_32_26_5670_1","FR-1-H_32_26_5670","FR_FTHB_31000","FR_USAMNG_30918","FR_USAMNG_30918",01:43:00,03:36:00,0,1,1,2,"INTERCEPTION",0,1,0,0,1,0,1,1,0,113
"FR-1-H_32_26_5670_10","FR-1-H_32_26_5670","FR_FTHB_31000","FR_USAMNG_30918","FR_FTHB_31000",43:52:00,45:47:00,18,22,20,23,"TIR DIFFICILE",2,1,1,0,2,0,-4,-3,1,115
"FR-1-H_32_26_5670_11","FR-1-H_32_26_5670","FR_FTHB_31000","FR_USAMNG_30918","FR_FTHB_31000",46:21:00,49:08:00,21,23,22,24,"ARRÊT",1,1,0,1,3,0,-2,-2,0,167
"FR-1-H_32_26_5670_12","FR-1-H_32_26_5670","FR_FTHB_31000","FR_USAMNG_30918","FR_FTHB_31000",55:52:00,57:29:00,25,26,26,27,"INTERCEPTION",1,0,0,0,3,0,-1,-1,0,97
"FR-1-H_32_26_5670_2","FR-1-H_32_26_5670","FR_FTHB_31000","FR_USAMNG_30918","FR_FTHB_31000",03:36:00,05:26:00,1,2,2,3,"REPRISE",1,1,0,0,3,0,-1,-1,0,110
"FR-1-H_32_26_5670_3","FR-1-H_32_26_5670","FR_FTHB_31000","FR_USAMNG_30918","FR_USAMNG_30918",06:41:00,09:16:00,3,4,4,5,"CARTON JAUNE",1,1,1,2,5,0,1,1,0,155
"FR-1-H_32_26_5670_4","FR-1-H_32_26_5670","FR_FTHB_31000","FR_USAMNG_30918","FR_USAMNG_30918",13:37:00,18:43:00,6,8,7,9,"TIR DIFFICILE",1,1,0,0,7,0,2,2,0,306
"FR-1-H_32_26_5670_5","FR-1-H_32_26_5670","FR_FTHB_31000","FR_USAMNG_30918","FR_USAMNG_30918",20:55:00,24:26:00,8,11,9,13,"2 MINUTES",2,2,0,0,4,1,3,4,1,211
"FR-1-H_32_26_5670_6","FR-1-H_32_26_5670","FR_FTHB_31000","FR_USAMNG_30918","FR_FTHB_31000",24:43:00,26:08:00,9,13,10,14,"PASSE INCOMPLETE",1,1,0,0,1,0,-4,-4,0,85
"FR-1-H_32_26_5670_7","FR-1-H_32_26_5670","FR_FTHB_31000","FR_USAMNG_30918","FR_USAMNG_30918",26:08:00,34:11:00,10,14,11,17,"TIR DIFFICILE",2,2,2,2,11,0,4,6,2,483
"FR-1-H_32_26_5670_8","FR-1-H_32_26_5670","FR_FTHB_31000","FR_USAMNG_30918","FR_FTHB_31000",34:11:00,36:11:00,11,17,12,18,"PASSE INCOMPLETE",1,1,0,0,2,0,-6,-6,0,120
"FR-1-H_32_26_5670_9","FR-1-H_32_26_5670","FR_FTHB_31000","FR_USAMNG_30918","FR_FTHB_31000",39:51:00,41:16:00,15,20,16,21,"PASSE INCOMPLETE",1,0,0,0,2,1,-5,-5,0,85
"FR-1-H_32_26_5671_1","FR-1-H_32_26_5671","FR_TFHB_93290","FR_CSMBHB_73000","FR_CSMBHB_73000",02:19:00,07:01:00,1,1,2,5,"CARTON JAUNE",1,5,1,1,8,2,0,3,3,282
"FR-1-H_32_26_5671_10","FR-1-H_32_26_5671","FR_TFHB_93290","FR_CSMBHB_73000","FR_CSMBHB_73000",55:01:00,59:53:00,24,26,NA,NA,"ARRÊT",3,2,1,0,9,0,2,NA,NA,292
"FR-1-H_32_26_5671_2","FR-1-H_32_26_5671","FR_TFHB_93290","FR_CSMBHB_73000","FR_TFHB_93290",07:01:00,11:50:00,2,5,4,6,"HORS CADRE",2,2,3,0,8,1,-3,-2,1,289
"FR-1-H_32_26_5671_3","FR-1-H_32_26_5671","FR_TFHB_93290","FR_CSMBHB_73000","FR_CSMBHB_73000",16:39:00,19:04:00,6,8,7,9,"TIR DIFFICILE",3,1,0,0,2,0,2,2,0,145
"FR-1-H_32_26_5671_4","FR-1-H_32_26_5671","FR_TFHB_93290","FR_CSMBHB_73000","FR_TFHB_93290",19:04:00,23:50:00,7,9,9,10,"INTERCEPTION",2,1,1,1,10,0,-2,-1,1,286
"FR-1-H_32_26_5671_5","FR-1-H_32_26_5671","FR_TFHB_93290","FR_CSMBHB_73000","FR_CSMBHB_73000",31:56:00,35:29:00,14,15,15,17,"TIR DIFFICILE",0,1,0,2,6,1,1,2,1,213
"FR-1-H_32_26_5671_6","FR-1-H_32_26_5671","FR_TFHB_93290","FR_CSMBHB_73000","FR_TFHB_93290",35:29:00,37:39:00,15,17,16,18,"TEMPS MORT",1,1,1,0,2,1,-2,-2,0,130
"FR-1-H_32_26_5671_7","FR-1-H_32_26_5671","FR_TFHB_93290","FR_CSMBHB_73000","FR_TFHB_93290",38:20:00,40:08:00,17,18,18,19,"TIR DIFFICILE",1,1,1,0,3,1,-1,-1,0,108
"FR-1-H_32_26_5671_8","FR-1-H_32_26_5671","FR_TFHB_93290","FR_CSMBHB_73000","FR_CSMBHB_73000",40:08:00,42:06:00,18,19,19,21,"TIR DIFFICILE",1,2,0,1,2,1,1,2,1,118
"FR-1-H_32_26_5671_9","FR-1-H_32_26_5671","FR_TFHB_93290","FR_CSMBHB_73000","FR_TFHB_93290",51:43:00,54:23:00,22,24,23,25,"TIR DIFFICILE",1,2,1,1,4,0,-2,-2,0,160
"FR-1-H_32_27_5672_1","FR-1-H_32_27_5672","FR_CRMHB_35510","FR_TFHB_93290","FR_CRMHB_35510",07:40:00,12:57:00,5,5,6,6,"2 MINUTES",1,2,3,2,9,2,0,0,0,317
"FR-1-H_32_27_5672_2","FR-1-H_32_27_5672","FR_CRMHB_35510","FR_TFHB_93290","FR_CRMHB_35510",14:46:00,18:30:00,8,7,10,8,"TIR DIFFICILE",3,1,0,0,5,0,1,2,1,224
"FR-1-H_32_27_5672_3","FR-1-H_32_27_5672","FR_CRMHB_35510","FR_TFHB_93290","FR_CRMHB_35510",18:55:00,21:20:00,11,8,12,9,"TIR DIFFICILE",2,1,0,0,4,0,3,3,0,145
"FR-1-H_32_27_5672_4","FR-1-H_32_27_5672","FR_CRMHB_35510","FR_TFHB_93290","FR_CRMHB_35510",22:18:00,23:15:00,14,10,15,11,"TIR CONTRÉ",1,1,0,0,1,2,4,4,0,57
"FR-1-H_32_27_5672_5","FR-1-H_32_27_5672","FR_CRMHB_35510","FR_TFHB_93290","FR_CRMHB_35510",28:04:00,29:12:00,18,13,19,14,"INTERCEPTION",1,1,0,0,1,0,5,5,0,68
"FR-1-H_32_27_5672_6","FR-1-H_32_27_5672","FR_CRMHB_35510","FR_TFHB_93290","FR_TFHB_93290",29:12:00,33:16:00,19,14,20,16,"TIR DIFFICILE",1,2,1,2,7,0,-5,-4,1,244
"FR-1-H_32_27_5672_7","FR-1-H_32_27_5672","FR_CRMHB_35510","FR_TFHB_93290","FR_CRMHB_35510",37:29:00,40:24:00,23,19,24,20,"TIR DIFFICILE",1,1,2,0,4,0,4,4,0,175
"FR-1-H_32_27_5672_8","FR-1-H_32_27_5672","FR_CRMHB_35510","FR_TFHB_93290","FR_TFHB_93290",44:27:00,50:04:00,25,21,26,22,"INTERCEPTION",2,2,1,1,10,0,-4,-4,0,337
"FR-1-H_32_27_5672_9","FR-1-H_32_27_5672","FR_CRMHB_35510","FR_TFHB_93290","FR_TFHB_93290",54:57:00,57:39:00,27,24,28,25,"TIR CONTRÉ",0,1,0,1,6,0,-3,-3,0,162
"FR-1-H_32_27_5673_10","FR-1-H_32_27_5673","FR_CSMBHB_73000","FR_LHB_87000","FR_CSMBHB_73000",50:28:00,52:49:00,25,30,26,31,"TIR DIFFICILE",1,1,1,1,4,1,-5,-5,0,141
"FR-1-H_32_27_5673_11","FR-1-H_32_27_5673","FR_CSMBHB_73000","FR_LHB_87000","FR_CSMBHB_73000",56:39:00,59:51:00,28,32,NA,NA,"TIR CONTRÉ",4,1,0,2,8,0,-4,NA,NA,192
"FR-1-H_32_27_5673_2","FR-1-H_32_27_5673","FR_CSMBHB_73000","FR_LHB_87000","FR_LHB_87000",07:47:00,10:00:00,4,3,5,5,"ARRÊT",1,2,0,1,2,1,-1,0,1,133
"FR-1-H_32_27_5673_3","FR-1-H_32_27_5673","FR_CSMBHB_73000","FR_LHB_87000","FR_LHB_87000",19:15:00,20:53:00,8,9,9,10,"INTERCEPTION",1,1,1,1,4,0,1,1,0,98
"FR-1-H_32_27_5673_4","FR-1-H_32_27_5673","FR_CSMBHB_73000","FR_LHB_87000","FR_LHB_87000",23:20:00,26:59:00,10,12,11,14,"TIR DIFFICILE",3,2,0,0,4,1,2,3,1,219
"FR-1-H_32_27_5673_5","FR-1-H_32_27_5673","FR_CSMBHB_73000","FR_LHB_87000","FR_CSMBHB_73000",26:59:00,28:26:00,11,14,12,15,"TIR DIFFICILE",2,2,0,0,0,1,-3,-3,0,87
"FR-1-H_32_27_5673_6","FR-1-H_32_27_5673","FR_CSMBHB_73000","FR_LHB_87000","FR_LHB_87000",28:26:00,30:38:00,12,15,13,16,"TIR DIFFICILE",1,1,0,0,5,0,3,3,0,132
"FR-1-H_32_27_5673_7","FR-1-H_32_27_5673","FR_CSMBHB_73000","FR_LHB_87000","FR_CSMBHB_73000",30:38:00,33:03:00,13,16,14,17,"HORS CADRE",0,1,1,0,4,0,-3,-3,0,145
"FR-1-H_32_27_5673_8","FR-1-H_32_27_5673","FR_CSMBHB_73000","FR_LHB_87000","FR_LHB_87000",38:48:00,41:04:00,18,21,19,23,"POTEAU",1,2,0,1,4,0,3,4,1,136
"FR-1-H_32_27_5673_9","FR-1-H_32_27_5673","FR_CSMBHB_73000","FR_LHB_87000","FR_LHB_87000",43:45:00,46:02:00,21,26,22,27,"INTERCEPTION",2,2,1,0,3,1,5,5,0,137
"FR-1-H_32_27_5674_10","FR-1-H_32_27_5674","FR_USCHB_94000","FR_CCMHB_28000","FR_CCMHB_28000",37:55:00,39:42:00,22,16,23,17,"TEMPS MORT",1,1,0,2,4,0,-6,-6,0,107
"FR-1-H_32_27_5674_11","FR-1-H_32_27_5674","FR_USCHB_94000","FR_CCMHB_28000","FR_USCHB_94000",39:42:00,42:13:00,23,17,24,18,"INTERCEPTION",1,1,1,1,5,0,6,6,0,151
"FR-1-H_32_27_5674_12","FR-1-H_32_27_5674","FR_USCHB_94000","FR_CCMHB_28000","FR_CCMHB_28000",42:13:00,43:43:00,24,18,25,19,"ARRÊT",1,1,0,0,2,0,-6,-6,0,90
"FR-1-H_32_27_5674_13","FR-1-H_32_27_5674","FR_USCHB_94000","FR_CCMHB_28000","FR_USCHB_94000",49:04:00,53:24:00,27,21,30,22,"TIR DIFFICILE",4,2,2,0,5,0,6,8,2,260
"FR-1-H_32_27_5674_14","FR-1-H_32_27_5674","FR_USCHB_94000","FR_CCMHB_28000","FR_CCMHB_28000",53:24:00,56:23:00,30,22,31,23,"POTEAU",1,1,1,1,4,0,-8,-8,0,179
"FR-1-H_32_27_5674_2","FR-1-H_32_27_5674","FR_USCHB_94000","FR_CCMHB_28000","FR_CCMHB_28000",07:37:00,10:23:00,4,5,5,7,"TIR DIFFICILE",1,2,0,1,4,1,1,2,1,166
"FR-1-H_32_27_5674_3","FR-1-H_32_27_5674","FR_USCHB_94000","FR_CCMHB_28000","FR_CCMHB_28000",11:29:00,12:56:00,5,8,6,9,"POTEAU",1,0,0,0,1,0,3,3,0,87
"FR-1-H_32_27_5674_4","FR-1-H_32_27_5674","FR_USCHB_94000","FR_CCMHB_28000","FR_USCHB_94000",12:56:00,19:00:00,6,9,9,10,"PASSE INCOMPLETE",3,1,2,0,9,1,-3,-1,2,364
"FR-1-H_32_27_5674_5","FR-1-H_32_27_5674","FR_USCHB_94000","FR_CCMHB_28000","FR_USCHB_94000",19:06:00,22:15:00,10,10,12,11,"ARRÊT",1,1,0,0,2,0,0,1,1,189
"FR-1-H_32_27_5674_6","FR-1-H_32_27_5674","FR_USCHB_94000","FR_CCMHB_28000","FR_CCMHB_28000",22:15:00,26:32:00,12,11,13,12,"2 MINUTES",0,1,0,3,10,0,-1,-1,0,257
"FR-1-H_32_27_5674_7","FR-1-H_32_27_5674","FR_USCHB_94000","FR_CCMHB_28000","FR_USCHB_94000",26:32:00,27:36:00,13,12,14,13,"ZONE",1,1,0,0,0,0,1,1,0,64
"FR-1-H_32_27_5674_8","FR-1-H_32_27_5674","FR_USCHB_94000","FR_CCMHB_28000","FR_USCHB_94000",29:46:00,31:28:00,16,14,17,15,"TEMPS MORT",1,1,1,0,3,0,2,2,0,102
"FR-1-H_32_27_5674_9","FR-1-H_32_27_5674","FR_USCHB_94000","FR_CCMHB_28000","FR_USCHB_94000",32:08:00,37:55:00,18,15,22,16,"ARRÊT",4,1,1,0,5,1,3,6,3,347
"FR-1-H_32_27_5675_1","FR-1-H_32_27_5675","FR_IPHB_13806","FR_PAUC_13100","FR_PAUC_13100",04:36:00,08:17:00,2,3,3,4,"ZONE",2,1,0,1,7,2,1,1,0,221
"FR-1-H_32_27_5675_10","FR-1-H_32_27_5675","FR_IPHB_13806","FR_PAUC_13100","FR_PAUC_13100",53:48:00,60:00:00,21,26,NA,NA,"TEMPS MORT",1,2,4,3,13,1,5,NA,NA,372
"FR-1-H_32_27_5675_2","FR-1-H_32_27_5675","FR_IPHB_13806","FR_PAUC_13100","FR_IPHB_13806",08:45:00,11:37:00,4,5,7,6,"TIR DIFFICILE",2,2,0,0,3,2,-1,1,2,172
"FR-1-H_32_27_5675_3","FR-1-H_32_27_5675","FR_IPHB_13806","FR_PAUC_13100","FR_PAUC_13100",11:37:00,15:41:00,7,6,8,9,"TIR DIFFICILE",1,3,0,0,5,2,-1,1,2,244
"FR-1-H_32_27_5675_4","FR-1-H_32_27_5675","FR_IPHB_13806","FR_PAUC_13100","FR_IPHB_13806",17:18:00,19:09:00,9,10,10,11,"TIR DIFFICILE",1,1,1,0,2,0,-1,-1,0,111
"FR-1-H_32_27_5675_5","FR-1-H_32_27_5675","FR_IPHB_13806","FR_PAUC_13100","FR_PAUC_13100",19:09:00,20:46:00,10,11,11,12,"TIR DIFFICILE",1,1,0,0,2,1,1,1,0,97
"FR-1-H_32_27_5675_6","FR-1-H_32_27_5675","FR_IPHB_13806","FR_PAUC_13100","FR_PAUC_13100",21:20:00,26:09:00,11,13,12,15,"PASSE INCOMPLETE",2,1,0,2,11,1,2,3,1,289
"FR-1-H_32_27_5675_7","FR-1-H_32_27_5675","FR_IPHB_13806","FR_PAUC_13100","FR_IPHB_13806",26:09:00,33:11:00,12,15,15,17,"TIR DIFFICILE",2,3,2,1,11,0,-3,-2,1,422
"FR-1-H_32_27_5675_8","FR-1-H_32_27_5675","FR_IPHB_13806","FR_PAUC_13100","FR_IPHB_13806",36:23:00,39:55:00,16,17,17,18,"ARRÊT",0,1,0,0,7,0,-1,-1,0,212
"FR-1-H_32_27_5675_9","FR-1-H_32_27_5675","FR_IPHB_13806","FR_PAUC_13100","FR_PAUC_13100",39:55:00,47:20:00,17,18,18,22,"ARRÊT",1,3,0,2,11,2,1,4,3,445
"FR-1-H_32_27_5676_1","FR-1-H_32_27_5676","FR_USIHB_94200","FR_DHBGL_59140","FR_DHBGL_59140",04:36:00,10:27:00,1,1,2,4,"PASSAGE EN FORCE",2,4,0,1,5,1,0,2,2,351
"FR-1-H_32_27_5676_2","FR-1-H_32_27_5676","FR_USIHB_94200","FR_DHBGL_59140","FR_USIHB_94200",10:27:00,20:06:00,2,4,4,5,"POTEAU",5,2,3,3,20,2,-2,-1,1,579
"FR-1-H_32_27_5676_3","FR-1-H_32_27_5676","FR_USIHB_94200","FR_DHBGL_59140","FR_DHBGL_59140",20:06:00,23:03:00,4,5,5,6,"TIR DIFFICILE",1,1,0,1,4,1,1,1,0,177
"FR-1-H_32_27_5676_4","FR-1-H_32_27_5676","FR_USIHB_94200","FR_DHBGL_59140","FR_USIHB_94200",31:44:00,34:18:00,8,9,10,10,"PASSAGE EN FORCE",2,1,0,0,2,0,-1,0,1,154
"FR-1-H_32_27_5676_5","FR-1-H_32_27_5676","FR_USIHB_94200","FR_DHBGL_59140","FR_USIHB_94200",39:10:00,42:13:00,14,13,15,14,"PASSE INCOMPLETE",1,1,1,1,6,0,1,1,0,183
"FR-1-H_32_27_5676_6","FR-1-H_32_27_5676","FR_USIHB_94200","FR_DHBGL_59140","FR_USIHB_94200",45:11:00,47:07:00,16,14,17,15,"PASSAGE EN FORCE",1,1,1,0,2,1,2,2,0,116
"FR-1-H_32_27_5676_7","FR-1-H_32_27_5676","FR_USIHB_94200","FR_DHBGL_59140","FR_DHBGL_59140",47:07:00,48:44:00,17,15,18,16,"TIR DIFFICILE",1,1,0,0,3,0,-2,-2,0,97
"FR-1-H_32_27_5676_8","FR-1-H_32_27_5676","FR_USIHB_94200","FR_DHBGL_59140","FR_DHBGL_59140",49:53:00,54:18:00,18,17,19,20,"JEU PASSIF",1,1,0,0,4,0,-1,1,2,265
"FR-1-H_32_27_5676_9","FR-1-H_32_27_5676","FR_USIHB_94200","FR_DHBGL_59140","FR_DHBGL_59140",54:57:00,59:07:00,19,21,20,22,"TEMPS MORT",1,1,1,2,5,1,2,2,0,250
"FR-1-H_32_27_5677_1","FR-1-H_32_27_5677","FR_HBCN_44200","FR_FTHB_31000","FR_HBCN_44200",01:36:00,02:36:00,1,0,2,1,"MARCHÉ",1,1,0,0,1,1,1,1,0,60
"FR-1-H_32_27_5677_10","FR-1-H_32_27_5677","FR_HBCN_44200","FR_FTHB_31000","FR_HBCN_44200",43:57:00,46:53:00,20,21,22,22,"TIR DIFFICILE",3,1,2,1,7,0,-1,0,1,176
"FR-1-H_32_27_5677_11","FR-1-H_32_27_5677","FR_HBCN_44200","FR_FTHB_31000","FR_FTHB_31000",46:53:00,49:06:00,22,22,23,23,"ARRÊT",1,1,0,0,1,0,0,0,0,133
"FR-1-H_32_27_5677_12","FR-1-H_32_27_5677","FR_HBCN_44200","FR_FTHB_31000","FR_HBCN_44200",51:02:00,55:13:00,24,24,26,25,"BALLON SORTI",2,0,1,0,5,0,0,1,1,251
"FR-1-H_32_27_5677_13","FR-1-H_32_27_5677","FR_HBCN_44200","FR_FTHB_31000","FR_HBCN_44200",58:44:00,59:54:00,30,28,NA,NA,"TIR DIFFICILE",1,0,1,0,3,0,2,NA,NA,70
"FR-1-H_32_27_5677_2","FR-1-H_32_27_5677","FR_HBCN_44200","FR_FTHB_31000","FR_FTHB_31000",02:36:00,03:55:00,2,1,3,2,"TIR DIFFICILE",1,1,0,1,1,2,-1,-1,0,79
"FR-1-H_32_27_5677_3","FR-1-H_32_27_5677","FR_HBCN_44200","FR_FTHB_31000","FR_FTHB_31000",07:41:00,10:05:00,5,5,6,6,"TIR DIFFICILE",1,1,0,1,4,1,0,0,0,144
"FR-1-H_32_27_5677_4","FR-1-H_32_27_5677","FR_HBCN_44200","FR_FTHB_31000","FR_FTHB_31000",10:41:00,12:49:00,6,7,7,8,"TIR DIFFICILE",0,1,0,1,3,0,1,1,0,128
"FR-1-H_32_27_5677_5","FR-1-H_32_27_5677","FR_HBCN_44200","FR_FTHB_31000","FR_HBCN_44200",12:49:00,20:48:00,7,8,10,9,"TIR DIFFICILE",2,0,1,3,18,0,-1,1,2,479
"FR-1-H_32_27_5677_6","FR-1-H_32_27_5677","FR_HBCN_44200","FR_FTHB_31000","FR_HBCN_44200",27:42:00,30:00:00,14,12,15,13,"TIR CONTRÉ",1,1,0,1,3,0,2,2,0,138
"FR-1-H_32_27_5677_7","FR-1-H_32_27_5677","FR_HBCN_44200","FR_FTHB_31000","FR_FTHB_31000",30:00:00,34:25:00,15,13,16,15,"ARRÊT",2,2,0,1,8,0,-2,-1,1,265
"FR-1-H_32_27_5677_8","FR-1-H_32_27_5677","FR_HBCN_44200","FR_FTHB_31000","FR_HBCN_44200",36:09:00,38:45:00,17,16,19,17,"PASSE INCOMPLETE",2,0,0,0,4,1,1,2,1,156
"FR-1-H_32_27_5677_9","FR-1-H_32_27_5677","FR_HBCN_44200","FR_FTHB_31000","FR_FTHB_31000",38:45:00,43:57:00,19,17,20,21,"2 MINUTES",2,3,0,0,9,3,-2,1,3,312
"FR-1-H_32_27_5678_1","FR-1-H_32_27_5678","FR_USAMNG_30918","FR_MHB_34000","FR_MHB_34000",03:14:00,06:34:00,1,1,2,4,"TIR CONTRÉ",0,3,0,1,5,1,0,2,2,200
"FR-1-H_32_27_5678_10","FR-1-H_32_27_5678","FR_USAMNG_30918","FR_MHB_34000","FR_USAMNG_30918",40:54:00,43:44:00,18,19,20,20,"POTEAU",1,2,1,0,5,1,-1,0,1,170
"FR-1-H_32_27_5678_11","FR-1-H_32_27_5678","FR_USAMNG_30918","FR_MHB_34000","FR_MHB_34000",47:18:00,50:40:00,21,21,21,22,"HORS CADRE",0,1,0,2,9,0,0,1,1,202
"FR-1-H_32_27_5678_2","FR-1-H_32_27_5678","FR_USAMNG_30918","FR_MHB_34000","FR_MHB_34000",07:58:00,08:57:00,2,5,3,6,"TIR CONTRÉ",1,1,0,0,2,0,3,3,0,59
"FR-1-H_32_27_5678_3","FR-1-H_32_27_5678","FR_USAMNG_30918","FR_MHB_34000","FR_USAMNG_30918",12:09:00,14:09:00,5,8,6,9,"POTEAU",1,1,1,0,4,0,-3,-3,0,120
"FR-1-H_32_27_5678_4","FR-1-H_32_27_5678","FR_USAMNG_30918","FR_MHB_34000","FR_MHB_34000",14:09:00,18:38:00,6,9,7,11,"INTERCEPTION",1,2,1,1,6,0,3,4,1,269
"FR-1-H_32_27_5678_5","FR-1-H_32_27_5678","FR_USAMNG_30918","FR_MHB_34000","FR_USAMNG_30918",20:38:00,24:28:00,8,12,9,13,"HORS CADRE",1,2,2,1,9,0,-4,-4,0,230
"FR-1-H_32_27_5678_6","FR-1-H_32_27_5678","FR_USAMNG_30918","FR_MHB_34000","FR_MHB_34000",24:28:00,26:50:00,9,13,10,14,"ARRÊT",2,2,0,1,2,0,4,4,0,142
"FR-1-H_32_27_5678_7","FR-1-H_32_27_5678","FR_USAMNG_30918","FR_MHB_34000","FR_USAMNG_30918",26:50:00,31:03:00,10,14,12,15,"POTEAU",2,0,3,0,9,0,-4,-3,1,253
"FR-1-H_32_27_5678_8","FR-1-H_32_27_5678","FR_USAMNG_30918","FR_MHB_34000","FR_MHB_34000",34:50:00,36:04:00,14,17,15,18,"2 MINUTES",1,1,0,0,2,1,3,3,0,74
"FR-1-H_32_27_5678_9","FR-1-H_32_27_5678","FR_USAMNG_30918","FR_MHB_34000","FR_USAMNG_30918",36:04:00,40:08:00,15,18,17,19,"TIR DIFFICILE",2,2,0,1,6,1,-3,-2,1,244
"FR-1-H_32_27_5679_10","FR-1-H_32_27_5679","FR_SRVHB_83700","FR_PSGHB_75016","FR_SRVHB_83700",44:12:00,46:47:00,15,31,16,32,"ARRÊT",2,1,2,1,3,1,-16,-16,0,155
"FR-1-H_32_27_5679_11","FR-1-H_32_27_5679","FR_SRVHB_83700","FR_PSGHB_75016","FR_PSGHB_75016",50:59:00,52:38:00,18,34,19,35,"TIR DIFFICILE",2,1,0,1,2,2,16,16,0,99
"FR-1-H_32_27_5679_12","FR-1-H_32_27_5679","FR_SRVHB_83700","FR_PSGHB_75016","FR_SRVHB_83700",52:38:00,54:21:00,19,35,20,36,"TIR DIFFICILE",1,0,0,0,1,0,-16,-16,0,103
"FR-1-H_32_27_5679_13","FR-1-H_32_27_5679","FR_SRVHB_83700","FR_PSGHB_75016","FR_SRVHB_83700",55:04:00,57:36:00,21,36,22,37,"ZONE",1,1,1,1,3,0,-15,-15,0,152
"FR-1-H_32_27_5679_2","FR-1-H_32_27_5679","FR_SRVHB_83700","FR_PSGHB_75016","FR_PSGHB_75016",08:33:00,10:41:00,4,6,5,8,"TIR DIFFICILE",2,2,0,0,2,0,2,3,1,128
"FR-1-H_32_27_5679_3","FR-1-H_32_27_5679","FR_SRVHB_83700","FR_PSGHB_75016","FR_PSGHB_75016",15:29:00,17:11:00,7,11,8,13,"POTEAU",2,2,1,0,3,0,4,5,1,102
"FR-1-H_32_27_5679_4","FR-1-H_32_27_5679","FR_SRVHB_83700","FR_PSGHB_75016","FR_PSGHB_75016",18:36:00,21:12:00,8,14,9,15,"TIR DIFFICILE",0,1,0,0,4,1,6,6,0,156
"FR-1-H_32_27_5679_5","FR-1-H_32_27_5679","FR_SRVHB_83700","FR_PSGHB_75016","FR_PSGHB_75016",21:43:00,29:18:00,9,16,10,21,"TIR DIFFICILE",3,6,0,2,10,1,7,11,4,455
"FR-1-H_32_27_5679_6","FR-1-H_32_27_5679","FR_SRVHB_83700","FR_PSGHB_75016","FR_PSGHB_75016",29:52:00,33:57:00,10,22,11,24,"PASSAGE EN FORCE",2,3,1,3,6,0,12,13,1,245
"FR-1-H_32_27_5679_7","FR-1-H_32_27_5679","FR_SRVHB_83700","FR_PSGHB_75016","FR_PSGHB_75016",34:09:00,36:05:00,11,25,12,26,"TIR DIFFICILE",2,2,0,1,2,0,14,14,0,116
"FR-1-H_32_27_5679_8","FR-1-H_32_27_5679","FR_SRVHB_83700","FR_PSGHB_75016","FR_PSGHB_75016",38:53:00,40:38:00,13,28,14,29,"PASSE INCOMPLETE",1,1,0,0,2,0,15,15,0,105
"FR-1-H_32_27_5679_9","FR-1-H_32_27_5679","FR_SRVHB_83700","FR_PSGHB_75016","FR_PSGHB_75016",41:28:00,44:12:00,14,30,15,31,"PASSE INCOMPLETE",2,2,2,1,6,0,16,16,0,164
"FR-1-H_32_28_5680_1","FR-1-H_32_28_5680","FR_PAUC_13100","FR_CSMBHB_73000","FR_PAUC_13100",02:16:00,04:35:00,1,1,2,2,"ARRÊT",1,1,0,0,6,1,0,0,0,139
"FR-1-H_32_28_5680_10","FR-1-H_32_28_5680","FR_PAUC_13100","FR_CSMBHB_73000","FR_PAUC_13100",41:52:00,47:04:00,22,23,23,24,"TEMPS MORT",1,1,3,1,11,1,-1,-1,0,312
"FR-1-H_32_28_5680_11","FR-1-H_32_28_5680","FR_PAUC_13100","FR_CSMBHB_73000","FR_PAUC_13100",47:42:00,50:20:00,24,24,25,25,"TIR DIFFICILE",1,1,1,0,5,1,0,0,0,158
"FR-1-H_32_28_5680_12","FR-1-H_32_28_5680","FR_PAUC_13100","FR_CSMBHB_73000","FR_CSMBHB_73000",50:20:00,52:13:00,25,25,26,27,"TIR DIFFICILE",1,2,0,1,3,1,0,1,1,113
"FR-1-H_32_28_5680_13","FR-1-H_32_28_5680","FR_PAUC_13100","FR_CSMBHB_73000","FR_PAUC_13100",52:13:00,57:52:00,26,27,27,28,"TEMPS MORT",2,1,3,1,13,1,-1,-1,0,339
"FR-1-H_32_28_5680_14","FR-1-H_32_28_5680","FR_PAUC_13100","FR_CSMBHB_73000","FR_PAUC_13100",58:23:00,60:00:00,28,28,NA,NA,"PASSE INCOMPLETE",1,0,2,0,3,1,0,NA,NA,97
"FR-1-H_32_28_5680_2","FR-1-H_32_28_5680","FR_PAUC_13100","FR_CSMBHB_73000","FR_PAUC_13100",05:09:00,09:23:00,3,2,6,3,"2 MINUTES",2,1,1,0,6,1,1,3,2,254
"FR-1-H_32_28_5680_3","FR-1-H_32_28_5680","FR_PAUC_13100","FR_CSMBHB_73000","FR_CSMBHB_73000",19:31:00,21:31:00,11,8,12,10,"TIR DIFFICILE",1,2,0,1,4,0,-3,-2,1,120
"FR-1-H_32_28_5680_4","FR-1-H_32_28_5680","FR_PAUC_13100","FR_CSMBHB_73000","FR_CSMBHB_73000",23:37:00,25:25:00,13,12,14,13,"TIR DIFFICILE",2,1,0,0,2,1,-1,-1,0,108
"FR-1-H_32_28_5680_5","FR-1-H_32_28_5680","FR_PAUC_13100","FR_CSMBHB_73000","FR_PAUC_13100",25:25:00,27:58:00,14,13,15,14,"CARTON JAUNE",1,1,1,0,2,1,1,1,0,153
"FR-1-H_32_28_5680_6","FR-1-H_32_28_5680","FR_PAUC_13100","FR_CSMBHB_73000","FR_CSMBHB_73000",29:03:00,30:59:00,16,15,17,16,"TIR DIFFICILE",1,2,0,1,2,0,-1,-1,0,116
"FR-1-H_32_28_5680_7","FR-1-H_32_28_5680","FR_PAUC_13100","FR_CSMBHB_73000","FR_PAUC_13100",30:59:00,35:18:00,17,16,20,17,"HORS CADRE",2,1,3,0,7,2,1,3,2,259
"FR-1-H_32_28_5680_8","FR-1-H_32_28_5680","FR_PAUC_13100","FR_CSMBHB_73000","FR_CSMBHB_73000",35:18:00,38:49:00,20,17,21,20,"TEMPS MORT",1,4,0,1,2,0,-3,-1,2,211
"FR-1-H_32_28_5680_9","FR-1-H_32_28_5680","FR_PAUC_13100","FR_CSMBHB_73000","FR_CSMBHB_73000",39:23:00,41:52:00,21,21,22,23,"TIR DIFFICILE",1,2,0,2,3,1,0,1,1,149
"FR-1-H_32_28_5681_1","FR-1-H_32_28_5681","FR_CCMHB_28000","FR_CRMHB_35510","FR_CRMHB_35510",00:36:00,02:48:00,0,1,1,2,"TIR DIFFICILE",1,1,0,1,3,1,1,1,0,132
"FR-1-H_32_28_5681_10","FR-1-H_32_28_5681","FR_CCMHB_28000","FR_CRMHB_35510","FR_CRMHB_35510",36:47:00,41:13:00,14,17,15,21,"ARRÊT",1,6,0,0,5,2,3,6,3,266
"FR-1-H_32_28_5681_11","FR-1-H_32_28_5681","FR_CCMHB_28000","FR_CRMHB_35510","FR_CCMHB_28000",43:43:00,45:39:00,16,22,17,23,"TIR CONTRÉ",1,0,1,0,3,1,-6,-6,0,116
"FR-1-H_32_28_5681_12","FR-1-H_32_28_5681","FR_CCMHB_28000","FR_CRMHB_35510","FR_CRMHB_35510",45:39:00,47:12:00,17,23,18,24,"2 MINUTES",2,1,0,0,0,1,6,6,0,93
"FR-1-H_32_28_5681_13","FR-1-H_32_28_5681","FR_CCMHB_28000","FR_CRMHB_35510","FR_CCMHB_28000",48:10:00,49:32:00,19,25,20,26,"TIR DIFFICILE",1,2,0,0,0,1,-6,-6,0,82
"FR-1-H_32_28_5681_14","FR-1-H_32_28_5681","FR_CCMHB_28000","FR_CRMHB_35510","FR_CCMHB_28000",50:39:00,56:37:00,21,26,23,27,"2 MINUTES",3,1,1,1,14,1,-5,-4,1,358
"FR-1-H_32_28_5681_15","FR-1-H_32_28_5681","FR_CCMHB_28000","FR_CRMHB_35510","FR_CCMHB_28000",57:03:00,59:53:00,24,27,25,28,"TIR DIFFICILE",1,0,1,1,6,0,-3,-3,0,170
"FR-1-H_32_28_5681_2","FR-1-H_32_28_5681","FR_CCMHB_28000","FR_CRMHB_35510","FR_CRMHB_35510",06:20:00,07:36:00,2,4,3,5,"TIR DIFFICILE",2,1,0,0,1,1,2,2,0,76
"FR-1-H_32_28_5681_3","FR-1-H_32_28_5681","FR_CCMHB_28000","FR_CRMHB_35510","FR_CRMHB_35510",08:11:00,10:06:00,3,6,4,7,"HORS CADRE",1,1,0,0,4,1,3,3,0,115
"FR-1-H_32_28_5681_4","FR-1-H_32_28_5681","FR_CCMHB_28000","FR_CRMHB_35510","FR_CCMHB_28000",16:13:00,18:56:00,5,8,6,9,"2 MINUTES",1,1,0,0,3,0,-3,-3,0,163
"FR-1-H_32_28_5681_5","FR-1-H_32_28_5681","FR_CCMHB_28000","FR_CRMHB_35510","FR_CCMHB_28000",20:46:00,23:30:00,7,9,9,10,"INTERCEPTION",3,1,0,0,3,1,-2,-1,1,164
"FR-1-H_32_28_5681_6","FR-1-H_32_28_5681","FR_CCMHB_28000","FR_CRMHB_35510","FR_CRMHB_35510",23:30:00,24:54:00,9,10,10,11,"TEMPS MORT",1,1,0,1,2,1,1,1,0,84
"FR-1-H_32_28_5681_7","FR-1-H_32_28_5681","FR_CCMHB_28000","FR_CRMHB_35510","FR_CRMHB_35510",26:18:00,28:58:00,10,12,11,13,"2 MINUTES",0,2,0,1,4,1,2,2,0,160
"FR-1-H_32_28_5681_8","FR-1-H_32_28_5681","FR_CCMHB_28000","FR_CRMHB_35510","FR_CCMHB_28000",28:58:00,30:00:00,11,13,12,14,"ARRÊT",1,1,0,0,0,0,-2,-2,0,62
"FR-1-H_32_28_5681_9","FR-1-H_32_28_5681","FR_CCMHB_28000","FR_CRMHB_35510","FR_CRMHB_35510",31:13:00,36:11:00,13,15,14,16,"TIR DIFFICILE",1,2,1,1,7,2,2,2,0,298
"FR-1-H_32_28_5682_10","FR-1-H_32_28_5682","FR_DHBGL_59140","FR_SRVHB_83700","FR_SRVHB_83700",44:35:00,46:29:00,19,19,20,20,"INTERCEPTION",1,2,0,1,3,0,0,0,0,114
"FR-1-H_32_28_5682_11","FR-1-H_32_28_5682","FR_DHBGL_59140","FR_SRVHB_83700","FR_SRVHB_83700",53:08:00,56:00:00,22,23,23,24,"TIR DIFFICILE",1,1,0,1,5,1,1,1,0,172
"FR-1-H_32_28_5682_2","FR-1-H_32_28_5682","FR_DHBGL_59140","FR_SRVHB_83700","FR_SRVHB_83700",08:23:00,12:54:00,3,3,4,4,"TIR DIFFICILE",2,1,0,2,8,0,0,0,0,271
"FR-1-H_32_28_5682_3","FR-1-H_32_28_5682","FR_DHBGL_59140","FR_SRVHB_83700","FR_DHBGL_59140",18:29:00,21:01:00,6,6,7,7,"TIR DIFFICILE",1,1,0,0,4,1,0,0,0,152
"FR-1-H_32_28_5682_4","FR-1-H_32_28_5682","FR_DHBGL_59140","FR_SRVHB_83700","FR_DHBGL_59140",21:36:00,22:35:00,8,7,9,8,"TIR DIFFICILE",1,1,0,0,1,1,1,1,0,59
"FR-1-H_32_28_5682_5","FR-1-H_32_28_5682","FR_DHBGL_59140","FR_SRVHB_83700","FR_DHBGL_59140",24:23:00,26:00:00,10,8,11,9,"INTERCEPTION",1,1,1,0,1,0,2,2,0,97
"FR-1-H_32_28_5682_6","FR-1-H_32_28_5682","FR_DHBGL_59140","FR_SRVHB_83700","FR_SRVHB_83700",29:35:00,32:58:00,14,12,15,13,"2 MINUTES",2,2,0,2,6,0,-2,-2,0,203
"FR-1-H_32_28_5682_7","FR-1-H_32_28_5682","FR_DHBGL_59140","FR_SRVHB_83700","FR_SRVHB_83700",34:04:00,36:08:00,15,14,16,15,"CARTON JAUNE",1,1,1,1,6,0,-1,-1,0,124
"FR-1-H_32_28_5682_8","FR-1-H_32_28_5682","FR_DHBGL_59140","FR_SRVHB_83700","FR_DHBGL_59140",36:08:00,39:19:00,16,15,17,16,"ARRÊT",1,1,0,0,3,0,1,1,0,191
"FR-1-H_32_28_5682_9","FR-1-H_32_28_5682","FR_DHBGL_59140","FR_SRVHB_83700","FR_SRVHB_83700",39:19:00,41:26:00,17,16,18,17,"TEMPS MORT",1,1,0,1,3,1,-1,-1,0,127
"FR-1-H_32_28_5683_1","FR-1-H_32_28_5683","FR_LHB_87000","FR_IPHB_13806","FR_IPHB_13806",03:45:00,07:04:00,2,2,3,4,"BALLON SORTI",1,2,1,1,2,1,0,1,1,199
"FR-1-H_32_28_5683_10","FR-1-H_32_28_5683","FR_LHB_87000","FR_IPHB_13806","FR_IPHB_13806",43:32:00,46:02:00,18,20,19,21,"INTERCEPTION",2,1,0,1,3,0,2,2,0,150
"FR-1-H_32_28_5683_11","FR-1-H_32_28_5683","FR_LHB_87000","FR_IPHB_13806","FR_LHB_87000",46:13:00,48:18:00,19,21,20,22,"ARRÊT",1,1,0,0,1,1,-2,-2,0,125
"FR-1-H_32_28_5683_12","FR-1-H_32_28_5683","FR_LHB_87000","FR_IPHB_13806","FR_LHB_87000",49:09:00,52:16:00,21,22,22,23,"TIR DIFFICILE",1,0,0,1,1,0,-1,-1,0,187
"FR-1-H_32_28_5683_13","FR-1-H_32_28_5683","FR_LHB_87000","FR_IPHB_13806","FR_IPHB_13806",56:01:00,57:49:00,24,25,25,27,"PASSE INCOMPLETE",1,2,0,2,4,0,1,2,1,108
"FR-1-H_32_28_5683_14","FR-1-H_32_28_5683","FR_LHB_87000","FR_IPHB_13806","FR_LHB_87000",57:49:00,60:00:00,25,27,NA,NA,"TEMPS MORT",2,1,1,1,5,1,-2,NA,NA,131
"FR-1-H_32_28_5683_2","FR-1-H_32_28_5683","FR_LHB_87000","FR_IPHB_13806","FR_LHB_87000",07:04:00,08:13:00,3,4,4,5,"TIR DIFFICILE",1,1,0,0,0,0,-1,-1,0,69
"FR-1-H_32_28_5683_3","FR-1-H_32_28_5683","FR_LHB_87000","FR_IPHB_13806","FR_IPHB_13806",08:13:00,11:27:00,4,5,5,7,"ARRÊT",1,2,0,0,4,2,1,2,1,194
"FR-1-H_32_28_5683_4","FR-1-H_32_28_5683","FR_LHB_87000","FR_IPHB_13806","FR_LHB_87000",13:46:00,16:45:00,6,8,7,9,"TIR DIFFICILE",2,1,1,1,4,0,-2,-2,0,179
"FR-1-H_32_28_5683_5","FR-1-H_32_28_5683","FR_LHB_87000","FR_IPHB_13806","FR_LHB_87000",17:13:00,20:15:00,8,9,9,10,"TIR DIFFICILE",1,1,1,0,6,0,-1,-1,0,182
"FR-1-H_32_28_5683_6","FR-1-H_32_28_5683","FR_LHB_87000","FR_IPHB_13806","FR_IPHB_13806",28:16:00,29:55:00,12,13,13,14,"POTEAU",1,1,0,0,2,1,1,1,0,99
"FR-1-H_32_28_5683_7","FR-1-H_32_28_5683","FR_LHB_87000","FR_IPHB_13806","FR_LHB_87000",34:48:00,37:10:00,15,16,16,17,"PIED",1,0,1,0,4,0,-1,-1,0,142
"FR-1-H_32_28_5683_8","FR-1-H_32_28_5683","FR_LHB_87000","FR_IPHB_13806","FR_IPHB_13806",37:10:00,40:58:00,16,17,17,19,"TIR DIFFICILE",1,2,0,3,5,1,1,2,1,228
"FR-1-H_32_28_5683_9","FR-1-H_32_28_5683","FR_LHB_87000","FR_IPHB_13806","FR_LHB_87000",40:58:00,43:32:00,17,19,18,20,"2 MINUTES",1,1,1,0,3,0,-2,-2,0,154
"FR-1-H_32_28_5684_1","FR-1-H_32_28_5684","FR_MHB_34000","FR_HBCN_44200","FR_HBCN_44200",01:21:00,02:49:00,0,1,1,2,"HORS CADRE",1,1,0,2,3,1,1,1,0,88
"FR-1-H_32_28_5684_10","FR-1-H_32_28_5684","FR_MHB_34000","FR_HBCN_44200","FR_MHB_34000",25:01:00,27:57:00,13,11,14,12,"BALLON SORTI",1,2,2,1,5,1,2,2,0,176
"FR-1-H_32_28_5684_11","FR-1-H_32_28_5684","FR_MHB_34000","FR_HBCN_44200","FR_HBCN_44200",27:57:00,31:43:00,14,12,15,14,"TIR DIFFICILE",2,2,1,0,7,0,-2,-1,1,226
"FR-1-H_32_28_5684_12","FR-1-H_32_28_5684","FR_MHB_34000","FR_HBCN_44200","FR_HBCN_44200",42:17:00,44:15:00,18,18,19,19,"TIR DIFFICILE",0,1,0,0,4,0,0,0,0,118
"FR-1-H_32_28_5684_13","FR-1-H_32_28_5684","FR_MHB_34000","FR_HBCN_44200","FR_HBCN_44200",45:27:00,46:40:00,19,20,20,21,"INTERCEPTION",1,1,0,0,4,0,1,1,0,73
"FR-1-H_32_28_5684_14","FR-1-H_32_28_5684","FR_MHB_34000","FR_HBCN_44200","FR_HBCN_44200",48:20:00,50:23:00,20,22,21,23,"ARRÊT",1,1,0,0,3,1,2,2,0,123
"FR-1-H_32_28_5684_15","FR-1-H_32_28_5684","FR_MHB_34000","FR_HBCN_44200","FR_MHB_34000",50:23:00,53:07:00,21,23,23,24,"TIR DIFFICILE",2,1,1,0,4,1,-2,-1,1,164
"FR-1-H_32_28_5684_2","FR-1-H_32_28_5684","FR_MHB_34000","FR_HBCN_44200","FR_MHB_34000",02:49:00,05:44:00,1,2,2,3,"TIR DIFFICILE",1,1,1,0,5,1,-1,-1,0,175
"FR-1-H_32_28_5684_3","FR-1-H_32_28_5684","FR_MHB_34000","FR_HBCN_44200","FR_MHB_34000",05:57:00,07:10:00,3,3,4,4,"CARTON JAUNE",1,1,0,0,0,0,0,0,0,73
"FR-1-H_32_28_5684_4","FR-1-H_32_28_5684","FR_MHB_34000","FR_HBCN_44200","FR_HBCN_44200",07:10:00,10:11:00,4,4,5,6,"2 MINUTES",1,2,0,1,6,2,0,1,1,181
"FR-1-H_32_28_5684_5","FR-1-H_32_28_5684","FR_MHB_34000","FR_HBCN_44200","FR_MHB_34000",10:11:00,12:13:00,5,6,6,7,"TIR DIFFICILE",1,1,0,0,2,0,-1,-1,0,122
"FR-1-H_32_28_5684_6","FR-1-H_32_28_5684","FR_MHB_34000","FR_HBCN_44200","FR_MHB_34000",14:51:00,16:51:00,7,7,8,8,"PASSE INCOMPLETE",1,1,1,0,1,0,0,0,0,120
"FR-1-H_32_28_5684_7","FR-1-H_32_28_5684","FR_MHB_34000","FR_HBCN_44200","FR_HBCN_44200",16:51:00,18:15:00,8,8,9,9,"2 MINUTES",0,1,0,0,1,1,0,0,0,84
"FR-1-H_32_28_5684_8","FR-1-H_32_28_5684","FR_MHB_34000","FR_HBCN_44200","FR_MHB_34000",18:15:00,20:33:00,9,9,10,10,"ARRÊT",1,0,3,0,4,1,0,0,0,138
"FR-1-H_32_28_5684_9","FR-1-H_32_28_5684","FR_MHB_34000","FR_HBCN_44200","FR_MHB_34000",21:12:00,24:00:00,11,10,12,11,"ARRÊT",2,1,1,0,3,1,1,1,0,168
"FR-1-H_32_28_5685_1","FR-1-H_32_28_5685","FR_USAMNG_30918","FR_USCHB_94000","FR_USAMNG_30918",05:23:00,06:58:00,2,1,3,2,"INTERCEPTION",2,3,0,0,2,0,1,1,0,95
"FR-1-H_32_28_5685_10","FR-1-H_32_28_5685","FR_USAMNG_30918","FR_USCHB_94000","FR_USAMNG_30918",56:37:00,59:52:00,21,24,NA,NA,"TIR DIFFICILE",4,1,1,0,14,1,-3,NA,NA,195
"FR-1-H_32_28_5685_2","FR-1-H_32_28_5685","FR_USAMNG_30918","FR_USCHB_94000","FR_USCHB_94000",06:58:00,10:13:00,3,2,4,3,"ARRÊT",2,1,1,0,4,1,-1,-1,0,195
"FR-1-H_32_28_5685_3","FR-1-H_32_28_5685","FR_USAMNG_30918","FR_USCHB_94000","FR_USCHB_94000",14:01:00,17:21:00,5,5,6,7,"INTERCEPTION",0,1,0,1,6,0,0,1,1,200
"FR-1-H_32_28_5685_4","FR-1-H_32_28_5685","FR_USAMNG_30918","FR_USCHB_94000","FR_USAMNG_30918",21:16:00,24:18:00,9,10,10,11,"TIR DIFFICILE",1,1,1,0,6,0,-1,-1,0,182
"FR-1-H_32_28_5685_5","FR-1-H_32_28_5685","FR_USAMNG_30918","FR_USCHB_94000","FR_USCHB_94000",25:00:00,28:26:00,11,12,12,13,"TEMPS MORT",2,1,2,1,7,0,1,1,0,206
"FR-1-H_32_28_5685_6","FR-1-H_32_28_5685","FR_USAMNG_30918","FR_USCHB_94000","FR_USCHB_94000",30:23:00,33:38:00,12,14,13,15,"TIR DIFFICILE",1,2,0,0,5,0,2,2,0,195
"FR-1-H_32_28_5685_7","FR-1-H_32_28_5685","FR_USAMNG_30918","FR_USCHB_94000","FR_USCHB_94000",37:47:00,41:38:00,15,18,16,19,"2 MINUTES",2,1,1,1,7,1,3,3,0,231
"FR-1-H_32_28_5685_8","FR-1-H_32_28_5685","FR_USAMNG_30918","FR_USCHB_94000","FR_USAMNG_30918",42:27:00,48:58:00,17,20,19,21,"ARRÊT",2,5,1,0,11,0,-3,-2,1,391
"FR-1-H_32_28_5685_9","FR-1-H_32_28_5685","FR_USAMNG_30918","FR_USCHB_94000","FR_USCHB_94000",48:58:00,53:53:00,19,21,20,23,"HORS CADRE",1,2,0,4,11,0,2,3,1,295
"FR-1-H_32_28_5686_10","FR-1-H_32_28_5686","FR_PSGHB_75016","FR_FTHB_31000","FR_PSGHB_75016",49:07:00,51:01:00,36,28,37,29,"2 MINUTES",1,1,1,0,5,0,8,8,0,114
"FR-1-H_32_28_5686_11","FR-1-H_32_28_5686","FR_PSGHB_75016","FR_FTHB_31000","FR_FTHB_31000",52:55:00,57:09:00,39,31,40,32,"TIR DIFFICILE",2,1,1,1,4,0,-8,-8,0,254
"FR-1-H_32_28_5686_12","FR-1-H_32_28_5686","FR_PSGHB_75016","FR_FTHB_31000","FR_FTHB_31000",57:42:00,59:07:00,40,33,41,34,"HORS CADRE",1,1,0,1,3,1,-7,-7,0,85
"FR-1-H_32_28_5686_2","FR-1-H_32_28_5686","FR_PSGHB_75016","FR_FTHB_31000","FR_FTHB_31000",12:17:00,13:44:00,10,10,11,11,"2 MINUTES",1,1,0,0,2,0,0,0,0,87
"FR-1-H_32_28_5686_3","FR-1-H_32_28_5686","FR_PSGHB_75016","FR_FTHB_31000","FR_PSGHB_75016",14:34:00,16:23:00,12,12,13,13,"ARRÊT",1,1,0,0,1,0,0,0,0,109
"FR-1-H_32_28_5686_4","FR-1-H_32_28_5686","FR_PSGHB_75016","FR_FTHB_31000","FR_PSGHB_75016",24:46:00,28:31:00,18,17,20,18,"ARRÊT",1,1,2,0,5,0,1,2,1,225
"FR-1-H_32_28_5686_5","FR-1-H_32_28_5686","FR_PSGHB_75016","FR_FTHB_31000","FR_PSGHB_75016",31:03:00,33:52:00,22,19,23,20,"HORS CADRE",1,1,2,2,6,0,3,3,0,169
"FR-1-H_32_28_5686_6","FR-1-H_32_28_5686","FR_PSGHB_75016","FR_FTHB_31000","FR_PSGHB_75016",35:26:00,37:17:00,24,20,25,21,"ARRÊT",2,0,1,0,3,0,4,4,0,111
"FR-1-H_32_28_5686_7","FR-1-H_32_28_5686","FR_PSGHB_75016","FR_FTHB_31000","FR_PSGHB_75016",37:36:00,39:35:00,26,21,28,22,"TIR CONTRÉ",2,1,1,0,2,0,5,6,1,119
"FR-1-H_32_28_5686_8","FR-1-H_32_28_5686","FR_PSGHB_75016","FR_FTHB_31000","FR_FTHB_31000",41:01:00,43:00:00,30,24,31,25,"TEMPS MORT",2,1,1,1,3,0,-6,-6,0,119
"FR-1-H_32_28_5686_9","FR-1-H_32_28_5686","FR_PSGHB_75016","FR_FTHB_31000","FR_PSGHB_75016",43:00:00,46:34:00,31,25,33,26,"ARRÊT",2,2,0,1,4,0,6,7,1,214
"FR-1-H_32_28_5687_1","FR-1-H_32_28_5687","FR_TFHB_93290","FR_USIHB_94200","FR_TFHB_93290",03:47:00,07:16:00,1,0,2,1,"ARRÊT",2,1,0,1,6,1,1,1,0,209
"FR-1-H_32_28_5687_10","FR-1-H_32_28_5687","FR_TFHB_93290","FR_USIHB_94200","FR_TFHB_93290",48:43:00,52:00:00,18,22,19,23,"2 MINUTES",1,1,0,0,5,1,-4,-4,0,197
"FR-1-H_32_28_5687_11","FR-1-H_32_28_5687","FR_TFHB_93290","FR_USIHB_94200","FR_TFHB_93290",52:28:00,55:11:00,20,23,21,24,"TIR DIFFICILE",0,1,0,1,3,0,-3,-3,0,163
"FR-1-H_32_28_5687_12","FR-1-H_32_28_5687","FR_TFHB_93290","FR_USIHB_94200","FR_TFHB_93290",58:18:00,60:00:00,23,25,NA,NA,"TIR CONTRÉ",1,1,0,0,2,1,-2,NA,NA,102
"FR-1-H_32_28_5687_2","FR-1-H_32_28_5687","FR_TFHB_93290","FR_USIHB_94200","FR_USIHB_94200",07:21:00,08:50:00,2,1,3,2,"2 MINUTES",1,1,0,1,2,0,-1,-1,0,89
"FR-1-H_32_28_5687_3","FR-1-H_32_28_5687","FR_TFHB_93290","FR_USIHB_94200","FR_USIHB_94200",09:49:00,12:24:00,3,3,4,5,"2 MINUTES",1,2,0,1,3,1,0,1,1,155
"FR-1-H_32_28_5687_4","FR-1-H_32_28_5687","FR_TFHB_93290","FR_USIHB_94200","FR_TFHB_93290",12:24:00,16:25:00,4,5,5,6,"TIR DIFFICILE",2,0,1,1,9,0,-1,-1,0,241
"FR-1-H_32_28_5687_5","FR-1-H_32_28_5687","FR_TFHB_93290","FR_USIHB_94200","FR_USIHB_94200",16:25:00,19:12:00,5,6,6,7,"HORS CADRE",3,1,1,0,3,2,1,1,0,167
"FR-1-H_32_28_5687_6","FR-1-H_32_28_5687","FR_TFHB_93290","FR_USIHB_94200","FR_TFHB_93290",22:32:00,23:37:00,7,8,8,9,"TIR DIFFICILE",1,1,0,0,1,1,-1,-1,0,65
"FR-1-H_32_28_5687_7","FR-1-H_32_28_5687","FR_TFHB_93290","FR_USIHB_94200","FR_TFHB_93290",30:26:00,33:58:00,11,11,13,12,"TIR DIFFICILE",2,2,1,0,5,0,0,1,1,212
"FR-1-H_32_28_5687_8","FR-1-H_32_28_5687","FR_TFHB_93290","FR_USIHB_94200","FR_USIHB_94200",35:38:00,39:03:00,14,13,15,16,"TIR DIFFICILE",1,3,0,2,8,1,-1,1,2,205
"FR-1-H_32_28_5687_9","FR-1-H_32_28_5687","FR_TFHB_93290","FR_USIHB_94200","FR_USIHB_94200",42:52:00,48:43:00,17,19,18,22,"ARRÊT",1,3,1,0,8,1,2,4,2,351
"FR-1-H_32_29_5690_10","FR-1-H_32_29_5690","FR_USCHB_94000","FR_PAUC_13100","FR_PAUC_13100",43:57:00,45:49:00,22,24,23,25,"TIR DIFFICILE",1,0,0,1,1,0,2,2,0,112
"FR-1-H_32_29_5690_11","FR-1-H_32_29_5690","FR_USCHB_94000","FR_PAUC_13100","FR_PAUC_13100",51:41:00,54:17:00,24,27,25,29,"TIR DIFFICILE",3,2,0,1,3,0,3,4,1,156
"FR-1-H_32_29_5690_2","FR-1-H_32_29_5690","FR_USCHB_94000","FR_PAUC_13100","FR_PAUC_13100",06:03:00,10:48:00,2,4,3,6,"TIR DIFFICILE",2,2,2,1,9,0,2,3,1,285
"FR-1-H_32_29_5690_3","FR-1-H_32_29_5690","FR_USCHB_94000","FR_PAUC_13100","FR_PAUC_13100",12:09:00,15:03:00,4,8,5,10,"TIR DIFFICILE",2,2,0,1,3,1,4,5,1,174
"FR-1-H_32_29_5690_4","FR-1-H_32_29_5690","FR_USCHB_94000","FR_PAUC_13100","FR_PAUC_13100",17:13:00,20:37:00,6,12,7,13,"TIR DIFFICILE",2,0,2,0,5,0,6,6,0,204
"FR-1-H_32_29_5690_5","FR-1-H_32_29_5690","FR_USCHB_94000","FR_PAUC_13100","FR_USCHB_94000",23:06:00,25:28:00,8,14,9,15,"TIR DIFFICILE",0,1,2,0,3,0,-6,-6,0,142
"FR-1-H_32_29_5690_6","FR-1-H_32_29_5690","FR_USCHB_94000","FR_PAUC_13100","FR_USCHB_94000",29:46:00,35:38:00,13,18,15,19,"TIR DIFFICILE",1,2,3,1,9,1,-5,-4,1,352
"FR-1-H_32_29_5690_7","FR-1-H_32_29_5690","FR_USCHB_94000","FR_PAUC_13100","FR_USCHB_94000",36:03:00,38:21:00,16,19,18,20,"CARTON JAUNE",2,1,1,0,4,2,-3,-2,1,138
"FR-1-H_32_29_5690_8","FR-1-H_32_29_5690","FR_USCHB_94000","FR_PAUC_13100","FR_PAUC_13100",38:21:00,40:35:00,18,20,19,21,"TIR DIFFICILE",1,1,0,2,5,1,2,2,0,134
"FR-1-H_32_29_5690_9","FR-1-H_32_29_5690","FR_USCHB_94000","FR_PAUC_13100","FR_USCHB_94000",42:21:00,43:57:00,21,23,22,24,"TIR DIFFICILE",1,1,1,0,3,1,-2,-2,0,96
"FR-1-H_32_29_5691_10","FR-1-H_32_29_5691","FR_IPHB_13806","FR_MHB_34000","FR_MHB_34000",31:45:00,34:09:00,16,17,17,19,"ARRÊT",1,2,1,0,5,0,1,2,1,144
"FR-1-H_32_29_5691_11","FR-1-H_32_29_5691","FR_IPHB_13806","FR_MHB_34000","FR_MHB_34000",35:36:00,36:57:00,17,20,18,21,"POTEAU",1,1,0,0,2,1,3,3,0,81
"FR-1-H_32_29_5691_12","FR-1-H_32_29_5691","FR_IPHB_13806","FR_MHB_34000","FR_MHB_34000",38:43:00,43:46:00,18,22,19,27,"INTERCEPTION",2,5,1,0,3,2,4,8,4,303
"FR-1-H_32_29_5691_13","FR-1-H_32_29_5691","FR_IPHB_13806","FR_MHB_34000","FR_MHB_34000",45:59:00,46:26:00,19,28,20,29,"ARRÊT",1,1,0,0,1,1,9,9,0,27
"FR-1-H_32_29_5691_14","FR-1-H_32_29_5691","FR_IPHB_13806","FR_MHB_34000","FR_IPHB_13806",47:58:00,52:33:00,21,30,23,31,"TIR DIFFICILE",2,1,3,1,5,2,-9,-8,1,275
"FR-1-H_32_29_5691_15","FR-1-H_32_29_5691","FR_IPHB_13806","FR_MHB_34000","FR_MHB_34000",54:40:00,57:14:00,24,32,25,33,"TIR DIFFICILE",2,1,1,1,3,0,8,8,0,154
"FR-1-H_32_29_5691_16","FR-1-H_32_29_5691","FR_IPHB_13806","FR_MHB_34000","FR_IPHB_13806",57:14:00,60:00:00,25,33,NA,NA,"TEMPS MORT",1,1,2,0,4,0,-8,NA,NA,166
"FR-1-H_32_29_5691_2","FR-1-H_32_29_5691","FR_IPHB_13806","FR_MHB_34000","FR_MHB_34000",03:27:00,06:41:00,2,1,3,4,"TIR DIFFICILE",2,3,0,2,4,0,-1,1,2,194
"FR-1-H_32_29_5691_3","FR-1-H_32_29_5691","FR_IPHB_13806","FR_MHB_34000","FR_IPHB_13806",06:41:00,08:56:00,3,4,4,5,"TIR DIFFICILE",1,1,1,2,4,0,-1,-1,0,135
"FR-1-H_32_29_5691_4","FR-1-H_32_29_5691","FR_IPHB_13806","FR_MHB_34000","FR_MHB_34000",11:17:00,12:54:00,5,6,6,7,"TIR DIFFICILE",1,1,0,0,0,0,1,1,0,97
"FR-1-H_32_29_5691_5","FR-1-H_32_29_5691","FR_IPHB_13806","FR_MHB_34000","FR_MHB_34000",14:37:00,16:38:00,6,8,7,9,"TIR DIFFICILE",1,1,0,1,3,0,2,2,0,121
"FR-1-H_32_29_5691_6","FR-1-H_32_29_5691","FR_IPHB_13806","FR_MHB_34000","FR_IPHB_13806",16:38:00,18:45:00,7,9,8,10,"POTEAU",2,1,0,1,1,0,-2,-2,0,127
"FR-1-H_32_29_5691_7","FR-1-H_32_29_5691","FR_IPHB_13806","FR_MHB_34000","FR_MHB_34000",18:45:00,20:41:00,8,10,9,11,"HORS CADRE",1,1,0,1,2,0,2,2,0,116
"FR-1-H_32_29_5691_8","FR-1-H_32_29_5691","FR_IPHB_13806","FR_MHB_34000","FR_IPHB_13806",26:34:00,29:00:00,13,15,14,16,"TIR DIFFICILE",1,1,1,0,2,0,-2,-2,0,146
"FR-1-H_32_29_5691_9","FR-1-H_32_29_5691","FR_IPHB_13806","FR_MHB_34000","FR_IPHB_13806",29:51:00,31:45:00,15,16,16,17,"ARRÊT",1,0,1,1,4,1,-1,-1,0,114
"FR-1-H_32_29_5692_10","FR-1-H_32_29_5692","FR_USIHB_94200","FR_PSGHB_75016","FR_USIHB_94200",33:11:00,37:57:00,16,21,19,22,"TIR DIFFICILE",4,1,4,0,7,1,-5,-3,2,286
"FR-1-H_32_29_5692_11","FR-1-H_32_29_5692","FR_USIHB_94200","FR_PSGHB_75016","FR_PSGHB_75016",39:54:00,42:21:00,20,23,21,24,"TIR DIFFICILE",1,0,0,1,3,0,3,3,0,147
"FR-1-H_32_29_5692_12","FR-1-H_32_29_5692","FR_USIHB_94200","FR_PSGHB_75016","FR_PSGHB_75016",47:21:00,51:05:00,22,26,23,29,"ARRÊT",2,4,0,2,3,1,4,6,2,224
"FR-1-H_32_29_5692_13","FR-1-H_32_29_5692","FR_USIHB_94200","FR_PSGHB_75016","FR_PSGHB_75016",51:53:00,54:13:00,23,30,24,32,"INTERCEPTION",2,3,0,0,2,1,7,8,1,140
"FR-1-H_32_29_5692_14","FR-1-H_32_29_5692","FR_USIHB_94200","FR_PSGHB_75016","FR_PSGHB_75016",55:03:00,59:44:00,24,33,NA,NA,"PASSAGE EN FORCE",3,1,2,1,7,0,9,NA,NA,281
"FR-1-H_32_29_5692_2","FR-1-H_32_29_5692","FR_USIHB_94200","FR_PSGHB_75016","FR_USIHB_94200",06:43:00,08:08:00,4,5,5,6,"TIR DIFFICILE",1,1,0,0,2,1,-1,-1,0,85
"FR-1-H_32_29_5692_3","FR-1-H_32_29_5692","FR_USIHB_94200","FR_PSGHB_75016","FR_PSGHB_75016",11:05:00,12:27:00,7,8,8,9,"TIR DIFFICILE",1,1,0,0,0,1,1,1,0,82
"FR-1-H_32_29_5692_4","FR-1-H_32_29_5692","FR_USIHB_94200","FR_PSGHB_75016","FR_PSGHB_75016",12:39:00,16:02:00,8,10,9,12,"2 MINUTES",2,4,0,1,4,0,2,3,1,203
"FR-1-H_32_29_5692_5","FR-1-H_32_29_5692","FR_USIHB_94200","FR_PSGHB_75016","FR_PSGHB_75016",16:34:00,20:06:00,9,13,10,15,"TIR DIFFICILE",2,2,2,2,7,0,4,5,1,212
"FR-1-H_32_29_5692_6","FR-1-H_32_29_5692","FR_USIHB_94200","FR_PSGHB_75016","FR_USIHB_94200",20:06:00,22:53:00,10,15,11,16,"ARRÊT",2,1,2,0,3,0,-5,-5,0,167
"FR-1-H_32_29_5692_7","FR-1-H_32_29_5692","FR_USIHB_94200","FR_PSGHB_75016","FR_PSGHB_75016",27:40:00,29:56:00,12,17,13,18,"ARRÊT",1,1,0,1,5,0,5,5,0,136
"FR-1-H_32_29_5692_8","FR-1-H_32_29_5692","FR_USIHB_94200","FR_PSGHB_75016","FR_USIHB_94200",29:56:00,31:07:00,13,18,14,19,"MARCHÉ",1,1,0,0,0,1,-5,-5,0,71
"FR-1-H_32_29_5692_9","FR-1-H_32_29_5692","FR_USIHB_94200","FR_PSGHB_75016","FR_PSGHB_75016",32:29:00,33:11:00,15,20,16,21,"TIR DIFFICILE",1,1,0,1,1,0,5,5,0,42
"FR-1-H_32_29_5693_10","FR-1-H_32_29_5693","FR_HBCN_44200","FR_TFHB_93290","FR_TFHB_93290",40:25:00,44:53:00,20,19,21,21,"POTEAU",0,2,2,2,9,0,-1,0,1,268
"FR-1-H_32_29_5693_11","FR-1-H_32_29_5693","FR_HBCN_44200","FR_TFHB_93290","FR_HBCN_44200",46:11:00,47:58:00,22,22,23,23,"2 MINUTES",1,1,1,0,3,0,0,0,0,107
"FR-1-H_32_29_5693_12","FR-1-H_32_29_5693","FR_HBCN_44200","FR_TFHB_93290","FR_HBCN_44200",48:04:00,53:54:00,24,23,26,24,"ARRÊT",2,1,5,2,13,1,1,2,1,350
"FR-1-H_32_29_5693_13","FR-1-H_32_29_5693","FR_HBCN_44200","FR_TFHB_93290","FR_HBCN_44200",55:20:00,57:01:00,27,24,28,25,"ARRÊT",3,1,0,0,3,0,3,3,0,101
"FR-1-H_32_29_5693_14","FR-1-H_32_29_5693","FR_HBCN_44200","FR_TFHB_93290","FR_HBCN_44200",57:42:00,60:00:00,29,25,NA,NA,"TEMPS MORT",5,2,0,0,2,0,4,NA,NA,138
"FR-1-H_32_29_5693_2","FR-1-H_32_29_5693","FR_HBCN_44200","FR_TFHB_93290","FR_HBCN_44200",03:20:00,06:50:00,3,2,5,3,"PIED",3,0,1,0,7,1,1,2,1,210
"FR-1-H_32_29_5693_3","FR-1-H_32_29_5693","FR_HBCN_44200","FR_TFHB_93290","FR_TFHB_93290",09:29:00,11:05:00,7,5,8,6,"TIR DIFFICILE",2,1,0,0,2,1,-2,-2,0,96
"FR-1-H_32_29_5693_4","FR-1-H_32_29_5693","FR_HBCN_44200","FR_TFHB_93290","FR_HBCN_44200",12:49:00,15:10:00,9,7,11,8,"TIR DIFFICILE",1,1,1,0,4,2,2,3,1,141
"FR-1-H_32_29_5693_5","FR-1-H_32_29_5693","FR_HBCN_44200","FR_TFHB_93290","FR_TFHB_93290",15:10:00,20:40:00,11,8,12,10,"TIR DIFFICILE",2,3,1,2,9,1,-3,-2,1,330
"FR-1-H_32_29_5693_6","FR-1-H_32_29_5693","FR_HBCN_44200","FR_TFHB_93290","FR_HBCN_44200",20:40:00,22:55:00,12,10,13,11,"TIR DIFFICILE",1,1,2,0,3,0,2,2,0,135
"FR-1-H_32_29_5693_7","FR-1-H_32_29_5693","FR_HBCN_44200","FR_TFHB_93290","FR_HBCN_44200",24:59:00,28:10:00,14,11,16,12,"TIR DIFFICILE",2,1,3,0,5,1,3,4,1,191
"FR-1-H_32_29_5693_8","FR-1-H_32_29_5693","FR_HBCN_44200","FR_TFHB_93290","FR_TFHB_93290",28:10:00,33:45:00,16,12,17,16,"TIR DIFFICILE",3,4,1,4,11,1,-4,-1,3,335
"FR-1-H_32_29_5693_9","FR-1-H_32_29_5693","FR_HBCN_44200","FR_TFHB_93290","FR_HBCN_44200",33:45:00,36:43:00,17,16,18,17,"TIR CONTRÉ",1,2,0,0,2,1,1,1,0,178
"FR-1-H_32_29_5694_10","FR-1-H_32_29_5694","FR_SRVHB_83700","FR_CCMHB_28000","FR_SRVHB_83700",38:40:00,41:04:00,22,20,23,21,"TIR CONTRÉ",1,1,1,0,5,0,2,2,0,144
"FR-1-H_32_29_5694_11","FR-1-H_32_29_5694","FR_SRVHB_83700","FR_CCMHB_28000","FR_SRVHB_83700",41:36:00,42:54:00,24,21,25,22,"ARRÊT",0,1,1,0,1,1,3,3,0,78
"FR-1-H_32_29_5694_12","FR-1-H_32_29_5694","FR_SRVHB_83700","FR_CCMHB_28000","FR_CCMHB_28000",42:54:00,45:22:00,25,22,26,23,"TIR DIFFICILE",0,0,0,1,5,0,-3,-3,0,148
"FR-1-H_32_29_5694_13","FR-1-H_32_29_5694","FR_SRVHB_83700","FR_CCMHB_28000","FR_CCMHB_28000",46:19:00,47:58:00,26,24,27,25,"INTERCEPTION",1,2,1,0,2,0,-2,-2,0,99
"FR-1-H_32_29_5694_14","FR-1-H_32_29_5694","FR_SRVHB_83700","FR_CCMHB_28000","FR_CCMHB_28000",48:38:00,49:46:00,27,26,28,27,"TIR DIFFICILE",1,1,0,0,0,0,-1,-1,0,68
"FR-1-H_32_29_5694_15","FR-1-H_32_29_5694","FR_SRVHB_83700","FR_CCMHB_28000","FR_CCMHB_28000",50:49:00,53:54:00,28,28,29,30,"TIR DIFFICILE",1,3,0,2,4,0,0,1,1,185
"FR-1-H_32_29_5694_16","FR-1-H_32_29_5694","FR_SRVHB_83700","FR_CCMHB_28000","FR_SRVHB_83700",56:05:00,58:03:00,30,31,31,32,"HORS CADRE",1,1,1,0,2,1,-1,-1,0,118
"FR-1-H_32_29_5694_17","FR-1-H_32_29_5694","FR_SRVHB_83700","FR_CCMHB_28000","FR_CCMHB_28000",58:03:00,59:02:00,31,32,32,33,"ARRÊT",0,1,0,0,0,1,1,1,0,59
"FR-1-H_32_29_5694_2","FR-1-H_32_29_5694","FR_SRVHB_83700","FR_CCMHB_28000","FR_CCMHB_28000",11:36:00,13:34:00,6,6,7,7,"PASSE INCOMPLETE",2,1,0,0,0,0,0,0,0,118
"FR-1-H_32_29_5694_3","FR-1-H_32_29_5694","FR_SRVHB_83700","FR_CCMHB_28000","FR_SRVHB_83700",13:34:00,16:44:00,7,7,9,8,"TIR DIFFICILE",2,1,1,0,4,1,0,1,1,190
"FR-1-H_32_29_5694_4","FR-1-H_32_29_5694","FR_SRVHB_83700","FR_CCMHB_28000","FR_CCMHB_28000",16:44:00,18:32:00,9,8,10,9,"TIR DIFFICILE",1,1,0,1,2,0,-1,-1,0,108
"FR-1-H_32_29_5694_5","FR-1-H_32_29_5694","FR_SRVHB_83700","FR_CCMHB_28000","FR_SRVHB_83700",18:32:00,20:29:00,10,9,12,10,"PASSE INCOMPLETE",3,0,1,0,3,0,1,2,1,117
"FR-1-H_32_29_5694_6","FR-1-H_32_29_5694","FR_SRVHB_83700","FR_CCMHB_28000","FR_CCMHB_28000",21:54:00,27:30:00,13,11,14,14,"INTERCEPTION",1,3,0,2,10,2,-2,0,2,336
"FR-1-H_32_29_5694_7","FR-1-H_32_29_5694","FR_SRVHB_83700","FR_CCMHB_28000","FR_SRVHB_83700",29:40:00,31:54:00,15,15,16,16,"ARRÊT",2,1,1,0,1,0,0,0,0,134
"FR-1-H_32_29_5694_8","FR-1-H_32_29_5694","FR_SRVHB_83700","FR_CCMHB_28000","FR_CCMHB_28000",32:43:00,33:45:00,17,17,18,18,"HORS CADRE",1,1,0,0,2,0,0,0,0,62
"FR-1-H_32_29_5694_9","FR-1-H_32_29_5694","FR_SRVHB_83700","FR_CCMHB_28000","FR_SRVHB_83700",34:52:00,38:26:00,19,19,21,20,"TIR DIFFICILE",5,2,0,0,6,0,0,1,1,214
"FR-1-H_32_29_5695_10","FR-1-H_32_29_5695","FR_FTHB_31000","FR_DHBGL_59140","FR_DHBGL_59140",52:13:00,58:44:00,25,25,26,30,"TIR DIFFICILE",2,4,1,3,11,1,0,4,4,391
"FR-1-H_32_29_5695_11","FR-1-H_32_29_5695","FR_FTHB_31000","FR_DHBGL_59140","FR_FTHB_31000",58:44:00,60:00:00,26,30,14,13,"TIR DIFFICILE",1,2,1,0,1,1,-4,1,5,76
"FR-1-H_32_29_5695_2","FR-1-H_32_29_5695","FR_FTHB_31000","FR_DHBGL_59140","FR_DHBGL_59140",02:39:00,06:42:00,1,3,2,6,"ARRÊT",0,3,0,0,5,0,2,4,2,243
"FR-1-H_32_29_5695_3","FR-1-H_32_29_5695","FR_FTHB_31000","FR_DHBGL_59140","FR_FTHB_31000",06:42:00,11:46:00,2,6,5,7,"2 MINUTES",3,2,0,1,9,0,-4,-2,2,304
"FR-1-H_32_29_5695_4","FR-1-H_32_29_5695","FR_FTHB_31000","FR_DHBGL_59140","FR_FTHB_31000",17:54:00,19:38:00,10,11,12,12,"TIR DIFFICILE",1,1,0,0,2,0,-1,0,1,104
"FR-1-H_32_29_5695_5","FR-1-H_32_29_5695","FR_FTHB_31000","FR_DHBGL_59140","FR_FTHB_31000",19:58:00,NA,13,12,14,13,"INTERCEPTION",1,3,1,1,4,1,1,1,0,NA
"FR-1-H_32_29_5695_6","FR-1-H_32_29_5695","FR_FTHB_31000","FR_DHBGL_59140","FR_DHBGL_59140",23:39:00,28:30:00,14,13,15,14,"TIR DIFFICILE",1,0,1,3,12,0,-1,-1,0,291
"FR-1-H_32_29_5695_7","FR-1-H_32_29_5695","FR_FTHB_31000","FR_DHBGL_59140","FR_DHBGL_59140",35:20:00,37:53:00,19,19,20,20,"ARRÊT",1,3,0,2,5,0,0,0,0,153
"FR-1-H_32_29_5695_8","FR-1-H_32_29_5695","FR_FTHB_31000","FR_DHBGL_59140","FR_FTHB_31000",39:49:00,48:04:00,21,21,24,22,"PASSAGE EN FORCE",5,1,4,0,12,0,0,2,2,495
"FR-1-H_32_29_5695_9","FR-1-H_32_29_5695","FR_FTHB_31000","FR_DHBGL_59140","FR_DHBGL_59140",48:04:00,51:51:00,24,22,25,24,"FAUTE OFFENSIVE",2,2,0,1,4,1,-2,-1,1,227
"FR-1-H_32_30_5696_1","FR-1-H_32_30_5696","FR_PAUC_13100","FR_USIHB_94200","FR_PAUC_13100",01:38:00,03:41:00,1,1,2,2,"ARRÊT",1,1,1,2,5,1,0,0,0,123
"FR-1-H_32_30_5696_10","FR-1-H_32_30_5696","FR_PAUC_13100","FR_USIHB_94200","FR_USIHB_94200",34:00:00,37:25:00,19,17,20,19,"TIR DIFFICILE",1,2,0,1,7,0,-2,-1,1,205
"FR-1-H_32_30_5696_11","FR-1-H_32_30_5696","FR_PAUC_13100","FR_USIHB_94200","FR_USIHB_94200",37:55:00,45:38:00,20,20,21,21,"PASSAGE EN FORCE",0,3,1,4,13,0,0,0,0,463
"FR-1-H_32_30_5696_12","FR-1-H_32_30_5696","FR_PAUC_13100","FR_USIHB_94200","FR_PAUC_13100",45:38:00,47:22:00,21,21,22,22,"ARRÊT",1,0,0,0,3,1,0,0,0,104
"FR-1-H_32_30_5696_13","FR-1-H_32_30_5696","FR_PAUC_13100","FR_USIHB_94200","FR_PAUC_13100",47:52:00,50:54:00,23,22,24,23,"TIR DIFFICILE",1,1,2,0,5,2,1,1,0,182
"FR-1-H_32_30_5696_2","FR-1-H_32_30_5696","FR_PAUC_13100","FR_USIHB_94200","FR_USIHB_94200",03:41:00,06:05:00,2,2,3,3,"ARRÊT",1,2,0,0,2,1,0,0,0,144
"FR-1-H_32_30_5696_3","FR-1-H_32_30_5696","FR_PAUC_13100","FR_USIHB_94200","FR_PAUC_13100",08:28:00,09:35:00,4,4,5,5,"ARRÊT",1,1,0,0,1,0,0,0,0,67
"FR-1-H_32_30_5696_4","FR-1-H_32_30_5696","FR_PAUC_13100","FR_USIHB_94200","FR_USIHB_94200",09:35:00,13:14:00,5,5,6,8,"CARTON JAUNE",2,3,0,2,3,1,0,2,2,219
"FR-1-H_32_30_5696_5","FR-1-H_32_30_5696","FR_PAUC_13100","FR_USIHB_94200","FR_PAUC_13100",13:14:00,16:38:00,6,8,8,9,"INTERCEPTION",3,3,0,0,6,0,-2,-1,1,204
"FR-1-H_32_30_5696_6","FR-1-H_32_30_5696","FR_PAUC_13100","FR_USIHB_94200","FR_USIHB_94200",16:38:00,17:37:00,8,9,9,10,"ARRÊT",1,2,0,0,1,1,1,1,0,59
"FR-1-H_32_30_5696_7","FR-1-H_32_30_5696","FR_PAUC_13100","FR_USIHB_94200","FR_PAUC_13100",17:37:00,19:46:00,9,10,10,11,"TIR DIFFICILE",1,1,1,0,3,0,-1,-1,0,129
"FR-1-H_32_30_5696_8","FR-1-H_32_30_5696","FR_PAUC_13100","FR_USIHB_94200","FR_PAUC_13100",23:23:00,25:52:00,12,12,13,13,"TIR CONTRÉ",1,2,0,0,1,0,0,0,0,149
"FR-1-H_32_30_5696_9","FR-1-H_32_30_5696","FR_PAUC_13100","FR_USIHB_94200","FR_PAUC_13100",30:00:00,33:09:00,16,15,18,16,"2 MINUTES",0,1,0,0,4,0,1,2,1,189
"FR-1-H_32_30_5697_10","FR-1-H_32_30_5697","FR_CCMHB_28000","FR_FTHB_31000","FR_FTHB_31000",48:16:00,49:29:00,20,22,21,23,"JEU PASSIF",1,1,0,0,1,0,2,2,0,73
"FR-1-H_32_30_5697_11","FR-1-H_32_30_5697","FR_CCMHB_28000","FR_FTHB_31000","FR_CCMHB_28000",50:20:00,53:16:00,22,24,23,25,"TIR DIFFICILE",1,2,0,1,3,1,-2,-2,0,176
"FR-1-H_32_30_5697_3","FR-1-H_32_30_5697","FR_CCMHB_28000","FR_FTHB_31000","FR_FTHB_31000",10:24:00,13:26:00,5,6,6,8,"ARRÊT",2,1,0,1,2,1,1,2,1,182
"FR-1-H_32_30_5697_4","FR-1-H_32_30_5697","FR_CCMHB_28000","FR_FTHB_31000","FR_FTHB_31000",14:00:00,15:25:00,6,9,7,10,"ARRÊT",0,1,0,0,2,0,3,3,0,85
"FR-1-H_32_30_5697_5","FR-1-H_32_30_5697","FR_CCMHB_28000","FR_FTHB_31000","FR_FTHB_31000",19:00:00,20:15:00,9,13,10,14,"INTERCEPTION",1,1,0,0,0,0,4,4,0,75
"FR-1-H_32_30_5697_6","FR-1-H_32_30_5697","FR_CCMHB_28000","FR_FTHB_31000","FR_CCMHB_28000",20:15:00,25:34:00,10,14,13,15,"TIR DIFFICILE",3,3,2,0,7,0,-4,-2,2,319
"FR-1-H_32_30_5697_7","FR-1-H_32_30_5697","FR_CCMHB_28000","FR_FTHB_31000","FR_FTHB_31000",25:34:00,28:41:00,13,15,14,16,"TEMPS MORT",2,1,0,1,6,1,2,2,0,187
"FR-1-H_32_30_5697_8","FR-1-H_32_30_5697","FR_CCMHB_28000","FR_FTHB_31000","FR_CCMHB_28000",28:41:00,36:08:00,14,16,16,17,"TIR DIFFICILE",4,2,3,2,15,0,-2,-1,1,447
"FR-1-H_32_30_5697_9","FR-1-H_32_30_5697","FR_CCMHB_28000","FR_FTHB_31000","FR_FTHB_31000",39:16:00,42:59:00,17,18,18,19,"ARRÊT",0,2,0,0,8,1,1,1,0,223
"FR-1-H_32_30_5699_10","FR-1-H_32_30_5699","FR_DHBGL_59140","FR_CRMHB_35510","FR_DHBGL_59140",36:33:00,39:01:00,21,19,23,20,"HORS CADRE",2,3,0,0,1,0,2,3,1,148
"FR-1-H_32_30_5699_11","FR-1-H_32_30_5699","FR_DHBGL_59140","FR_CRMHB_35510","FR_CRMHB_35510",43:25:00,45:10:00,25,22,26,23,"TIR DIFFICILE",1,2,0,0,2,0,-3,-3,0,105
"FR-1-H_32_30_5699_12","FR-1-H_32_30_5699","FR_DHBGL_59140","FR_CRMHB_35510","FR_DHBGL_59140",45:10:00,50:57:00,26,23,29,24,"ARRÊT",2,3,2,1,6,0,3,5,2,347
"FR-1-H_32_30_5699_13","FR-1-H_32_30_5699","FR_DHBGL_59140","FR_CRMHB_35510","FR_DHBGL_59140",52:20:00,55:50:00,30,24,31,25,"TEMPS MORT",1,1,0,0,3,1,6,6,0,210
"FR-1-H_32_30_5699_14","FR-1-H_32_30_5699","FR_DHBGL_59140","FR_CRMHB_35510","FR_CRMHB_35510",55:50:00,58:47:00,31,25,32,28,"TIR DIFFICILE",2,3,0,0,2,0,-6,-4,2,177
"FR-1-H_32_30_5699_2","FR-1-H_32_30_5699","FR_DHBGL_59140","FR_CRMHB_35510","FR_DHBGL_59140",04:35:00,05:33:00,3,3,4,4,"CONTRE",1,1,1,0,1,0,0,0,0,58
"FR-1-H_32_30_5699_3","FR-1-H_32_30_5699","FR_DHBGL_59140","FR_CRMHB_35510","FR_CRMHB_35510",06:13:00,08:53:00,5,5,6,7,"ARRÊT",1,2,0,1,3,1,0,1,1,160
"FR-1-H_32_30_5699_4","FR-1-H_32_30_5699","FR_DHBGL_59140","FR_CRMHB_35510","FR_DHBGL_59140",10:33:00,12:14:00,7,8,8,9,"TIR DIFFICILE",1,1,0,0,3,1,-1,-1,0,101
"FR-1-H_32_30_5699_5","FR-1-H_32_30_5699","FR_DHBGL_59140","FR_CRMHB_35510","FR_DHBGL_59140",12:59:00,15:37:00,9,9,10,10,"TIR DIFFICILE",1,1,3,0,4,0,0,0,0,158
"FR-1-H_32_30_5699_6","FR-1-H_32_30_5699","FR_DHBGL_59140","FR_CRMHB_35510","FR_DHBGL_59140",16:17:00,21:10:00,11,10,13,11,"CARTON JAUNE",1,1,1,1,8,0,1,2,1,293
"FR-1-H_32_30_5699_7","FR-1-H_32_30_5699","FR_DHBGL_59140","FR_CRMHB_35510","FR_CRMHB_35510",21:10:00,26:11:00,13,11,14,14,"TEMPS MORT",1,3,0,2,7,1,-2,0,2,301
"FR-1-H_32_30_5699_8","FR-1-H_32_30_5699","FR_DHBGL_59140","FR_CRMHB_35510","FR_DHBGL_59140",26:14:00,27:41:00,14,14,15,15,"CARTON JAUNE",1,1,1,0,1,0,0,0,0,87
"FR-1-H_32_30_5699_9","FR-1-H_32_30_5699","FR_DHBGL_59140","FR_CRMHB_35510","FR_DHBGL_59140",29:23:00,31:41:00,17,16,18,17,"POTEAU",1,1,0,0,4,0,1,1,0,138
"FR-1-H_32_30_5700_1","FR-1-H_32_30_5700","FR_LHB_87000","FR_HBCN_44200","FR_HBCN_44200",03:08:00,10:09:00,1,2,2,5,"2 MINUTES",3,3,0,2,13,0,1,3,2,421
"FR-1-H_32_30_5700_10","FR-1-H_32_30_5700","FR_LHB_87000","FR_HBCN_44200","FR_LHB_87000",46:37:00,49:25:00,26,25,27,26,"POTEAU",1,0,2,0,7,0,1,1,0,168
"FR-1-H_32_30_5700_11","FR-1-H_32_30_5700","FR_LHB_87000","FR_HBCN_44200","FR_LHB_87000",51:17:00,52:55:00,29,27,30,28,"ARRÊT",0,0,1,0,2,0,2,2,0,98
"FR-1-H_32_30_5700_12","FR-1-H_32_30_5700","FR_LHB_87000","FR_HBCN_44200","FR_HBCN_44200",52:55:00,55:39:00,30,28,31,29,"CARTON ROUGE",1,1,0,0,1,0,-2,-2,0,164
"FR-1-H_32_30_5700_13","FR-1-H_32_30_5700","FR_LHB_87000","FR_HBCN_44200","FR_HBCN_44200",57:13:00,59:53:00,31,30,32,31,"INTERCEPTION",1,0,1,1,8,0,-1,-1,0,160
"FR-1-H_32_30_5700_2","FR-1-H_32_30_5700","FR_LHB_87000","FR_HBCN_44200","FR_LHB_87000",20:09:00,22:40:00,7,10,8,11,"TIR CONTRÉ",1,1,2,0,6,1,-3,-3,0,151
"FR-1-H_32_30_5700_3","FR-1-H_32_30_5700","FR_LHB_87000","FR_HBCN_44200","FR_HBCN_44200",23:24:00,25:32:00,9,12,10,14,"TIR DIFFICILE",1,1,0,1,2,0,3,4,1,128
"FR-1-H_32_30_5700_4","FR-1-H_32_30_5700","FR_LHB_87000","FR_HBCN_44200","FR_LHB_87000",25:32:00,29:00:00,10,14,13,15,"CONTRE",3,1,1,0,4,0,-4,-2,2,208
"FR-1-H_32_30_5700_5","FR-1-H_32_30_5700","FR_LHB_87000","FR_HBCN_44200","FR_LHB_87000",29:56:00,31:51:00,14,15,15,16,"2 MINUTES",1,1,0,0,1,0,-1,-1,0,115
"FR-1-H_32_30_5700_6","FR-1-H_32_30_5700","FR_LHB_87000","FR_HBCN_44200","FR_HBCN_44200",32:48:00,34:20:00,17,17,18,18,"2 MINUTES",1,1,0,1,1,1,0,0,0,92
"FR-1-H_32_30_5700_7","FR-1-H_32_30_5700","FR_LHB_87000","FR_HBCN_44200","FR_HBCN_44200",35:06:00,36:40:00,18,19,19,20,"2 MINUTES",1,1,0,1,1,0,1,1,0,94
"FR-1-H_32_30_5700_8","FR-1-H_32_30_5700","FR_LHB_87000","FR_HBCN_44200","FR_LHB_87000",37:34:00,38:59:00,20,21,21,22,"TIR DIFFICILE",1,1,1,0,1,1,-1,-1,0,85
"FR-1-H_32_30_5700_9","FR-1-H_32_30_5700","FR_LHB_87000","FR_HBCN_44200","FR_LHB_87000",40:12:00,42:42:00,22,22,23,23,"TIR DIFFICILE",0,2,0,0,3,0,0,0,0,150
"FR-1-H_32_30_5701_1","FR-1-H_32_30_5701","FR_MHB_34000","FR_SRVHB_83700","FR_MHB_34000",04:46:00,08:10:00,2,3,3,4,"ARRÊT",2,1,1,0,3,0,-1,-1,0,204
"FR-1-H_32_30_5701_10","FR-1-H_32_30_5701","FR_MHB_34000","FR_SRVHB_83700","FR_SRVHB_83700",52:29:00,54:08:00,23,17,24,18,"HORS CADRE",1,1,0,0,0,1,-6,-6,0,99
"FR-1-H_32_30_5701_11","FR-1-H_32_30_5701","FR_MHB_34000","FR_SRVHB_83700","FR_MHB_34000",54:08:00,56:01:00,24,18,25,19,"TIR DIFFICILE",1,1,2,0,4,1,6,6,0,113
"FR-1-H_32_30_5701_2","FR-1-H_32_30_5701","FR_MHB_34000","FR_SRVHB_83700","FR_SRVHB_83700",08:10:00,12:31:00,3,4,4,5,"HORS CADRE",2,3,1,2,7,1,1,1,0,261
"FR-1-H_32_30_5701_3","FR-1-H_32_30_5701","FR_MHB_34000","FR_SRVHB_83700","FR_MHB_34000",18:31:00,24:36:00,7,8,8,9,"2 MINUTES",3,4,1,2,8,2,-1,-1,0,365
"FR-1-H_32_30_5701_4","FR-1-H_32_30_5701","FR_MHB_34000","FR_SRVHB_83700","FR_MHB_34000",24:58:00,28:27:00,9,9,11,10,"TIR DIFFICILE",2,2,1,0,4,0,0,1,1,209
"FR-1-H_32_30_5701_5","FR-1-H_32_30_5701","FR_MHB_34000","FR_SRVHB_83700","FR_MHB_34000",28:49:00,32:52:00,12,10,14,11,"TIR DIFFICILE",4,2,0,1,8,0,2,3,1,243
"FR-1-H_32_30_5701_6","FR-1-H_32_30_5701","FR_MHB_34000","FR_SRVHB_83700","FR_SRVHB_83700",32:52:00,34:53:00,14,11,15,12,"ARRÊT",1,1,0,1,4,0,-3,-3,0,121
"FR-1-H_32_30_5701_7","FR-1-H_32_30_5701","FR_MHB_34000","FR_SRVHB_83700","FR_MHB_34000",34:53:00,36:38:00,15,12,17,13,"HORS CADRE",2,1,0,0,2,1,3,4,1,105
"FR-1-H_32_30_5701_8","FR-1-H_32_30_5701","FR_MHB_34000","FR_SRVHB_83700","FR_SRVHB_83700",37:45:00,41:32:00,18,14,19,15,"2 MINUTES",1,1,2,3,10,0,-4,-4,0,227
"FR-1-H_32_30_5701_9","FR-1-H_32_30_5701","FR_MHB_34000","FR_SRVHB_83700","FR_MHB_34000",44:03:00,52:29:00,20,16,23,17,"INTERCEPTION",7,3,3,1,14,0,4,6,2,506
"FR-1-H_32_30_5702_1","FR-1-H_32_30_5702","FR_USAMNG_30918","FR_IPHB_13806","FR_USAMNG_30918",01:36:00,03:55:00,1,0,2,1,"POTEAU",1,1,2,0,3,0,1,1,0,139
"FR-1-H_32_30_5702_10","FR-1-H_32_30_5702","FR_USAMNG_30918","FR_IPHB_13806","FR_USAMNG_30918",38:27:00,40:14:00,21,14,22,15,"TIR DIFFICILE",2,1,0,0,0,1,7,7,0,107
"FR-1-H_32_30_5702_11","FR-1-H_32_30_5702","FR_USAMNG_30918","FR_IPHB_13806","FR_USAMNG_30918",40:20:00,44:44:00,23,15,24,16,"TIR DIFFICILE",2,1,2,2,8,0,8,8,0,264
"FR-1-H_32_30_5702_12","FR-1-H_32_30_5702","FR_USAMNG_30918","FR_IPHB_13806","FR_IPHB_13806",46:08:00,47:23:00,25,17,26,18,"INTERCEPTION",1,1,0,0,2,1,-8,-8,0,75
"FR-1-H_32_30_5702_13","FR-1-H_32_30_5702","FR_USAMNG_30918","FR_IPHB_13806","FR_IPHB_13806",47:53:00,53:40:00,26,19,27,21,"TIR DIFFICILE",1,4,1,3,11,2,-7,-6,1,347
"FR-1-H_32_30_5702_14","FR-1-H_32_30_5702","FR_USAMNG_30918","FR_IPHB_13806","FR_IPHB_13806",55:26:00,58:01:00,28,23,29,24,"INTERCEPTION",4,1,1,0,4,1,-5,-5,0,155
"FR-1-H_32_30_5702_2","FR-1-H_32_30_5702","FR_USAMNG_30918","FR_IPHB_13806","FR_IPHB_13806",03:55:00,06:18:00,2,1,3,2,"CARTON JAUNE",1,1,0,2,6,1,-1,-1,0,143
"FR-1-H_32_30_5702_3","FR-1-H_32_30_5702","FR_USAMNG_30918","FR_IPHB_13806","FR_IPHB_13806",06:53:00,10:46:00,3,3,4,4,"TIR DIFFICILE",1,1,1,4,7,1,0,0,0,233
"FR-1-H_32_30_5702_4","FR-1-H_32_30_5702","FR_USAMNG_30918","FR_IPHB_13806","FR_USAMNG_30918",11:54:00,14:13:00,5,5,6,6,"PASSAGE EN FORCE",0,2,1,0,3,1,0,0,0,139
"FR-1-H_32_30_5702_5","FR-1-H_32_30_5702","FR_USAMNG_30918","FR_IPHB_13806","FR_USAMNG_30918",16:25:00,17:53:00,8,7,9,8,"CARTON JAUNE",1,1,0,0,0,1,1,1,0,88
"FR-1-H_32_30_5702_6","FR-1-H_32_30_5702","FR_USAMNG_30918","FR_IPHB_13806","FR_USAMNG_30918",22:05:00,27:54:00,11,9,15,10,"ARRÊT",3,2,2,1,9,1,2,5,3,349
"FR-1-H_32_30_5702_7","FR-1-H_32_30_5702","FR_USAMNG_30918","FR_IPHB_13806","FR_IPHB_13806",27:54:00,29:54:00,15,10,16,11,"TIR DIFFICILE",1,1,0,0,2,2,-5,-5,0,120
"FR-1-H_32_30_5702_8","FR-1-H_32_30_5702","FR_USAMNG_30918","FR_IPHB_13806","FR_USAMNG_30918",29:54:00,30:50:00,16,11,17,12,"TIR DIFFICILE",1,1,0,0,0,1,5,5,0,56
"FR-1-H_32_30_5702_9","FR-1-H_32_30_5702","FR_USAMNG_30918","FR_IPHB_13806","FR_USAMNG_30918",34:47:00,37:20:00,19,13,20,14,"TIR DIFFICILE",1,2,0,1,3,0,6,6,0,153
"FR-1-H_32_30_5703_1","FR-1-H_32_30_5703","FR_TFHB_93290","FR_PSGHB_75016","FR_PSGHB_75016",06:23:00,07:37:00,3,4,4,5,"TIR DIFFICILE",1,1,0,0,1,1,1,1,0,74
"FR-1-H_32_30_5703_10","FR-1-H_32_30_5703","FR_TFHB_93290","FR_PSGHB_75016","FR_PSGHB_75016",38:35:00,42:08:00,22,22,23,24,"TEMPS MORT",1,2,2,2,4,2,0,1,1,213
"FR-1-H_32_30_5703_11","FR-1-H_32_30_5703","FR_TFHB_93290","FR_PSGHB_75016","FR_PSGHB_75016",51:23:00,54:46:00,27,29,28,31,"PASSAGE EN FORCE",2,2,0,0,3,0,2,3,1,203
"FR-1-H_32_30_5703_2","FR-1-H_32_30_5703","FR_TFHB_93290","FR_PSGHB_75016","FR_PSGHB_75016",10:03:00,12:12:00,5,7,6,8,"ARRÊT",1,2,0,0,3,1,2,2,0,129
"FR-1-H_32_30_5703_3","FR-1-H_32_30_5703","FR_TFHB_93290","FR_PSGHB_75016","FR_PSGHB_75016",18:51:00,20:10:00,8,11,9,12,"ARRÊT",1,2,0,0,2,1,3,3,0,79
"FR-1-H_32_30_5703_4","FR-1-H_32_30_5703","FR_TFHB_93290","FR_PSGHB_75016","FR_TFHB_93290",20:10:00,22:17:00,9,12,10,13,"ARRÊT",1,4,0,0,2,0,-3,-3,0,127
"FR-1-H_32_30_5703_5","FR-1-H_32_30_5703","FR_TFHB_93290","FR_PSGHB_75016","FR_TFHB_93290",22:26:00,24:42:00,11,13,12,14,"TIR DIFFICILE",0,1,0,0,1,1,-2,-2,0,136
"FR-1-H_32_30_5703_6","FR-1-H_32_30_5703","FR_TFHB_93290","FR_PSGHB_75016","FR_TFHB_93290",27:04:00,28:16:00,13,14,14,15,"TIR DIFFICILE",1,2,0,1,1,0,-1,-1,0,72
"FR-1-H_32_30_5703_7","FR-1-H_32_30_5703","FR_TFHB_93290","FR_PSGHB_75016","FR_TFHB_93290",29:54:00,30:57:00,15,15,16,16,"2 MINUTES",1,1,0,0,1,0,0,0,0,63
"FR-1-H_32_30_5703_8","FR-1-H_32_30_5703","FR_TFHB_93290","FR_PSGHB_75016","FR_PSGHB_75016",35:50:00,37:08:00,20,20,21,21,"ARRÊT",1,1,0,1,1,1,0,0,0,78
"FR-1-H_32_30_5703_9","FR-1-H_32_30_5703","FR_TFHB_93290","FR_PSGHB_75016","FR_TFHB_93290",37:08:00,38:35:00,21,21,22,22,"TIR DIFFICILE",1,1,0,1,2,0,0,0,0,87
"FR-1-H_32_31_5704_1","FR-1-H_32_31_5704","FR_CRMHB_35510","FR_CSMBHB_73000","FR_CSMBHB_73000",14:10:00,15:42:00,3,4,4,5,"ARRÊT",1,1,0,1,2,1,1,1,0,92
"FR-1-H_32_31_5704_2","FR-1-H_32_31_5704","FR_CRMHB_35510","FR_CSMBHB_73000","FR_CSMBHB_73000",18:33:00,22:50:00,5,7,6,8,"ARRÊT",2,2,1,1,6,0,2,2,0,257
"FR-1-H_32_31_5704_3","FR-1-H_32_31_5704","FR_CRMHB_35510","FR_CSMBHB_73000","FR_CSMBHB_73000",27:16:00,29:56:00,7,10,8,11,"MARCHÉ",3,1,1,0,2,1,3,3,0,160
"FR-1-H_32_31_5704_4","FR-1-H_32_31_5704","FR_CRMHB_35510","FR_CSMBHB_73000","FR_CSMBHB_73000",31:01:00,36:31:00,8,12,9,13,"MARCHÉ",1,2,2,5,10,0,4,4,0,330
"FR-1-H_32_31_5704_5","FR-1-H_32_31_5704","FR_CRMHB_35510","FR_CSMBHB_73000","FR_CSMBHB_73000",37:13:00,38:48:00,9,14,10,15,"ARRÊT",0,1,0,0,1,0,5,5,0,95
"FR-1-H_32_31_5704_6","FR-1-H_32_31_5704","FR_CRMHB_35510","FR_CSMBHB_73000","FR_CRMHB_35510",43:47:00,46:24:00,13,18,14,19,"ARRÊT",0,2,0,0,2,1,-5,-5,0,157
"FR-1-H_32_31_5704_7","FR-1-H_32_31_5704","FR_CRMHB_35510","FR_CSMBHB_73000","FR_CRMHB_35510",47:36:00,49:08:00,15,19,16,20,"TIR DIFFICILE",1,1,1,0,1,0,-4,-4,0,92
"FR-1-H_32_31_5704_8","FR-1-H_32_31_5704","FR_CRMHB_35510","FR_CSMBHB_73000","FR_CSMBHB_73000",49:08:00,49:56:00,16,20,17,21,"PASSE INCOMPLETE",1,1,0,0,0,0,4,4,0,48
"FR-1-H_32_31_5704_9","FR-1-H_32_31_5704","FR_CRMHB_35510","FR_CSMBHB_73000","FR_CSMBHB_73000",54:28:00,56:11:00,18,23,19,24,"TIR DIFFICILE",1,1,0,1,1,0,5,5,0,103
"FR-1-H_32_31_5705_1","FR-1-H_32_31_5705","FR_DHBGL_59140","FR_USAMNG_30918","FR_USAMNG_30918",06:05:00,15:09:00,4,4,5,8,"ARRÊT",3,3,0,1,11,0,0,3,3,544
"FR-1-H_32_31_5705_10","FR-1-H_32_31_5705","FR_DHBGL_59140","FR_USAMNG_30918","FR_DHBGL_59140",53:19:00,55:39:00,17,21,18,22,"2 MINUTES",1,2,0,0,3,2,-4,-4,0,140
"FR-1-H_32_31_5705_2","FR-1-H_32_31_5705","FR_DHBGL_59140","FR_USAMNG_30918","FR_DHBGL_59140",15:09:00,19:53:00,5,8,7,9,"TEMPS MORT",2,1,2,0,3,0,-3,-2,1,284
"FR-1-H_32_31_5705_3","FR-1-H_32_31_5705","FR_DHBGL_59140","FR_USAMNG_30918","FR_USAMNG_30918",24:41:00,26:39:00,9,11,10,12,"HORS CADRE",1,1,0,0,1,0,2,2,0,118
"FR-1-H_32_31_5705_4","FR-1-H_32_31_5705","FR_DHBGL_59140","FR_USAMNG_30918","FR_DHBGL_59140",26:39:00,28:18:00,10,12,11,13,"PASSE INCOMPLETE",1,1,0,0,1,2,-2,-2,0,99
"FR-1-H_32_31_5705_5","FR-1-H_32_31_5705","FR_DHBGL_59140","FR_USAMNG_30918","FR_USAMNG_30918",28:18:00,32:53:00,11,13,12,15,"TIR DIFFICILE",2,3,0,1,7,1,2,3,1,275
"FR-1-H_32_31_5705_6","FR-1-H_32_31_5705","FR_DHBGL_59140","FR_USAMNG_30918","FR_DHBGL_59140",32:53:00,35:25:00,12,15,13,16,"JEU PASSIF",2,2,2,0,2,1,-3,-3,0,152
"FR-1-H_32_31_5705_7","FR-1-H_32_31_5705","FR_DHBGL_59140","FR_USAMNG_30918","FR_USAMNG_30918",35:25:00,37:25:00,13,16,14,17,"TIR DIFFICILE",2,1,0,0,0,0,3,3,0,120
"FR-1-H_32_31_5705_8","FR-1-H_32_31_5705","FR_DHBGL_59140","FR_USAMNG_30918","FR_DHBGL_59140",37:25:00,40:38:00,14,17,15,18,"ARRÊT",1,1,1,0,5,1,-3,-3,0,193
"FR-1-H_32_31_5705_9","FR-1-H_32_31_5705","FR_DHBGL_59140","FR_USAMNG_30918","FR_USAMNG_30918",40:38:00,49:27:00,15,18,16,20,"HORS CADRE",3,4,1,2,14,0,3,4,1,529
"FR-1-H_32_31_5706_10","FR-1-H_32_31_5706","FR_IPHB_13806","FR_CCMHB_28000","FR_CCMHB_28000",44:28:00,46:16:00,21,23,22,24,"INTERCEPTION",1,1,0,1,2,0,2,2,0,108
"FR-1-H_32_31_5706_11","FR-1-H_32_31_5706","FR_IPHB_13806","FR_CCMHB_28000","FR_CCMHB_28000",47:54:00,50:52:00,22,25,23,27,"PASSE INCOMPLETE",1,1,0,0,1,1,3,4,1,178
"FR-1-H_32_31_5706_12","FR-1-H_32_31_5706","FR_IPHB_13806","FR_CCMHB_28000","FR_IPHB_13806",50:52:00,53:05:00,23,27,24,28,"TIR DIFFICILE",1,1,1,0,1,0,-4,-4,0,133
"FR-1-H_32_31_5706_13","FR-1-H_32_31_5706","FR_IPHB_13806","FR_CCMHB_28000","FR_CCMHB_28000",57:24:00,59:15:00,27,31,NA,NA,"TIR DIFFICILE",1,1,2,1,3,0,4,NA,NA,111
"FR-1-H_32_31_5706_2","FR-1-H_32_31_5706","FR_IPHB_13806","FR_CCMHB_28000","FR_IPHB_13806",04:10:00,06:21:00,3,1,4,2,"ARRÊT",1,0,2,0,4,0,2,2,0,131
"FR-1-H_32_31_5706_3","FR-1-H_32_31_5706","FR_IPHB_13806","FR_CCMHB_28000","FR_CCMHB_28000",06:21:00,07:33:00,4,2,5,3,"TIR DIFFICILE",1,1,0,0,1,1,-2,-2,0,72
"FR-1-H_32_31_5706_4","FR-1-H_32_31_5706","FR_IPHB_13806","FR_CCMHB_28000","FR_IPHB_13806",10:31:00,11:24:00,6,4,7,5,"ARRÊT",1,1,0,0,1,0,2,2,0,53
"FR-1-H_32_31_5706_5","FR-1-H_32_31_5706","FR_IPHB_13806","FR_CCMHB_28000","FR_IPHB_13806",17:43:00,20:02:00,10,7,11,8,"CARTON JAUNE",1,2,1,0,1,1,3,3,0,139
"FR-1-H_32_31_5706_6","FR-1-H_32_31_5706","FR_IPHB_13806","FR_CCMHB_28000","FR_CCMHB_28000",20:02:00,21:52:00,11,8,12,9,"TEMPS MORT",2,2,0,0,0,1,-3,-3,0,110
"FR-1-H_32_31_5706_7","FR-1-H_32_31_5706","FR_IPHB_13806","FR_CCMHB_28000","FR_CCMHB_28000",29:19:00,31:28:00,14,12,15,14,"PASSE INCOMPLETE",1,3,0,0,1,3,-2,-1,1,129
"FR-1-H_32_31_5706_8","FR-1-H_32_31_5706","FR_IPHB_13806","FR_CCMHB_28000","FR_CCMHB_28000",32:09:00,33:56:00,15,15,16,16,"TIR DIFFICILE",1,1,0,0,1,0,0,0,0,107
"FR-1-H_32_31_5706_9","FR-1-H_32_31_5706","FR_IPHB_13806","FR_CCMHB_28000","FR_CCMHB_28000",38:30:00,40:00:00,18,19,19,20,"ARRÊT",0,1,0,1,2,1,1,1,0,90
"FR-1-H_32_31_5707_1","FR-1-H_32_31_5707","FR_USIHB_94200","FR_MHB_34000","FR_MHB_34000",00:32:00,06:01:00,0,1,1,4,"TIR DIFFICILE",0,3,1,2,7,1,1,3,2,329
"FR-1-H_32_31_5707_10","FR-1-H_32_31_5707","FR_USIHB_94200","FR_MHB_34000","FR_USIHB_94200",40:42:00,44:39:00,17,22,19,23,"TIR DIFFICILE",2,0,0,0,6,1,-5,-4,1,237
"FR-1-H_32_31_5707_11","FR-1-H_32_31_5707","FR_USIHB_94200","FR_MHB_34000","FR_MHB_34000",44:39:00,46:35:00,19,23,20,24,"TEMPS MORT",2,1,0,0,2,1,4,4,0,116
"FR-1-H_32_31_5707_12","FR-1-H_32_31_5707","FR_USIHB_94200","FR_MHB_34000","FR_MHB_34000",51:28:00,54:43:00,22,27,23,28,"TIR DIFFICILE",1,1,2,1,6,0,5,5,0,195
"FR-1-H_32_31_5707_13","FR-1-H_32_31_5707","FR_USIHB_94200","FR_MHB_34000","FR_USIHB_94200",55:47:00,57:39:00,24,29,25,30,"ARRÊT",1,1,0,0,1,1,-5,-5,0,112
"FR-1-H_32_31_5707_2","FR-1-H_32_31_5707","FR_USIHB_94200","FR_MHB_34000","FR_USIHB_94200",13:05:00,15:22:00,3,6,4,7,"TIR DIFFICILE",1,1,2,0,2,1,-3,-3,0,137
"FR-1-H_32_31_5707_3","FR-1-H_32_31_5707","FR_USIHB_94200","FR_MHB_34000","FR_MHB_34000",15:22:00,19:16:00,4,7,5,10,"TIR DIFFICILE",0,4,0,1,5,0,3,5,2,234
"FR-1-H_32_31_5707_4","FR-1-H_32_31_5707","FR_USIHB_94200","FR_MHB_34000","FR_MHB_34000",19:59:00,21:59:00,5,11,6,13,"TIR DIFFICILE",1,2,1,2,3,2,6,7,1,120
"FR-1-H_32_31_5707_5","FR-1-H_32_31_5707","FR_USIHB_94200","FR_MHB_34000","FR_MHB_34000",23:01:00,24:45:00,6,14,7,15,"TIR DIFFICILE",0,1,0,0,2,0,8,8,0,104
"FR-1-H_32_31_5707_6","FR-1-H_32_31_5707","FR_USIHB_94200","FR_MHB_34000","FR_USIHB_94200",24:45:00,25:41:00,7,15,8,16,"TEMPS MORT",1,0,1,0,1,1,-8,-8,0,56
"FR-1-H_32_31_5707_7","FR-1-H_32_31_5707","FR_USIHB_94200","FR_MHB_34000","FR_USIHB_94200",27:03:00,28:56:00,9,16,10,17,"PASSE INCOMPLETE",1,4,0,0,0,0,-7,-7,0,113
"FR-1-H_32_31_5707_8","FR-1-H_32_31_5707","FR_USIHB_94200","FR_MHB_34000","FR_MHB_34000",28:56:00,30:39:00,10,17,11,18,"PASSAGE EN FORCE",1,1,1,1,2,2,7,7,0,103
"FR-1-H_32_31_5707_9","FR-1-H_32_31_5707","FR_USIHB_94200","FR_MHB_34000","FR_USIHB_94200",33:37:00,38:39:00,13,20,15,21,"ARRÊT",3,1,2,0,7,2,-7,-6,1,302
"FR-1-H_32_31_5708_10","FR-1-H_32_31_5708","FR_HBCN_44200","FR_USCHB_94000","FR_USCHB_94000",46:34:00,51:51:00,24,20,25,22,"POTEAU",2,3,1,1,7,1,-4,-3,1,317
"FR-1-H_32_31_5708_11","FR-1-H_32_31_5708","FR_HBCN_44200","FR_USCHB_94000","FR_HBCN_44200",51:51:00,53:28:00,25,22,26,23,"PASSAGE EN FORCE",1,2,0,0,1,0,3,3,0,97
"FR-1-H_32_31_5708_12","FR-1-H_32_31_5708","FR_HBCN_44200","FR_USCHB_94000","FR_USCHB_94000",53:28:00,57:49:00,26,23,27,24,"CARTON JAUNE",3,1,0,1,9,0,-3,-3,0,261
"FR-1-H_32_31_5708_2","FR-1-H_32_31_5708","FR_HBCN_44200","FR_USCHB_94000","FR_HBCN_44200",04:59:00,11:44:00,3,2,7,3,"ARRÊT",5,2,0,0,9,1,1,4,3,405
"FR-1-H_32_31_5708_3","FR-1-H_32_31_5708","FR_HBCN_44200","FR_USCHB_94000","FR_USCHB_94000",12:42:00,15:30:00,8,4,9,5,"TIR DIFFICILE",2,1,0,2,6,0,-4,-4,0,168
"FR-1-H_32_31_5708_4","FR-1-H_32_31_5708","FR_HBCN_44200","FR_USCHB_94000","FR_HBCN_44200",18:58:00,20:56:00,10,6,11,7,"TEMPS MORT",1,1,1,0,4,0,4,4,0,118
"FR-1-H_32_31_5708_5","FR-1-H_32_31_5708","FR_HBCN_44200","FR_USCHB_94000","FR_USCHB_94000",20:56:00,23:44:00,11,7,12,8,"BALLON SORTI",1,2,1,1,3,1,-4,-4,0,168
"FR-1-H_32_31_5708_6","FR-1-H_32_31_5708","FR_HBCN_44200","FR_USCHB_94000","FR_USCHB_94000",24:14:00,25:59:00,12,9,13,10,"ARRÊT",2,1,0,0,2,1,-3,-3,0,105
"FR-1-H_32_31_5708_7","FR-1-H_32_31_5708","FR_HBCN_44200","FR_USCHB_94000","FR_HBCN_44200",27:22:00,30:27:00,14,11,15,12,"TIR DIFFICILE",2,2,1,1,8,1,3,3,0,185
"FR-1-H_32_31_5708_8","FR-1-H_32_31_5708","FR_HBCN_44200","FR_USCHB_94000","FR_USCHB_94000",34:29:00,35:44:00,17,14,18,15,"ARRÊT",1,1,0,0,0,0,-3,-3,0,75
"FR-1-H_32_31_5708_9","FR-1-H_32_31_5708","FR_HBCN_44200","FR_USCHB_94000","FR_HBCN_44200",37:23:00,40:07:00,19,16,21,17,"POTEAU",2,2,1,0,2,0,3,4,1,164
"FR-1-H_32_31_5709_1","FR-1-H_32_31_5709","FR_PSGHB_75016","FR_LHB_87000","FR_PSGHB_75016",05:07:00,08:46:00,2,1,4,2,"ARRÊT",2,1,1,0,4,1,1,2,1,219
"FR-1-H_32_31_5709_10","FR-1-H_32_31_5709","FR_PSGHB_75016","FR_LHB_87000","FR_PSGHB_75016",46:23:00,48:53:00,32,14,34,15,"PASSE INCOMPLETE",2,1,1,0,3,0,18,19,1,150
"FR-1-H_32_31_5709_11","FR-1-H_32_31_5709","FR_PSGHB_75016","FR_LHB_87000","FR_LHB_87000",51:25:00,52:46:00,35,16,36,17,"2 MINUTES",0,1,0,0,2,0,-19,-19,0,81
"FR-1-H_32_31_5709_12","FR-1-H_32_31_5709","FR_PSGHB_75016","FR_LHB_87000","FR_PSGHB_75016",53:56:00,55:10:00,37,18,38,19,"TIR CONTRÉ",2,2,0,0,1,0,19,19,0,74
"FR-1-H_32_31_5709_13","FR-1-H_32_31_5709","FR_PSGHB_75016","FR_LHB_87000","FR_PSGHB_75016",56:00:00,59:35:00,39,19,42,20,"HORS CADRE",4,1,0,0,4,1,20,22,2,215
"FR-1-H_32_31_5709_2","FR-1-H_32_31_5709","FR_PSGHB_75016","FR_LHB_87000","FR_PSGHB_75016",09:59:00,15:56:00,5,2,9,3,"REPRISE",4,2,2,1,8,1,3,6,3,357
"FR-1-H_32_31_5709_3","FR-1-H_32_31_5709","FR_PSGHB_75016","FR_LHB_87000","FR_PSGHB_75016",21:09:00,22:51:00,12,5,14,6,"CARTON JAUNE",2,2,0,0,2,1,7,8,1,102
"FR-1-H_32_31_5709_4","FR-1-H_32_31_5709","FR_PSGHB_75016","FR_LHB_87000","FR_PSGHB_75016",23:16:00,27:38:00,15,6,19,7,"POTEAU",5,2,1,0,5,1,9,12,3,262
"FR-1-H_32_31_5709_5","FR-1-H_32_31_5709","FR_PSGHB_75016","FR_LHB_87000","FR_LHB_87000",27:38:00,29:28:00,19,7,20,8,"POTEAU",1,0,0,0,1,0,-12,-12,0,110
"FR-1-H_32_31_5709_6","FR-1-H_32_31_5709","FR_PSGHB_75016","FR_LHB_87000","FR_PSGHB_75016",29:28:00,32:49:00,20,8,23,9,"INTERCEPTION",2,3,2,0,4,0,12,14,2,201
"FR-1-H_32_31_5709_7","FR-1-H_32_31_5709","FR_PSGHB_75016","FR_LHB_87000","FR_PSGHB_75016",34:22:00,38:26:00,25,10,27,11,"ARRÊT",2,3,0,0,6,0,15,16,1,244
"FR-1-H_32_31_5709_8","FR-1-H_32_31_5709","FR_PSGHB_75016","FR_LHB_87000","FR_PSGHB_75016",40:36:00,43:03:00,29,12,31,13,"POTEAU",2,1,0,0,3,0,17,18,1,147
"FR-1-H_32_31_5709_9","FR-1-H_32_31_5709","FR_PSGHB_75016","FR_LHB_87000","FR_LHB_87000",43:03:00,46:23:00,31,13,32,14,"PASSE INCOMPLETE",3,4,0,0,3,0,-18,-18,0,200
"FR-1-H_32_31_5710_10","FR-1-H_32_31_5710","FR_SRVHB_83700","FR_PAUC_13100","FR_PAUC_13100",48:54:00,53:18:00,22,26,23,27,"ARRÊT",1,1,1,2,5,0,4,4,0,264
"FR-1-H_32_31_5710_11","FR-1-H_32_31_5710","FR_SRVHB_83700","FR_PAUC_13100","FR_SRVHB_83700",53:18:00,56:36:00,23,27,24,28,"PASSE INCOMPLETE",2,2,0,1,4,1,-4,-4,0,198
"FR-1-H_32_31_5710_12","FR-1-H_32_31_5710","FR_SRVHB_83700","FR_PAUC_13100","FR_SRVHB_83700",56:41:00,59:09:00,25,28,26,29,"TEMPS MORT",1,1,0,1,4,0,-3,-3,0,148
"FR-1-H_32_31_5710_2","FR-1-H_32_31_5710","FR_SRVHB_83700","FR_PAUC_13100","FR_PAUC_13100",12:02:00,20:34:00,7,7,8,11,"2 MINUTES",1,5,3,4,19,0,0,3,3,512
"FR-1-H_32_31_5710_3","FR-1-H_32_31_5710","FR_SRVHB_83700","FR_PAUC_13100","FR_SRVHB_83700",21:48:00,24:26:00,9,12,10,13,"TIR DIFFICILE",2,1,0,0,3,1,-3,-3,0,158
"FR-1-H_32_31_5710_4","FR-1-H_32_31_5710","FR_SRVHB_83700","FR_PAUC_13100","FR_PAUC_13100",27:07:00,29:09:00,11,14,12,15,"POTEAU",0,1,0,1,2,0,3,3,0,122
"FR-1-H_32_31_5710_5","FR-1-H_32_31_5710","FR_SRVHB_83700","FR_PAUC_13100","FR_PAUC_13100",29:44:00,32:00:00,12,16,13,17,"ARRÊT",1,2,0,1,4,0,4,4,0,136
"FR-1-H_32_31_5710_6","FR-1-H_32_31_5710","FR_SRVHB_83700","FR_PAUC_13100","FR_PAUC_13100",33:35:00,35:04:00,14,19,15,21,"TIR CONTRÉ",1,3,0,1,3,1,5,6,1,89
"FR-1-H_32_31_5710_7","FR-1-H_32_31_5710","FR_SRVHB_83700","FR_PAUC_13100","FR_PAUC_13100",35:17:00,38:58:00,15,22,16,23,"TIR DIFFICILE",1,1,1,2,7,0,7,7,0,221
"FR-1-H_32_31_5710_8","FR-1-H_32_31_5710","FR_SRVHB_83700","FR_PAUC_13100","FR_SRVHB_83700",38:58:00,40:32:00,16,23,17,24,"2 MINUTES",1,1,0,0,1,1,-7,-7,0,94
"FR-1-H_32_31_5710_9","FR-1-H_32_31_5710","FR_SRVHB_83700","FR_PAUC_13100","FR_SRVHB_83700",41:49:00,46:17:00,18,24,21,25,"TIR DIFFICILE",3,0,2,1,10,0,-6,-4,2,268
"FR-1-H_32_31_5711_1","FR-1-H_32_31_5711","FR_FTHB_31000","FR_TFHB_93290","FR_TFHB_93290",13:04:00,14:15:00,6,6,7,7,"ARRÊT",1,1,0,0,2,0,0,0,0,71
"FR-1-H_32_31_5711_10","FR-1-H_32_31_5711","FR_FTHB_31000","FR_TFHB_93290","FR_TFHB_93290",48:42:00,50:42:00,21,20,22,21,"POTEAU",0,1,0,0,2,0,-1,-1,0,120
"FR-1-H_32_31_5711_11","FR-1-H_32_31_5711","FR_FTHB_31000","FR_TFHB_93290","FR_FTHB_31000",50:42:00,54:32:00,22,21,24,22,"TEMPS MORT",3,2,1,0,5,2,1,2,1,230
"FR-1-H_32_31_5711_12","FR-1-H_32_31_5711","FR_FTHB_31000","FR_TFHB_93290","FR_TFHB_93290",54:32:00,60:00:00,24,22,25,24,"TEMPS MORT",1,2,1,2,12,2,-2,-1,1,328
"FR-1-H_32_31_5711_2","FR-1-H_32_31_5711","FR_FTHB_31000","FR_TFHB_93290","FR_FTHB_31000",19:19:00,20:34:00,9,9,10,10,"TIR DIFFICILE",1,2,1,0,2,0,0,0,0,75
"FR-1-H_32_31_5711_3","FR-1-H_32_31_5711","FR_FTHB_31000","FR_TFHB_93290","FR_FTHB_31000",21:19:00,23:21:00,11,10,12,11,"ARRÊT",1,1,0,0,1,0,1,1,0,122
"FR-1-H_32_31_5711_4","FR-1-H_32_31_5711","FR_FTHB_31000","FR_TFHB_93290","FR_TFHB_93290",23:21:00,26:10:00,12,11,13,12,"TEMPS MORT",2,1,0,2,3,1,-1,-1,0,169
"FR-1-H_32_31_5711_5","FR-1-H_32_31_5711","FR_FTHB_31000","FR_TFHB_93290","FR_FTHB_31000",26:10:00,28:14:00,13,12,14,13,"TIR CONTRÉ",0,2,0,0,1,0,1,1,0,124
"FR-1-H_32_31_5711_6","FR-1-H_32_31_5711","FR_FTHB_31000","FR_TFHB_93290","FR_TFHB_93290",28:14:00,30:50:00,14,13,15,14,"TIR DIFFICILE",3,1,0,1,5,1,-1,-1,0,156
"FR-1-H_32_31_5711_7","FR-1-H_32_31_5711","FR_FTHB_31000","FR_TFHB_93290","FR_TFHB_93290",34:06:00,35:33:00,16,16,17,17,"TIR DIFFICILE",1,1,0,1,1,0,0,0,0,87
"FR-1-H_32_31_5711_8","FR-1-H_32_31_5711","FR_FTHB_31000","FR_TFHB_93290","FR_FTHB_31000",35:33:00,39:45:00,17,17,18,18,"2 MINUTES",3,2,1,2,8,1,0,0,0,252
"FR-1-H_32_31_5711_9","FR-1-H_32_31_5711","FR_FTHB_31000","FR_TFHB_93290","FR_FTHB_31000",40:35:00,44:56:00,19,18,20,19,"2 MINUTES",2,2,1,1,9,2,1,1,0,261
"FR-1-H_32_32_5712_1","FR-1-H_32_32_5712","FR_DHBGL_59140","FR_PAUC_13100","FR_DHBGL_59140",01:18:00,02:02:00,1,0,2,1,"ARRÊT",1,1,0,0,1,0,1,1,0,44
"FR-1-H_32_32_5712_10","FR-1-H_32_32_5712","FR_DHBGL_59140","FR_PAUC_13100","FR_DHBGL_59140",32:53:00,36:30:00,18,14,19,15,"TIR DIFFICILE",1,1,1,1,7,0,4,4,0,217
"FR-1-H_32_32_5712_11","FR-1-H_32_32_5712","FR_DHBGL_59140","FR_PAUC_13100","FR_PAUC_13100",42:19:00,45:12:00,22,18,23,19,"2 MINUTES",1,1,0,1,2,1,-4,-4,0,173
"FR-1-H_32_32_5712_12","FR-1-H_32_32_5712","FR_DHBGL_59140","FR_PAUC_13100","FR_PAUC_13100",45:22:00,53:56:00,23,20,24,24,"ARRÊT",2,6,1,1,13,1,-3,0,3,514
"FR-1-H_32_32_5712_2","FR-1-H_32_32_5712","FR_DHBGL_59140","FR_PAUC_13100","FR_PAUC_13100",03:41:00,06:03:00,3,2,4,3,"ARRÊT",1,1,0,2,5,0,-1,-1,0,142
"FR-1-H_32_32_5712_3","FR-1-H_32_32_5712","FR_DHBGL_59140","FR_PAUC_13100","FR_DHBGL_59140",06:03:00,10:21:00,4,3,6,4,"PASSE INCOMPLETE",5,1,1,0,8,0,1,2,1,258
"FR-1-H_32_32_5712_4","FR-1-H_32_32_5712","FR_DHBGL_59140","FR_PAUC_13100","FR_PAUC_13100",12:29:00,14:52:00,8,6,9,7,"TIR DIFFICILE",1,1,0,1,2,0,-2,-2,0,143
"FR-1-H_32_32_5712_5","FR-1-H_32_32_5712","FR_DHBGL_59140","FR_PAUC_13100","FR_PAUC_13100",15:26:00,18:32:00,9,8,10,9,"ARRÊT",1,3,0,1,3,0,-1,-1,0,186
"FR-1-H_32_32_5712_6","FR-1-H_32_32_5712","FR_DHBGL_59140","FR_PAUC_13100","FR_DHBGL_59140",18:32:00,21:40:00,10,9,13,10,"POTEAU",1,2,0,0,4,0,1,3,2,188
"FR-1-H_32_32_5712_7","FR-1-H_32_32_5712","FR_DHBGL_59140","FR_PAUC_13100","FR_PAUC_13100",21:40:00,24:05:00,13,10,14,11,"CARTON JAUNE",1,1,1,2,7,0,-3,-3,0,145
"FR-1-H_32_32_5712_8","FR-1-H_32_32_5712","FR_DHBGL_59140","FR_PAUC_13100","FR_DHBGL_59140",24:05:00,26:59:00,14,11,16,12,"ARRÊT",2,1,1,0,4,3,3,4,1,174
"FR-1-H_32_32_5712_9","FR-1-H_32_32_5712","FR_DHBGL_59140","FR_PAUC_13100","FR_PAUC_13100",29:18:00,32:53:00,17,13,18,14,"REPRISE",1,1,1,2,4,1,-4,-4,0,215
"FR-1-H_32_32_5713_1","FR-1-H_32_32_5713","FR_CSMBHB_73000","FR_HBCN_44200","FR_HBCN_44200",04:05:00,07:41:00,2,3,3,5,"TIR CONTRÉ",3,3,0,0,3,0,1,2,1,216
"FR-1-H_32_32_5713_2","FR-1-H_32_32_5713","FR_CSMBHB_73000","FR_HBCN_44200","FR_HBCN_44200",15:59:00,20:11:00,7,10,8,12,"TIR DIFFICILE",1,4,0,3,6,0,3,4,1,252
"FR-1-H_32_32_5713_3","FR-1-H_32_32_5713","FR_CSMBHB_73000","FR_HBCN_44200","FR_HBCN_44200",22:59:00,25:31:00,9,14,10,15,"TIR DIFFICILE",0,1,0,1,4,0,5,5,0,152
"FR-1-H_32_32_5713_4","FR-1-H_32_32_5713","FR_CSMBHB_73000","FR_HBCN_44200","FR_HBCN_44200",26:03:00,33:55:00,10,16,11,22,"ARRÊT",1,10,2,2,16,2,6,11,5,472
"FR-1-H_32_32_5713_5","FR-1-H_32_32_5713","FR_CSMBHB_73000","FR_HBCN_44200","FR_HBCN_44200",35:05:00,37:22:00,11,23,12,24,"INTERCEPTION",1,1,0,1,3,1,12,12,0,137
"FR-1-H_32_32_5713_6","FR-1-H_32_32_5713","FR_CSMBHB_73000","FR_HBCN_44200","FR_CSMBHB_73000",37:22:00,41:04:00,12,24,14,25,"PASSE INCOMPLETE",2,1,2,0,6,0,-12,-11,1,222
"FR-1-H_32_32_5713_7","FR-1-H_32_32_5713","FR_CSMBHB_73000","FR_HBCN_44200","FR_CSMBHB_73000",47:36:00,49:19:00,18,28,19,29,"INTERCEPTION",1,2,0,0,3,0,-10,-10,0,103
"FR-1-H_32_32_5713_8","FR-1-H_32_32_5713","FR_CSMBHB_73000","FR_HBCN_44200","FR_HBCN_44200",55:58:00,57:29:00,22,32,23,33,"ARRÊT",0,1,0,0,2,0,10,10,0,91
"FR-1-H_32_32_5713_9","FR-1-H_32_32_5713","FR_CSMBHB_73000","FR_HBCN_44200","FR_CSMBHB_73000",58:10:00,59:01:00,24,34,25,35,"TIR DIFFICILE",1,2,0,0,0,1,-10,-10,0,51
"FR-1-H_32_32_5714_1","FR-1-H_32_32_5714","FR_CCMHB_28000","FR_USIHB_94200","FR_CCMHB_28000",01:03:00,01:54:00,1,0,2,1,"ARRÊT",1,1,0,0,1,0,1,1,0,51
"FR-1-H_32_32_5714_10","FR-1-H_32_32_5714","FR_CCMHB_28000","FR_USIHB_94200","FR_CCMHB_28000",31:09:00,32:32:00,19,12,20,13,"TIR DIFFICILE",0,1,1,0,2,0,7,7,0,83
"FR-1-H_32_32_5714_11","FR-1-H_32_32_5714","FR_CCMHB_28000","FR_USIHB_94200","FR_USIHB_94200",32:32:00,34:02:00,20,13,21,14,"TIR CONTRÉ",1,3,0,0,3,1,-7,-7,0,90
"FR-1-H_32_32_5714_12","FR-1-H_32_32_5714","FR_CCMHB_28000","FR_USIHB_94200","FR_CCMHB_28000",35:18:00,36:48:00,22,15,23,16,"2 MINUTES",1,1,1,0,3,0,7,7,0,90
"FR-1-H_32_32_5714_13","FR-1-H_32_32_5714","FR_CCMHB_28000","FR_USIHB_94200","FR_USIHB_94200",36:48:00,38:49:00,23,16,24,17,"INTERCEPTION",0,1,0,1,5,1,-7,-7,0,121
"FR-1-H_32_32_5714_14","FR-1-H_32_32_5714","FR_CCMHB_28000","FR_USIHB_94200","FR_CCMHB_28000",38:49:00,41:51:00,24,17,27,18,"ZONE",3,2,1,0,5,1,7,9,2,182
"FR-1-H_32_32_5714_15","FR-1-H_32_32_5714","FR_CCMHB_28000","FR_USIHB_94200","FR_USIHB_94200",41:51:00,45:25:00,27,18,28,19,"INTERCEPTION",1,2,0,1,5,1,-9,-9,0,214
"FR-1-H_32_32_5714_16","FR-1-H_32_32_5714","FR_CCMHB_28000","FR_USIHB_94200","FR_USIHB_94200",45:37:00,52:14:00,28,20,29,23,"ARRÊT",3,3,1,2,8,2,-8,-6,2,397
"FR-1-H_32_32_5714_18","FR-1-H_32_32_5714","FR_CCMHB_28000","FR_USIHB_94200","FR_USIHB_94200",58:03:00,60:00:00,32,26,NA,NA,"TIR DIFFICILE",1,2,1,2,4,1,-6,NA,NA,117
"FR-1-H_32_32_5714_3","FR-1-H_32_32_5714","FR_CCMHB_28000","FR_USIHB_94200","FR_USIHB_94200",03:27:00,04:58:00,3,3,4,4,"TIR DIFFICILE",1,1,0,0,1,1,0,0,0,91
"FR-1-H_32_32_5714_4","FR-1-H_32_32_5714","FR_CCMHB_28000","FR_USIHB_94200","FR_CCMHB_28000",06:32:00,10:04:00,5,5,7,6,"TIR DIFFICILE",2,2,1,0,4,3,0,1,1,212
"FR-1-H_32_32_5714_5","FR-1-H_32_32_5714","FR_CCMHB_28000","FR_USIHB_94200","FR_CCMHB_28000",10:59:00,12:38:00,8,6,9,7,"TIR DIFFICILE",0,0,0,0,1,0,2,2,0,99
"FR-1-H_32_32_5714_6","FR-1-H_32_32_5714","FR_CCMHB_28000","FR_USIHB_94200","FR_CCMHB_28000",13:56:00,16:31:00,10,7,12,8,"TIR DIFFICILE",2,1,1,0,2,1,3,4,1,155
"FR-1-H_32_32_5714_7","FR-1-H_32_32_5714","FR_CCMHB_28000","FR_USIHB_94200","FR_USIHB_94200",16:31:00,19:52:00,12,8,13,9,"ARRÊT",2,2,0,2,6,0,-4,-4,0,201
"FR-1-H_32_32_5714_8","FR-1-H_32_32_5714","FR_CCMHB_28000","FR_USIHB_94200","FR_CCMHB_28000",19:52:00,22:42:00,13,9,15,10,"TIR CONTRÉ",2,2,1,0,3,1,4,5,1,170
"FR-1-H_32_32_5714_9","FR-1-H_32_32_5714","FR_CCMHB_28000","FR_USIHB_94200","FR_CCMHB_28000",23:30:00,26:51:00,16,10,17,11,"ARRÊT",2,1,0,0,3,1,6,6,0,201
"FR-1-H_32_32_5715_1","FR-1-H_32_32_5715","FR_USCHB_94000","FR_IPHB_13806","FR_IPHB_13806",04:54:00,12:07:00,2,3,3,7,"TIR DIFFICILE",1,5,0,2,10,1,1,4,3,433
"FR-1-H_32_32_5715_2","FR-1-H_32_32_5715","FR_USCHB_94000","FR_IPHB_13806","FR_IPHB_13806",16:22:00,24:34:00,4,9,5,12,"TIR DIFFICILE",2,3,1,2,12,2,5,7,2,492
"FR-1-H_32_32_5715_3","FR-1-H_32_32_5715","FR_USCHB_94000","FR_IPHB_13806","FR_USCHB_94000",36:50:00,41:31:00,11,18,13,19,"PASSE INCOMPLETE",2,2,2,0,8,0,-7,-6,1,281
"FR-1-H_32_32_5715_4","FR-1-H_32_32_5715","FR_USCHB_94000","FR_IPHB_13806","FR_USCHB_94000",43:11:00,46:23:00,15,20,16,21,"PASSAGE EN FORCE",1,2,0,0,2,0,-5,-5,0,192
"FR-1-H_32_32_5715_5","FR-1-H_32_32_5715","FR_USCHB_94000","FR_IPHB_13806","FR_IPHB_13806",46:23:00,51:13:00,16,21,17,22,"TEMPS MORT",2,2,0,1,5,0,5,5,0,290
"FR-1-H_32_32_5715_6","FR-1-H_32_32_5715","FR_USCHB_94000","FR_IPHB_13806","FR_USCHB_94000",51:13:00,53:24:00,17,22,18,23,"TEMPS MORT",0,0,1,0,2,0,-5,-5,0,131
"FR-1-H_32_32_5715_7","FR-1-H_32_32_5715","FR_USCHB_94000","FR_IPHB_13806","FR_USCHB_94000",54:07:00,55:37:00,19,23,20,24,"2 MINUTES",1,1,0,0,2,2,-4,-4,0,90
"FR-1-H_32_32_5716_1","FR-1-H_32_32_5716","FR_LHB_87000","FR_FTHB_31000","FR_LHB_87000",05:05:00,08:47:00,3,3,5,4,"ARRÊT",3,1,2,0,3,0,0,1,1,222
"FR-1-H_32_32_5716_10","FR-1-H_32_32_5716","FR_LHB_87000","FR_FTHB_31000","FR_LHB_87000",44:51:00,50:15:00,25,18,27,19,"POTEAU",3,1,2,1,12,0,7,8,1,324
"FR-1-H_32_32_5716_11","FR-1-H_32_32_5716","FR_LHB_87000","FR_FTHB_31000","FR_FTHB_31000",50:15:00,53:09:00,27,19,28,21,"POTEAU",0,2,0,0,3,1,-8,-7,1,174
"FR-1-H_32_32_5716_12","FR-1-H_32_32_5716","FR_LHB_87000","FR_FTHB_31000","FR_FTHB_31000",53:43:00,58:08:00,28,22,29,25,"PASSE INCOMPLETE",1,3,0,0,8,0,-6,-4,2,265
"FR-1-H_32_32_5716_13","FR-1-H_32_32_5716","FR_LHB_87000","FR_FTHB_31000","FR_LHB_87000",58:08:00,59:57:00,29,25,NA,NA,"CONTRE",3,1,0,0,3,1,4,NA,NA,109
"FR-1-H_32_32_5716_2","FR-1-H_32_32_5716","FR_LHB_87000","FR_FTHB_31000","FR_LHB_87000",09:58:00,11:42:00,6,4,7,5,"ARRÊT",1,2,0,0,2,0,2,2,0,104
"FR-1-H_32_32_5716_3","FR-1-H_32_32_5716","FR_LHB_87000","FR_FTHB_31000","FR_LHB_87000",12:34:00,16:59:00,8,5,10,6,"2 MINUTES",3,2,2,0,4,1,3,4,1,265
"FR-1-H_32_32_5716_4","FR-1-H_32_32_5716","FR_LHB_87000","FR_FTHB_31000","FR_LHB_87000",17:56:00,21:43:00,11,6,12,7,"ARRÊT",1,2,1,1,5,0,5,5,0,227
"FR-1-H_32_32_5716_5","FR-1-H_32_32_5716","FR_LHB_87000","FR_FTHB_31000","FR_LHB_87000",23:09:00,26:03:00,13,7,14,8,"TIR DIFFICILE",1,1,2,0,5,0,6,6,0,174
"FR-1-H_32_32_5716_6","FR-1-H_32_32_5716","FR_LHB_87000","FR_FTHB_31000","FR_FTHB_31000",27:00:00,28:34:00,15,9,16,10,"PASSAGE EN FORCE",1,1,0,1,2,0,-6,-6,0,94
"FR-1-H_32_32_5716_7","FR-1-H_32_32_5716","FR_LHB_87000","FR_FTHB_31000","FR_FTHB_31000",28:53:00,30:00:00,16,11,17,12,"2 MINUTES",1,1,0,0,0,0,-5,-5,0,67
"FR-1-H_32_32_5716_8","FR-1-H_32_32_5716","FR_LHB_87000","FR_FTHB_31000","FR_LHB_87000",30:00:00,33:42:00,17,12,18,13,"ARRÊT",1,2,3,2,6,1,5,5,0,222
"FR-1-H_32_32_5716_9","FR-1-H_32_32_5716","FR_LHB_87000","FR_FTHB_31000","FR_LHB_87000",39:27:00,41:15:00,22,16,23,17,"TIR DIFFICILE",1,0,0,0,2,1,6,6,0,108
"FR-1-H_32_32_5717_1","FR-1-H_32_32_5717","FR_MHB_34000","FR_CRMHB_35510","FR_MHB_34000",05:22:00,08:14:00,5,4,7,5,"TIR DIFFICILE",2,1,1,1,4,0,1,2,1,172
"FR-1-H_32_32_5717_10","FR-1-H_32_32_5717","FR_MHB_34000","FR_CRMHB_35510","FR_CRMHB_35510",51:19:00,56:53:00,26,27,27,28,"ARRÊT",3,1,0,2,11,1,1,1,0,334
"FR-1-H_32_32_5717_11","FR-1-H_32_32_5717","FR_MHB_34000","FR_CRMHB_35510","FR_MHB_34000",56:53:00,60:00:00,27,28,NA,NA,"TIR DIFFICILE",1,0,1,1,8,0,-1,NA,NA,187
"FR-1-H_32_32_5717_2","FR-1-H_32_32_5717","FR_MHB_34000","FR_CRMHB_35510","FR_CRMHB_35510",09:57:00,12:52:00,8,6,9,7,"TIR CONTRÉ",1,1,0,1,3,0,-2,-2,0,175
"FR-1-H_32_32_5717_3","FR-1-H_32_32_5717","FR_MHB_34000","FR_CRMHB_35510","FR_MHB_34000",12:52:00,14:31:00,9,7,10,8,"PASSE INCOMPLETE",1,0,2,0,3,0,2,2,0,99
"FR-1-H_32_32_5717_4","FR-1-H_32_32_5717","FR_MHB_34000","FR_CRMHB_35510","FR_CRMHB_35510",14:31:00,15:29:00,10,8,11,9,"ARRÊT",1,1,0,0,0,0,-2,-2,0,58
"FR-1-H_32_32_5717_5","FR-1-H_32_32_5717","FR_MHB_34000","FR_CRMHB_35510","FR_CRMHB_35510",16:55:00,19:45:00,11,10,12,12,"INTERCEPTION",2,1,0,1,1,1,-1,0,1,170
"FR-1-H_32_32_5717_6","FR-1-H_32_32_5717","FR_MHB_34000","FR_CRMHB_35510","FR_CRMHB_35510",31:53:00,35:33:00,18,19,19,20,"ARRÊT",3,1,0,2,6,0,1,1,0,220
"FR-1-H_32_32_5717_7","FR-1-H_32_32_5717","FR_MHB_34000","FR_CRMHB_35510","FR_CRMHB_35510",40:20:00,44:19:00,22,24,23,25,"TIR DIFFICILE",1,2,1,2,10,0,2,2,0,239
"FR-1-H_32_32_5717_8","FR-1-H_32_32_5717","FR_MHB_34000","FR_CRMHB_35510","FR_MHB_34000",44:19:00,46:10:00,23,25,24,26,"ARRÊT",1,2,0,0,4,0,-2,-2,0,111
"FR-1-H_32_32_5717_9","FR-1-H_32_32_5717","FR_MHB_34000","FR_CRMHB_35510","FR_MHB_34000",47:42:00,51:19:00,25,26,26,27,"TIR DIFFICILE",1,1,2,2,8,0,-1,-1,0,217
"FR-1-H_32_32_5718_10","FR-1-H_32_32_5718","FR_USAMNG_30918","FR_PSGHB_75016","FR_PSGHB_75016",54:38:00,56:58:00,26,27,27,29,"ARRÊT",1,3,0,0,3,0,1,2,1,140
"FR-1-H_32_32_5718_11","FR-1-H_32_32_5718","FR_USAMNG_30918","FR_PSGHB_75016","FR_PSGHB_75016",58:32:00,59:59:00,27,30,NA,NA,"PASSE INCOMPLETE",0,1,0,0,0,1,3,NA,NA,87
"FR-1-H_32_32_5718_2","FR-1-H_32_32_5718","FR_USAMNG_30918","FR_PSGHB_75016","FR_USAMNG_30918",09:49:00,11:41:00,6,5,7,6,"PASSE INCOMPLETE",1,1,1,0,2,0,1,1,0,112
"FR-1-H_32_32_5718_3","FR-1-H_32_32_5718","FR_USAMNG_30918","FR_PSGHB_75016","FR_USAMNG_30918",14:24:00,16:18:00,10,8,11,9,"TIR DIFFICILE",1,1,1,0,3,0,2,2,0,114
"FR-1-H_32_32_5718_4","FR-1-H_32_32_5718","FR_USAMNG_30918","FR_PSGHB_75016","FR_PSGHB_75016",17:07:00,19:01:00,12,10,13,11,"2 MINUTES",1,1,0,0,1,0,-2,-2,0,114
"FR-1-H_32_32_5718_5","FR-1-H_32_32_5718","FR_USAMNG_30918","FR_PSGHB_75016","FR_PSGHB_75016",24:52:00,28:43:00,15,14,16,15,"TIR DIFFICILE",1,1,1,4,9,0,-1,-1,0,231
"FR-1-H_32_32_5718_6","FR-1-H_32_32_5718","FR_USAMNG_30918","FR_PSGHB_75016","FR_PSGHB_75016",29:16:00,36:04:00,16,16,17,18,"TIR DIFFICILE",2,3,1,3,14,0,0,1,1,408
"FR-1-H_32_32_5718_7","FR-1-H_32_32_5718","FR_USAMNG_30918","FR_PSGHB_75016","FR_USAMNG_30918",42:50:00,49:29:00,21,22,24,23,"ARRÊT",4,3,2,1,9,0,-1,1,2,399
"FR-1-H_32_32_5718_8","FR-1-H_32_32_5718","FR_USAMNG_30918","FR_PSGHB_75016","FR_PSGHB_75016",49:29:00,51:40:00,24,23,25,24,"TEMPS MORT",1,1,0,1,4,0,-1,-1,0,131
"FR-1-H_32_32_5718_9","FR-1-H_32_32_5718","FR_USAMNG_30918","FR_PSGHB_75016","FR_PSGHB_75016",52:36:00,54:11:00,25,25,26,26,"TIR DIFFICILE",1,1,0,1,1,0,0,0,0,95
"FR-1-H_32_32_5719_1","FR-1-H_32_32_5719","FR_TFHB_93290","FR_SRVHB_83700","FR_SRVHB_83700",01:21:00,06:23:00,1,1,2,3,"TIR DIFFICILE",0,3,0,2,9,1,0,1,1,302
"FR-1-H_32_32_5719_10","FR-1-H_32_32_5719","FR_TFHB_93290","FR_SRVHB_83700","FR_TFHB_93290",36:13:00,37:43:00,13,22,14,23,"ARRÊT",1,1,0,1,2,0,-9,-9,0,90
"FR-1-H_32_32_5719_11","FR-1-H_32_32_5719","FR_TFHB_93290","FR_SRVHB_83700","FR_SRVHB_83700",37:43:00,39:19:00,14,23,15,24,"ARRÊT",2,1,0,1,5,0,9,9,0,96
"FR-1-H_32_32_5719_12","FR-1-H_32_32_5719","FR_TFHB_93290","FR_SRVHB_83700","FR_SRVHB_83700",42:47:00,46:04:00,17,27,18,29,"ARRÊT",2,2,1,2,5,1,10,11,1,197
"FR-1-H_32_32_5719_13","FR-1-H_32_32_5719","FR_TFHB_93290","FR_SRVHB_83700","FR_SRVHB_83700",46:22:00,48:06:00,18,30,19,31,"TIR DIFFICILE",1,1,0,0,2,0,12,12,0,104
"FR-1-H_32_32_5719_14","FR-1-H_32_32_5719","FR_TFHB_93290","FR_SRVHB_83700","FR_TFHB_93290",48:06:00,52:50:00,19,31,20,32,"BALLON SORTI",1,1,2,1,9,0,-12,-12,0,284
"FR-1-H_32_32_5719_15","FR-1-H_32_32_5719","FR_TFHB_93290","FR_SRVHB_83700","FR_SRVHB_83700",52:50:00,54:34:00,20,32,21,33,"2 MINUTES",1,1,0,1,2,1,12,12,0,104
"FR-1-H_32_32_5719_16","FR-1-H_32_32_5719","FR_TFHB_93290","FR_SRVHB_83700","FR_TFHB_93290",54:34:00,58:04:00,21,33,24,34,"ARRÊT",4,2,1,0,4,0,-12,-10,2,210
"FR-1-H_32_32_5719_17","FR-1-H_32_32_5719","FR_TFHB_93290","FR_SRVHB_83700","FR_SRVHB_83700",58:04:00,59:04:00,24,34,25,35,"HORS CADRE",1,1,1,1,3,2,10,10,0,60
"FR-1-H_32_32_5719_2","FR-1-H_32_32_5719","FR_TFHB_93290","FR_SRVHB_83700","FR_SRVHB_83700",10:31:00,12:21:00,4,6,5,7,"TIR DIFFICILE",1,1,0,0,2,1,2,2,0,110
"FR-1-H_32_32_5719_3","FR-1-H_32_32_5719","FR_TFHB_93290","FR_SRVHB_83700","FR_SRVHB_83700",13:08:00,17:29:00,5,8,6,10,"TIR DIFFICILE",1,3,0,3,7,1,3,4,1,261
"FR-1-H_32_32_5719_4","FR-1-H_32_32_5719","FR_TFHB_93290","FR_SRVHB_83700","FR_SRVHB_83700",19:16:00,20:57:00,6,11,7,12,"ARRÊT",2,1,0,0,2,0,5,5,0,101
"FR-1-H_32_32_5719_5","FR-1-H_32_32_5719","FR_TFHB_93290","FR_SRVHB_83700","FR_SRVHB_83700",21:39:00,23:24:00,7,13,8,15,"TIR DIFFICILE",1,2,1,0,2,2,6,7,1,105
"FR-1-H_32_32_5719_6","FR-1-H_32_32_5719","FR_TFHB_93290","FR_SRVHB_83700","FR_TFHB_93290",23:24:00,25:04:00,8,15,9,16,"TIR DIFFICILE",1,1,0,0,1,1,-7,-7,0,100
"FR-1-H_32_32_5719_7","FR-1-H_32_32_5719","FR_TFHB_93290","FR_SRVHB_83700","FR_SRVHB_83700",25:04:00,29:01:00,9,16,10,18,"TIR DIFFICILE",2,3,0,2,4,0,7,8,1,237
"FR-1-H_32_32_5719_8","FR-1-H_32_32_5719","FR_TFHB_93290","FR_SRVHB_83700","FR_TFHB_93290",29:01:00,31:46:00,10,18,11,19,"POTEAU",2,1,1,1,3,1,-8,-8,0,165
"FR-1-H_32_32_5719_9","FR-1-H_32_32_5719","FR_TFHB_93290","FR_SRVHB_83700","FR_SRVHB_83700",31:46:00,35:01:00,11,19,12,21,"TIR DIFFICILE",1,2,1,1,4,0,8,9,1,195
"FR-1-H_32_33_5720_10","FR-1-H_32_33_5720","FR_CRMHB_35510","FR_PAUC_13100","FR_CRMHB_35510",55:34:00,58:33:00,21,23,22,24,"INTERCEPTION",1,2,1,0,3,0,-2,-2,0,179
"FR-1-H_32_33_5720_2","FR-1-H_32_33_5720","FR_CRMHB_35510","FR_PAUC_13100","FR_PAUC_13100",10:41:00,13:14:00,3,7,4,8,"TIR CONTRÉ",1,1,1,0,1,1,4,4,0,153
"FR-1-H_32_33_5720_3","FR-1-H_32_33_5720","FR_CRMHB_35510","FR_PAUC_13100","FR_CRMHB_35510",15:15:00,19:13:00,5,9,8,10,"ARRÊT",3,1,2,0,4,2,-4,-2,2,238
"FR-1-H_32_33_5720_4","FR-1-H_32_33_5720","FR_CRMHB_35510","FR_PAUC_13100","FR_PAUC_13100",23:22:00,29:08:00,10,12,11,15,"PASSE INCOMPLETE",0,4,0,5,8,2,2,4,2,346
"FR-1-H_32_33_5720_5","FR-1-H_32_33_5720","FR_CRMHB_35510","FR_PAUC_13100","FR_CRMHB_35510",29:08:00,31:22:00,11,15,13,16,"POTEAU",2,0,0,1,2,0,-4,-3,1,134
"FR-1-H_32_33_5720_6","FR-1-H_32_33_5720","FR_CRMHB_35510","FR_PAUC_13100","FR_CRMHB_35510",35:50:00,42:00:00,14,16,18,17,"2 MINUTES",3,3,1,0,6,2,-2,1,3,370
"FR-1-H_32_33_5720_7","FR-1-H_32_33_5720","FR_CRMHB_35510","FR_PAUC_13100","FR_PAUC_13100",42:00:00,43:58:00,18,17,19,18,"TEMPS MORT",1,1,0,1,3,0,-1,-1,0,118
"FR-1-H_32_33_5720_8","FR-1-H_32_33_5720","FR_CRMHB_35510","FR_PAUC_13100","FR_PAUC_13100",44:28:00,49:04:00,19,19,20,20,"BALLON SORTI",1,2,3,1,8,0,0,0,0,276
"FR-1-H_32_33_5720_9","FR-1-H_32_33_5720","FR_CRMHB_35510","FR_PAUC_13100","FR_PAUC_13100",51:30:00,55:34:00,20,21,21,23,"HORS CADRE",2,2,0,1,5,0,1,2,1,244
"FR-1-H_32_33_5721_1","FR-1-H_32_33_5721","FR_DHBGL_59140","FR_LHB_87000","FR_LHB_87000",01:25:00,03:32:00,1,1,2,2,"TIR DIFFICILE",2,1,0,2,4,0,0,0,0,127
"FR-1-H_32_33_5721_10","FR-1-H_32_33_5721","FR_DHBGL_59140","FR_LHB_87000","FR_DHBGL_59140",33:10:00,35:01:00,21,13,22,14,"PASSAGE EN FORCE",1,1,0,1,2,0,8,8,0,111
"FR-1-H_32_33_5721_11","FR-1-H_32_33_5721","FR_DHBGL_59140","FR_LHB_87000","FR_LHB_87000",35:01:00,36:59:00,22,14,23,15,"ARRÊT",2,1,0,0,2,1,-8,-8,0,118
"FR-1-H_32_33_5721_12","FR-1-H_32_33_5721","FR_DHBGL_59140","FR_LHB_87000","FR_LHB_87000",38:04:00,39:25:00,23,16,24,17,"PASSE INCOMPLETE",1,1,0,1,2,0,-7,-7,0,81
"FR-1-H_32_33_5721_13","FR-1-H_32_33_5721","FR_DHBGL_59140","FR_LHB_87000","FR_DHBGL_59140",41:45:00,43:17:00,25,18,26,19,"TEMPS MORT",1,1,0,0,2,0,7,7,0,92
"FR-1-H_32_33_5721_14","FR-1-H_32_33_5721","FR_DHBGL_59140","FR_LHB_87000","FR_LHB_87000",43:17:00,46:46:00,26,19,27,22,"ARRÊT",2,3,0,2,3,1,-7,-5,2,209
"FR-1-H_32_33_5721_15","FR-1-H_32_33_5721","FR_DHBGL_59140","FR_LHB_87000","FR_DHBGL_59140",46:46:00,50:26:00,27,22,28,23,"2 MINUTES",1,1,0,1,4,0,5,5,0,220
"FR-1-H_32_33_5721_16","FR-1-H_32_33_5721","FR_DHBGL_59140","FR_LHB_87000","FR_LHB_87000",50:26:00,54:18:00,28,23,29,25,"JEU PASSIF",2,2,0,1,5,0,-5,-4,1,232
"FR-1-H_32_33_5721_17","FR-1-H_32_33_5721","FR_DHBGL_59140","FR_LHB_87000","FR_LHB_87000",54:51:00,57:12:00,29,26,30,27,"HORS CADRE",0,1,1,1,2,0,-3,-3,0,141
"FR-1-H_32_33_5721_18","FR-1-H_32_33_5721","FR_DHBGL_59140","FR_LHB_87000","FR_DHBGL_59140",57:12:00,59:23:00,30,27,31,28,"2 MINUTES",1,2,2,0,3,0,3,3,0,131
"FR-1-H_32_33_5721_2","FR-1-H_32_33_5721","FR_DHBGL_59140","FR_LHB_87000","FR_DHBGL_59140",03:32:00,06:57:00,2,2,4,3,"BALLON SORTI",1,1,2,1,6,0,0,1,1,205
"FR-1-H_32_33_5721_3","FR-1-H_32_33_5721","FR_DHBGL_59140","FR_LHB_87000","FR_DHBGL_59140",10:45:00,14:21:00,5,3,7,4,"POTEAU",2,2,2,0,5,1,2,3,1,216
"FR-1-H_32_33_5721_4","FR-1-H_32_33_5721","FR_DHBGL_59140","FR_LHB_87000","FR_LHB_87000",14:21:00,15:35:00,7,4,8,5,"MARCHÉ",1,1,0,0,0,0,-3,-3,0,74
"FR-1-H_32_33_5721_5","FR-1-H_32_33_5721","FR_DHBGL_59140","FR_LHB_87000","FR_DHBGL_59140",15:35:00,19:24:00,8,5,11,6,"CONTRE",2,1,3,0,5,0,3,5,2,229
"FR-1-H_32_33_5721_6","FR-1-H_32_33_5721","FR_DHBGL_59140","FR_LHB_87000","FR_DHBGL_59140",20:41:00,22:28:00,13,7,14,8,"ARRÊT",1,1,0,0,1,0,6,6,0,107
"FR-1-H_32_33_5721_7","FR-1-H_32_33_5721","FR_DHBGL_59140","FR_LHB_87000","FR_DHBGL_59140",28:30:00,29:22:00,17,10,18,11,"TEMPS MORT",1,1,1,0,1,0,7,7,0,52
"FR-1-H_32_33_5721_8","FR-1-H_32_33_5721","FR_DHBGL_59140","FR_LHB_87000","FR_DHBGL_59140",29:52:00,31:57:00,19,11,20,12,"ARRÊT",1,1,0,1,1,0,8,8,0,125
"FR-1-H_32_33_5721_9","FR-1-H_32_33_5721","FR_DHBGL_59140","FR_LHB_87000","FR_LHB_87000",31:57:00,33:10:00,20,12,21,13,"ARRÊT",1,1,0,0,1,0,-8,-8,0,73
"FR-1-H_32_33_5722_10","FR-1-H_32_33_5722","FR_IPHB_13806","FR_CSMBHB_73000","FR_CSMBHB_73000",44:20:00,47:12:00,21,23,22,24,"2 MINUTES",1,1,1,0,1,0,2,2,0,172
"FR-1-H_32_33_5722_11","FR-1-H_32_33_5722","FR_IPHB_13806","FR_CSMBHB_73000","FR_IPHB_13806",47:12:00,50:00:00,22,24,23,25,"PASSAGE EN FORCE",2,2,1,0,3,1,-2,-2,0,168
"FR-1-H_32_33_5722_12","FR-1-H_32_33_5722","FR_IPHB_13806","FR_CSMBHB_73000","FR_CSMBHB_73000",52:03:00,59:57:00,24,26,18,21,"TIR DIFFICILE",1,6,0,3,11,1,2,3,1,474
"FR-1-H_32_33_5722_3","FR-1-H_32_33_5722","FR_IPHB_13806","FR_CSMBHB_73000","FR_IPHB_13806",10:16:00,11:58:00,3,5,4,6,"ARRÊT",1,1,0,0,1,1,-2,-2,0,102
"FR-1-H_32_33_5722_4","FR-1-H_32_33_5722","FR_IPHB_13806","FR_CSMBHB_73000","FR_CSMBHB_73000",13:29:00,18:30:00,5,7,6,10,"POTEAU",1,3,1,3,8,1,2,4,2,301
"FR-1-H_32_33_5722_5","FR-1-H_32_33_5722","FR_IPHB_13806","FR_CSMBHB_73000","FR_CSMBHB_73000",27:33:00,29:42:00,9,14,10,16,"TIR DIFFICILE",1,2,0,0,0,0,5,6,1,129
"FR-1-H_32_33_5722_6","FR-1-H_32_33_5722","FR_IPHB_13806","FR_CSMBHB_73000","FR_IPHB_13806",29:42:00,30:42:00,10,16,11,17,"POTEAU",1,1,0,0,0,0,-6,-6,0,60
"FR-1-H_32_33_5722_7","FR-1-H_32_33_5722","FR_IPHB_13806","FR_CSMBHB_73000","FR_IPHB_13806",32:55:00,35:39:00,12,17,13,18,"ARRÊT",0,1,1,0,5,1,-5,-5,0,164
"FR-1-H_32_33_5722_8","FR-1-H_32_33_5722","FR_IPHB_13806","FR_CSMBHB_73000","FR_IPHB_13806",35:45:00,37:56:00,14,18,16,19,"MARCHÉ",3,1,0,0,2,1,-4,-3,1,131
"FR-1-H_32_33_5722_9","FR-1-H_32_33_5722","FR_IPHB_13806","FR_CSMBHB_73000","FR_IPHB_13806",40:53:00,43:16:00,19,21,20,22,"PASSE INCOMPLETE",0,0,1,1,4,0,-2,-2,0,143
"FR-1-H_32_33_5723_10","FR-1-H_32_33_5723","FR_USIHB_94200","FR_USAMNG_30918","FR_USAMNG_30918",37:25:00,40:48:00,18,21,19,23,"ARRÊT",1,3,0,2,7,0,3,4,1,203
"FR-1-H_32_33_5723_11","FR-1-H_32_33_5723","FR_USIHB_94200","FR_USAMNG_30918","FR_USAMNG_30918",41:35:00,44:15:00,19,24,20,25,"ARRÊT",1,1,0,1,3,0,5,5,0,160
"FR-1-H_32_33_5723_12","FR-1-H_32_33_5723","FR_USIHB_94200","FR_USAMNG_30918","FR_USIHB_94200",44:15:00,47:00:00,20,25,21,26,"INTERCEPTION",2,1,1,0,1,0,-5,-5,0,165
"FR-1-H_32_33_5723_13","FR-1-H_32_33_5723","FR_USIHB_94200","FR_USAMNG_30918","FR_USIHB_94200",50:15:00,53:39:00,23,27,24,28,"TIR DIFFICILE",1,1,0,0,1,1,-4,-4,0,204
"FR-1-H_32_33_5723_14","FR-1-H_32_33_5723","FR_USIHB_94200","FR_USAMNG_30918","FR_USAMNG_30918",53:39:00,58:01:00,24,28,25,32,"PASSE INCOMPLETE",0,4,0,1,5,0,4,7,3,262
"FR-1-H_32_33_5723_3","FR-1-H_32_33_5723","FR_USIHB_94200","FR_USAMNG_30918","FR_USAMNG_30918",06:52:00,12:43:00,3,5,4,7,"TIR DIFFICILE",3,1,1,2,9,0,2,3,1,351
"FR-1-H_32_33_5723_4","FR-1-H_32_33_5723","FR_USIHB_94200","FR_USAMNG_30918","FR_USIHB_94200",17:42:00,19:25:00,6,9,7,10,"TIR DIFFICILE",1,1,1,0,4,1,-3,-3,0,103
"FR-1-H_32_33_5723_5","FR-1-H_32_33_5723","FR_USIHB_94200","FR_USAMNG_30918","FR_USIHB_94200",19:43:00,20:32:00,8,10,10,11,"TIR DIFFICILE",1,1,0,0,2,1,-2,-1,1,49
"FR-1-H_32_33_5723_6","FR-1-H_32_33_5723","FR_USIHB_94200","FR_USAMNG_30918","FR_USAMNG_30918",22:43:00,24:03:00,11,13,12,14,"TIR DIFFICILE",2,1,0,0,0,1,2,2,0,80
"FR-1-H_32_33_5723_7","FR-1-H_32_33_5723","FR_USIHB_94200","FR_USAMNG_30918","FR_USIHB_94200",25:08:00,27:48:00,13,15,14,16,"2 MINUTES",0,1,2,1,5,0,-2,-2,0,160
"FR-1-H_32_33_5723_8","FR-1-H_32_33_5723","FR_USIHB_94200","FR_USAMNG_30918","FR_USAMNG_30918",28:49:00,31:24:00,15,17,16,19,"2 MINUTES",1,2,1,0,3,0,2,3,1,155
"FR-1-H_32_33_5723_9","FR-1-H_32_33_5723","FR_USIHB_94200","FR_USAMNG_30918","FR_USIHB_94200",33:52:00,37:25:00,17,20,18,21,"BALLON SORTI",1,1,1,2,8,0,-3,-3,0,213
"FR-1-H_32_33_5724_10","FR-1-H_32_33_5724","FR_PSGHB_75016","FR_CCMHB_28000","FR_CCMHB_28000",38:31:00,41:28:00,23,12,24,14,"2 MINUTES",1,2,0,1,6,1,-11,-10,1,177
"FR-1-H_32_33_5724_11","FR-1-H_32_33_5724","FR_PSGHB_75016","FR_CCMHB_28000","FR_PSGHB_75016",42:17:00,44:46:00,25,15,26,16,"TIR DIFFICILE",0,1,0,0,3,1,10,10,0,149
"FR-1-H_32_33_5724_12","FR-1-H_32_33_5724","FR_PSGHB_75016","FR_CCMHB_28000","FR_CCMHB_28000",47:31:00,49:42:00,28,18,29,19,"2 MINUTES",2,1,0,0,4,0,-10,-10,0,131
"FR-1-H_32_33_5724_13","FR-1-H_32_33_5724","FR_PSGHB_75016","FR_CCMHB_28000","FR_PSGHB_75016",51:06:00,52:16:00,30,20,31,21,"INTERCEPTION",1,1,1,0,1,1,10,10,0,70
"FR-1-H_32_33_5724_14","FR-1-H_32_33_5724","FR_PSGHB_75016","FR_CCMHB_28000","FR_PSGHB_75016",53:37:00,59:18:00,33,22,36,23,"TIR DIFFICILE",4,2,1,0,5,3,11,13,2,341
"FR-1-H_32_33_5724_2","FR-1-H_32_33_5724","FR_PSGHB_75016","FR_CCMHB_28000","FR_PSGHB_75016",04:38:00,07:51:00,5,1,6,2,"TIR DIFFICILE",1,2,1,0,4,1,4,4,0,193
"FR-1-H_32_33_5724_3","FR-1-H_32_33_5724","FR_PSGHB_75016","FR_CCMHB_28000","FR_PSGHB_75016",08:01:00,09:50:00,7,2,8,3,"POTEAU",1,2,1,0,2,1,5,5,0,109
"FR-1-H_32_33_5724_4","FR-1-H_32_33_5724","FR_PSGHB_75016","FR_CCMHB_28000","FR_PSGHB_75016",13:11:00,20:33:00,10,4,13,5,"TIR DIFFICILE",5,3,1,2,8,2,6,8,2,442
"FR-1-H_32_33_5724_5","FR-1-H_32_33_5724","FR_PSGHB_75016","FR_CCMHB_28000","FR_PSGHB_75016",22:52:00,25:43:00,15,6,16,7,"TIR CONTRÉ",2,1,1,0,3,0,9,9,0,171
"FR-1-H_32_33_5724_6","FR-1-H_32_33_5724","FR_PSGHB_75016","FR_CCMHB_28000","FR_PSGHB_75016",26:13:00,27:33:00,17,7,18,8,"ARRÊT",1,2,0,0,1,0,10,10,0,80
"FR-1-H_32_33_5724_7","FR-1-H_32_33_5724","FR_PSGHB_75016","FR_CCMHB_28000","FR_PSGHB_75016",29:25:00,33:04:00,20,9,21,10,"HORS CADRE",1,2,1,1,6,0,11,11,0,219
"FR-1-H_32_33_5724_8","FR-1-H_32_33_5724","FR_PSGHB_75016","FR_CCMHB_28000","FR_CCMHB_28000",33:04:00,36:20:00,21,10,22,11,"TIR CONTRÉ",4,1,0,0,2,0,-11,-11,0,196
"FR-1-H_32_33_5724_9","FR-1-H_32_33_5724","FR_PSGHB_75016","FR_CCMHB_28000","FR_PSGHB_75016",36:20:00,38:31:00,22,11,23,12,"BALLON SORTI",1,0,1,1,3,1,11,11,0,131
"FR-1-H_32_33_5725_1","FR-1-H_32_33_5725","FR_SRVHB_83700","FR_HBCN_44200","FR_HBCN_44200",02:58:00,04:02:00,1,1,2,2,"INTERCEPTION",1,1,0,0,0,1,0,0,0,64
"FR-1-H_32_33_5725_10","FR-1-H_32_33_5725","FR_SRVHB_83700","FR_HBCN_44200","FR_SRVHB_83700",34:55:00,35:45:00,17,14,18,15,"TIR CONTRÉ",1,1,1,0,1,1,3,3,0,50
"FR-1-H_32_33_5725_11","FR-1-H_32_33_5725","FR_SRVHB_83700","FR_HBCN_44200","FR_HBCN_44200",35:45:00,38:37:00,18,15,19,17,"ARRÊT",0,2,0,0,2,0,-3,-2,1,172
"FR-1-H_32_33_5725_12","FR-1-H_32_33_5725","FR_SRVHB_83700","FR_HBCN_44200","FR_HBCN_44200",41:11:00,45:35:00,19,18,20,20,"BALLON SORTI",1,5,0,4,9,0,-1,0,1,264
"FR-1-H_32_33_5725_13","FR-1-H_32_33_5725","FR_SRVHB_83700","FR_HBCN_44200","FR_HBCN_44200",47:06:00,49:04:00,20,21,21,22,"ARRÊT",1,1,0,1,3,0,1,1,0,118
"FR-1-H_32_33_5725_14","FR-1-H_32_33_5725","FR_SRVHB_83700","FR_HBCN_44200","FR_HBCN_44200",51:53:00,54:12:00,22,24,23,25,"2 MINUTES",0,1,0,1,2,0,2,2,0,139
"FR-1-H_32_33_5725_15","FR-1-H_32_33_5725","FR_SRVHB_83700","FR_HBCN_44200","FR_HBCN_44200",55:51:00,57:02:00,23,26,24,27,"TIR DIFFICILE",1,1,0,0,1,0,3,3,0,71
"FR-1-H_32_33_5725_16","FR-1-H_32_33_5725","FR_SRVHB_83700","FR_HBCN_44200","FR_SRVHB_83700",58:12:00,60:00:00,25,28,NA,NA,"PASSE INCOMPLETE",1,1,2,0,2,1,-3,NA,NA,108
"FR-1-H_32_33_5725_2","FR-1-H_32_33_5725","FR_SRVHB_83700","FR_HBCN_44200","FR_SRVHB_83700",04:02:00,07:41:00,2,2,5,3,"PASSE INCOMPLETE",3,1,2,0,7,1,0,2,2,219
"FR-1-H_32_33_5725_3","FR-1-H_32_33_5725","FR_SRVHB_83700","FR_HBCN_44200","FR_SRVHB_83700",08:23:00,10:03:00,6,3,7,4,"TIR DIFFICILE",1,1,0,0,0,0,3,3,0,100
"FR-1-H_32_33_5725_4","FR-1-H_32_33_5725","FR_SRVHB_83700","FR_HBCN_44200","FR_HBCN_44200",10:03:00,13:02:00,7,4,8,5,"TEMPS MORT",1,1,0,0,4,1,-3,-3,0,179
"FR-1-H_32_33_5725_5","FR-1-H_32_33_5725","FR_SRVHB_83700","FR_HBCN_44200","FR_SRVHB_83700",13:02:00,15:40:00,8,5,9,6,"TIR DIFFICILE",1,1,3,0,3,1,3,3,0,158
"FR-1-H_32_33_5725_6","FR-1-H_32_33_5725","FR_SRVHB_83700","FR_HBCN_44200","FR_SRVHB_83700",16:47:00,22:03:00,10,6,11,7,"TIR DIFFICILE",2,1,3,1,9,0,4,4,0,316
"FR-1-H_32_33_5725_7","FR-1-H_32_33_5725","FR_SRVHB_83700","FR_HBCN_44200","FR_HBCN_44200",22:03:00,27:51:00,11,7,12,9,"INTERCEPTION",3,1,1,2,7,1,-4,-3,1,348
"FR-1-H_32_33_5725_8","FR-1-H_32_33_5725","FR_SRVHB_83700","FR_HBCN_44200","FR_SRVHB_83700",29:35:00,31:02:00,13,10,14,11,"TIR DIFFICILE",1,1,0,0,1,1,3,3,0,87
"FR-1-H_32_33_5725_9","FR-1-H_32_33_5725","FR_SRVHB_83700","FR_HBCN_44200","FR_HBCN_44200",32:41:00,34:55:00,16,13,17,14,"2 MINUTES",2,0,0,1,5,0,-3,-3,0,134
"FR-1-H_32_33_5726_1","FR-1-H_32_33_5726","FR_FTHB_31000","FR_USCHB_94000","FR_FTHB_31000",03:57:00,05:31:00,2,2,3,3,"ARRÊT",1,1,1,0,4,0,0,0,0,94
"FR-1-H_32_33_5726_10","FR-1-H_32_33_5726","FR_FTHB_31000","FR_USCHB_94000","FR_USCHB_94000",44:43:00,46:12:00,23,21,24,22,"2 MINUTES",1,1,0,0,0,0,-2,-2,0,89
"FR-1-H_32_33_5726_11","FR-1-H_32_33_5726","FR_FTHB_31000","FR_USCHB_94000","FR_FTHB_31000",46:12:00,47:41:00,24,22,25,23,"2 MINUTES",1,2,0,0,0,0,2,2,0,89
"FR-1-H_32_33_5726_12","FR-1-H_32_33_5726","FR_FTHB_31000","FR_USCHB_94000","FR_USCHB_94000",48:37:00,51:59:00,26,24,27,25,"ZONE",1,1,0,2,3,1,-2,-2,0,202
"FR-1-H_32_33_5726_13","FR-1-H_32_33_5726","FR_FTHB_31000","FR_USCHB_94000","FR_FTHB_31000",55:05:00,58:35:00,28,26,29,27,"ARRÊT",2,1,0,1,5,2,2,2,0,210
"FR-1-H_32_33_5726_2","FR-1-H_32_33_5726","FR_FTHB_31000","FR_USCHB_94000","FR_USCHB_94000",08:03:00,09:12:00,4,4,5,5,"INTERCEPTION",1,1,0,0,1,1,0,0,0,69
"FR-1-H_32_33_5726_3","FR-1-H_32_33_5726","FR_FTHB_31000","FR_USCHB_94000","FR_FTHB_31000",09:12:00,11:55:00,5,5,6,6,"TIR DIFFICILE",1,1,0,1,2,1,0,0,0,163
"FR-1-H_32_33_5726_4","FR-1-H_32_33_5726","FR_FTHB_31000","FR_USCHB_94000","FR_USCHB_94000",13:03:00,16:30:00,7,7,8,9,"2 MINUTES",2,2,2,0,5,1,0,1,1,207
"FR-1-H_32_33_5726_5","FR-1-H_32_33_5726","FR_FTHB_31000","FR_USCHB_94000","FR_FTHB_31000",21:25:00,23:16:00,10,11,11,12,"TIR DIFFICILE",3,1,0,0,2,0,-1,-1,0,111
"FR-1-H_32_33_5726_6","FR-1-H_32_33_5726","FR_FTHB_31000","FR_USCHB_94000","FR_FTHB_31000",25:33:00,30:48:00,12,12,16,13,"ARRÊT",4,1,5,1,9,2,0,3,3,315
"FR-1-H_32_33_5726_7","FR-1-H_32_33_5726","FR_FTHB_31000","FR_USCHB_94000","FR_USCHB_94000",33:25:00,34:48:00,17,14,18,15,"TIR DIFFICILE",1,1,0,0,0,1,-3,-3,0,83
"FR-1-H_32_33_5726_8","FR-1-H_32_33_5726","FR_FTHB_31000","FR_USCHB_94000","FR_FTHB_31000",37:35:00,39:06:00,19,16,20,17,"TIR DIFFICILE",1,1,1,0,1,0,3,3,0,91
"FR-1-H_32_33_5726_9","FR-1-H_32_33_5726","FR_FTHB_31000","FR_USCHB_94000","FR_USCHB_94000",39:06:00,42:09:00,20,17,21,18,"2 MINUTES",1,1,0,2,4,0,-3,-3,0,183
"FR-1-H_32_33_5727_1","FR-1-H_32_33_5727","FR_TFHB_93290","FR_MHB_34000","FR_MHB_34000",05:40:00,06:57:00,3,3,4,4,"CONTRE",1,1,0,0,1,0,0,0,0,77
"FR-1-H_32_33_5727_10","FR-1-H_32_33_5727","FR_TFHB_93290","FR_MHB_34000","FR_TFHB_93290",43:23:00,46:36:00,23,22,24,23,"BALLON SORTI",2,1,1,1,5,0,1,1,0,193
"FR-1-H_32_33_5727_11","FR-1-H_32_33_5727","FR_TFHB_93290","FR_MHB_34000","FR_MHB_34000",46:36:00,48:09:00,24,23,25,24,"ARRÊT",2,0,0,0,1,0,-1,-1,0,93
"FR-1-H_32_33_5727_12","FR-1-H_32_33_5727","FR_TFHB_93290","FR_MHB_34000","FR_MHB_34000",49:37:00,52:23:00,25,25,26,27,"2 MINUTES",1,2,0,2,5,2,0,1,1,166
"FR-1-H_32_33_5727_13","FR-1-H_32_33_5727","FR_TFHB_93290","FR_MHB_34000","FR_MHB_34000",54:30:00,58:05:00,27,29,28,30,"TIR DIFFICILE",3,1,1,0,5,0,2,2,0,215
"FR-1-H_32_33_5727_14","FR-1-H_32_33_5727","FR_TFHB_93290","FR_MHB_34000","FR_TFHB_93290",59:08:00,59:46:00,29,31,NA,NA,"ARRÊT",1,0,1,0,2,0,-2,NA,NA,38
"FR-1-H_32_33_5727_2","FR-1-H_32_33_5727","FR_TFHB_93290","FR_MHB_34000","FR_MHB_34000",14:59:00,16:59:00,8,9,9,10,"ARRÊT",1,1,0,1,3,1,1,1,0,120
"FR-1-H_32_33_5727_3","FR-1-H_32_33_5727","FR_TFHB_93290","FR_MHB_34000","FR_TFHB_93290",16:59:00,25:09:00,9,10,15,11,"TIR DIFFICILE",7,2,3,0,12,1,-1,4,5,490
"FR-1-H_32_33_5727_4","FR-1-H_32_33_5727","FR_TFHB_93290","FR_MHB_34000","FR_MHB_34000",25:09:00,26:38:00,15,11,16,12,"2 MINUTES",1,1,0,0,2,0,-4,-4,0,89
"FR-1-H_32_33_5727_5","FR-1-H_32_33_5727","FR_TFHB_93290","FR_MHB_34000","FR_MHB_34000",30:25:00,32:04:00,16,13,17,14,"TIR DIFFICILE",1,1,0,0,5,0,-3,-3,0,99
"FR-1-H_32_33_5727_6","FR-1-H_32_33_5727","FR_TFHB_93290","FR_MHB_34000","FR_MHB_34000",32:56:00,35:46:00,17,15,18,16,"TIR DIFFICILE",2,1,0,0,1,0,-2,-2,0,170
"FR-1-H_32_33_5727_7","FR-1-H_32_33_5727","FR_TFHB_93290","FR_MHB_34000","FR_MHB_34000",35:58:00,37:22:00,18,17,19,18,"TIR DIFFICILE",2,1,0,0,0,2,-1,-1,0,84
"FR-1-H_32_33_5727_8","FR-1-H_32_33_5727","FR_TFHB_93290","FR_MHB_34000","FR_TFHB_93290",37:37:00,38:00:00,19,18,20,19,"TIR DIFFICILE",1,1,0,0,0,1,1,1,0,23
"FR-1-H_32_33_5727_9","FR-1-H_32_33_5727","FR_TFHB_93290","FR_MHB_34000","FR_MHB_34000",38:00:00,39:54:00,20,19,21,20,"TIR DIFFICILE",0,1,0,0,0,1,-1,-1,0,114
"FR-1-H_32_34_5728_2","FR-1-H_32_34_5728","FR_CSMBHB_73000","FR_SRVHB_83700","FR_CSMBHB_73000",08:29:00,12:47:00,5,2,8,3,"TIR DIFFICILE",2,2,3,1,6,1,3,5,2,258
"FR-1-H_32_34_5728_3","FR-1-H_32_34_5728","FR_CSMBHB_73000","FR_SRVHB_83700","FR_CSMBHB_73000",14:20:00,15:53:00,10,4,12,5,"CARTON JAUNE",1,1,1,0,3,1,6,7,1,93
"FR-1-H_32_34_5728_4","FR-1-H_32_34_5728","FR_CSMBHB_73000","FR_SRVHB_83700","FR_CSMBHB_73000",16:51:00,18:01:00,13,5,14,6,"INTERCEPTION",1,1,1,0,2,0,8,8,0,70
"FR-1-H_32_34_5728_5","FR-1-H_32_34_5728","FR_CSMBHB_73000","FR_SRVHB_83700","FR_CSMBHB_73000",20:07:00,21:43:00,17,8,18,9,"TIR DIFFICILE",1,2,0,0,0,0,9,9,0,96
"FR-1-H_32_34_5728_6","FR-1-H_32_34_5728","FR_CSMBHB_73000","FR_SRVHB_83700","FR_SRVHB_83700",26:34:00,40:44:00,20,11,21,20,"ARRÊT",6,14,2,3,24,3,-9,-1,8,850
"FR-1-H_32_34_5728_7","FR-1-H_32_34_5728","FR_CSMBHB_73000","FR_SRVHB_83700","FR_SRVHB_83700",43:44:00,46:34:00,23,23,24,25,"ARRÊT",1,2,0,2,3,2,0,1,1,170
"FR-1-H_32_34_5728_8","FR-1-H_32_34_5728","FR_CSMBHB_73000","FR_SRVHB_83700","FR_CSMBHB_73000",48:52:00,54:03:00,25,26,28,27,"ARRÊT",3,1,2,0,6,1,-1,1,2,311
"FR-1-H_32_34_5728_9","FR-1-H_32_34_5728","FR_CSMBHB_73000","FR_SRVHB_83700","FR_SRVHB_83700",55:28:00,60:00:00,29,28,NA,NA,"TIR DIFFICILE",0,1,1,2,9,0,-1,NA,NA,272
"FR-1-H_32_34_5729_10","FR-1-H_32_34_5729","FR_CCMHB_28000","FR_PAUC_13100","FR_PAUC_13100",41:42:00,43:51:00,18,18,19,19,"TIR DIFFICILE",1,1,0,1,2,0,0,0,0,129
"FR-1-H_32_34_5729_11","FR-1-H_32_34_5729","FR_CCMHB_28000","FR_PAUC_13100","FR_PAUC_13100",45:26:00,47:14:00,20,21,21,22,"2 MINUTES",0,1,0,1,2,0,1,1,0,108
"FR-1-H_32_34_5729_12","FR-1-H_32_34_5729","FR_CCMHB_28000","FR_PAUC_13100","FR_PAUC_13100",52:17:00,55:16:00,23,25,24,26,"ARRÊT",3,1,0,1,5,1,2,2,0,179
"FR-1-H_32_34_5729_13","FR-1-H_32_34_5729","FR_CCMHB_28000","FR_PAUC_13100","FR_CCMHB_28000",57:52:00,59:56:00,25,27,NA,NA,"PIED",1,0,2,1,3,0,-2,NA,NA,124
"FR-1-H_32_34_5729_2","FR-1-H_32_34_5729","FR_CCMHB_28000","FR_PAUC_13100","FR_PAUC_13100",06:08:00,08:32:00,3,3,4,4,"CARTON JAUNE",1,2,0,0,3,0,0,0,0,144
"FR-1-H_32_34_5729_3","FR-1-H_32_34_5729","FR_CCMHB_28000","FR_PAUC_13100","FR_CCMHB_28000",12:31:00,15:18:00,6,6,7,7,"PASSE INCOMPLETE",3,1,1,0,2,0,0,0,0,167
"FR-1-H_32_34_5729_4","FR-1-H_32_34_5729","FR_CCMHB_28000","FR_PAUC_13100","FR_PAUC_13100",15:18:00,17:13:00,7,7,8,8,"PASSE INCOMPLETE",1,1,1,0,1,1,0,0,0,115
"FR-1-H_32_34_5729_5","FR-1-H_32_34_5729","FR_CCMHB_28000","FR_PAUC_13100","FR_PAUC_13100",19:01:00,22:30:00,8,9,9,10,"ARRÊT",1,1,1,0,6,0,1,1,0,209
"FR-1-H_32_34_5729_6","FR-1-H_32_34_5729","FR_CCMHB_28000","FR_PAUC_13100","FR_PAUC_13100",23:03:00,25:13:00,9,11,10,12,"TIR CONTRÉ",1,1,0,1,3,0,2,2,0,130
"FR-1-H_32_34_5729_7","FR-1-H_32_34_5729","FR_CCMHB_28000","FR_PAUC_13100","FR_CCMHB_28000",32:15:00,34:51:00,12,14,13,15,"ARRÊT",2,0,0,0,2,0,-2,-2,0,156
"FR-1-H_32_34_5729_8","FR-1-H_32_34_5729","FR_CCMHB_28000","FR_PAUC_13100","FR_CCMHB_28000",36:26:00,38:10:00,14,15,15,16,"ARRÊT",1,1,1,0,2,1,-1,-1,0,104
"FR-1-H_32_34_5729_9","FR-1-H_32_34_5729","FR_CCMHB_28000","FR_PAUC_13100","FR_CCMHB_28000",38:49:00,40:15:00,16,16,17,17,"ARRÊT",1,1,0,0,3,0,0,0,0,86
"FR-1-H_32_34_5730_1","FR-1-H_32_34_5730","FR_USCHB_94000","FR_PSGHB_75016","FR_PSGHB_75016",03:12:00,04:50:00,1,2,2,3,"TIR DIFFICILE",2,1,0,0,1,1,1,1,0,98
"FR-1-H_32_34_5730_10","FR-1-H_32_34_5730","FR_USCHB_94000","FR_PSGHB_75016","FR_USCHB_94000",46:57:00,47:58:00,19,32,20,33,"TIR DIFFICILE",1,1,0,0,0,0,-13,-13,0,61
"FR-1-H_32_34_5730_11","FR-1-H_32_34_5730","FR_USCHB_94000","FR_PSGHB_75016","FR_PSGHB_75016",47:58:00,49:28:00,20,33,21,35,"ARRÊT",1,2,0,0,0,2,13,14,1,90
"FR-1-H_32_34_5730_12","FR-1-H_32_34_5730","FR_USCHB_94000","FR_PSGHB_75016","FR_USCHB_94000",49:28:00,51:25:00,21,35,22,36,"PASSE INCOMPLETE",1,2,0,0,1,0,-14,-14,0,117
"FR-1-H_32_34_5730_13","FR-1-H_32_34_5730","FR_USCHB_94000","FR_PSGHB_75016","FR_USCHB_94000",55:33:00,57:51:00,25,38,27,39,"HORS CADRE",2,1,0,0,2,1,-13,-12,1,138
"FR-1-H_32_34_5730_14","FR-1-H_32_34_5730","FR_USCHB_94000","FR_PSGHB_75016","FR_PSGHB_75016",57:51:00,59:58:00,27,39,NA,NA,"TIR DIFFICILE",2,1,0,2,5,0,12,NA,NA,127
"FR-1-H_32_34_5730_2","FR-1-H_32_34_5730","FR_USCHB_94000","FR_PSGHB_75016","FR_PSGHB_75016",05:24:00,07:34:00,2,4,3,5,"POTEAU",1,1,1,0,3,1,2,2,0,130
"FR-1-H_32_34_5730_3","FR-1-H_32_34_5730","FR_USCHB_94000","FR_PSGHB_75016","FR_PSGHB_75016",07:52:00,11:18:00,3,6,4,8,"PASSE INCOMPLETE",1,1,0,3,6,0,3,4,1,206
"FR-1-H_32_34_5730_4","FR-1-H_32_34_5730","FR_USCHB_94000","FR_PSGHB_75016","FR_PSGHB_75016",11:57:00,13:30:00,4,9,5,10,"ARRÊT",1,1,1,0,2,0,5,5,0,93
"FR-1-H_32_34_5730_5","FR-1-H_32_34_5730","FR_USCHB_94000","FR_PSGHB_75016","FR_PSGHB_75016",18:55:00,26:18:00,8,14,9,20,"HORS CADRE",1,6,1,3,9,2,6,11,5,443
"FR-1-H_32_34_5730_6","FR-1-H_32_34_5730","FR_USCHB_94000","FR_PSGHB_75016","FR_PSGHB_75016",26:59:00,29:19:00,9,21,10,22,"ARRÊT",1,0,0,3,6,1,12,12,0,140
"FR-1-H_32_34_5730_7","FR-1-H_32_34_5730","FR_USCHB_94000","FR_PSGHB_75016","FR_USCHB_94000",29:19:00,31:47:00,10,22,11,23,"TIR DIFFICILE",0,1,1,1,3,0,-12,-12,0,148
"FR-1-H_32_34_5730_8","FR-1-H_32_34_5730","FR_USCHB_94000","FR_PSGHB_75016","FR_PSGHB_75016",34:00:00,36:22:00,13,25,14,26,"TIR DIFFICILE",1,1,0,1,4,0,12,12,0,142
"FR-1-H_32_34_5730_9","FR-1-H_32_34_5730","FR_USCHB_94000","FR_PSGHB_75016","FR_PSGHB_75016",38:11:00,41:40:00,15,28,16,29,"ARRÊT",1,1,2,4,7,1,13,13,0,209
"FR-1-H_32_34_5731_1","FR-1-H_32_34_5731","FR_LHB_87000","FR_USIHB_94200","FR_USIHB_94200",01:47:00,02:53:00,1,1,2,2,"2 MINUTES",1,1,0,0,1,0,0,0,0,66
"FR-1-H_32_34_5731_10","FR-1-H_32_34_5731","FR_LHB_87000","FR_USIHB_94200","FR_USIHB_94200",41:29:00,45:21:00,24,19,25,21,"INTERCEPTION",1,3,1,2,5,1,-5,-4,1,232
"FR-1-H_32_34_5731_11","FR-1-H_32_34_5731","FR_LHB_87000","FR_USIHB_94200","FR_LHB_87000",46:54:00,48:17:00,26,22,27,23,"TIR DIFFICILE",1,1,1,0,2,2,4,4,0,83
"FR-1-H_32_34_5731_12","FR-1-H_32_34_5731","FR_LHB_87000","FR_USIHB_94200","FR_USIHB_94200",48:17:00,50:52:00,27,23,28,24,"TIR DIFFICILE",1,1,0,2,6,0,-4,-4,0,155
"FR-1-H_32_34_5731_13","FR-1-H_32_34_5731","FR_LHB_87000","FR_USIHB_94200","FR_USIHB_94200",51:51:00,54:34:00,28,25,29,27,"TIR DIFFICILE",2,2,0,0,2,1,-3,-2,1,163
"FR-1-H_32_34_5731_14","FR-1-H_32_34_5731","FR_LHB_87000","FR_USIHB_94200","FR_LHB_87000",54:34:00,60:00:00,29,27,NA,NA,"PASSAGE EN FORCE",5,0,3,2,11,0,2,NA,NA,326
"FR-1-H_32_34_5731_2","FR-1-H_32_34_5731","FR_LHB_87000","FR_USIHB_94200","FR_LHB_87000",03:32:00,05:31:00,3,3,4,4,"INTERCEPTION",1,0,0,0,1,0,0,0,0,119
"FR-1-H_32_34_5731_3","FR-1-H_32_34_5731","FR_LHB_87000","FR_USIHB_94200","FR_USIHB_94200",07:11:00,11:18:00,5,5,6,6,"2 MINUTES",1,1,0,1,6,0,0,0,0,247
"FR-1-H_32_34_5731_4","FR-1-H_32_34_5731","FR_LHB_87000","FR_USIHB_94200","FR_USIHB_94200",19:02:00,20:05:00,10,11,10,12,"ARRÊT",0,1,0,0,3,0,1,2,1,63
"FR-1-H_32_34_5731_6","FR-1-H_32_34_5731","FR_LHB_87000","FR_USIHB_94200","FR_LHB_87000",23:14:00,25:05:00,12,13,13,14,"MARCHÉ",1,1,1,0,4,1,-1,-1,0,111
"FR-1-H_32_34_5731_7","FR-1-H_32_34_5731","FR_LHB_87000","FR_USIHB_94200","FR_LHB_87000",26:33:00,29:26:00,14,14,16,15,"TIR DIFFICILE",2,1,1,0,4,1,0,1,1,173
"FR-1-H_32_34_5731_8","FR-1-H_32_34_5731","FR_LHB_87000","FR_USIHB_94200","FR_LHB_87000",30:29:00,31:54:00,17,15,18,16,"TIR DIFFICILE",1,1,0,0,2,0,2,2,0,85
"FR-1-H_32_34_5731_9","FR-1-H_32_34_5731","FR_LHB_87000","FR_USIHB_94200","FR_LHB_87000",35:56:00,41:29:00,21,18,24,19,"PASSE INCOMPLETE",3,2,2,0,7,2,3,5,2,333
"FR-1-H_32_34_5732_10","FR-1-H_32_34_5732","FR_MHB_34000","FR_DHBGL_59140","FR_MHB_34000",40:05:00,44:28:00,20,14,21,15,"TIR DIFFICILE",2,2,1,0,8,0,6,6,0,263
"FR-1-H_32_34_5732_11","FR-1-H_32_34_5732","FR_MHB_34000","FR_DHBGL_59140","FR_DHBGL_59140",44:28:00,50:11:00,21,15,22,17,"TEMPS MORT",1,2,0,3,10,1,-6,-5,1,343
"FR-1-H_32_34_5732_12","FR-1-H_32_34_5732","FR_MHB_34000","FR_DHBGL_59140","FR_DHBGL_59140",54:23:00,57:07:00,23,19,24,20,"TIR DIFFICILE",1,1,1,1,4,0,-4,-4,0,164
"FR-1-H_32_34_5732_2","FR-1-H_32_34_5732","FR_MHB_34000","FR_DHBGL_59140","FR_MHB_34000",06:57:00,09:46:00,4,1,6,2,"POTEAU",2,1,1,0,5,0,3,4,1,169
"FR-1-H_32_34_5732_3","FR-1-H_32_34_5732","FR_MHB_34000","FR_DHBGL_59140","FR_MHB_34000",14:08:00,16:06:00,8,3,9,4,"ARRÊT",1,3,0,0,2,1,5,5,0,118
"FR-1-H_32_34_5732_4","FR-1-H_32_34_5732","FR_MHB_34000","FR_DHBGL_59140","FR_DHBGL_59140",16:06:00,19:30:00,9,4,10,5,"TIR CONTRÉ",2,1,1,2,9,0,-5,-5,0,204
"FR-1-H_32_34_5732_5","FR-1-H_32_34_5732","FR_MHB_34000","FR_DHBGL_59140","FR_MHB_34000",19:30:00,22:04:00,10,5,11,6,"ARRÊT",1,1,0,0,3,0,5,5,0,154
"FR-1-H_32_34_5732_6","FR-1-H_32_34_5732","FR_MHB_34000","FR_DHBGL_59140","FR_DHBGL_59140",22:04:00,26:49:00,11,6,12,8,"BALLON SORTI",2,2,0,1,6,0,-5,-4,1,285
"FR-1-H_32_34_5732_7","FR-1-H_32_34_5732","FR_MHB_34000","FR_DHBGL_59140","FR_MHB_34000",28:53:00,31:42:00,14,10,15,11,"ARRÊT",1,1,0,1,5,0,4,4,0,169
"FR-1-H_32_34_5732_8","FR-1-H_32_34_5732","FR_MHB_34000","FR_DHBGL_59140","FR_MHB_34000",32:19:00,35:45:00,16,11,18,12,"PASSE INCOMPLETE",3,1,2,0,6,0,5,6,1,206
"FR-1-H_32_34_5732_9","FR-1-H_32_34_5732","FR_MHB_34000","FR_DHBGL_59140","FR_DHBGL_59140",37:25:00,40:05:00,19,13,20,14,"ARRÊT",2,1,0,1,3,1,-6,-6,0,160
"FR-1-H_32_34_5733_1","FR-1-H_32_34_5733","FR_HBCN_44200","FR_CRMHB_35510","FR_HBCN_44200",00:51:00,04:42:00,1,0,3,1,"INTERCEPTION",0,1,1,0,5,0,1,2,1,231
"FR-1-H_32_34_5733_10","FR-1-H_32_34_5733","FR_HBCN_44200","FR_CRMHB_35510","FR_HBCN_44200",42:29:00,54:31:00,25,17,36,18,"HORS CADRE",9,4,6,0,15,0,8,18,10,722
"FR-1-H_32_34_5733_11","FR-1-H_32_34_5733","FR_HBCN_44200","FR_CRMHB_35510","FR_CRMHB_35510",56:04:00,57:39:00,37,19,38,20,"BALLON SORTI",1,1,0,1,3,0,-18,-18,0,95
"FR-1-H_32_34_5733_12","FR-1-H_32_34_5733","FR_HBCN_44200","FR_CRMHB_35510","FR_HBCN_44200",57:39:00,59:27:00,38,20,40,21,"INTERCEPTION",2,1,1,0,1,0,18,19,1,108
"FR-1-H_32_34_5733_2","FR-1-H_32_34_5733","FR_HBCN_44200","FR_CRMHB_35510","FR_HBCN_44200",05:16:00,07:39:00,4,1,5,2,"REPRISE",1,1,2,0,3,0,3,3,0,143
"FR-1-H_32_34_5733_3","FR-1-H_32_34_5733","FR_HBCN_44200","FR_CRMHB_35510","FR_CRMHB_35510",07:39:00,09:04:00,5,2,6,3,"PASSAGE EN FORCE",1,0,0,1,2,0,-3,-3,0,85
"FR-1-H_32_34_5733_4","FR-1-H_32_34_5733","FR_HBCN_44200","FR_CRMHB_35510","FR_HBCN_44200",12:44:00,17:54:00,7,4,9,5,"ARRÊT",5,1,2,2,9,1,3,4,1,310
"FR-1-H_32_34_5733_5","FR-1-H_32_34_5733","FR_HBCN_44200","FR_CRMHB_35510","FR_CRMHB_35510",25:53:00,30:00:00,14,10,15,12,"ARRÊT",2,2,2,3,9,0,-4,-3,1,247
"FR-1-H_32_34_5733_6","FR-1-H_32_34_5733","FR_HBCN_44200","FR_CRMHB_35510","FR_HBCN_44200",30:00:00,32:18:00,15,12,17,13,"ARRÊT",2,2,0,0,2,0,3,4,1,138
"FR-1-H_32_34_5733_7","FR-1-H_32_34_5733","FR_HBCN_44200","FR_CRMHB_35510","FR_HBCN_44200",33:32:00,36:19:00,18,13,20,14,"2 MINUTES",2,2,0,0,1,0,5,6,1,167
"FR-1-H_32_34_5733_8","FR-1-H_32_34_5733","FR_HBCN_44200","FR_CRMHB_35510","FR_HBCN_44200",37:08:00,39:33:00,21,14,23,15,"TIR CONTRÉ",3,2,1,0,2,2,7,8,1,145
"FR-1-H_32_34_5733_9","FR-1-H_32_34_5733","FR_HBCN_44200","FR_CRMHB_35510","FR_CRMHB_35510",40:44:00,42:29:00,24,16,25,17,"PASSAGE EN FORCE",0,1,0,0,2,0,-8,-8,0,105
"FR-1-H_32_34_5734_1","FR-1-H_32_34_5734","FR_USAMNG_30918","FR_TFHB_93290","FR_TFHB_93290",01:22:00,04:00:00,1,1,2,3,"2 MINUTES",1,2,0,1,4,0,0,1,1,158
"FR-1-H_32_34_5734_10","FR-1-H_32_34_5734","FR_USAMNG_30918","FR_TFHB_93290","FR_TFHB_93290",51:58:00,57:02:00,27,23,28,26,"BALLON SORTI",1,3,0,3,10,0,-4,-2,2,304
"FR-1-H_32_34_5734_11","FR-1-H_32_34_5734","FR_USAMNG_30918","FR_TFHB_93290","FR_USAMNG_30918",58:21:00,59:36:00,29,27,NA,NA,"INTERCEPTION",0,0,1,0,3,0,2,NA,NA,75
"FR-1-H_32_34_5734_2","FR-1-H_32_34_5734","FR_USAMNG_30918","FR_TFHB_93290","FR_USAMNG_30918",07:52:00,10:52:00,3,5,4,6,"FAUTE OFFENSIVE",1,1,1,1,5,0,-2,-2,0,180
"FR-1-H_32_34_5734_3","FR-1-H_32_34_5734","FR_USAMNG_30918","FR_TFHB_93290","FR_USAMNG_30918",14:27:00,21:44:00,7,9,10,10,"2 MINUTES",5,3,3,1,9,1,-2,0,2,437
"FR-1-H_32_34_5734_4","FR-1-H_32_34_5734","FR_USAMNG_30918","FR_TFHB_93290","FR_USAMNG_30918",28:12:00,29:54:00,14,13,15,14,"ARRÊT",1,1,0,0,3,1,1,1,0,102
"FR-1-H_32_34_5734_5","FR-1-H_32_34_5734","FR_USAMNG_30918","FR_TFHB_93290","FR_TFHB_93290",34:24:00,37:08:00,17,16,18,17,"2 MINUTES",1,1,0,0,3,0,-1,-1,0,164
"FR-1-H_32_34_5734_6","FR-1-H_32_34_5734","FR_USAMNG_30918","FR_TFHB_93290","FR_USAMNG_30918",37:08:00,41:50:00,18,17,20,18,"TIR DIFFICILE",2,2,1,1,8,1,1,2,1,282
"FR-1-H_32_34_5734_7","FR-1-H_32_34_5734","FR_USAMNG_30918","FR_TFHB_93290","FR_USAMNG_30918",41:58:00,43:15:00,21,18,22,19,"TIR DIFFICILE",1,1,1,0,3,0,3,3,0,77
"FR-1-H_32_34_5734_8","FR-1-H_32_34_5734","FR_USAMNG_30918","FR_TFHB_93290","FR_TFHB_93290",44:39:00,45:59:00,23,20,24,21,"TIR DIFFICILE",1,1,0,0,0,0,-3,-3,0,80
"FR-1-H_32_34_5734_9","FR-1-H_32_34_5734","FR_USAMNG_30918","FR_TFHB_93290","FR_USAMNG_30918",45:59:00,50:09:00,24,21,26,22,"ARRÊT",2,2,1,0,5,1,3,4,1,250
"FR-1-H_32_34_5735_1","FR-1-H_32_34_5735","FR_FTHB_31000","FR_IPHB_13806","FR_IPHB_13806",04:21:00,08:22:00,2,2,3,4,"ARRÊT",2,3,0,1,5,0,0,1,1,241
"FR-1-H_32_34_5735_10","FR-1-H_32_34_5735","FR_FTHB_31000","FR_IPHB_13806","FR_FTHB_31000",49:07:00,51:26:00,23,17,24,18,"HORS CADRE",1,2,0,0,1,0,6,6,0,139
"FR-1-H_32_34_5735_11","FR-1-H_32_34_5735","FR_FTHB_31000","FR_IPHB_13806","FR_FTHB_31000",51:36:00,53:09:00,25,18,26,19,"2 MINUTES",2,1,0,0,1,1,7,7,0,93
"FR-1-H_32_34_5735_12","FR-1-H_32_34_5735","FR_FTHB_31000","FR_IPHB_13806","FR_FTHB_31000",53:12:00,54:57:00,27,19,29,20,"INTERCEPTION",2,1,0,0,0,1,8,9,1,105
"FR-1-H_32_34_5735_2","FR-1-H_32_34_5735","FR_FTHB_31000","FR_IPHB_13806","FR_FTHB_31000",08:22:00,12:10:00,3,4,5,5,"JEU PASSIF",4,2,0,0,6,1,-1,0,1,228
"FR-1-H_32_34_5735_3","FR-1-H_32_34_5735","FR_FTHB_31000","FR_IPHB_13806","FR_IPHB_13806",13:20:00,17:04:00,6,6,7,7,"TIR DIFFICILE",1,1,0,2,4,1,0,0,0,224
"FR-1-H_32_34_5735_4","FR-1-H_32_34_5735","FR_FTHB_31000","FR_IPHB_13806","FR_IPHB_13806",18:04:00,19:21:00,7,8,8,9,"ARRÊT",1,1,0,0,0,1,1,1,0,77
"FR-1-H_32_34_5735_5","FR-1-H_32_34_5735","FR_FTHB_31000","FR_IPHB_13806","FR_FTHB_31000",20:58:00,22:43:00,9,10,10,11,"2 MINUTES",0,2,0,0,1,0,-1,-1,0,105
"FR-1-H_32_34_5735_6","FR-1-H_32_34_5735","FR_FTHB_31000","FR_IPHB_13806","FR_FTHB_31000",22:56:00,25:41:00,11,11,12,12,"POTEAU",1,2,1,1,3,1,0,0,0,165
"FR-1-H_32_34_5735_7","FR-1-H_32_34_5735","FR_FTHB_31000","FR_IPHB_13806","FR_FTHB_31000",26:17:00,29:23:00,13,12,14,13,"2 MINUTES",1,1,2,1,5,1,1,1,0,186
"FR-1-H_32_34_5735_8","FR-1-H_32_34_5735","FR_FTHB_31000","FR_IPHB_13806","FR_FTHB_31000",34:23:00,43:13:00,17,15,20,16,"BALLON SORTI",5,1,2,5,18,1,2,4,2,530
"FR-1-H_32_34_5735_9","FR-1-H_32_34_5735","FR_FTHB_31000","FR_IPHB_13806","FR_FTHB_31000",45:14:00,46:43:00,21,16,22,17,"POTEAU",1,1,0,0,1,0,5,5,0,89
"FR-1-H_32_35_5736_1","FR-1-H_32_35_5736","FR_PAUC_13100","FR_USAMNG_30918","FR_PAUC_13100",03:43:00,07:42:00,3,2,6,3,"CARTON JAUNE",3,2,3,0,5,0,1,3,2,239
"FR-1-H_32_35_5736_10","FR-1-H_32_35_5736","FR_PAUC_13100","FR_USAMNG_30918","FR_PAUC_13100",54:03:00,59:52:00,26,17,NA,NA,"HORS CADRE",4,1,1,0,7,0,9,NA,NA,349
"FR-1-H_32_35_5736_2","FR-1-H_32_35_5736","FR_PAUC_13100","FR_USAMNG_30918","FR_PAUC_13100",10:39:00,16:40:00,7,3,8,4,"ARRÊT",4,1,1,1,11,0,4,4,0,361
"FR-1-H_32_35_5736_3","FR-1-H_32_35_5736","FR_PAUC_13100","FR_USAMNG_30918","FR_PAUC_13100",16:52:00,18:02:00,9,4,10,5,"INTERCEPTION",1,1,0,0,1,0,5,5,0,70
"FR-1-H_32_35_5736_4","FR-1-H_32_35_5736","FR_PAUC_13100","FR_USAMNG_30918","FR_USAMNG_30918",18:02:00,20:03:00,10,5,11,6,"ARRÊT",1,1,0,1,2,0,-5,-5,0,121
"FR-1-H_32_35_5736_5","FR-1-H_32_35_5736","FR_PAUC_13100","FR_USAMNG_30918","FR_PAUC_13100",20:03:00,21:36:00,11,6,12,7,"INTERCEPTION",1,1,1,0,2,0,5,5,0,93
"FR-1-H_32_35_5736_6","FR-1-H_32_35_5736","FR_PAUC_13100","FR_USAMNG_30918","FR_USAMNG_30918",24:53:00,26:57:00,13,8,14,9,"TIR DIFFICILE",2,1,0,0,0,0,-5,-5,0,124
"FR-1-H_32_35_5736_7","FR-1-H_32_35_5736","FR_PAUC_13100","FR_USAMNG_30918","FR_PAUC_13100",26:57:00,32:04:00,14,9,16,10,"2 MINUTES",3,3,1,1,6,1,5,6,1,307
"FR-1-H_32_35_5736_8","FR-1-H_32_35_5736","FR_PAUC_13100","FR_USAMNG_30918","FR_PAUC_13100",35:29:00,38:16:00,17,10,18,11,"PASSAGE EN FORCE",1,0,0,0,5,0,7,7,0,167
"FR-1-H_32_35_5736_9","FR-1-H_32_35_5736","FR_PAUC_13100","FR_USAMNG_30918","FR_PAUC_13100",51:13:00,53:28:00,24,16,25,17,"ARRÊT",1,2,1,1,2,0,8,8,0,135
"FR-1-H_32_35_5737_1","FR-1-H_32_35_5737","FR_CRMHB_35510","FR_USCHB_94000","FR_USCHB_94000",04:47:00,06:25:00,3,3,4,4,"INTERCEPTION",1,1,0,0,2,1,0,0,0,98
"FR-1-H_32_35_5737_10","FR-1-H_32_35_5737","FR_CRMHB_35510","FR_USCHB_94000","FR_CRMHB_35510",44:04:00,45:56:00,23,21,25,22,"TIR CONTRÉ",2,1,1,0,2,1,2,3,1,112
"FR-1-H_32_35_5737_11","FR-1-H_32_35_5737","FR_CRMHB_35510","FR_USCHB_94000","FR_USCHB_94000",45:56:00,47:31:00,25,22,26,23,"TEMPS MORT",1,2,0,0,3,0,-3,-3,0,95
"FR-1-H_32_35_5737_12","FR-1-H_32_35_5737","FR_CRMHB_35510","FR_USCHB_94000","FR_CRMHB_35510",47:31:00,50:49:00,26,23,27,24,"ARRÊT",3,1,0,0,8,0,3,3,0,198
"FR-1-H_32_35_5737_13","FR-1-H_32_35_5737","FR_CRMHB_35510","FR_USCHB_94000","FR_CRMHB_35510",51:30:00,52:17:00,28,24,29,25,"TIR CONTRÉ",1,1,0,0,1,2,4,4,0,47
"FR-1-H_32_35_5737_14","FR-1-H_32_35_5737","FR_CRMHB_35510","FR_USCHB_94000","FR_USCHB_94000",52:17:00,55:00:00,29,25,30,26,"TIR DIFFICILE",1,1,0,0,2,2,-4,-4,0,163
"FR-1-H_32_35_5737_2","FR-1-H_32_35_5737","FR_CRMHB_35510","FR_USCHB_94000","FR_USCHB_94000",19:12:00,20:16:00,8,9,9,10,"ARRÊT",1,1,0,0,1,0,1,1,0,64
"FR-1-H_32_35_5737_3","FR-1-H_32_35_5737","FR_CRMHB_35510","FR_USCHB_94000","FR_CRMHB_35510",20:16:00,22:13:00,9,10,10,11,"TEMPS MORT",1,1,1,0,3,1,-1,-1,0,117
"FR-1-H_32_35_5737_4","FR-1-H_32_35_5737","FR_CRMHB_35510","FR_USCHB_94000","FR_USCHB_94000",27:56:00,33:00:00,12,13,13,14,"ARRÊT",1,1,2,1,9,1,1,1,0,304
"FR-1-H_32_35_5737_5","FR-1-H_32_35_5737","FR_CRMHB_35510","FR_USCHB_94000","FR_USCHB_94000",33:45:00,34:24:00,13,15,14,16,"PASSE INCOMPLETE",1,1,0,0,0,0,2,2,0,39
"FR-1-H_32_35_5737_6","FR-1-H_32_35_5737","FR_CRMHB_35510","FR_USCHB_94000","FR_CRMHB_35510",34:24:00,36:03:00,14,16,15,17,"TIR DIFFICILE",1,1,1,0,4,0,-2,-2,0,99
"FR-1-H_32_35_5737_7","FR-1-H_32_35_5737","FR_CRMHB_35510","FR_USCHB_94000","FR_CRMHB_35510",36:39:00,38:25:00,16,17,17,18,"TIR CONTRÉ",1,0,1,0,2,0,-1,-1,0,106
"FR-1-H_32_35_5737_8","FR-1-H_32_35_5737","FR_CRMHB_35510","FR_USCHB_94000","FR_CRMHB_35510",39:54:00,41:33:00,19,19,20,20,"TIR DIFFICILE",1,1,1,0,3,0,0,0,0,99
"FR-1-H_32_35_5737_9","FR-1-H_32_35_5737","FR_CRMHB_35510","FR_USCHB_94000","FR_CRMHB_35510",41:40:00,43:43:00,21,20,22,21,"ARRÊT",1,2,0,0,4,0,1,1,0,123
"FR-1-H_32_35_5738_1","FR-1-H_32_35_5738","FR_DHBGL_59140","FR_HBCN_44200","FR_HBCN_44200",05:59:00,13:41:00,3,3,4,5,"TIR DIFFICILE",3,2,3,1,12,0,0,1,1,462
"FR-1-H_32_35_5738_10","FR-1-H_32_35_5738","FR_DHBGL_59140","FR_HBCN_44200","FR_DHBGL_59140",50:08:00,52:10:00,18,20,19,21,"PASSE INCOMPLETE",1,1,0,0,3,0,-2,-2,0,122
"FR-1-H_32_35_5738_11","FR-1-H_32_35_5738","FR_DHBGL_59140","FR_HBCN_44200","FR_HBCN_44200",52:10:00,59:39:00,19,21,20,24,"2 MINUTES",1,4,0,1,13,1,2,4,2,449
"FR-1-H_32_35_5738_2","FR-1-H_32_35_5738","FR_DHBGL_59140","FR_HBCN_44200","FR_HBCN_44200",14:12:00,16:16:00,4,6,5,7,"PASSAGE EN FORCE",1,1,0,1,2,0,2,2,0,124
"FR-1-H_32_35_5738_3","FR-1-H_32_35_5738","FR_DHBGL_59140","FR_HBCN_44200","FR_DHBGL_59140",16:16:00,22:58:00,5,7,8,8,"PASSAGE EN FORCE",4,1,5,2,13,3,-2,0,2,402
"FR-1-H_32_35_5738_4","FR-1-H_32_35_5738","FR_DHBGL_59140","FR_HBCN_44200","FR_HBCN_44200",22:58:00,25:59:00,8,8,9,10,"MARCHÉ",1,3,0,0,5,0,0,1,1,181
"FR-1-H_32_35_5738_5","FR-1-H_32_35_5738","FR_DHBGL_59140","FR_HBCN_44200","FR_DHBGL_59140",25:59:00,27:31:00,9,10,10,11,"TEMPS MORT",1,0,1,0,3,0,-1,-1,0,92
"FR-1-H_32_35_5738_6","FR-1-H_32_35_5738","FR_DHBGL_59140","FR_HBCN_44200","FR_HBCN_44200",29:52:00,32:41:00,11,12,12,13,"HORS CADRE",1,2,0,1,7,0,1,1,0,169
"FR-1-H_32_35_5738_7","FR-1-H_32_35_5738","FR_DHBGL_59140","FR_HBCN_44200","FR_DHBGL_59140",32:41:00,33:45:00,12,13,13,14,"ZONE",1,1,0,0,0,0,-1,-1,0,64
"FR-1-H_32_35_5738_8","FR-1-H_32_35_5738","FR_DHBGL_59140","FR_HBCN_44200","FR_HBCN_44200",33:45:00,36:56:00,13,14,14,15,"ARRÊT",1,1,1,2,6,1,1,1,0,191
"FR-1-H_32_35_5738_9","FR-1-H_32_35_5738","FR_DHBGL_59140","FR_HBCN_44200","FR_HBCN_44200",43:26:00,45:50:00,16,18,17,19,"TIR DIFFICILE",2,1,0,1,3,0,2,2,0,144
"FR-1-H_32_35_5739_10","FR-1-H_32_35_5739","FR_USIHB_94200","FR_FTHB_31000","FR_FTHB_31000",35:39:00,39:26:00,17,17,18,18,"TIR DIFFICILE",2,1,0,1,5,1,0,0,0,227
"FR-1-H_32_35_5739_11","FR-1-H_32_35_5739","FR_USIHB_94200","FR_FTHB_31000","FR_FTHB_31000",40:15:00,43:27:00,18,19,19,20,"ARRÊT",1,2,0,2,3,1,1,1,0,192
"FR-1-H_32_35_5739_12","FR-1-H_32_35_5739","FR_USIHB_94200","FR_FTHB_31000","FR_USIHB_94200",43:27:00,46:08:00,19,20,20,21,"TIR DIFFICILE",1,1,1,1,4,0,-1,-1,0,161
"FR-1-H_32_35_5739_13","FR-1-H_32_35_5739","FR_USIHB_94200","FR_FTHB_31000","FR_FTHB_31000",47:31:00,51:56:00,21,22,22,23,"ARRÊT",1,2,1,1,7,1,1,1,0,265
"FR-1-H_32_35_5739_14","FR-1-H_32_35_5739","FR_USIHB_94200","FR_FTHB_31000","FR_USIHB_94200",51:56:00,55:09:00,22,23,23,24,"INTERCEPTION",0,1,1,0,5,0,-1,-1,0,193
"FR-1-H_32_35_5739_15","FR-1-H_32_35_5739","FR_USIHB_94200","FR_FTHB_31000","FR_FTHB_31000",55:09:00,58:06:00,23,24,24,25,"REPRISE",1,2,0,1,5,0,1,1,0,177
"FR-1-H_32_35_5739_2","FR-1-H_32_35_5739","FR_USIHB_94200","FR_FTHB_31000","FR_FTHB_31000",02:46:00,04:52:00,2,2,3,3,"TIR DIFFICILE",1,1,0,1,3,1,0,0,0,126
"FR-1-H_32_35_5739_3","FR-1-H_32_35_5739","FR_USIHB_94200","FR_FTHB_31000","FR_FTHB_31000",05:22:00,06:20:00,3,4,4,5,"TIR DIFFICILE",1,1,0,0,0,0,1,1,0,58
"FR-1-H_32_35_5739_4","FR-1-H_32_35_5739","FR_USIHB_94200","FR_FTHB_31000","FR_USIHB_94200",06:20:00,09:34:00,4,5,5,6,"PASSE INCOMPLETE",2,1,0,1,5,1,-1,-1,0,194
"FR-1-H_32_35_5739_5","FR-1-H_32_35_5739","FR_USIHB_94200","FR_FTHB_31000","FR_FTHB_31000",09:34:00,11:57:00,5,6,6,8,"TEMPS MORT",1,2,0,0,2,1,1,2,1,143
"FR-1-H_32_35_5739_6","FR-1-H_32_35_5739","FR_USIHB_94200","FR_FTHB_31000","FR_FTHB_31000",12:33:00,13:41:00,6,9,7,10,"PASSE INCOMPLETE",1,1,0,1,2,1,3,3,0,68
"FR-1-H_32_35_5739_7","FR-1-H_32_35_5739","FR_USIHB_94200","FR_FTHB_31000","FR_USIHB_94200",13:41:00,14:50:00,7,10,8,11,"TIR DIFFICILE",1,1,1,0,2,1,-3,-3,0,69
"FR-1-H_32_35_5739_8","FR-1-H_32_35_5739","FR_USIHB_94200","FR_FTHB_31000","FR_USIHB_94200",26:16:00,29:58:00,13,15,15,16,"TEMPS MORT",2,1,1,0,5,0,-2,-1,1,222
"FR-1-H_32_35_5739_9","FR-1-H_32_35_5739","FR_USIHB_94200","FR_FTHB_31000","FR_USIHB_94200",33:06:00,35:39:00,16,16,17,17,"2 MINUTES",2,2,0,0,4,2,0,0,0,153
"FR-1-H_32_35_5740_1","FR-1-H_32_35_5740","FR_MHB_34000","FR_CSMBHB_73000","FR_MHB_34000",00:38:00,04:55:00,1,0,4,1,"ARRÊT",3,2,0,1,5,2,1,3,2,257
"FR-1-H_32_35_5740_10","FR-1-H_32_35_5740","FR_MHB_34000","FR_CSMBHB_73000","FR_MHB_34000",47:16:00,48:40:00,35,22,35,22,"TIR DIFFICILE",0,0,0,1,3,0,13,13,0,84
"FR-1-H_32_35_5740_12","FR-1-H_32_35_5740","FR_MHB_34000","FR_CSMBHB_73000","FR_MHB_34000",53:13:00,54:42:00,38,25,39,26,"TIR DIFFICILE",1,0,1,0,2,0,13,13,0,89
"FR-1-H_32_35_5740_13","FR-1-H_32_35_5740","FR_MHB_34000","FR_CSMBHB_73000","FR_MHB_34000",58:28:00,60:00:00,41,27,NA,NA,"HORS CADRE",1,1,0,0,2,0,14,NA,NA,92
"FR-1-H_32_35_5740_2","FR-1-H_32_35_5740","FR_MHB_34000","FR_CSMBHB_73000","FR_MHB_34000",05:27:00,08:08:00,5,1,8,2,"INTERCEPTION",2,3,0,1,5,0,4,6,2,161
"FR-1-H_32_35_5740_3","FR-1-H_32_35_5740","FR_MHB_34000","FR_CSMBHB_73000","FR_CSMBHB_73000",10:16:00,11:30:00,8,3,9,4,"ARRÊT",1,1,0,0,0,1,-5,-5,0,74
"FR-1-H_32_35_5740_4","FR-1-H_32_35_5740","FR_MHB_34000","FR_CSMBHB_73000","FR_CSMBHB_73000",14:22:00,18:03:00,10,6,11,7,"TIR DIFFICILE",2,1,2,2,8,1,-4,-4,0,221
"FR-1-H_32_35_5740_5","FR-1-H_32_35_5740","FR_MHB_34000","FR_CSMBHB_73000","FR_MHB_34000",18:03:00,22:54:00,11,7,14,8,"TIR DIFFICILE",3,1,2,2,8,0,4,6,2,291
"FR-1-H_32_35_5740_6","FR-1-H_32_35_5740","FR_MHB_34000","FR_CSMBHB_73000","FR_MHB_34000",29:55:00,32:06:00,20,13,21,14,"TIR DIFFICILE",1,2,1,0,5,0,7,7,0,131
"FR-1-H_32_35_5740_7","FR-1-H_32_35_5740","FR_MHB_34000","FR_CSMBHB_73000","FR_MHB_34000",32:15:00,34:23:00,22,14,23,15,"ARRÊT",1,1,1,0,3,2,8,8,0,128
"FR-1-H_32_35_5740_8","FR-1-H_32_35_5740","FR_MHB_34000","FR_CSMBHB_73000","FR_MHB_34000",37:35:00,39:26:00,26,17,27,18,"ARRÊT",1,1,2,0,3,2,9,9,0,111
"FR-1-H_32_35_5740_9","FR-1-H_32_35_5740","FR_MHB_34000","FR_CSMBHB_73000","FR_MHB_34000",41:44:00,44:30:00,29,19,33,20,"TIR CONTRÉ",4,2,0,0,1,3,10,13,3,166
"FR-1-H_32_35_5741_10","FR-1-H_32_35_5741","FR_PSGHB_75016","FR_IPHB_13806","FR_PSGHB_75016",32:20:00,35:40:00,20,15,22,16,"TEMPS MORT",1,1,1,1,5,0,5,6,1,200
"FR-1-H_32_35_5741_11","FR-1-H_32_35_5741","FR_PSGHB_75016","FR_IPHB_13806","FR_PSGHB_75016",36:08:00,38:09:00,23,16,24,17,"TIR DIFFICILE",1,0,1,0,3,0,7,7,0,121
"FR-1-H_32_35_5741_12","FR-1-H_32_35_5741","FR_PSGHB_75016","FR_IPHB_13806","FR_PSGHB_75016",43:19:00,47:27:00,27,19,30,20,"POTEAU",3,0,2,0,3,1,8,10,2,248
"FR-1-H_32_35_5741_13","FR-1-H_32_35_5741","FR_PSGHB_75016","FR_IPHB_13806","FR_IPHB_13806",50:26:00,53:21:00,32,22,33,24,"2 MINUTES",1,3,0,3,4,0,-10,-9,1,175
"FR-1-H_32_35_5741_14","FR-1-H_32_35_5741","FR_PSGHB_75016","FR_IPHB_13806","FR_PSGHB_75016",53:21:00,55:38:00,33,24,34,25,"POTEAU",1,1,0,0,3,0,9,9,0,137
"FR-1-H_32_35_5741_15","FR-1-H_32_35_5741","FR_PSGHB_75016","FR_IPHB_13806","FR_PSGHB_75016",58:03:00,59:45:00,36,26,NA,NA,"TIR DIFFICILE",2,1,0,0,0,0,10,NA,NA,102
"FR-1-H_32_35_5741_2","FR-1-H_32_35_5741","FR_PSGHB_75016","FR_IPHB_13806","FR_PSGHB_75016",04:56:00,07:28:00,3,2,4,3,"POTEAU",2,1,0,0,0,2,1,1,0,152
"FR-1-H_32_35_5741_3","FR-1-H_32_35_5741","FR_PSGHB_75016","FR_IPHB_13806","FR_IPHB_13806",09:42:00,11:51:00,6,5,7,6,"TIR DIFFICILE",0,0,0,0,2,0,-1,-1,0,129
"FR-1-H_32_35_5741_4","FR-1-H_32_35_5741","FR_PSGHB_75016","FR_IPHB_13806","FR_PSGHB_75016",11:51:00,14:26:00,7,6,9,7,"2 MINUTES",2,1,1,1,2,1,1,2,1,155
"FR-1-H_32_35_5741_5","FR-1-H_32_35_5741","FR_PSGHB_75016","FR_IPHB_13806","FR_IPHB_13806",15:46:00,17:42:00,10,8,11,9,"TIR DIFFICILE",2,1,1,1,3,1,-2,-2,0,116
"FR-1-H_32_35_5741_6","FR-1-H_32_35_5741","FR_PSGHB_75016","FR_IPHB_13806","FR_PSGHB_75016",20:17:00,22:30:00,13,11,14,12,"TIR DIFFICILE",1,1,0,0,2,1,2,2,0,133
"FR-1-H_32_35_5741_7","FR-1-H_32_35_5741","FR_PSGHB_75016","FR_IPHB_13806","FR_IPHB_13806",22:30:00,23:34:00,14,12,15,13,"PASSE INCOMPLETE",0,1,0,1,2,0,-2,-2,0,64
"FR-1-H_32_35_5741_8","FR-1-H_32_35_5741","FR_PSGHB_75016","FR_IPHB_13806","FR_PSGHB_75016",23:34:00,26:04:00,15,13,17,14,"INTERCEPTION",2,2,1,0,1,1,2,3,1,150
"FR-1-H_32_35_5741_9","FR-1-H_32_35_5741","FR_PSGHB_75016","FR_IPHB_13806","FR_PSGHB_75016",26:16:00,31:34:00,18,14,19,15,"TIR DIFFICILE",1,0,2,2,9,1,4,4,0,318
"FR-1-H_32_35_5742_1","FR-1-H_32_35_5742","FR_SRVHB_83700","FR_LHB_87000","FR_SRVHB_83700",06:08:00,07:16:00,3,3,4,4,"CARTON JAUNE",1,1,2,0,2,0,0,0,0,68
"FR-1-H_32_35_5742_10","FR-1-H_32_35_5742","FR_SRVHB_83700","FR_LHB_87000","FR_LHB_87000",49:05:00,51:11:00,29,24,30,25,"TIR DIFFICILE",2,1,0,0,3,0,-5,-5,0,126
"FR-1-H_32_35_5742_11","FR-1-H_32_35_5742","FR_SRVHB_83700","FR_LHB_87000","FR_SRVHB_83700",52:14:00,53:01:00,31,26,32,27,"ARRÊT",1,1,0,0,0,0,5,5,0,47
"FR-1-H_32_35_5742_12","FR-1-H_32_35_5742","FR_SRVHB_83700","FR_LHB_87000","FR_LHB_87000",53:01:00,56:50:00,32,27,33,29,"2 MINUTES",2,2,1,3,7,0,-5,-4,1,229
"FR-1-H_32_35_5742_13","FR-1-H_32_35_5742","FR_SRVHB_83700","FR_LHB_87000","FR_SRVHB_83700",57:34:00,59:52:00,34,30,NA,NA,"TIR DIFFICILE",1,2,0,0,0,0,4,NA,NA,138
"FR-1-H_32_35_5742_2","FR-1-H_32_35_5742","FR_SRVHB_83700","FR_LHB_87000","FR_SRVHB_83700",15:35:00,21:05:00,10,9,13,10,"ARRÊT",2,3,3,0,8,1,1,3,2,330
"FR-1-H_32_35_5742_3","FR-1-H_32_35_5742","FR_SRVHB_83700","FR_LHB_87000","FR_LHB_87000",21:05:00,23:04:00,13,10,14,11,"2 MINUTES",1,1,0,1,3,1,-3,-3,0,119
"FR-1-H_32_35_5742_4","FR-1-H_32_35_5742","FR_SRVHB_83700","FR_LHB_87000","FR_SRVHB_83700",23:04:00,24:33:00,14,11,15,12,"TEMPS MORT",1,1,0,0,2,1,3,3,0,89
"FR-1-H_32_35_5742_5","FR-1-H_32_35_5742","FR_SRVHB_83700","FR_LHB_87000","FR_LHB_87000",24:33:00,29:13:00,15,12,16,15,"TIR DIFFICILE",2,4,1,2,8,1,-3,-1,2,280
"FR-1-H_32_35_5742_6","FR-1-H_32_35_5742","FR_SRVHB_83700","FR_LHB_87000","FR_SRVHB_83700",29:13:00,31:33:00,16,15,17,16,"ARRÊT",1,2,0,2,5,0,1,1,0,140
"FR-1-H_32_35_5742_7","FR-1-H_32_35_5742","FR_SRVHB_83700","FR_LHB_87000","FR_SRVHB_83700",32:08:00,34:20:00,18,16,20,17,"BALLON SORTI",2,1,0,0,2,1,2,3,1,132
"FR-1-H_32_35_5742_8","FR-1-H_32_35_5742","FR_SRVHB_83700","FR_LHB_87000","FR_SRVHB_83700",42:41:00,44:24:00,25,21,26,22,"ARRÊT",1,1,0,0,1,1,4,4,0,103
"FR-1-H_32_35_5742_9","FR-1-H_32_35_5742","FR_SRVHB_83700","FR_LHB_87000","FR_SRVHB_83700",47:59:00,49:05:00,28,23,29,24,"TEMPS MORT",1,1,1,0,1,1,5,5,0,66
"FR-1-H_32_35_5743_1","FR-1-H_32_35_5743","FR_TFHB_93290","FR_CCMHB_28000","FR_TFHB_93290",03:16:00,06:42:00,2,2,4,3,"TIR DIFFICILE",1,0,0,0,5,1,0,1,1,206
"FR-1-H_32_35_5743_10","FR-1-H_32_35_5743","FR_TFHB_93290","FR_CCMHB_28000","FR_CCMHB_28000",45:13:00,47:41:00,16,21,17,23,"TIR DIFFICILE",0,2,0,2,5,0,5,6,1,148
"FR-1-H_32_35_5743_11","FR-1-H_32_35_5743","FR_TFHB_93290","FR_CCMHB_28000","FR_TFHB_93290",53:29:00,56:37:00,19,25,21,26,"TIR DIFFICILE",2,2,1,1,5,0,-6,-5,1,188
"FR-1-H_32_35_5743_12","FR-1-H_32_35_5743","FR_TFHB_93290","FR_CCMHB_28000","FR_CCMHB_28000",56:39:00,57:41:00,21,26,22,27,"ARRÊT",2,1,0,0,0,1,5,5,0,62
"FR-1-H_32_35_5743_13","FR-1-H_32_35_5743","FR_TFHB_93290","FR_CCMHB_28000","FR_TFHB_93290",57:41:00,59:36:00,22,27,23,28,"TIR DIFFICILE",1,1,1,1,3,0,-5,-5,0,115
"FR-1-H_32_35_5743_2","FR-1-H_32_35_5743","FR_TFHB_93290","FR_CCMHB_28000","FR_TFHB_93290",07:28:00,13:55:00,5,3,6,4,"FAUTE OFFENSIVE",4,1,1,1,10,1,2,2,0,387
"FR-1-H_32_35_5743_3","FR-1-H_32_35_5743","FR_TFHB_93290","FR_CCMHB_28000","FR_CCMHB_28000",13:55:00,16:05:00,6,4,7,5,"HORS CADRE",1,1,0,0,2,0,-2,-2,0,130
"FR-1-H_32_35_5743_4","FR-1-H_32_35_5743","FR_TFHB_93290","FR_CCMHB_28000","FR_CCMHB_28000",17:41:00,22:15:00,7,6,8,8,"TIR DIFFICILE",2,2,0,1,6,0,-1,0,1,274
"FR-1-H_32_35_5743_5","FR-1-H_32_35_5743","FR_TFHB_93290","FR_CCMHB_28000","FR_CCMHB_28000",22:41:00,24:40:00,8,9,9,11,"TIR DIFFICILE",0,2,0,0,3,1,1,2,1,119
"FR-1-H_32_35_5743_6","FR-1-H_32_35_5743","FR_TFHB_93290","FR_CCMHB_28000","FR_TFHB_93290",24:40:00,31:10:00,9,11,11,12,"2 MINUTES",1,2,2,2,11,0,-2,-1,1,390
"FR-1-H_32_35_5743_7","FR-1-H_32_35_5743","FR_TFHB_93290","FR_CCMHB_28000","FR_CCMHB_28000",31:10:00,32:21:00,11,12,12,13,"ARRÊT",1,1,0,1,1,1,1,1,0,71
"FR-1-H_32_35_5743_8","FR-1-H_32_35_5743","FR_TFHB_93290","FR_CCMHB_28000","FR_CCMHB_28000",34:44:00,38:04:00,12,14,13,16,"MARCHÉ",2,2,0,1,3,1,2,3,1,200
"FR-1-H_32_35_5743_9","FR-1-H_32_35_5743","FR_TFHB_93290","FR_CCMHB_28000","FR_CCMHB_28000",41:35:00,42:16:00,14,18,15,19,"TIR DIFFICILE",1,1,0,0,0,0,4,4,0,41
"FR-1-H_32_36_5744_10","FR-1-H_32_36_5744","FR_CSMBHB_73000","FR_USIHB_94200","FR_USIHB_94200",49:38:00,52:09:00,27,22,28,24,"TIR DIFFICILE",0,2,0,1,2,2,-5,-4,1,151
"FR-1-H_32_36_5744_11","FR-1-H_32_36_5744","FR_CSMBHB_73000","FR_USIHB_94200","FR_CSMBHB_73000",52:09:00,54:31:00,28,24,29,25,"2 MINUTES",1,2,0,0,2,2,4,4,0,142
"FR-1-H_32_36_5744_12","FR-1-H_32_36_5744","FR_CSMBHB_73000","FR_USIHB_94200","FR_USIHB_94200",54:31:00,57:57:00,29,25,30,26,"TIR DIFFICILE",2,1,0,2,7,0,-4,-4,0,206
"FR-1-H_32_36_5744_2","FR-1-H_32_36_5744","FR_CSMBHB_73000","FR_USIHB_94200","FR_CSMBHB_73000",09:29:00,11:17:00,5,3,6,4,"MARCHÉ",2,1,0,0,2,0,2,2,0,108
"FR-1-H_32_36_5744_3","FR-1-H_32_36_5744","FR_CSMBHB_73000","FR_USIHB_94200","FR_USIHB_94200",11:17:00,12:30:00,6,4,7,5,"CARTON JAUNE",1,1,0,1,1,1,-2,-2,0,73
"FR-1-H_32_36_5744_4","FR-1-H_32_36_5744","FR_CSMBHB_73000","FR_USIHB_94200","FR_CSMBHB_73000",15:06:00,20:05:00,9,7,12,8,"TIR DIFFICILE",3,2,1,0,4,1,2,4,2,299
"FR-1-H_32_36_5744_5","FR-1-H_32_36_5744","FR_CSMBHB_73000","FR_USIHB_94200","FR_USIHB_94200",20:05:00,24:06:00,12,8,13,10,"TEMPS MORT",1,3,0,2,5,2,-4,-3,1,241
"FR-1-H_32_36_5744_6","FR-1-H_32_36_5744","FR_CSMBHB_73000","FR_USIHB_94200","FR_CSMBHB_73000",28:17:00,32:16:00,15,12,17,13,"TIR DIFFICILE",2,1,0,0,1,1,3,4,1,239
"FR-1-H_32_36_5744_7","FR-1-H_32_36_5744","FR_CSMBHB_73000","FR_USIHB_94200","FR_CSMBHB_73000",32:56:00,35:15:00,18,13,19,14,"TIR DIFFICILE",2,1,1,1,5,0,5,5,0,139
"FR-1-H_32_36_5744_8","FR-1-H_32_36_5744","FR_CSMBHB_73000","FR_USIHB_94200","FR_CSMBHB_73000",40:29:00,43:46:00,22,16,24,17,"TIR DIFFICILE",2,1,1,1,7,0,6,7,1,197
"FR-1-H_32_36_5744_9","FR-1-H_32_36_5744","FR_CSMBHB_73000","FR_USIHB_94200","FR_USIHB_94200",43:46:00,46:36:00,24,17,25,19,"ARRÊT",1,3,0,1,4,1,-7,-6,1,170
"FR-1-H_32_36_5745_10","FR-1-H_32_36_5745","FR_CCMHB_28000","FR_DHBGL_59140","FR_DHBGL_59140",37:31:00,39:19:00,17,16,18,17,"ZONE",1,1,0,1,2,1,-1,-1,0,108
"FR-1-H_32_36_5745_11","FR-1-H_32_36_5745","FR_CCMHB_28000","FR_DHBGL_59140","FR_CCMHB_28000",39:19:00,51:54:00,18,17,24,18,"TIR DIFFICILE",7,1,4,3,24,4,1,6,5,755
"FR-1-H_32_36_5745_12","FR-1-H_32_36_5745","FR_CCMHB_28000","FR_DHBGL_59140","FR_DHBGL_59140",51:54:00,55:53:00,24,18,25,21,"TIR DIFFICILE",0,3,0,1,2,0,-6,-4,2,239
"FR-1-H_32_36_5745_13","FR-1-H_32_36_5745","FR_CCMHB_28000","FR_DHBGL_59140","FR_CCMHB_28000",55:53:00,57:51:00,25,21,26,22,"2 MINUTES",1,1,0,0,0,1,4,4,0,118
"FR-1-H_32_36_5745_2","FR-1-H_32_36_5745","FR_CCMHB_28000","FR_DHBGL_59140","FR_CCMHB_28000",03:04:00,05:46:00,3,1,4,2,"PASSE INCOMPLETE",2,2,0,0,3,0,2,2,0,162
"FR-1-H_32_36_5745_3","FR-1-H_32_36_5745","FR_CCMHB_28000","FR_DHBGL_59140","FR_DHBGL_59140",05:46:00,07:24:00,4,2,5,3,"PASSE INCOMPLETE",1,1,0,0,2,0,-2,-2,0,98
"FR-1-H_32_36_5745_4","FR-1-H_32_36_5745","FR_CCMHB_28000","FR_DHBGL_59140","FR_DHBGL_59140",11:16:00,12:44:00,7,6,8,7,"ARRÊT",2,1,0,0,1,0,-1,-1,0,88
"FR-1-H_32_36_5745_5","FR-1-H_32_36_5745","FR_CCMHB_28000","FR_DHBGL_59140","FR_CCMHB_28000",12:44:00,18:09:00,8,7,10,8,"ARRÊT",5,1,1,1,9,0,1,2,1,325
"FR-1-H_32_36_5745_6","FR-1-H_32_36_5745","FR_CCMHB_28000","FR_DHBGL_59140","FR_DHBGL_59140",18:09:00,22:01:00,10,8,11,10,"TEMPS MORT",2,2,1,1,5,0,-2,-1,1,232
"FR-1-H_32_36_5745_7","FR-1-H_32_36_5745","FR_CCMHB_28000","FR_DHBGL_59140","FR_DHBGL_59140",23:00:00,26:44:00,11,11,12,12,"ARRÊT",1,2,1,1,8,2,0,0,0,224
"FR-1-H_32_36_5745_8","FR-1-H_32_36_5745","FR_CCMHB_28000","FR_DHBGL_59140","FR_CCMHB_28000",26:44:00,28:37:00,12,12,13,13,"TIR DIFFICILE",1,1,1,0,2,1,0,0,0,113
"FR-1-H_32_36_5745_9","FR-1-H_32_36_5745","FR_CCMHB_28000","FR_DHBGL_59140","FR_CCMHB_28000",30:00:00,31:38:00,14,13,15,14,"HORS CADRE",1,1,0,0,0,0,1,1,0,98
"FR-1-H_32_36_5746_1","FR-1-H_32_36_5746","FR_USCHB_94000","FR_MHB_34000","FR_MHB_34000",01:22:00,03:53:00,0,1,1,2,"PASSAGE EN FORCE",1,2,0,2,4,0,1,1,0,151
"FR-1-H_32_36_5746_10","FR-1-H_32_36_5746","FR_USCHB_94000","FR_MHB_34000","FR_USCHB_94000",34:13:00,36:12:00,14,19,16,20,"ARRÊT",2,1,1,0,3,1,-5,-4,1,119
"FR-1-H_32_36_5746_11","FR-1-H_32_36_5746","FR_USCHB_94000","FR_MHB_34000","FR_MHB_34000",36:12:00,39:01:00,16,20,17,22,"TIR DIFFICILE",2,1,0,0,3,0,4,5,1,169
"FR-1-H_32_36_5746_12","FR-1-H_32_36_5746","FR_USCHB_94000","FR_MHB_34000","FR_USCHB_94000",39:01:00,43:00:00,17,22,18,23,"ARRÊT",1,1,3,0,8,0,-5,-5,0,239
"FR-1-H_32_36_5746_13","FR-1-H_32_36_5746","FR_USCHB_94000","FR_MHB_34000","FR_MHB_34000",50:37:00,54:14:00,22,27,23,29,"TIR DIFFICILE",1,2,1,0,5,0,5,6,1,217
"FR-1-H_32_36_5746_14","FR-1-H_32_36_5746","FR_USCHB_94000","FR_MHB_34000","FR_MHB_34000",54:53:00,58:21:00,23,30,24,31,"INTERCEPTION",1,1,1,2,7,0,7,7,0,208
"FR-1-H_32_36_5746_2","FR-1-H_32_36_5746","FR_USCHB_94000","FR_MHB_34000","FR_USCHB_94000",03:53:00,05:46:00,1,2,2,3,"PASSE INCOMPLETE",1,1,2,0,4,1,-1,-1,0,113
"FR-1-H_32_36_5746_3","FR-1-H_32_36_5746","FR_USCHB_94000","FR_MHB_34000","FR_MHB_34000",06:26:00,09:16:00,3,4,4,6,"2 MINUTES",1,2,0,0,4,0,1,2,1,170
"FR-1-H_32_36_5746_4","FR-1-H_32_36_5746","FR_USCHB_94000","FR_MHB_34000","FR_MHB_34000",10:09:00,12:46:00,4,7,5,8,"JEU PASSIF",1,0,0,1,5,1,3,3,0,157
"FR-1-H_32_36_5746_5","FR-1-H_32_36_5746","FR_USCHB_94000","FR_MHB_34000","FR_MHB_34000",15:51:00,19:43:00,6,10,7,11,"TIR CONTRÉ",2,1,1,1,7,1,4,4,0,232
"FR-1-H_32_36_5746_6","FR-1-H_32_36_5746","FR_USCHB_94000","FR_MHB_34000","FR_MHB_34000",21:07:00,24:50:00,8,13,9,14,"TIR DIFFICILE",2,0,1,1,5,0,5,5,0,223
"FR-1-H_32_36_5746_7","FR-1-H_32_36_5746","FR_USCHB_94000","FR_MHB_34000","FR_USCHB_94000",24:50:00,28:16:00,9,14,11,15,"ARRÊT",4,2,2,0,5,1,-5,-4,1,206
"FR-1-H_32_36_5746_8","FR-1-H_32_36_5746","FR_USCHB_94000","FR_MHB_34000","FR_MHB_34000",28:16:00,32:02:00,11,15,12,18,"POTEAU",1,4,0,2,7,1,4,6,2,226
"FR-1-H_32_36_5746_9","FR-1-H_32_36_5746","FR_USCHB_94000","FR_MHB_34000","FR_USCHB_94000",32:02:00,33:14:00,12,18,13,19,"CARTON JAUNE",1,2,1,0,1,1,-6,-6,0,72
"FR-1-H_32_36_5747_1","FR-1-H_32_36_5747","FR_IPHB_13806","FR_CRMHB_35510","FR_CRMHB_35510",03:00:00,05:35:00,2,2,3,3,"INTERCEPTION",2,1,0,0,2,1,0,0,0,155
"FR-1-H_32_36_5747_10","FR-1-H_32_36_5747","FR_IPHB_13806","FR_CRMHB_35510","FR_IPHB_13806",36:46:00,39:46:00,18,16,19,17,"TIR DIFFICILE",3,1,1,0,5,1,2,2,0,180
"FR-1-H_32_36_5747_11","FR-1-H_32_36_5747","FR_IPHB_13806","FR_CRMHB_35510","FR_CRMHB_35510",41:16:00,44:22:00,20,18,21,19,"TIR CONTRÉ",2,0,1,2,5,0,-2,-2,0,186
"FR-1-H_32_36_5747_12","FR-1-H_32_36_5747","FR_IPHB_13806","FR_CRMHB_35510","FR_IPHB_13806",48:17:00,51:37:00,22,20,23,21,"MARCHÉ",1,2,1,1,5,1,2,2,0,200
"FR-1-H_32_36_5747_13","FR-1-H_32_36_5747","FR_IPHB_13806","FR_CRMHB_35510","FR_CRMHB_35510",51:37:00,53:39:00,23,21,24,22,"TIR DIFFICILE",1,1,0,0,1,0,-2,-2,0,122
"FR-1-H_32_36_5747_14","FR-1-H_32_36_5747","FR_IPHB_13806","FR_CRMHB_35510","FR_CRMHB_35510",54:14:00,57:20:00,24,23,25,25,"2 MINUTES",1,0,0,2,6,1,-1,0,1,186
"FR-1-H_32_36_5747_15","FR-1-H_32_36_5747","FR_IPHB_13806","FR_CRMHB_35510","FR_IPHB_13806",57:20:00,59:17:00,25,25,26,26,"TIR DIFFICILE",1,1,1,0,3,1,0,0,0,117
"FR-1-H_32_36_5747_2","FR-1-H_32_36_5747","FR_IPHB_13806","FR_CRMHB_35510","FR_IPHB_13806",05:35:00,07:29:00,3,3,4,4,"TIR DIFFICILE",1,1,1,0,3,1,0,0,0,114
"FR-1-H_32_36_5747_3","FR-1-H_32_36_5747","FR_IPHB_13806","FR_CRMHB_35510","FR_CRMHB_35510",10:51:00,14:43:00,5,5,6,6,"TIR DIFFICILE",1,1,0,1,5,0,0,0,0,232
"FR-1-H_32_36_5747_4","FR-1-H_32_36_5747","FR_IPHB_13806","FR_CRMHB_35510","FR_IPHB_13806",14:43:00,17:45:00,6,6,8,7,"INTERCEPTION",1,1,1,0,3,0,0,1,1,182
"FR-1-H_32_36_5747_5","FR-1-H_32_36_5747","FR_IPHB_13806","FR_CRMHB_35510","FR_IPHB_13806",22:19:00,24:45:00,11,9,13,10,"TIR DIFFICILE",2,1,2,0,4,2,2,3,1,146
"FR-1-H_32_36_5747_6","FR-1-H_32_36_5747","FR_IPHB_13806","FR_CRMHB_35510","FR_CRMHB_35510",24:45:00,26:29:00,13,10,14,11,"TIR DIFFICILE",1,1,0,1,2,1,-3,-3,0,104
"FR-1-H_32_36_5747_7","FR-1-H_32_36_5747","FR_IPHB_13806","FR_CRMHB_35510","FR_CRMHB_35510",27:12:00,28:46:00,14,12,15,13,"TIR DIFFICILE",1,2,1,0,2,2,-2,-2,0,94
"FR-1-H_32_36_5747_8","FR-1-H_32_36_5747","FR_IPHB_13806","FR_CRMHB_35510","FR_IPHB_13806",32:06:00,35:30:00,16,14,17,15,"TIR DIFFICILE",1,0,2,2,7,0,2,2,0,204
"FR-1-H_32_36_5747_9","FR-1-H_32_36_5747","FR_IPHB_13806","FR_CRMHB_35510","FR_CRMHB_35510",35:30:00,36:46:00,17,15,18,16,"ARRÊT",1,2,0,0,2,1,-2,-2,0,76
"FR-1-H_32_36_5748_1","FR-1-H_32_36_5748","FR_LHB_87000","FR_TFHB_93290","FR_LHB_87000",01:21:00,06:51:00,1,0,3,1,"TIR DIFFICILE",2,1,5,1,10,0,1,2,1,330
"FR-1-H_32_36_5748_10","FR-1-H_32_36_5748","FR_LHB_87000","FR_TFHB_93290","FR_TFHB_93290",49:31:00,50:51:00,24,21,25,22,"ARRÊT",1,1,0,0,1,1,-3,-3,0,80
"FR-1-H_32_36_5748_11","FR-1-H_32_36_5748","FR_LHB_87000","FR_TFHB_93290","FR_LHB_87000",52:17:00,53:57:00,26,23,27,24,"TIR DIFFICILE",1,1,1,0,2,2,3,3,0,100
"FR-1-H_32_36_5748_12","FR-1-H_32_36_5748","FR_LHB_87000","FR_TFHB_93290","FR_LHB_87000",55:31:00,59:35:00,29,25,32,26,"TEMPS MORT",3,2,1,0,7,1,4,6,2,244
"FR-1-H_32_36_5748_2","FR-1-H_32_36_5748","FR_LHB_87000","FR_TFHB_93290","FR_LHB_87000",17:35:00,21:11:00,9,6,10,7,"2 MINUTES",2,2,1,1,3,0,3,3,0,216
"FR-1-H_32_36_5748_3","FR-1-H_32_36_5748","FR_LHB_87000","FR_TFHB_93290","FR_TFHB_93290",26:22:00,28:19:00,11,8,12,9,"ARRÊT",1,1,0,1,3,0,-3,-3,0,117
"FR-1-H_32_36_5748_4","FR-1-H_32_36_5748","FR_LHB_87000","FR_TFHB_93290","FR_LHB_87000",28:19:00,30:55:00,12,9,13,10,"TEMPS MORT",2,1,0,1,6,0,3,3,0,156
"FR-1-H_32_36_5748_5","FR-1-H_32_36_5748","FR_LHB_87000","FR_TFHB_93290","FR_TFHB_93290",33:36:00,34:51:00,15,12,16,13,"2 MINUTES",1,1,0,0,1,0,-3,-3,0,75
"FR-1-H_32_36_5748_6","FR-1-H_32_36_5748","FR_LHB_87000","FR_TFHB_93290","FR_TFHB_93290",36:47:00,39:15:00,16,14,17,15,"HORS CADRE",2,2,0,0,2,0,-2,-2,0,148
"FR-1-H_32_36_5748_7","FR-1-H_32_36_5748","FR_LHB_87000","FR_TFHB_93290","FR_LHB_87000",39:15:00,41:36:00,17,15,19,16,"HORS CADRE",2,1,2,0,3,0,2,3,1,141
"FR-1-H_32_36_5748_8","FR-1-H_32_36_5748","FR_LHB_87000","FR_TFHB_93290","FR_LHB_87000",43:48:00,45:52:00,21,17,22,18,"HORS CADRE",0,1,0,0,3,1,4,4,0,124
"FR-1-H_32_36_5748_9","FR-1-H_32_36_5748","FR_LHB_87000","FR_TFHB_93290","FR_TFHB_93290",45:52:00,47:34:00,22,18,23,19,"TIR DIFFICILE",1,1,0,1,1,1,-4,-4,0,102
"FR-1-H_32_36_5749_1","FR-1-H_32_36_5749","FR_HBCN_44200","FR_PSGHB_75016","FR_PSGHB_75016",01:59:00,04:08:00,1,1,2,2,"TIR DIFFICILE",1,1,0,2,3,1,0,0,0,129
"FR-1-H_32_36_5749_10","FR-1-H_32_36_5749","FR_HBCN_44200","FR_PSGHB_75016","FR_PSGHB_75016",43:40:00,47:14:00,17,19,18,20,"ARRÊT",1,1,1,1,5,0,2,2,0,214
"FR-1-H_32_36_5749_2","FR-1-H_32_36_5749","FR_HBCN_44200","FR_PSGHB_75016","FR_PSGHB_75016",06:17:00,09:51:00,2,3,3,4,"TIR DIFFICILE",2,1,2,1,7,0,1,1,0,214
"FR-1-H_32_36_5749_3","FR-1-H_32_36_5749","FR_HBCN_44200","FR_PSGHB_75016","FR_HBCN_44200",12:24:00,15:27:00,5,6,7,7,"TIR DIFFICILE",2,2,0,0,2,0,-1,0,1,183
"FR-1-H_32_36_5749_4","FR-1-H_32_36_5749","FR_HBCN_44200","FR_PSGHB_75016","FR_HBCN_44200",20:52:00,22:05:00,9,8,10,9,"ARRÊT",1,0,0,0,2,0,1,1,0,73
"FR-1-H_32_36_5749_5","FR-1-H_32_36_5749","FR_HBCN_44200","FR_PSGHB_75016","FR_PSGHB_75016",22:05:00,27:43:00,10,9,11,11,"TEMPS MORT",1,2,1,4,8,0,-1,0,1,338
"FR-1-H_32_36_5749_6","FR-1-H_32_36_5749","FR_HBCN_44200","FR_PSGHB_75016","FR_PSGHB_75016",28:24:00,33:49:00,11,12,12,15,"ARRÊT",2,6,0,3,6,1,1,3,2,325
"FR-1-H_32_36_5749_7","FR-1-H_32_36_5749","FR_HBCN_44200","FR_PSGHB_75016","FR_HBCN_44200",35:28:00,38:08:00,13,16,15,17,"2 MINUTES",1,1,1,1,4,0,-3,-2,1,160
"FR-1-H_32_36_5749_8","FR-1-H_32_36_5749","FR_HBCN_44200","FR_PSGHB_75016","FR_PSGHB_75016",38:08:00,40:40:00,15,17,16,18,"ARRÊT",1,1,0,2,5,2,2,2,0,152
"FR-1-H_32_36_5749_9","FR-1-H_32_36_5749","FR_HBCN_44200","FR_PSGHB_75016","FR_HBCN_44200",40:40:00,43:40:00,16,18,17,19,"TIR DIFFICILE",1,1,1,1,4,0,-2,-2,0,180
"FR-1-H_32_36_5750_1","FR-1-H_32_36_5750","FR_USAMNG_30918","FR_SRVHB_83700","FR_SRVHB_83700",01:47:00,03:09:00,0,1,1,2,"TIR DIFFICILE",0,1,0,1,2,0,1,1,0,82
"FR-1-H_32_36_5750_10","FR-1-H_32_36_5750","FR_USAMNG_30918","FR_SRVHB_83700","FR_SRVHB_83700",44:34:00,46:24:00,22,19,23,20,"TIR DIFFICILE",0,1,0,1,2,0,-3,-3,0,110
"FR-1-H_32_36_5750_11","FR-1-H_32_36_5750","FR_USAMNG_30918","FR_SRVHB_83700","FR_USAMNG_30918",46:24:00,48:32:00,23,20,24,21,"2 MINUTES",1,0,1,1,4,0,3,3,0,128
"FR-1-H_32_36_5750_12","FR-1-H_32_36_5750","FR_USAMNG_30918","FR_SRVHB_83700","FR_SRVHB_83700",50:35:00,52:19:00,26,23,27,24,"2 MINUTES",2,1,0,0,2,0,-3,-3,0,104
"FR-1-H_32_36_5750_13","FR-1-H_32_36_5750","FR_USAMNG_30918","FR_SRVHB_83700","FR_SRVHB_83700",54:53:00,57:04:00,28,26,29,27,"INTERCEPTION",0,0,0,0,4,0,-2,-2,0,131
"FR-1-H_32_36_5750_14","FR-1-H_32_36_5750","FR_USAMNG_30918","FR_SRVHB_83700","FR_USAMNG_30918",57:04:00,58:34:00,29,27,30,28,"ARRÊT",2,1,1,0,3,0,2,2,0,90
"FR-1-H_32_36_5750_15","FR-1-H_32_36_5750","FR_USAMNG_30918","FR_SRVHB_83700","FR_SRVHB_83700",58:34:00,59:58:00,30,28,NA,NA,"HORS CADRE",1,1,0,1,3,0,-2,NA,NA,84
"FR-1-H_32_36_5750_2","FR-1-H_32_36_5750","FR_USAMNG_30918","FR_SRVHB_83700","FR_USAMNG_30918",06:04:00,08:21:00,3,4,4,5,"INTERCEPTION",1,1,0,0,2,1,-1,-1,0,137
"FR-1-H_32_36_5750_3","FR-1-H_32_36_5750","FR_USAMNG_30918","FR_SRVHB_83700","FR_SRVHB_83700",08:21:00,10:29:00,4,5,5,6,"TIR DIFFICILE",2,1,0,1,1,0,1,1,0,128
"FR-1-H_32_36_5750_4","FR-1-H_32_36_5750","FR_USAMNG_30918","FR_SRVHB_83700","FR_USAMNG_30918",13:27:00,15:50:00,6,7,9,8,"ARRÊT",2,0,1,0,2,0,-1,1,2,143
"FR-1-H_32_36_5750_5","FR-1-H_32_36_5750","FR_USAMNG_30918","FR_SRVHB_83700","FR_USAMNG_30918",16:40:00,19:17:00,10,8,11,9,"ARRÊT",1,1,1,0,5,1,2,2,0,157
"FR-1-H_32_36_5750_6","FR-1-H_32_36_5750","FR_USAMNG_30918","FR_SRVHB_83700","FR_SRVHB_83700",23:03:00,25:26:00,12,10,13,12,"ARRÊT",1,2,0,1,2,0,-2,-1,1,143
"FR-1-H_32_36_5750_7","FR-1-H_32_36_5750","FR_USAMNG_30918","FR_SRVHB_83700","FR_SRVHB_83700",26:02:00,28:48:00,13,13,14,14,"ARRÊT",1,2,1,2,8,0,0,0,0,166
"FR-1-H_32_36_5750_8","FR-1-H_32_36_5750","FR_USAMNG_30918","FR_SRVHB_83700","FR_USAMNG_30918",30:51:00,35:39:00,15,15,18,16,"TIR CONTRÉ",2,1,2,1,10,2,0,2,2,288
"FR-1-H_32_36_5750_9","FR-1-H_32_36_5750","FR_USAMNG_30918","FR_SRVHB_83700","FR_USAMNG_30918",40:55:00,43:13:00,20,17,21,18,"INTERCEPTION",1,1,1,0,3,2,3,3,0,138
"FR-1-H_32_36_5751_1","FR-1-H_32_36_5751","FR_FTHB_31000","FR_PAUC_13100","FR_PAUC_13100",01:23:00,03:49:00,0,1,1,2,"TIR DIFFICILE",1,2,0,1,1,0,1,1,0,146
"FR-1-H_32_36_5751_10","FR-1-H_32_36_5751","FR_FTHB_31000","FR_PAUC_13100","FR_PAUC_13100",41:51:00,44:47:00,17,25,18,27,"TIR DIFFICILE",1,3,0,1,5,0,8,9,1,176
"FR-1-H_32_36_5751_11","FR-1-H_32_36_5751","FR_FTHB_31000","FR_PAUC_13100","FR_FTHB_31000",44:47:00,47:00:00,18,27,19,28,"PASSAGE EN FORCE",1,3,0,1,3,0,-9,-9,0,133
"FR-1-H_32_36_5751_12","FR-1-H_32_36_5751","FR_FTHB_31000","FR_PAUC_13100","FR_FTHB_31000",56:11:00,58:26:00,24,32,26,33,"PASSE INCOMPLETE",2,1,0,0,1,1,-8,-7,1,135
"FR-1-H_32_36_5751_13","FR-1-H_32_36_5751","FR_FTHB_31000","FR_PAUC_13100","FR_PAUC_13100",59:23:00,60:00:00,27,34,NA,NA,"POTEAU",1,1,0,0,1,1,7,NA,NA,37
"FR-1-H_32_36_5751_2","FR-1-H_32_36_5751","FR_FTHB_31000","FR_PAUC_13100","FR_FTHB_31000",05:10:00,05:56:00,2,3,3,4,"HORS CADRE",1,1,0,0,0,1,-1,-1,0,46
"FR-1-H_32_36_5751_3","FR-1-H_32_36_5751","FR_FTHB_31000","FR_PAUC_13100","FR_PAUC_13100",06:37:00,08:20:00,4,5,5,6,"2 MINUTES",1,2,0,0,2,1,1,1,0,103
"FR-1-H_32_36_5751_4","FR-1-H_32_36_5751","FR_FTHB_31000","FR_PAUC_13100","FR_PAUC_13100",10:01:00,12:18:00,5,7,6,8,"PASSAGE EN FORCE",1,1,0,1,5,0,2,2,0,137
"FR-1-H_32_36_5751_5","FR-1-H_32_36_5751","FR_FTHB_31000","FR_PAUC_13100","FR_PAUC_13100",14:31:00,21:47:00,7,10,8,12,"ARRÊT",2,3,2,4,9,0,3,4,1,436
"FR-1-H_32_36_5751_6","FR-1-H_32_36_5751","FR_FTHB_31000","FR_PAUC_13100","FR_PAUC_13100",27:38:00,34:27:00,12,17,13,19,"ARRÊT",2,3,2,4,16,0,5,6,1,409
"FR-1-H_32_36_5751_7","FR-1-H_32_36_5751","FR_FTHB_31000","FR_PAUC_13100","FR_FTHB_31000",34:27:00,35:37:00,13,19,14,20,"ARRÊT",1,2,0,0,0,0,-6,-6,0,70
"FR-1-H_32_36_5751_8","FR-1-H_32_36_5751","FR_FTHB_31000","FR_PAUC_13100","FR_PAUC_13100",35:37:00,37:56:00,14,20,15,21,"TIR CONTRÉ",2,1,2,0,4,0,6,6,0,139
"FR-1-H_32_36_5751_9","FR-1-H_32_36_5751","FR_FTHB_31000","FR_PAUC_13100","FR_PAUC_13100",39:03:00,40:26:00,15,22,16,23,"PASSE INCOMPLETE",1,1,0,0,0,0,7,7,0,83
"FR-1-H_32_37_5752_1","FR-1-H_32_37_5752","FR_PAUC_13100","FR_HBCN_44200","FR_PAUC_13100",02:48:00,09:14:00,2,1,5,2,"TIR DIFFICILE",5,2,4,2,10,1,1,3,2,386
"FR-1-H_32_37_5752_10","FR-1-H_32_37_5752","FR_PAUC_13100","FR_HBCN_44200","FR_PAUC_13100",49:50:00,51:19:00,25,22,26,23,"TIR DIFFICILE",1,1,0,0,3,0,3,3,0,89
"FR-1-H_32_37_5752_11","FR-1-H_32_37_5752","FR_PAUC_13100","FR_HBCN_44200","FR_HBCN_44200",54:03:00,56:24:00,28,25,29,26,"CARTON ROUGE",1,1,0,2,5,1,-3,-3,0,141
"FR-1-H_32_37_5752_12","FR-1-H_32_37_5752","FR_PAUC_13100","FR_HBCN_44200","FR_PAUC_13100",57:43:00,58:40:00,30,27,31,28,"2 MINUTES",1,1,1,0,1,0,3,3,0,57
"FR-1-H_32_37_5752_2","FR-1-H_32_37_5752","FR_PAUC_13100","FR_HBCN_44200","FR_HBCN_44200",09:14:00,14:16:00,5,2,6,4,"ARRÊT",2,1,2,1,9,0,-3,-2,1,302
"FR-1-H_32_37_5752_3","FR-1-H_32_37_5752","FR_PAUC_13100","FR_HBCN_44200","FR_HBCN_44200",16:51:00,18:18:00,7,6,8,7,"TIR DIFFICILE",1,1,0,1,2,0,-1,-1,0,87
"FR-1-H_32_37_5752_4","FR-1-H_32_37_5752","FR_PAUC_13100","FR_HBCN_44200","FR_PAUC_13100",18:18:00,22:31:00,8,7,9,8,"TIR DIFFICILE",2,1,2,2,8,1,1,1,0,253
"FR-1-H_32_37_5752_5","FR-1-H_32_37_5752","FR_PAUC_13100","FR_HBCN_44200","FR_PAUC_13100",24:09:00,25:31:00,11,9,12,10,"TIR DIFFICILE",1,2,0,0,0,0,2,2,0,82
"FR-1-H_32_37_5752_6","FR-1-H_32_37_5752","FR_PAUC_13100","FR_HBCN_44200","FR_HBCN_44200",25:31:00,26:44:00,12,10,13,11,"ARRÊT",1,2,0,0,1,1,-2,-2,0,73
"FR-1-H_32_37_5752_7","FR-1-H_32_37_5752","FR_PAUC_13100","FR_HBCN_44200","FR_PAUC_13100",27:43:00,35:37:00,14,12,17,13,"HORS CADRE",7,1,3,0,16,1,2,4,2,474
"FR-1-H_32_37_5752_8","FR-1-H_32_37_5752","FR_PAUC_13100","FR_HBCN_44200","FR_HBCN_44200",35:37:00,37:09:00,17,13,18,14,"TIR DIFFICILE",1,1,0,0,2,0,-4,-4,0,92
"FR-1-H_32_37_5752_9","FR-1-H_32_37_5752","FR_PAUC_13100","FR_HBCN_44200","FR_HBCN_44200",40:18:00,42:33:00,19,16,20,17,"POTEAU",1,1,1,1,3,2,-3,-3,0,135
"FR-1-H_32_37_5753_1","FR-1-H_32_37_5753","FR_CRMHB_35510","FR_USAMNG_30918","FR_USAMNG_30918",03:18:00,07:08:00,1,2,2,3,"ARRÊT",1,1,0,2,7,0,1,1,0,230
"FR-1-H_32_37_5753_10","FR-1-H_32_37_5753","FR_CRMHB_35510","FR_USAMNG_30918","FR_USAMNG_30918",31:55:00,35:26:00,15,20,16,21,"TIR DIFFICILE",1,1,1,2,5,0,5,5,0,211
"FR-1-H_32_37_5753_11","FR-1-H_32_37_5753","FR_CRMHB_35510","FR_USAMNG_30918","FR_CRMHB_35510",35:26:00,37:51:00,16,21,18,22,"ARRÊT",1,2,1,0,4,0,-5,-4,1,145
"FR-1-H_32_37_5753_12","FR-1-H_32_37_5753","FR_CRMHB_35510","FR_USAMNG_30918","FR_CRMHB_35510",44:00:00,45:45:00,21,24,22,25,"2 MINUTES",1,1,0,0,2,0,-3,-3,0,105
"FR-1-H_32_37_5753_13","FR-1-H_32_37_5753","FR_CRMHB_35510","FR_USAMNG_30918","FR_USAMNG_30918",45:45:00,47:48:00,22,25,23,26,"TEMPS MORT",1,1,0,1,1,0,3,3,0,123
"FR-1-H_32_37_5753_14","FR-1-H_32_37_5753","FR_CRMHB_35510","FR_USAMNG_30918","FR_CRMHB_35510",47:48:00,54:04:00,23,26,24,27,"2 MINUTES",1,1,3,2,15,0,-3,-3,0,376
"FR-1-H_32_37_5753_2","FR-1-H_32_37_5753","FR_CRMHB_35510","FR_USAMNG_30918","FR_CRMHB_35510",07:08:00,08:55:00,2,3,3,4,"PASSE INCOMPLETE",1,2,0,0,0,0,-1,-1,0,107
"FR-1-H_32_37_5753_3","FR-1-H_32_37_5753","FR_CRMHB_35510","FR_USAMNG_30918","FR_CRMHB_35510",10:50:00,13:25:00,4,4,6,5,"ARRÊT",2,1,0,0,3,0,0,1,1,155
"FR-1-H_32_37_5753_4","FR-1-H_32_37_5753","FR_CRMHB_35510","FR_USAMNG_30918","FR_USAMNG_30918",13:25:00,15:02:00,6,5,7,6,"TEMPS MORT",1,1,0,1,1,1,-1,-1,0,97
"FR-1-H_32_37_5753_5","FR-1-H_32_37_5753","FR_CRMHB_35510","FR_USAMNG_30918","FR_USAMNG_30918",15:16:00,16:56:00,7,7,8,8,"TIR DIFFICILE",2,1,0,0,0,1,0,0,0,100
"FR-1-H_32_37_5753_6","FR-1-H_32_37_5753","FR_CRMHB_35510","FR_USAMNG_30918","FR_USAMNG_30918",19:01:00,21:09:00,9,10,10,11,"TIR DIFFICILE",2,3,1,0,2,0,1,1,0,128
"FR-1-H_32_37_5753_7","FR-1-H_32_37_5753","FR_CRMHB_35510","FR_USAMNG_30918","FR_USAMNG_30918",21:56:00,24:03:00,10,12,11,13,"POTEAU",1,0,0,1,2,0,2,2,0,127
"FR-1-H_32_37_5753_8","FR-1-H_32_37_5753","FR_CRMHB_35510","FR_USAMNG_30918","FR_USAMNG_30918",24:32:00,27:35:00,11,14,12,15,"2 MINUTES",2,1,0,2,5,0,3,3,0,183
"FR-1-H_32_37_5753_9","FR-1-H_32_37_5753","FR_CRMHB_35510","FR_USAMNG_30918","FR_USAMNG_30918",30:20:00,31:47:00,14,18,15,19,"ARRÊT",2,1,0,1,2,1,4,4,0,87
"FR-1-H_32_37_5754_1","FR-1-H_32_37_5754","FR_CCMHB_28000","FR_LHB_87000","FR_LHB_87000",03:50:00,09:28:00,3,3,4,6,"ARRÊT",2,3,2,4,11,1,0,2,2,338
"FR-1-H_32_37_5754_10","FR-1-H_32_37_5754","FR_CCMHB_28000","FR_LHB_87000","FR_CCMHB_28000",46:32:00,49:47:00,26,27,28,28,"TIR DIFFICILE",2,3,0,1,2,0,-1,0,1,195
"FR-1-H_32_37_5754_11","FR-1-H_32_37_5754","FR_CCMHB_28000","FR_LHB_87000","FR_LHB_87000",53:55:00,57:07:00,31,31,32,33,"ARRÊT",1,2,0,2,5,0,0,1,1,192
"FR-1-H_32_37_5754_2","FR-1-H_32_37_5754","FR_CCMHB_28000","FR_LHB_87000","FR_LHB_87000",11:00:00,13:35:00,5,8,6,9,"TIR DIFFICILE",1,3,0,1,4,0,3,3,0,155
"FR-1-H_32_37_5754_3","FR-1-H_32_37_5754","FR_CCMHB_28000","FR_LHB_87000","FR_LHB_87000",16:07:00,17:36:00,7,11,8,12,"TIR DIFFICILE",1,1,0,1,1,0,4,4,0,89
"FR-1-H_32_37_5754_4","FR-1-H_32_37_5754","FR_CCMHB_28000","FR_LHB_87000","FR_CCMHB_28000",19:39:00,22:10:00,9,13,11,14,"TIR DIFFICILE",2,1,1,0,3,0,-4,-3,1,151
"FR-1-H_32_37_5754_5","FR-1-H_32_37_5754","FR_CCMHB_28000","FR_LHB_87000","FR_CCMHB_28000",22:19:00,24:17:00,12,14,13,15,"INTERCEPTION",2,1,1,0,4,1,-2,-2,0,118
"FR-1-H_32_37_5754_6","FR-1-H_32_37_5754","FR_CCMHB_28000","FR_LHB_87000","FR_LHB_87000",24:17:00,28:03:00,13,15,14,17,"TIR DIFFICILE",1,3,0,2,4,1,2,3,1,226
"FR-1-H_32_37_5754_7","FR-1-H_32_37_5754","FR_CCMHB_28000","FR_LHB_87000","FR_CCMHB_28000",34:32:00,36:05:00,18,21,19,22,"PASSE INCOMPLETE",1,0,0,0,2,0,-3,-3,0,93
"FR-1-H_32_37_5754_8","FR-1-H_32_37_5754","FR_CCMHB_28000","FR_LHB_87000","FR_CCMHB_28000",40:16:00,44:00:00,22,24,24,25,"PASSE INCOMPLETE",3,0,1,1,5,0,-2,-1,1,224
"FR-1-H_32_37_5754_9","FR-1-H_32_37_5754","FR_CCMHB_28000","FR_LHB_87000","FR_LHB_87000",44:00:00,45:20:00,24,25,25,26,"ARRÊT",1,1,0,0,0,1,1,1,0,80
"FR-1-H_32_37_5755_1","FR-1-H_32_37_5755","FR_DHBGL_59140","FR_CSMBHB_73000","FR_DHBGL_59140",02:20:00,09:15:00,1,0,2,1,"PASSE INCOMPLETE",1,2,4,2,12,1,1,1,0,415
"FR-1-H_32_37_5755_10","FR-1-H_32_37_5755","FR_DHBGL_59140","FR_CSMBHB_73000","FR_CSMBHB_73000",47:06:00,51:25:00,18,17,19,18,"PASSAGE EN FORCE",2,2,0,1,5,0,-1,-1,0,259
"FR-1-H_32_37_5755_2","FR-1-H_32_37_5755","FR_DHBGL_59140","FR_CSMBHB_73000","FR_DHBGL_59140",10:40:00,15:03:00,3,1,4,2,"PASSAGE EN FORCE",1,3,1,2,6,0,2,2,0,263
"FR-1-H_32_37_5755_3","FR-1-H_32_37_5755","FR_DHBGL_59140","FR_CSMBHB_73000","FR_CSMBHB_73000",15:03:00,16:45:00,4,2,5,3,"ARRÊT",1,2,0,0,2,0,-2,-2,0,102
"FR-1-H_32_37_5755_4","FR-1-H_32_37_5755","FR_DHBGL_59140","FR_CSMBHB_73000","FR_CSMBHB_73000",19:28:00,22:19:00,6,5,7,6,"TIR DIFFICILE",2,1,0,0,1,0,-1,-1,0,171
"FR-1-H_32_37_5755_5","FR-1-H_32_37_5755","FR_DHBGL_59140","FR_CSMBHB_73000","FR_DHBGL_59140",22:19:00,24:36:00,7,6,8,7,"PASSE INCOMPLETE",1,0,2,1,3,0,1,1,0,137
"FR-1-H_32_37_5755_6","FR-1-H_32_37_5755","FR_DHBGL_59140","FR_CSMBHB_73000","FR_CSMBHB_73000",29:39:00,37:09:00,11,10,12,11,"TIR DIFFICILE",2,1,3,2,13,0,-1,-1,0,450
"FR-1-H_32_37_5755_7","FR-1-H_32_37_5755","FR_DHBGL_59140","FR_CSMBHB_73000","FR_DHBGL_59140",38:21:00,39:42:00,13,12,14,13,"2 MINUTES",1,1,0,0,0,0,1,1,0,81
"FR-1-H_32_37_5755_8","FR-1-H_32_37_5755","FR_DHBGL_59140","FR_CSMBHB_73000","FR_CSMBHB_73000",39:42:00,41:13:00,14,13,15,14,"ARRÊT",2,0,0,0,0,0,-1,-1,0,91
"FR-1-H_32_37_5755_9","FR-1-H_32_37_5755","FR_DHBGL_59140","FR_CSMBHB_73000","FR_DHBGL_59140",44:57:00,47:06:00,17,16,18,17,"ARRÊT",0,1,1,0,2,0,1,1,0,129
"FR-1-H_32_37_5756_10","FR-1-H_32_37_5756","FR_USIHB_94200","FR_IPHB_13806","FR_USIHB_94200",25:26:00,27:54:00,14,10,15,11,"HORS CADRE",1,1,2,1,4,0,4,4,0,148
"FR-1-H_32_37_5756_11","FR-1-H_32_37_5756","FR_USIHB_94200","FR_IPHB_13806","FR_IPHB_13806",27:54:00,33:30:00,15,11,16,14,"ARRÊT",1,4,1,3,10,0,-4,-2,2,336
"FR-1-H_32_37_5756_12","FR-1-H_32_37_5756","FR_USIHB_94200","FR_IPHB_13806","FR_USIHB_94200",33:30:00,39:42:00,16,14,19,15,"TEMPS MORT",4,2,1,1,10,2,2,4,2,372
"FR-1-H_32_37_5756_13","FR-1-H_32_37_5756","FR_USIHB_94200","FR_IPHB_13806","FR_IPHB_13806",39:42:00,40:40:00,19,15,20,16,"TIR DIFFICILE",1,1,0,0,0,1,-4,-4,0,58
"FR-1-H_32_37_5756_14","FR-1-H_32_37_5756","FR_USIHB_94200","FR_IPHB_13806","FR_USIHB_94200",40:40:00,46:28:00,20,16,21,17,"INTERCEPTION",2,2,3,2,12,0,4,4,0,348
"FR-1-H_32_37_5756_15","FR-1-H_32_37_5756","FR_USIHB_94200","FR_IPHB_13806","FR_IPHB_13806",54:21:00,60:00:00,25,21,NA,NA,"ARRÊT",0,3,2,2,10,1,-4,NA,NA,339
"FR-1-H_32_37_5756_2","FR-1-H_32_37_5756","FR_USIHB_94200","FR_IPHB_13806","FR_IPHB_13806",06:59:00,09:41:00,2,1,3,2,"FAUTE OFFENSIVE",1,1,0,0,3,0,-1,-1,0,162
"FR-1-H_32_37_5756_3","FR-1-H_32_37_5756","FR_USIHB_94200","FR_IPHB_13806","FR_USIHB_94200",09:41:00,13:13:00,3,2,4,3,"PASSE INCOMPLETE",1,1,1,1,5,1,1,1,0,212
"FR-1-H_32_37_5756_4","FR-1-H_32_37_5756","FR_USIHB_94200","FR_IPHB_13806","FR_IPHB_13806",13:13:00,16:04:00,4,3,5,5,"PASSAGE EN FORCE",1,3,0,0,4,1,-1,0,1,171
"FR-1-H_32_37_5756_5","FR-1-H_32_37_5756","FR_USIHB_94200","FR_IPHB_13806","FR_USIHB_94200",16:04:00,17:04:00,5,5,6,6,"TIR DIFFICILE",0,2,0,0,0,0,0,0,0,60
"FR-1-H_32_37_5756_6","FR-1-H_32_37_5756","FR_USIHB_94200","FR_IPHB_13806","FR_USIHB_94200",17:37:00,19:25:00,7,6,8,7,"TIR DIFFICILE",1,1,0,0,1,0,1,1,0,108
"FR-1-H_32_37_5756_7","FR-1-H_32_37_5756","FR_USIHB_94200","FR_IPHB_13806","FR_USIHB_94200",19:35:00,21:43:00,9,7,11,8,"MARCHÉ",3,1,1,0,3,0,2,3,1,128
"FR-1-H_32_37_5756_8","FR-1-H_32_37_5756","FR_USIHB_94200","FR_IPHB_13806","FR_IPHB_13806",21:43:00,23:05:00,11,8,12,9,"TEMPS MORT",1,1,0,0,1,0,-3,-3,0,82
"FR-1-H_32_37_5756_9","FR-1-H_32_37_5756","FR_USIHB_94200","FR_IPHB_13806","FR_USIHB_94200",23:05:00,24:45:00,12,9,13,10,"TIR CONTRÉ",1,2,0,0,1,0,3,3,0,100
"FR-1-H_32_37_5757_1","FR-1-H_32_37_5757","FR_MHB_34000","FR_PSGHB_75016","FR_MHB_34000",09:59:00,11:09:00,6,5,7,6,"TIR DIFFICILE",1,1,2,1,3,1,1,1,0,70
"FR-1-H_32_37_5757_2","FR-1-H_32_37_5757","FR_MHB_34000","FR_PSGHB_75016","FR_MHB_34000",14:21:00,17:54:00,10,8,12,9,"TIR DIFFICILE",3,4,0,0,4,2,2,3,1,213
"FR-1-H_32_37_5757_3","FR-1-H_32_37_5757","FR_MHB_34000","FR_PSGHB_75016","FR_PSGHB_75016",21:24:00,24:03:00,14,11,15,12,"ARRÊT",2,1,0,0,5,1,-3,-3,0,159
"FR-1-H_32_37_5757_4","FR-1-H_32_37_5757","FR_MHB_34000","FR_PSGHB_75016","FR_PSGHB_75016",29:54:00,30:38:00,19,17,20,18,"TEMPS MORT",1,1,0,0,0,0,-2,-2,0,44
"FR-1-H_32_37_5757_5","FR-1-H_32_37_5757","FR_MHB_34000","FR_PSGHB_75016","FR_PSGHB_75016",36:22:00,37:49:00,23,22,24,23,"TIR DIFFICILE",1,1,0,0,0,1,-1,-1,0,87
"FR-1-H_32_37_5757_6","FR-1-H_32_37_5757","FR_MHB_34000","FR_PSGHB_75016","FR_MHB_34000",37:49:00,40:08:00,24,23,25,24,"TIR DIFFICILE",1,1,1,1,3,0,1,1,0,139
"FR-1-H_32_37_5757_7","FR-1-H_32_37_5757","FR_MHB_34000","FR_PSGHB_75016","FR_MHB_34000",41:09:00,44:20:00,26,25,27,26,"ARRÊT",2,2,0,1,4,1,1,1,0,191
"FR-1-H_32_37_5757_8","FR-1-H_32_37_5757","FR_MHB_34000","FR_PSGHB_75016","FR_PSGHB_75016",44:20:00,51:51:00,27,26,28,30,"POTEAU",1,6,1,2,10,2,-1,2,3,451
"FR-1-H_32_37_5757_9","FR-1-H_32_37_5757","FR_MHB_34000","FR_PSGHB_75016","FR_PSGHB_75016",52:08:00,53:53:00,28,31,29,32,"TIR DIFFICILE",2,1,0,1,3,1,3,3,0,105
"FR-1-H_32_37_5758_1","FR-1-H_32_37_5758","FR_SRVHB_83700","FR_FTHB_31000","FR_FTHB_31000",04:15:00,07:25:00,2,3,3,4,"ARRÊT",3,2,1,0,3,1,1,1,0,190
"FR-1-H_32_37_5758_10","FR-1-H_32_37_5758","FR_SRVHB_83700","FR_FTHB_31000","FR_SRVHB_83700",43:28:00,45:59:00,21,21,22,22,"TIR DIFFICILE",1,1,2,0,4,0,0,0,0,151
"FR-1-H_32_37_5758_11","FR-1-H_32_37_5758","FR_SRVHB_83700","FR_FTHB_31000","FR_SRVHB_83700",50:31:00,52:40:00,26,25,27,26,"2 MINUTES",0,1,0,0,3,0,1,1,0,129
"FR-1-H_32_37_5758_12","FR-1-H_32_37_5758","FR_SRVHB_83700","FR_FTHB_31000","FR_FTHB_31000",55:45:00,58:56:00,28,27,29,28,"TIR DIFFICILE",0,1,1,2,4,0,-1,-1,0,191
"FR-1-H_32_37_5758_2","FR-1-H_32_37_5758","FR_SRVHB_83700","FR_FTHB_31000","FR_FTHB_31000",07:36:00,10:04:00,3,5,4,6,"POTEAU",1,1,0,1,4,1,2,2,0,148
"FR-1-H_32_37_5758_3","FR-1-H_32_37_5758","FR_SRVHB_83700","FR_FTHB_31000","FR_FTHB_31000",10:41:00,12:50:00,4,7,5,8,"TIR DIFFICILE",1,0,0,1,2,0,3,3,0,129
"FR-1-H_32_37_5758_4","FR-1-H_32_37_5758","FR_SRVHB_83700","FR_FTHB_31000","FR_SRVHB_83700",12:50:00,15:04:00,5,8,6,9,"TEMPS MORT",1,2,0,0,3,0,-3,-3,0,134
"FR-1-H_32_37_5758_5","FR-1-H_32_37_5758","FR_SRVHB_83700","FR_FTHB_31000","FR_FTHB_31000",20:51:00,23:29:00,7,10,8,11,"BALLON SORTI",0,1,0,1,4,0,3,3,0,158
"FR-1-H_32_37_5758_6","FR-1-H_32_37_5758","FR_SRVHB_83700","FR_FTHB_31000","FR_SRVHB_83700",26:47:00,27:52:00,11,14,12,15,"2 MINUTES",1,1,0,0,0,0,-3,-3,0,65
"FR-1-H_32_37_5758_7","FR-1-H_32_37_5758","FR_SRVHB_83700","FR_FTHB_31000","FR_SRVHB_83700",32:10:00,34:22:00,14,16,15,17,"PIED",1,0,1,0,3,0,-2,-2,0,132
"FR-1-H_32_37_5758_8","FR-1-H_32_37_5758","FR_SRVHB_83700","FR_FTHB_31000","FR_FTHB_31000",37:26:00,39:43:00,17,19,18,20,"ARRÊT",1,1,0,1,4,1,2,2,0,137
"FR-1-H_32_37_5758_9","FR-1-H_32_37_5758","FR_SRVHB_83700","FR_FTHB_31000","FR_SRVHB_83700",39:43:00,42:50:00,18,20,20,21,"TIR DIFFICILE",2,1,2,1,5,2,-2,-1,1,187
"FR-1-H_32_37_5759_1","FR-1-H_32_37_5759","FR_TFHB_93290","FR_USCHB_94000","FR_USCHB_94000",00:55:00,04:08:00,0,1,1,2,"2 MINUTES",1,1,0,1,5,0,1,1,0,193
"FR-1-H_32_37_5759_2","FR-1-H_32_37_5759","FR_TFHB_93290","FR_USCHB_94000","FR_TFHB_93290",04:08:00,07:54:00,1,2,3,3,"PASSAGE EN FORCE",2,1,1,0,6,2,-1,0,1,226
"FR-1-H_32_37_5759_3","FR-1-H_32_37_5759","FR_TFHB_93290","FR_USCHB_94000","FR_TFHB_93290",15:27:00,19:07:00,6,5,7,6,"PASSE INCOMPLETE",1,2,0,0,6,0,1,1,0,220
"FR-1-H_32_37_5759_4","FR-1-H_32_37_5759","FR_TFHB_93290","FR_USCHB_94000","FR_USCHB_94000",20:46:00,22:25:00,8,7,9,8,"INTERCEPTION",1,1,0,0,2,0,-1,-1,0,99
"FR-1-H_32_37_5759_5","FR-1-H_32_37_5759","FR_TFHB_93290","FR_USCHB_94000","FR_TFHB_93290",24:39:00,27:46:00,10,9,11,10,"TIR DIFFICILE",1,2,2,0,3,0,1,1,0,187
"FR-1-H_32_37_5759_6","FR-1-H_32_37_5759","FR_TFHB_93290","FR_USCHB_94000","FR_TFHB_93290",32:27:00,35:58:00,13,11,14,12,"ARRÊT",1,2,1,1,6,1,2,2,0,211
"FR-1-H_32_37_5759_7","FR-1-H_32_37_5759","FR_TFHB_93290","FR_USCHB_94000","FR_TFHB_93290",39:27:00,52:09:00,16,13,22,14,"ARRÊT",7,3,5,2,21,2,3,8,5,762
"FR-1-H_32_37_5759_8","FR-1-H_32_37_5759","FR_TFHB_93290","FR_USCHB_94000","FR_USCHB_94000",53:16:00,55:04:00,23,15,24,17,"TIR DIFFICILE",1,2,0,0,0,0,-8,-7,1,108
"FR-1-H_32_37_5759_9","FR-1-H_32_37_5759","FR_TFHB_93290","FR_USCHB_94000","FR_USCHB_94000",56:11:00,58:24:00,24,18,25,19,"MARCHÉ",1,1,1,1,3,0,-6,-6,0,133
"FR-1-H_32_38_5760_1","FR-1-H_32_38_5760","FR_PAUC_13100","FR_TFHB_93290","FR_PAUC_13100",06:17:00,08:31:00,4,3,5,4,"TIR DIFFICILE",2,1,0,0,2,0,1,1,0,134
"FR-1-H_32_38_5760_10","FR-1-H_32_38_5760","FR_PAUC_13100","FR_TFHB_93290","FR_PAUC_13100",39:01:00,40:20:00,24,17,25,18,"ARRÊT",1,1,0,0,1,1,7,7,0,79
"FR-1-H_32_38_5760_11","FR-1-H_32_38_5760","FR_PAUC_13100","FR_TFHB_93290","FR_TFHB_93290",43:08:00,45:05:00,27,20,28,21,"TIR CONTRÉ",1,1,0,0,1,2,-7,-7,0,117
"FR-1-H_32_38_5760_12","FR-1-H_32_38_5760","FR_PAUC_13100","FR_TFHB_93290","FR_TFHB_93290",45:42:00,47:23:00,28,22,29,23,"TIR DIFFICILE",1,1,0,1,2,0,-6,-6,0,101
"FR-1-H_32_38_5760_13","FR-1-H_32_38_5760","FR_PAUC_13100","FR_TFHB_93290","FR_PAUC_13100",49:45:00,55:43:00,30,24,31,25,"2 MINUTES",1,1,3,2,9,0,6,6,0,358
"FR-1-H_32_38_5760_14","FR-1-H_32_38_5760","FR_PAUC_13100","FR_TFHB_93290","FR_TFHB_93290",58:24:00,59:59:00,32,26,NA,NA,"2 MINUTES",0,1,0,1,1,1,-6,NA,NA,95
"FR-1-H_32_38_5760_2","FR-1-H_32_38_5760","FR_PAUC_13100","FR_TFHB_93290","FR_PAUC_13100",10:20:00,13:14:00,7,5,9,6,"INTERCEPTION",2,0,2,0,5,0,2,3,1,174
"FR-1-H_32_38_5760_3","FR-1-H_32_38_5760","FR_PAUC_13100","FR_TFHB_93290","FR_TFHB_93290",13:55:00,16:14:00,10,7,11,8,"TEMPS MORT",1,1,0,1,3,0,-3,-3,0,139
"FR-1-H_32_38_5760_4","FR-1-H_32_38_5760","FR_PAUC_13100","FR_TFHB_93290","FR_PAUC_13100",16:14:00,17:56:00,11,8,12,9,"PASSE INCOMPLETE",2,1,1,0,5,0,3,3,0,102
"FR-1-H_32_38_5760_5","FR-1-H_32_38_5760","FR_PAUC_13100","FR_TFHB_93290","FR_TFHB_93290",17:56:00,19:28:00,12,9,13,10,"INTERCEPTION",1,1,0,0,1,0,-3,-3,0,92
"FR-1-H_32_38_5760_6","FR-1-H_32_38_5760","FR_PAUC_13100","FR_TFHB_93290","FR_PAUC_13100",19:28:00,24:17:00,13,10,14,11,"INTERCEPTION",2,3,2,1,6,0,3,3,0,289
"FR-1-H_32_38_5760_7","FR-1-H_32_38_5760","FR_PAUC_13100","FR_TFHB_93290","FR_PAUC_13100",24:49:00,27:27:00,15,11,18,12,"HORS CADRE",3,2,2,0,2,1,4,6,2,158
"FR-1-H_32_38_5760_8","FR-1-H_32_38_5760","FR_PAUC_13100","FR_TFHB_93290","FR_PAUC_13100",33:18:00,35:52:00,21,14,22,15,"TIR DIFFICILE",1,2,1,1,6,1,7,7,0,154
"FR-1-H_32_38_5760_9","FR-1-H_32_38_5760","FR_PAUC_13100","FR_TFHB_93290","FR_TFHB_93290",37:11:00,39:01:00,23,16,24,17,"ARRÊT",2,1,1,0,2,0,-7,-7,0,110
"FR-1-H_32_38_5761_1","FR-1-H_32_38_5761","FR_CSMBHB_73000","FR_CCMHB_28000","FR_CSMBHB_73000",03:24:00,04:59:00,1,1,2,2,"ARRÊT",1,1,1,0,3,2,0,0,0,95
"FR-1-H_32_38_5761_2","FR-1-H_32_38_5761","FR_CSMBHB_73000","FR_CCMHB_28000","FR_CCMHB_28000",06:25:00,10:25:00,3,3,4,5,"TIR DIFFICILE",4,1,0,2,5,0,0,1,1,240
"FR-1-H_32_38_5761_3","FR-1-H_32_38_5761","FR_CSMBHB_73000","FR_CCMHB_28000","FR_CCMHB_28000",20:02:00,22:26:00,8,10,9,11,"TIR DIFFICILE",2,1,0,0,1,1,2,2,0,144
"FR-1-H_32_38_5761_4","FR-1-H_32_38_5761","FR_CSMBHB_73000","FR_CCMHB_28000","FR_CCMHB_28000",31:08:00,34:16:00,13,16,14,18,"TIR DIFFICILE",1,2,1,2,4,2,3,4,1,188
"FR-1-H_32_38_5761_5","FR-1-H_32_38_5761","FR_CSMBHB_73000","FR_CCMHB_28000","FR_CCMHB_28000",35:49:00,37:24:00,15,20,16,21,"ARRÊT",0,1,0,0,2,0,5,5,0,95
"FR-1-H_32_38_5761_6","FR-1-H_32_38_5761","FR_CSMBHB_73000","FR_CCMHB_28000","FR_CSMBHB_73000",40:39:00,41:51:00,17,22,18,23,"INTERCEPTION",2,2,0,0,1,1,-5,-5,0,72
"FR-1-H_32_38_5761_7","FR-1-H_32_38_5761","FR_CSMBHB_73000","FR_CCMHB_28000","FR_CCMHB_28000",41:51:00,43:37:00,18,23,19,24,"TIR DIFFICILE",1,0,0,0,2,0,5,5,0,106
"FR-1-H_32_38_5761_8","FR-1-H_32_38_5761","FR_CSMBHB_73000","FR_CCMHB_28000","FR_CSMBHB_73000",49:02:00,52:21:00,22,27,23,28,"PASSE INCOMPLETE",1,0,1,1,4,0,-5,-5,0,199
"FR-1-H_32_38_5761_9","FR-1-H_32_38_5761","FR_CSMBHB_73000","FR_CCMHB_28000","FR_CCMHB_28000",55:03:00,56:53:00,24,29,25,30,"ARRÊT",1,1,1,0,4,0,5,5,0,110
"FR-1-H_32_38_5762_10","FR-1-H_32_38_5762","FR_USCHB_94000","FR_USIHB_94200","FR_USCHB_94000",42:24:00,45:35:00,25,22,27,23,"TIR DIFFICILE",2,1,1,0,3,1,3,4,1,191
"FR-1-H_32_38_5762_11","FR-1-H_32_38_5762","FR_USCHB_94000","FR_USIHB_94200","FR_USIHB_94200",47:53:00,49:45:00,28,24,29,25,"PIED",1,1,0,0,2,1,-4,-4,0,112
"FR-1-H_32_38_5762_12","FR-1-H_32_38_5762","FR_USCHB_94000","FR_USIHB_94200","FR_USCHB_94000",49:45:00,53:58:00,29,25,30,26,"INTERCEPTION",1,2,1,0,9,1,4,4,0,253
"FR-1-H_32_38_5762_13","FR-1-H_32_38_5762","FR_USCHB_94000","FR_USIHB_94200","FR_USCHB_94000",54:32:00,57:28:00,31,26,32,27,"TIR DIFFICILE",0,2,1,0,4,1,5,5,0,176
"FR-1-H_32_38_5762_2","FR-1-H_32_38_5762","FR_USCHB_94000","FR_USIHB_94200","FR_USCHB_94000",06:29:00,10:32:00,3,4,5,5,"HORS CADRE",1,3,1,1,6,0,-1,0,1,243
"FR-1-H_32_38_5762_3","FR-1-H_32_38_5762","FR_USCHB_94000","FR_USIHB_94200","FR_USIHB_94200",16:12:00,19:27:00,9,9,10,11,"TIR DIFFICILE",1,1,0,1,4,1,0,1,1,195
"FR-1-H_32_38_5762_4","FR-1-H_32_38_5762","FR_USCHB_94000","FR_USIHB_94200","FR_USCHB_94000",19:27:00,21:33:00,10,11,11,12,"TIR DIFFICILE",2,1,1,0,3,0,-1,-1,0,126
"FR-1-H_32_38_5762_5","FR-1-H_32_38_5762","FR_USCHB_94000","FR_USIHB_94200","FR_USCHB_94000",24:04:00,25:46:00,13,13,14,14,"TIR DIFFICILE",1,1,1,0,3,0,0,0,0,102
"FR-1-H_32_38_5762_6","FR-1-H_32_38_5762","FR_USCHB_94000","FR_USIHB_94200","FR_USCHB_94000",26:34:00,28:11:00,15,14,16,15,"TIR DIFFICILE",1,1,1,0,2,0,1,1,0,97
"FR-1-H_32_38_5762_7","FR-1-H_32_38_5762","FR_USCHB_94000","FR_USIHB_94200","FR_USIHB_94200",32:27:00,35:04:00,19,18,20,19,"PASSE INCOMPLETE",1,1,1,1,5,0,-1,-1,0,157
"FR-1-H_32_38_5762_8","FR-1-H_32_38_5762","FR_USCHB_94000","FR_USIHB_94200","FR_USCHB_94000",37:21:00,38:38:00,21,20,22,21,"2 MINUTES",1,1,0,0,0,0,1,1,0,77
"FR-1-H_32_38_5762_9","FR-1-H_32_38_5762","FR_USCHB_94000","FR_USIHB_94200","FR_USCHB_94000",39:16:00,41:45:00,23,21,24,22,"PASSE INCOMPLETE",1,1,1,0,3,1,2,2,0,149
"FR-1-H_32_38_5763_10","FR-1-H_32_38_5763","FR_IPHB_13806","FR_SRVHB_83700","FR_IPHB_13806",31:36:00,37:08:00,16,19,18,20,"ARRÊT",3,1,3,2,11,0,-3,-2,1,332
"FR-1-H_32_38_5763_11","FR-1-H_32_38_5763","FR_IPHB_13806","FR_SRVHB_83700","FR_IPHB_13806",40:28:00,45:33:00,21,22,24,24,"ARRÊT",2,2,1,0,7,0,-1,0,1,305
"FR-1-H_32_38_5763_12","FR-1-H_32_38_5763","FR_IPHB_13806","FR_SRVHB_83700","FR_IPHB_13806",50:10:00,53:50:00,27,26,28,27,"TIR DIFFICILE",2,1,2,0,3,1,1,1,0,220
"FR-1-H_32_38_5763_2","FR-1-H_32_38_5763","FR_IPHB_13806","FR_SRVHB_83700","FR_IPHB_13806",03:13:00,05:34:00,2,2,3,3,"CARTON JAUNE",1,1,1,0,4,0,0,0,0,141
"FR-1-H_32_38_5763_3","FR-1-H_32_38_5763","FR_IPHB_13806","FR_SRVHB_83700","FR_IPHB_13806",07:47:00,09:34:00,5,4,6,5,"TIR DIFFICILE",1,1,0,0,2,1,1,1,0,107
"FR-1-H_32_38_5763_4","FR-1-H_32_38_5763","FR_IPHB_13806","FR_SRVHB_83700","FR_SRVHB_83700",09:34:00,12:49:00,6,5,7,7,"TIR DIFFICILE",1,3,0,2,5,0,-1,0,1,195
"FR-1-H_32_38_5763_5","FR-1-H_32_38_5763","FR_IPHB_13806","FR_SRVHB_83700","FR_SRVHB_83700",14:57:00,17:29:00,8,9,9,11,"INTERCEPTION",3,2,0,0,0,0,1,2,1,152
"FR-1-H_32_38_5763_6","FR-1-H_32_38_5763","FR_IPHB_13806","FR_SRVHB_83700","FR_IPHB_13806",17:29:00,19:21:00,9,11,10,12,"TEMPS MORT",0,1,0,0,2,1,-2,-2,0,112
"FR-1-H_32_38_5763_7","FR-1-H_32_38_5763","FR_IPHB_13806","FR_SRVHB_83700","FR_SRVHB_83700",21:51:00,23:53:00,11,13,12,14,"TIR DIFFICILE",1,1,0,2,3,1,2,2,0,122
"FR-1-H_32_38_5763_8","FR-1-H_32_38_5763","FR_IPHB_13806","FR_SRVHB_83700","FR_SRVHB_83700",26:17:00,29:39:00,13,16,14,18,"TIR DIFFICILE",1,2,1,1,5,1,3,4,1,202
"FR-1-H_32_38_5763_9","FR-1-H_32_38_5763","FR_IPHB_13806","FR_SRVHB_83700","FR_IPHB_13806",29:39:00,30:29:00,14,18,15,19,"ARRÊT",1,1,1,0,1,0,-4,-4,0,50
"FR-1-H_32_38_5764_1","FR-1-H_32_38_5764","FR_LHB_87000","FR_MHB_34000","FR_MHB_34000",03:14:00,09:11:00,1,2,2,4,"TIR DIFFICILE",2,1,0,2,10,1,1,2,1,357
"FR-1-H_32_38_5764_2","FR-1-H_32_38_5764","FR_LHB_87000","FR_MHB_34000","FR_LHB_87000",12:05:00,14:12:00,3,5,5,6,"ARRÊT",1,1,2,0,3,1,-2,-1,1,127
"FR-1-H_32_38_5764_3","FR-1-H_32_38_5764","FR_LHB_87000","FR_MHB_34000","FR_LHB_87000",21:16:00,22:59:00,9,9,10,10,"PASSE INCOMPLETE",1,1,1,1,4,0,0,0,0,103
"FR-1-H_32_38_5764_4","FR-1-H_32_38_5764","FR_LHB_87000","FR_MHB_34000","FR_MHB_34000",25:26:00,28:40:00,11,11,12,14,"ARRÊT",3,3,0,1,2,2,0,2,2,194
"FR-1-H_32_38_5764_5","FR-1-H_32_38_5764","FR_LHB_87000","FR_MHB_34000","FR_MHB_34000",31:00:00,34:25:00,12,15,13,17,"TIR DIFFICILE",1,2,0,2,4,1,3,4,1,205
"FR-1-H_32_38_5764_6","FR-1-H_32_38_5764","FR_LHB_87000","FR_MHB_34000","FR_MHB_34000",52:44:00,56:24:00,18,23,19,25,"TIR DIFFICILE",3,2,2,1,4,0,5,6,1,220
"FR-1-H_32_38_5765_1","FR-1-H_32_38_5765","FR_USAMNG_30918","FR_HBCN_44200","FR_USAMNG_30918",01:48:00,06:30:00,1,1,2,2,"ARRÊT",1,2,1,1,7,1,0,0,0,282
"FR-1-H_32_38_5765_10","FR-1-H_32_38_5765","FR_USAMNG_30918","FR_HBCN_44200","FR_HBCN_44200",51:00:00,53:15:00,30,24,31,26,"2 MINUTES",1,2,0,0,4,0,-6,-5,1,135
"FR-1-H_32_38_5765_11","FR-1-H_32_38_5765","FR_USAMNG_30918","FR_HBCN_44200","FR_HBCN_44200",53:41:00,59:28:00,31,27,32,30,"INTERCEPTION",1,3,0,3,9,1,-4,-2,2,347
"FR-1-H_32_38_5765_2","FR-1-H_32_38_5765","FR_USAMNG_30918","FR_HBCN_44200","FR_HBCN_44200",08:40:00,09:45:00,4,4,5,5,"TIR DIFFICILE",1,1,0,0,0,1,0,0,0,65
"FR-1-H_32_38_5765_3","FR-1-H_32_38_5765","FR_USAMNG_30918","FR_HBCN_44200","FR_HBCN_44200",11:02:00,12:49:00,6,7,7,8,"PASSE INCOMPLETE",1,1,0,1,3,0,1,1,0,107
"FR-1-H_32_38_5765_4","FR-1-H_32_38_5765","FR_USAMNG_30918","FR_HBCN_44200","FR_USAMNG_30918",14:05:00,15:39:00,8,9,9,10,"TIR DIFFICILE",1,2,0,1,2,0,-1,-1,0,94
"FR-1-H_32_38_5765_5","FR-1-H_32_38_5765","FR_USAMNG_30918","FR_HBCN_44200","FR_USAMNG_30918",24:04:00,26:33:00,15,15,16,16,"TEMPS MORT",1,1,1,0,5,0,0,0,0,149
"FR-1-H_32_38_5765_6","FR-1-H_32_38_5765","FR_USAMNG_30918","FR_HBCN_44200","FR_HBCN_44200",26:33:00,31:26:00,16,16,17,17,"2 MINUTES",2,1,3,1,9,0,0,0,0,293
"FR-1-H_32_38_5765_7","FR-1-H_32_38_5765","FR_USAMNG_30918","FR_HBCN_44200","FR_USAMNG_30918",34:10:00,37:39:00,19,19,22,20,"2 MINUTES",3,2,1,0,3,1,0,2,2,209
"FR-1-H_32_38_5765_8","FR-1-H_32_38_5765","FR_USAMNG_30918","FR_HBCN_44200","FR_USAMNG_30918",39:33:00,41:48:00,24,21,25,22,"TIR DIFFICILE",1,0,1,0,7,0,3,3,0,135
"FR-1-H_32_38_5765_9","FR-1-H_32_38_5765","FR_USAMNG_30918","FR_HBCN_44200","FR_USAMNG_30918",43:44:00,51:00:00,27,23,30,24,"TIR DIFFICILE",3,2,0,2,7,0,4,6,2,436
"FR-1-H_32_38_5766_1","FR-1-H_32_38_5766","FR_PSGHB_75016","FR_DHBGL_59140","FR_PSGHB_75016",00:42:00,04:46:00,1,0,3,1,"ARRÊT",3,3,1,0,4,0,1,2,1,244
"FR-1-H_32_38_5766_10","FR-1-H_32_38_5766","FR_PSGHB_75016","FR_DHBGL_59140","FR_DHBGL_59140",52:30:00,54:23:00,26,17,27,18,"TIR DIFFICILE",2,1,0,1,2,0,-9,-9,0,113
"FR-1-H_32_38_5766_11","FR-1-H_32_38_5766","FR_PSGHB_75016","FR_DHBGL_59140","FR_DHBGL_59140",57:09:00,58:25:00,27,19,28,20,"PASSE INCOMPLETE",1,1,0,0,1,1,-8,-8,0,76
"FR-1-H_32_38_5766_12","FR-1-H_32_38_5766","FR_PSGHB_75016","FR_DHBGL_59140","FR_PSGHB_75016",58:25:00,41:51:00,28,20,NA,NA,"TIR DIFFICILE",2,1,1,0,1,1,8,NA,NA,-994
"FR-1-H_32_38_5766_2","FR-1-H_32_38_5766","FR_PSGHB_75016","FR_DHBGL_59140","FR_PSGHB_75016",07:37:00,09:35:00,5,2,6,3,"ARRÊT",1,1,1,1,2,0,3,3,0,118
"FR-1-H_32_38_5766_3","FR-1-H_32_38_5766","FR_PSGHB_75016","FR_DHBGL_59140","FR_PSGHB_75016",11:11:00,15:12:00,7,3,8,4,"ARRÊT",2,1,2,1,7,1,4,4,0,241
"FR-1-H_32_38_5766_4","FR-1-H_32_38_5766","FR_PSGHB_75016","FR_DHBGL_59140","FR_DHBGL_59140",20:09:00,22:28:00,11,7,12,8,"TIR DIFFICILE",2,1,0,0,1,0,-4,-4,0,139
"FR-1-H_32_38_5766_5","FR-1-H_32_38_5766","FR_PSGHB_75016","FR_DHBGL_59140","FR_PSGHB_75016",22:28:00,30:39:00,12,8,14,9,"BALLON SORTI",4,2,0,2,13,1,4,5,1,491
"FR-1-H_32_38_5766_6","FR-1-H_32_38_5766","FR_PSGHB_75016","FR_DHBGL_59140","FR_PSGHB_75016",31:35:00,35:07:00,15,9,17,10,"TIR CONTRÉ",3,2,1,1,7,1,6,7,1,212
"FR-1-H_32_38_5766_7","FR-1-H_32_38_5766","FR_PSGHB_75016","FR_DHBGL_59140","FR_DHBGL_59140",35:07:00,36:35:00,17,10,18,11,"TIR DIFFICILE",1,1,0,0,0,1,-7,-7,0,88
"FR-1-H_32_38_5766_8","FR-1-H_32_38_5766","FR_PSGHB_75016","FR_DHBGL_59140","FR_DHBGL_59140",37:36:00,39:57:00,18,12,19,13,"TIR DIFFICILE",1,2,0,0,2,0,-6,-6,0,141
"FR-1-H_32_38_5766_9","FR-1-H_32_38_5766","FR_PSGHB_75016","FR_DHBGL_59140","FR_PSGHB_75016",42:41:00,48:28:00,21,14,24,15,"PASSAGE EN FORCE",4,3,2,0,6,0,7,9,2,347
"FR-1-H_32_38_5767_1","FR-1-H_32_38_5767","FR_FTHB_31000","FR_CRMHB_35510","FR_FTHB_31000",01:32:00,04:15:00,1,0,3,1,"TIR DIFFICILE",2,1,1,0,4,0,1,2,1,163
"FR-1-H_32_38_5767_10","FR-1-H_32_38_5767","FR_FTHB_31000","FR_CRMHB_35510","FR_CRMHB_35510",46:21:00,47:05:00,22,20,23,21,"TIR DIFFICILE",1,1,0,1,1,0,-2,-2,0,44
"FR-1-H_32_38_5767_11","FR-1-H_32_38_5767","FR_FTHB_31000","FR_CRMHB_35510","FR_FTHB_31000",47:05:00,48:21:00,23,21,24,22,"TIR DIFFICILE",1,1,1,0,1,1,2,2,0,76
"FR-1-H_32_38_5767_12","FR-1-H_32_38_5767","FR_FTHB_31000","FR_CRMHB_35510","FR_CRMHB_35510",48:21:00,50:06:00,24,22,25,23,"TIR DIFFICILE",1,1,0,0,2,0,-2,-2,0,105
"FR-1-H_32_38_5767_13","FR-1-H_32_38_5767","FR_FTHB_31000","FR_CRMHB_35510","FR_CRMHB_35510",57:42:00,60:00:00,30,29,NA,NA,"POTEAU",0,1,0,1,5,0,-1,NA,NA,138
"FR-1-H_32_38_5767_2","FR-1-H_32_38_5767","FR_FTHB_31000","FR_CRMHB_35510","FR_CRMHB_35510",04:15:00,09:41:00,3,1,4,4,"TIR CONTRÉ",3,3,0,2,8,1,-2,0,2,326
"FR-1-H_32_38_5767_3","FR-1-H_32_38_5767","FR_FTHB_31000","FR_CRMHB_35510","FR_FTHB_31000",12:25:00,14:21:00,6,6,7,7,"TIR DIFFICILE",1,1,0,0,2,1,0,0,0,116
"FR-1-H_32_38_5767_4","FR-1-H_32_38_5767","FR_FTHB_31000","FR_CRMHB_35510","FR_FTHB_31000",14:51:00,16:57:00,8,7,10,8,"TIR DIFFICILE",2,1,0,0,2,0,1,2,1,126
"FR-1-H_32_38_5767_5","FR-1-H_32_38_5767","FR_FTHB_31000","FR_CRMHB_35510","FR_FTHB_31000",17:41:00,22:52:00,11,8,13,9,"TIR DIFFICILE",3,1,2,1,6,1,3,4,1,311
"FR-1-H_32_38_5767_6","FR-1-H_32_38_5767","FR_FTHB_31000","FR_CRMHB_35510","FR_CRMHB_35510",22:52:00,28:27:00,13,9,14,11,"ARRÊT",1,1,1,3,10,0,-4,-3,1,335
"FR-1-H_32_38_5767_7","FR-1-H_32_38_5767","FR_FTHB_31000","FR_CRMHB_35510","FR_CRMHB_35510",29:33:00,34:37:00,14,12,15,13,"ARRÊT",2,2,1,1,10,0,-2,-2,0,304
"FR-1-H_32_38_5767_8","FR-1-H_32_38_5767","FR_FTHB_31000","FR_CRMHB_35510","FR_CRMHB_35510",37:33:00,39:20:00,16,15,17,16,"2 MINUTES",1,1,0,1,2,0,-1,-1,0,107
"FR-1-H_32_38_5767_9","FR-1-H_32_38_5767","FR_FTHB_31000","FR_CRMHB_35510","FR_FTHB_31000",40:09:00,42:41:00,18,17,20,18,"TIR DIFFICILE",2,1,0,0,4,0,1,2,1,152
"FR-1-H_32_39_5768_1","FR-1-H_32_39_5768","FR_CRMHB_35510","FR_USIHB_94200","FR_USIHB_94200",00:54:00,05:03:00,1,2,2,4,"TIR DIFFICILE",3,3,0,0,3,1,1,2,1,249
"FR-1-H_32_39_5768_10","FR-1-H_32_39_5768","FR_CRMHB_35510","FR_USIHB_94200","FR_USIHB_94200",32:45:00,39:45:00,17,19,18,22,"PASSE INCOMPLETE",1,1,1,4,9,0,2,4,2,420
"FR-1-H_32_39_5768_11","FR-1-H_32_39_5768","FR_CRMHB_35510","FR_USIHB_94200","FR_CRMHB_35510",39:45:00,42:04:00,18,22,19,23,"2 MINUTES",1,1,0,0,3,0,-4,-4,0,139
"FR-1-H_32_39_5768_12","FR-1-H_32_39_5768","FR_CRMHB_35510","FR_USIHB_94200","FR_USIHB_94200",42:04:00,44:17:00,19,23,20,25,"ARRÊT",1,2,0,2,3,0,4,5,1,133
"FR-1-H_32_39_5768_13","FR-1-H_32_39_5768","FR_CRMHB_35510","FR_USIHB_94200","FR_USIHB_94200",44:44:00,46:24:00,20,26,21,27,"ARRÊT",0,1,0,1,1,0,6,6,0,100
"FR-1-H_32_39_5768_14","FR-1-H_32_39_5768","FR_CRMHB_35510","FR_USIHB_94200","FR_CRMHB_35510",46:24:00,50:47:00,21,27,24,28,"2 MINUTES",4,2,0,0,6,0,-6,-4,2,263
"FR-1-H_32_39_5768_15","FR-1-H_32_39_5768","FR_CRMHB_35510","FR_USIHB_94200","FR_USIHB_94200",50:47:00,53:23:00,24,28,25,29,"2 MINUTES",1,2,0,1,7,0,4,4,0,156
"FR-1-H_32_39_5768_16","FR-1-H_32_39_5768","FR_CRMHB_35510","FR_USIHB_94200","FR_CRMHB_35510",53:23:00,57:01:00,25,29,27,30,"ZONE",3,1,0,1,3,1,-4,-3,1,218
"FR-1-H_32_39_5768_2","FR-1-H_32_39_5768","FR_CRMHB_35510","FR_USIHB_94200","FR_CRMHB_35510",05:03:00,06:59:00,2,4,3,5,"TIR DIFFICILE",2,1,1,0,2,1,-2,-2,0,116
"FR-1-H_32_39_5768_3","FR-1-H_32_39_5768","FR_CRMHB_35510","FR_USIHB_94200","FR_USIHB_94200",06:59:00,08:03:00,3,5,4,6,"PASSAGE EN FORCE",1,1,0,0,0,1,2,2,0,64
"FR-1-H_32_39_5768_4","FR-1-H_32_39_5768","FR_CRMHB_35510","FR_USIHB_94200","FR_CRMHB_35510",08:03:00,11:00:00,4,6,6,7,"TIR CONTRÉ",2,1,1,0,3,0,-2,-1,1,177
"FR-1-H_32_39_5768_5","FR-1-H_32_39_5768","FR_CRMHB_35510","FR_USIHB_94200","FR_USIHB_94200",11:00:00,13:35:00,6,7,7,9,"TIR DIFFICILE",1,1,0,2,4,0,1,2,1,155
"FR-1-H_32_39_5768_6","FR-1-H_32_39_5768","FR_CRMHB_35510","FR_USIHB_94200","FR_USIHB_94200",14:05:00,16:25:00,7,10,8,11,"ARRÊT",0,1,0,1,3,0,3,3,0,140
"FR-1-H_32_39_5768_7","FR-1-H_32_39_5768","FR_CRMHB_35510","FR_USIHB_94200","FR_CRMHB_35510",18:32:00,20:43:00,10,13,11,14,"TEMPS MORT",1,1,1,0,2,0,-3,-3,0,131
"FR-1-H_32_39_5768_8","FR-1-H_32_39_5768","FR_CRMHB_35510","FR_USIHB_94200","FR_CRMHB_35510",22:53:00,26:40:00,12,14,14,15,"HORS CADRE",2,1,0,1,3,0,-2,-1,1,227
"FR-1-H_32_39_5768_9","FR-1-H_32_39_5768","FR_CRMHB_35510","FR_USIHB_94200","FR_USIHB_94200",28:50:00,30:35:00,16,17,17,18,"TIR DIFFICILE",1,1,0,0,2,0,1,1,0,105
"FR-1-H_32_39_5769_10","FR-1-H_32_39_5769","FR_CSMBHB_73000","FR_PSGHB_75016","FR_PSGHB_75016",44:09:00,46:44:00,24,24,25,25,"ARRÊT",1,1,1,1,2,0,0,0,0,155
"FR-1-H_32_39_5769_11","FR-1-H_32_39_5769","FR_CSMBHB_73000","FR_PSGHB_75016","FR_CSMBHB_73000",50:56:00,52:37:00,28,28,29,29,"2 MINUTES",1,2,0,0,1,0,0,0,0,101
"FR-1-H_32_39_5769_12","FR-1-H_32_39_5769","FR_CSMBHB_73000","FR_PSGHB_75016","FR_PSGHB_75016",52:37:00,53:50:00,29,29,30,30,"PASSAGE EN FORCE",1,1,0,2,3,0,0,0,0,73
"FR-1-H_32_39_5769_2","FR-1-H_32_39_5769","FR_CSMBHB_73000","FR_PSGHB_75016","FR_PSGHB_75016",06:05:00,06:55:00,5,3,6,4,"CARTON JAUNE",2,1,0,0,0,0,-2,-2,0,50
"FR-1-H_32_39_5769_3","FR-1-H_32_39_5769","FR_CSMBHB_73000","FR_PSGHB_75016","FR_PSGHB_75016",09:48:00,11:34:00,7,6,8,7,"INTERCEPTION",0,1,0,1,2,1,-1,-1,0,106
"FR-1-H_32_39_5769_4","FR-1-H_32_39_5769","FR_CSMBHB_73000","FR_PSGHB_75016","FR_PSGHB_75016",13:36:00,17:00:00,8,8,9,9,"PASSAGE EN FORCE",1,1,1,1,5,0,0,0,0,204
"FR-1-H_32_39_5769_5","FR-1-H_32_39_5769","FR_CSMBHB_73000","FR_PSGHB_75016","FR_CSMBHB_73000",17:00:00,18:54:00,9,9,10,10,"ARRÊT",0,1,0,0,2,0,0,0,0,114
"FR-1-H_32_39_5769_6","FR-1-H_32_39_5769","FR_CSMBHB_73000","FR_PSGHB_75016","FR_PSGHB_75016",20:16:00,23:22:00,11,11,12,13,"ARRÊT",0,2,0,0,5,1,0,1,1,186
"FR-1-H_32_39_5769_7","FR-1-H_32_39_5769","FR_CSMBHB_73000","FR_PSGHB_75016","FR_PSGHB_75016",26:29:00,32:23:00,14,16,15,20,"ARRÊT",2,4,1,1,9,3,2,5,3,354
"FR-1-H_32_39_5769_8","FR-1-H_32_39_5769","FR_CSMBHB_73000","FR_PSGHB_75016","FR_CSMBHB_73000",32:23:00,34:48:00,15,20,17,21,"TIR DIFFICILE",1,1,0,0,3,0,-5,-4,1,145
"FR-1-H_32_39_5769_9","FR-1-H_32_39_5769","FR_CSMBHB_73000","FR_PSGHB_75016","FR_CSMBHB_73000",35:17:00,40:24:00,18,21,22,22,"BALLON SORTI",3,2,3,0,8,0,-3,0,3,307
"FR-1-H_32_39_5770_10","FR-1-H_32_39_5770","FR_CCMHB_28000","FR_USAMNG_30918","FR_USAMNG_30918",28:16:00,35:06:00,13,16,14,19,"INTERCEPTION",2,1,2,3,13,0,3,5,2,410
"FR-1-H_32_39_5770_11","FR-1-H_32_39_5770","FR_CCMHB_28000","FR_USAMNG_30918","FR_CCMHB_28000",36:54:00,39:03:00,15,20,17,21,"ARRÊT",2,1,0,0,2,0,-5,-4,1,129
"FR-1-H_32_39_5770_12","FR-1-H_32_39_5770","FR_CCMHB_28000","FR_USAMNG_30918","FR_USAMNG_30918",39:03:00,41:49:00,17,21,18,23,"TEMPS MORT",3,3,0,0,3,0,4,5,1,166
"FR-1-H_32_39_5770_13","FR-1-H_32_39_5770","FR_CCMHB_28000","FR_USAMNG_30918","FR_CCMHB_28000",43:09:00,44:05:00,19,24,20,25,"PASSAGE EN FORCE",1,1,0,0,1,0,-5,-5,0,56
"FR-1-H_32_39_5770_14","FR-1-H_32_39_5770","FR_CCMHB_28000","FR_USAMNG_30918","FR_USAMNG_30918",44:05:00,47:25:00,20,25,21,27,"CARTON ROUGE",1,2,0,2,4,1,5,6,1,200
"FR-1-H_32_39_5770_15","FR-1-H_32_39_5770","FR_CCMHB_28000","FR_USAMNG_30918","FR_USAMNG_30918",48:10:00,49:42:00,21,28,22,29,"TIR DIFFICILE",2,1,0,0,1,1,7,7,0,92
"FR-1-H_32_39_5770_16","FR-1-H_32_39_5770","FR_CCMHB_28000","FR_USAMNG_30918","FR_CCMHB_28000",49:42:00,51:54:00,22,29,23,30,"TEMPS MORT",1,3,1,1,5,0,-7,-7,0,132
"FR-1-H_32_39_5770_17","FR-1-H_32_39_5770","FR_CCMHB_28000","FR_USAMNG_30918","FR_USAMNG_30918",57:04:00,58:59:00,26,33,27,34,"INTERCEPTION",1,1,0,2,3,0,7,7,0,115
"FR-1-H_32_39_5770_2","FR-1-H_32_39_5770","FR_CCMHB_28000","FR_USAMNG_30918","FR_USAMNG_30918",04:26:00,06:25:00,3,4,4,5,"TIR DIFFICILE",1,2,0,1,3,1,1,1,0,119
"FR-1-H_32_39_5770_3","FR-1-H_32_39_5770","FR_CCMHB_28000","FR_USAMNG_30918","FR_CCMHB_28000",06:25:00,08:28:00,4,5,5,6,"TIR DIFFICILE",2,2,0,0,2,0,-1,-1,0,123
"FR-1-H_32_39_5770_4","FR-1-H_32_39_5770","FR_CCMHB_28000","FR_USAMNG_30918","FR_USAMNG_30918",08:28:00,10:35:00,5,6,6,7,"POTEAU",1,1,0,0,4,0,1,1,0,127
"FR-1-H_32_39_5770_5","FR-1-H_32_39_5770","FR_CCMHB_28000","FR_USAMNG_30918","FR_USAMNG_30918",13:00:00,16:33:00,7,9,8,10,"TIR DIFFICILE",1,1,1,2,3,0,2,2,0,213
"FR-1-H_32_39_5770_6","FR-1-H_32_39_5770","FR_CCMHB_28000","FR_USAMNG_30918","FR_USAMNG_30918",18:15:00,20:54:00,9,12,10,13,"TIR DIFFICILE",1,1,1,2,7,0,3,3,0,159
"FR-1-H_32_39_5770_7","FR-1-H_32_39_5770","FR_CCMHB_28000","FR_USAMNG_30918","FR_CCMHB_28000",20:54:00,23:00:00,10,13,11,14,"PASSAGE EN FORCE",2,1,1,0,3,0,-3,-3,0,126
"FR-1-H_32_39_5770_8","FR-1-H_32_39_5770","FR_CCMHB_28000","FR_USAMNG_30918","FR_USAMNG_30918",23:00:00,25:24:00,11,14,12,15,"ARRÊT",1,1,0,1,2,0,3,3,0,144
"FR-1-H_32_39_5770_9","FR-1-H_32_39_5770","FR_CCMHB_28000","FR_USAMNG_30918","FR_CCMHB_28000",25:24:00,28:16:00,12,15,13,16,"TEMPS MORT",1,1,0,0,5,0,-3,-3,0,172
"FR-1-H_32_39_5771_10","FR-1-H_32_39_5771","FR_DHBGL_59140","FR_TFHB_93290","FR_TFHB_93290",39:53:00,42:02:00,15,17,16,18,"2 MINUTES",0,1,0,1,3,0,2,2,0,129
"FR-1-H_32_39_5771_11","FR-1-H_32_39_5771","FR_DHBGL_59140","FR_TFHB_93290","FR_DHBGL_59140",43:35:00,48:24:00,17,19,19,20,"2 MINUTES",2,1,1,2,6,0,-2,-1,1,289
"FR-1-H_32_39_5771_12","FR-1-H_32_39_5771","FR_DHBGL_59140","FR_TFHB_93290","FR_TFHB_93290",48:24:00,51:27:00,19,20,20,21,"ARRÊT",2,1,2,0,5,1,1,1,0,183
"FR-1-H_32_39_5771_13","FR-1-H_32_39_5771","FR_DHBGL_59140","FR_TFHB_93290","FR_DHBGL_59140",55:17:00,58:13:00,22,23,23,24,"TEMPS MORT",0,0,1,1,8,0,-1,-1,0,176
"FR-1-H_32_39_5771_14","FR-1-H_32_39_5771","FR_DHBGL_59140","FR_TFHB_93290","FR_DHBGL_59140",58:48:00,60:00:00,24,24,NA,NA,"2 MINUTES",1,1,0,0,1,0,0,NA,NA,72
"FR-1-H_32_39_5771_2","FR-1-H_32_39_5771","FR_DHBGL_59140","FR_TFHB_93290","FR_TFHB_93290",04:00:00,05:13:00,2,2,3,3,"TIR DIFFICILE",1,1,0,1,1,0,0,0,0,73
"FR-1-H_32_39_5771_3","FR-1-H_32_39_5771","FR_DHBGL_59140","FR_TFHB_93290","FR_DHBGL_59140",08:55:00,12:24:00,4,4,5,5,"ARRÊT",1,1,2,0,5,0,0,0,0,209
"FR-1-H_32_39_5771_4","FR-1-H_32_39_5771","FR_DHBGL_59140","FR_TFHB_93290","FR_TFHB_93290",14:19:00,18:37:00,6,6,7,8,"PASSE INCOMPLETE",2,0,0,0,6,0,0,1,1,258
"FR-1-H_32_39_5771_5","FR-1-H_32_39_5771","FR_DHBGL_59140","FR_TFHB_93290","FR_DHBGL_59140",18:37:00,20:59:00,7,8,8,9,"CARTON JAUNE",1,1,1,1,3,0,-1,-1,0,142
"FR-1-H_32_39_5771_6","FR-1-H_32_39_5771","FR_DHBGL_59140","FR_TFHB_93290","FR_TFHB_93290",22:22:00,25:37:00,9,10,10,11,"TEMPS MORT",1,1,0,0,6,0,1,1,0,195
"FR-1-H_32_39_5771_7","FR-1-H_32_39_5771","FR_DHBGL_59140","FR_TFHB_93290","FR_DHBGL_59140",25:47:00,29:35:00,10,11,12,12,"ARRÊT",2,1,3,0,8,0,-1,0,1,228
"FR-1-H_32_39_5771_8","FR-1-H_32_39_5771","FR_DHBGL_59140","FR_TFHB_93290","FR_TFHB_93290",29:35:00,33:03:00,12,12,13,13,"BALLON SORTI",2,1,2,1,5,0,0,0,0,208
"FR-1-H_32_39_5771_9","FR-1-H_32_39_5771","FR_DHBGL_59140","FR_TFHB_93290","FR_TFHB_93290",34:59:00,37:43:00,14,15,15,16,"TIR DIFFICILE",1,1,0,1,3,0,1,1,0,164
"FR-1-H_32_39_5772_10","FR-1-H_32_39_5772","FR_LHB_87000","FR_PAUC_13100","FR_PAUC_13100",35:21:00,37:51:00,22,18,23,19,"ARRÊT",1,2,0,1,4,1,-4,-4,0,150
"FR-1-H_32_39_5772_11","FR-1-H_32_39_5772","FR_LHB_87000","FR_PAUC_13100","FR_PAUC_13100",39:53:00,40:51:00,24,21,25,22,"PASSAGE EN FORCE",1,1,0,0,0,0,-3,-3,0,58
"FR-1-H_32_39_5772_12","FR-1-H_32_39_5772","FR_LHB_87000","FR_PAUC_13100","FR_PAUC_13100",44:40:00,48:02:00,25,23,26,26,"PASSE INCOMPLETE",0,3,0,1,7,0,-2,0,2,202
"FR-1-H_32_39_5772_13","FR-1-H_32_39_5772","FR_LHB_87000","FR_PAUC_13100","FR_LHB_87000",48:02:00,49:00:00,26,26,27,27,"TEMPS MORT",1,0,0,0,0,1,0,0,0,58
"FR-1-H_32_39_5772_14","FR-1-H_32_39_5772","FR_LHB_87000","FR_PAUC_13100","FR_PAUC_13100",49:00:00,54:24:00,27,27,28,29,"2 MINUTES",1,6,0,2,11,0,0,1,1,324
"FR-1-H_32_39_5772_15","FR-1-H_32_39_5772","FR_LHB_87000","FR_PAUC_13100","FR_PAUC_13100",54:54:00,57:13:00,28,30,29,31,"2 MINUTES",2,1,0,0,1,1,2,2,0,139
"FR-1-H_32_39_5772_16","FR-1-H_32_39_5772","FR_LHB_87000","FR_PAUC_13100","FR_LHB_87000",57:13:00,60:00:00,29,31,NA,NA,"CARTON JAUNE",0,0,1,2,6,0,-2,NA,NA,167
"FR-1-H_32_39_5772_2","FR-1-H_32_39_5772","FR_LHB_87000","FR_PAUC_13100","FR_PAUC_13100",05:28:00,06:45:00,2,4,3,5,"TIR DIFFICILE",1,1,0,0,1,1,2,2,0,77
"FR-1-H_32_39_5772_3","FR-1-H_32_39_5772","FR_LHB_87000","FR_PAUC_13100","FR_LHB_87000",06:45:00,08:16:00,3,5,4,6,"TIR DIFFICILE",1,0,1,0,2,0,-2,-2,0,91
"FR-1-H_32_39_5772_4","FR-1-H_32_39_5772","FR_LHB_87000","FR_PAUC_13100","FR_LHB_87000",12:20:00,14:22:00,8,9,9,10,"POTEAU",1,1,0,0,2,0,-1,-1,0,122
"FR-1-H_32_39_5772_5","FR-1-H_32_39_5772","FR_LHB_87000","FR_PAUC_13100","FR_LHB_87000",14:42:00,16:18:00,10,10,11,11,"TIR DIFFICILE",1,1,1,0,3,0,0,0,0,96
"FR-1-H_32_39_5772_6","FR-1-H_32_39_5772","FR_LHB_87000","FR_PAUC_13100","FR_LHB_87000",20:22:00,21:38:00,13,12,14,13,"TIR DIFFICILE",1,1,1,0,1,2,1,1,0,76
"FR-1-H_32_39_5772_7","FR-1-H_32_39_5772","FR_LHB_87000","FR_PAUC_13100","FR_LHB_87000",25:35:00,29:55:00,17,15,18,16,"2 MINUTES",2,1,2,0,7,0,2,2,0,260
"FR-1-H_32_39_5772_8","FR-1-H_32_39_5772","FR_LHB_87000","FR_PAUC_13100","FR_LHB_87000",31:42:00,32:46:00,19,16,20,17,"INTERCEPTION",1,1,2,0,2,0,3,3,0,64
"FR-1-H_32_39_5772_9","FR-1-H_32_39_5772","FR_LHB_87000","FR_PAUC_13100","FR_LHB_87000",33:23:00,35:21:00,21,17,22,18,"TIR DIFFICILE",1,1,1,0,3,0,4,4,0,118
"FR-1-H_32_39_5773_1","FR-1-H_32_39_5773","FR_MHB_34000","FR_FTHB_31000","FR_MHB_34000",10:26:00,13:15:00,6,5,7,6,"ARRÊT",1,1,2,1,6,1,1,1,0,169
"FR-1-H_32_39_5773_10","FR-1-H_32_39_5773","FR_MHB_34000","FR_FTHB_31000","FR_MHB_34000",43:26:00,49:34:00,27,24,29,25,"TIR DIFFICILE",1,2,2,1,8,0,3,4,1,368
"FR-1-H_32_39_5773_11","FR-1-H_32_39_5773","FR_MHB_34000","FR_FTHB_31000","FR_MHB_34000",50:23:00,54:06:00,30,25,33,26,"ARRÊT",3,1,2,0,2,1,5,7,2,223
"FR-1-H_32_39_5773_12","FR-1-H_32_39_5773","FR_MHB_34000","FR_FTHB_31000","FR_FTHB_31000",54:06:00,55:45:00,33,26,34,27,"2 MINUTES",1,1,0,1,2,1,-7,-7,0,99
"FR-1-H_32_39_5773_13","FR-1-H_32_39_5773","FR_MHB_34000","FR_FTHB_31000","FR_FTHB_31000",57:30:00,NA,34,28,NA,NA,"2 MINUTES",0,3,0,1,4,0,-6,NA,NA,NA
"FR-1-H_32_39_5773_2","FR-1-H_32_39_5773","FR_MHB_34000","FR_FTHB_31000","FR_FTHB_31000",13:15:00,15:18:00,7,6,8,7,"TIR DIFFICILE",0,1,0,0,2,0,-1,-1,0,123
"FR-1-H_32_39_5773_3","FR-1-H_32_39_5773","FR_MHB_34000","FR_FTHB_31000","FR_FTHB_31000",19:00:00,21:43:00,10,10,11,11,"TIR DIFFICILE",1,1,0,1,2,0,0,0,0,163
"FR-1-H_32_39_5773_4","FR-1-H_32_39_5773","FR_MHB_34000","FR_FTHB_31000","FR_MHB_34000",24:25:00,27:30:00,13,13,15,14,"ARRÊT",2,2,0,0,3,1,0,1,1,185
"FR-1-H_32_39_5773_5","FR-1-H_32_39_5773","FR_MHB_34000","FR_FTHB_31000","FR_MHB_34000",29:20:00,31:17:00,17,15,18,16,"TIR DIFFICILE",1,2,0,0,0,0,2,2,0,117
"FR-1-H_32_39_5773_6","FR-1-H_32_39_5773","FR_MHB_34000","FR_FTHB_31000","FR_MHB_34000",31:39:00,33:44:00,19,16,20,17,"POTEAU",0,1,0,1,2,0,3,3,0,125
"FR-1-H_32_39_5773_7","FR-1-H_32_39_5773","FR_MHB_34000","FR_FTHB_31000","FR_MHB_34000",34:07:00,35:37:00,21,17,22,18,"2 MINUTES",1,1,0,0,2,0,4,4,0,90
"FR-1-H_32_39_5773_8","FR-1-H_32_39_5773","FR_MHB_34000","FR_FTHB_31000","FR_FTHB_31000",35:37:00,36:57:00,22,18,23,19,"TEMPS MORT",1,1,0,1,2,2,-4,-4,0,80
"FR-1-H_32_39_5773_9","FR-1-H_32_39_5773","FR_MHB_34000","FR_FTHB_31000","FR_FTHB_31000",38:34:00,40:10:00,23,20,24,21,"TIR DIFFICILE",0,1,0,1,3,0,-3,-3,0,96
"FR-1-H_32_39_5774_10","FR-1-H_32_39_5774","FR_HBCN_44200","FR_IPHB_13806","FR_IPHB_13806",38:18:00,39:39:00,23,17,24,18,"INTERCEPTION",1,1,0,0,0,0,-6,-6,0,81
"FR-1-H_32_39_5774_11","FR-1-H_32_39_5774","FR_HBCN_44200","FR_IPHB_13806","FR_HBCN_44200",41:13:00,45:17:00,25,19,28,20,"TEMPS MORT",4,1,2,0,5,0,6,8,2,244
"FR-1-H_32_39_5774_12","FR-1-H_32_39_5774","FR_HBCN_44200","FR_IPHB_13806","FR_HBCN_44200",48:51:00,50:23:00,31,22,32,23,"ARRÊT",1,1,0,0,1,0,9,9,0,92
"FR-1-H_32_39_5774_13","FR-1-H_32_39_5774","FR_HBCN_44200","FR_IPHB_13806","FR_HBCN_44200",56:06:00,59:52:00,36,26,38,27,"ARRÊT",3,1,1,0,8,1,10,11,1,226
"FR-1-H_32_39_5774_2","FR-1-H_32_39_5774","FR_HBCN_44200","FR_IPHB_13806","FR_HBCN_44200",06:15:00,08:35:00,3,5,5,6,"TIR CONTRÉ",3,1,0,0,2,1,-2,-1,1,140
"FR-1-H_32_39_5774_3","FR-1-H_32_39_5774","FR_HBCN_44200","FR_IPHB_13806","FR_HBCN_44200",08:57:00,12:00:00,6,6,8,7,"2 MINUTES",2,1,0,0,3,0,0,1,1,183
"FR-1-H_32_39_5774_4","FR-1-H_32_39_5774","FR_HBCN_44200","FR_IPHB_13806","FR_IPHB_13806",12:00:00,16:19:00,8,7,9,8,"INTERCEPTION",1,2,0,2,8,0,-1,-1,0,259
"FR-1-H_32_39_5774_5","FR-1-H_32_39_5774","FR_HBCN_44200","FR_IPHB_13806","FR_HBCN_44200",18:37:00,19:52:00,10,9,11,10,"TIR DIFFICILE",1,2,0,0,1,0,1,1,0,75
"FR-1-H_32_39_5774_6","FR-1-H_32_39_5774","FR_HBCN_44200","FR_IPHB_13806","FR_HBCN_44200",20:37:00,22:48:00,12,10,13,11,"TEMPS MORT",0,0,0,0,1,0,2,2,0,131
"FR-1-H_32_39_5774_7","FR-1-H_32_39_5774","FR_HBCN_44200","FR_IPHB_13806","FR_HBCN_44200",22:57:00,27:50:00,14,11,18,12,"2 MINUTES",4,3,0,0,5,1,3,6,3,293
"FR-1-H_32_39_5774_8","FR-1-H_32_39_5774","FR_HBCN_44200","FR_IPHB_13806","FR_IPHB_13806",32:36:00,33:39:00,20,14,21,15,"ARRÊT",2,1,0,0,1,0,-6,-6,0,63
"FR-1-H_32_39_5774_9","FR-1-H_32_39_5774","FR_HBCN_44200","FR_IPHB_13806","FR_HBCN_44200",34:34:00,38:18:00,22,16,23,17,"2 MINUTES",1,0,2,0,6,1,6,6,0,224
"FR-1-H_32_39_5775_10","FR-1-H_32_39_5775","FR_SRVHB_83700","FR_USCHB_94000","FR_USCHB_94000",41:51:00,43:42:00,23,17,24,18,"TIR DIFFICILE",1,1,0,1,1,0,-6,-6,0,111
"FR-1-H_32_39_5775_11","FR-1-H_32_39_5775","FR_SRVHB_83700","FR_USCHB_94000","FR_USCHB_94000",43:54:00,46:15:00,24,19,25,20,"ARRÊT",1,1,0,0,2,0,-5,-5,0,141
"FR-1-H_32_39_5775_12","FR-1-H_32_39_5775","FR_SRVHB_83700","FR_USCHB_94000","FR_SRVHB_83700",46:15:00,50:40:00,25,20,26,21,"TEMPS MORT",2,1,1,1,10,0,5,5,0,265
"FR-1-H_32_39_5775_13","FR-1-H_32_39_5775","FR_SRVHB_83700","FR_USCHB_94000","FR_USCHB_94000",50:40:00,52:42:00,26,21,27,22,"2 MINUTES",1,2,0,0,3,2,-5,-5,0,122
"FR-1-H_32_39_5775_2","FR-1-H_32_39_5775","FR_SRVHB_83700","FR_USCHB_94000","FR_SRVHB_83700",02:32:00,12:24:00,2,2,7,3,"PASSE INCOMPLETE",5,2,4,1,13,4,0,4,4,592
"FR-1-H_32_39_5775_3","FR-1-H_32_39_5775","FR_SRVHB_83700","FR_USCHB_94000","FR_SRVHB_83700",13:40:00,17:00:00,8,3,10,4,"PASSE INCOMPLETE",1,2,2,0,2,1,5,6,1,200
"FR-1-H_32_39_5775_4","FR-1-H_32_39_5775","FR_SRVHB_83700","FR_USCHB_94000","FR_USCHB_94000",18:34:00,19:39:00,11,5,12,6,"INTERCEPTION",1,1,0,0,0,0,-6,-6,0,65
"FR-1-H_32_39_5775_5","FR-1-H_32_39_5775","FR_SRVHB_83700","FR_USCHB_94000","FR_USCHB_94000",20:02:00,21:49:00,12,7,13,8,"PASSE INCOMPLETE",1,1,0,0,1,0,-5,-5,0,107
"FR-1-H_32_39_5775_6","FR-1-H_32_39_5775","FR_SRVHB_83700","FR_USCHB_94000","FR_SRVHB_83700",27:37:00,31:54:00,15,10,17,11,"ARRÊT",4,4,1,0,6,0,5,6,1,257
"FR-1-H_32_39_5775_7","FR-1-H_32_39_5775","FR_SRVHB_83700","FR_USCHB_94000","FR_USCHB_94000",31:54:00,33:39:00,17,11,18,12,"ARRÊT",0,1,0,1,1,0,-6,-6,0,105
"FR-1-H_32_39_5775_8","FR-1-H_32_39_5775","FR_SRVHB_83700","FR_USCHB_94000","FR_USCHB_94000",36:12:00,37:12:00,19,14,20,15,"HORS CADRE",0,1,0,0,2,0,-5,-5,0,60
"FR-1-H_32_39_5775_9","FR-1-H_32_39_5775","FR_SRVHB_83700","FR_USCHB_94000","FR_SRVHB_83700",37:12:00,40:22:00,20,15,22,16,"ZONE",2,1,1,0,3,0,5,6,1,190
"FR-1-H_32_40_5776_1","FR-1-H_32_40_5776","FR_PAUC_13100","FR_CRMHB_35510","FR_CRMHB_35510",04:25:00,07:02:00,2,3,3,4,"TIR DIFFICILE",2,1,0,1,4,0,1,1,0,157
"FR-1-H_32_40_5776_10","FR-1-H_32_40_5776","FR_PAUC_13100","FR_CRMHB_35510","FR_PAUC_13100",41:36:00,45:28:00,24,22,26,23,"2 MINUTES",2,2,1,0,6,0,2,3,1,232
"FR-1-H_32_40_5776_11","FR-1-H_32_40_5776","FR_PAUC_13100","FR_CRMHB_35510","FR_PAUC_13100",51:20:00,53:48:00,30,26,31,27,"TEMPS MORT",1,1,0,2,3,0,4,4,0,148
"FR-1-H_32_40_5776_12","FR-1-H_32_40_5776","FR_PAUC_13100","FR_CRMHB_35510","FR_PAUC_13100",56:55:00,58:17:00,32,27,33,28,"ARRÊT",1,1,0,0,1,0,5,5,0,82
"FR-1-H_32_40_5776_3","FR-1-H_32_40_5776","FR_PAUC_13100","FR_CRMHB_35510","FR_PAUC_13100",08:04:00,09:29:00,5,5,6,6,"INTERCEPTION",2,1,0,0,1,1,0,0,0,85
"FR-1-H_32_40_5776_4","FR-1-H_32_40_5776","FR_PAUC_13100","FR_CRMHB_35510","FR_CRMHB_35510",09:29:00,11:24:00,6,6,7,7,"POTEAU",3,1,0,0,1,0,0,0,0,115
"FR-1-H_32_40_5776_5","FR-1-H_32_40_5776","FR_PAUC_13100","FR_CRMHB_35510","FR_PAUC_13100",12:12:00,15:01:00,8,8,9,9,"PASSE INCOMPLETE",1,2,0,0,4,0,0,0,0,169
"FR-1-H_32_40_5776_6","FR-1-H_32_40_5776","FR_PAUC_13100","FR_CRMHB_35510","FR_PAUC_13100",25:04:00,27:57:00,12,11,14,12,"TEMPS MORT",2,1,1,0,1,2,1,2,1,173
"FR-1-H_32_40_5776_7","FR-1-H_32_40_5776","FR_PAUC_13100","FR_CRMHB_35510","FR_PAUC_13100",29:55:00,31:03:00,16,13,17,14,"ARRÊT",1,1,1,0,3,0,3,3,0,68
"FR-1-H_32_40_5776_8","FR-1-H_32_40_5776","FR_PAUC_13100","FR_CRMHB_35510","FR_CRMHB_35510",31:43:00,34:00:00,18,15,19,16,"TIR DIFFICILE",0,1,0,1,5,0,-3,-3,0,137
"FR-1-H_32_40_5776_9","FR-1-H_32_40_5776","FR_PAUC_13100","FR_CRMHB_35510","FR_CRMHB_35510",35:15:00,36:45:00,19,17,20,18,"ARRÊT",1,1,0,1,2,0,-2,-2,0,90
"FR-1-H_32_40_5777_1","FR-1-H_32_40_5777","FR_IPHB_13806","FR_DHBGL_59140","FR_IPHB_13806",04:21:00,05:10:00,3,3,4,4,"TIR DIFFICILE",1,1,1,0,2,0,0,0,0,49
"FR-1-H_32_40_5777_2","FR-1-H_32_40_5777","FR_IPHB_13806","FR_DHBGL_59140","FR_IPHB_13806",05:25:00,07:45:00,5,4,6,5,"TIR DIFFICILE",1,0,0,0,1,0,1,1,0,140
"FR-1-H_32_40_5777_3","FR-1-H_32_40_5777","FR_IPHB_13806","FR_DHBGL_59140","FR_DHBGL_59140",07:45:00,10:10:00,6,5,7,6,"HORS CADRE",0,1,0,0,4,0,-1,-1,0,145
"FR-1-H_32_40_5777_4","FR-1-H_32_40_5777","FR_IPHB_13806","FR_DHBGL_59140","FR_DHBGL_59140",18:10:00,18:58:00,11,11,12,12,"TIR DIFFICILE",1,1,0,0,1,0,0,0,0,48
"FR-1-H_32_40_5777_5","FR-1-H_32_40_5777","FR_IPHB_13806","FR_DHBGL_59140","FR_IPHB_13806",27:59:00,33:48:00,17,17,18,18,"TIR DIFFICILE",3,2,1,1,13,0,0,0,0,349
"FR-1-H_32_40_5777_6","FR-1-H_32_40_5777","FR_IPHB_13806","FR_DHBGL_59140","FR_DHBGL_59140",33:48:00,35:40:00,18,18,19,19,"POTEAU",1,2,0,1,3,1,0,0,0,112
"FR-1-H_32_40_5777_7","FR-1-H_32_40_5777","FR_IPHB_13806","FR_DHBGL_59140","FR_IPHB_13806",37:24:00,42:20:00,20,20,23,21,"POTEAU",2,1,1,0,5,0,0,2,2,296
"FR-1-H_32_40_5777_8","FR-1-H_32_40_5777","FR_IPHB_13806","FR_DHBGL_59140","FR_DHBGL_59140",54:12:00,55:32:00,28,26,29,27,"2 MINUTES",1,1,0,0,1,1,-2,-2,0,80
"FR-1-H_32_40_5778_1","FR-1-H_32_40_5778","FR_USIHB_94200","FR_CCMHB_28000","FR_CCMHB_28000",04:00:00,05:24:00,2,2,3,3,"ARRÊT",1,1,0,0,0,1,0,0,0,84
"FR-1-H_32_40_5778_10","FR-1-H_32_40_5778","FR_USIHB_94200","FR_CCMHB_28000","FR_CCMHB_28000",58:16:00,59:48:00,30,22,NA,NA,"TIR DIFFICILE",1,1,0,0,1,0,-8,NA,NA,92
"FR-1-H_32_40_5778_2","FR-1-H_32_40_5778","FR_USIHB_94200","FR_CCMHB_28000","FR_USIHB_94200",05:24:00,07:41:00,3,3,5,4,"TIR DIFFICILE",2,1,1,1,4,1,0,1,1,137
"FR-1-H_32_40_5778_3","FR-1-H_32_40_5778","FR_USIHB_94200","FR_CCMHB_28000","FR_CCMHB_28000",10:41:00,13:25:00,7,6,8,7,"TIR DIFFICILE",0,1,2,2,4,0,-1,-1,0,164
"FR-1-H_32_40_5778_4","FR-1-H_32_40_5778","FR_USIHB_94200","FR_CCMHB_28000","FR_USIHB_94200",13:25:00,19:31:00,8,7,10,8,"2 MINUTES",3,2,3,2,12,1,1,2,1,366
"FR-1-H_32_40_5778_5","FR-1-H_32_40_5778","FR_USIHB_94200","FR_CCMHB_28000","FR_CCMHB_28000",19:31:00,21:04:00,10,8,11,9,"TEMPS MORT",1,1,1,1,2,1,-2,-2,0,93
"FR-1-H_32_40_5778_6","FR-1-H_32_40_5778","FR_USIHB_94200","FR_CCMHB_28000","FR_USIHB_94200",23:43:00,26:01:00,12,10,13,11,"ARRÊT",0,1,0,0,4,1,2,2,0,138
"FR-1-H_32_40_5778_7","FR-1-H_32_40_5778","FR_USIHB_94200","FR_CCMHB_28000","FR_USIHB_94200",33:07:00,37:01:00,17,14,19,15,"JEU PASSIF",2,2,1,0,8,0,3,4,1,234
"FR-1-H_32_40_5778_8","FR-1-H_32_40_5778","FR_USIHB_94200","FR_CCMHB_28000","FR_USIHB_94200",43:48:00,46:22:00,22,17,23,18,"ARRÊT",0,1,0,0,2,0,5,5,0,154
"FR-1-H_32_40_5778_9","FR-1-H_32_40_5778","FR_USIHB_94200","FR_CCMHB_28000","FR_USIHB_94200",49:11:00,54:30:00,26,20,29,21,"2 MINUTES",4,2,2,1,6,0,6,8,2,319
"FR-1-H_32_40_5779_10","FR-1-H_32_40_5779","FR_USAMNG_30918","FR_CSMBHB_73000","FR_CSMBHB_73000",29:31:00,31:30:00,13,14,14,15,"2 MINUTES",1,1,0,0,5,1,1,1,0,119
"FR-1-H_32_40_5779_11","FR-1-H_32_40_5779","FR_USAMNG_30918","FR_CSMBHB_73000","FR_USAMNG_30918",31:30:00,35:18:00,14,15,16,16,"TIR DIFFICILE",2,2,3,0,5,2,-1,0,1,228
"FR-1-H_32_40_5779_12","FR-1-H_32_40_5779","FR_USAMNG_30918","FR_CSMBHB_73000","FR_CSMBHB_73000",38:50:00,40:36:00,18,18,19,19,"ARRÊT",2,1,0,0,1,0,0,0,0,106
"FR-1-H_32_40_5779_13","FR-1-H_32_40_5779","FR_USAMNG_30918","FR_CSMBHB_73000","FR_CSMBHB_73000",42:46:00,45:54:00,19,20,20,21,"2 MINUTES",0,1,0,0,2,0,1,1,0,188
"FR-1-H_32_40_5779_14","FR-1-H_32_40_5779","FR_USAMNG_30918","FR_CSMBHB_73000","FR_USAMNG_30918",46:56:00,48:32:00,21,22,22,23,"TIR DIFFICILE",1,1,1,0,2,1,-1,-1,0,96
"FR-1-H_32_40_5779_15","FR-1-H_32_40_5779","FR_USAMNG_30918","FR_CSMBHB_73000","FR_CSMBHB_73000",48:32:00,54:04:00,22,23,23,26,"ZONE",1,4,0,2,10,1,1,3,2,332
"FR-1-H_32_40_5779_16","FR-1-H_32_40_5779","FR_USAMNG_30918","FR_CSMBHB_73000","FR_USAMNG_30918",56:08:00,57:38:00,25,28,26,29,"TIR DIFFICILE",1,1,0,0,4,2,-3,-3,0,90
"FR-1-H_32_40_5779_17","FR-1-H_32_40_5779","FR_USAMNG_30918","FR_CSMBHB_73000","FR_CSMBHB_73000",57:38:00,58:43:00,26,29,27,30,"TIR DIFFICILE",0,1,0,0,1,0,3,3,0,65
"FR-1-H_32_40_5779_2","FR-1-H_32_40_5779","FR_USAMNG_30918","FR_CSMBHB_73000","FR_USAMNG_30918",05:46:00,07:05:00,2,3,3,4,"TIR DIFFICILE",1,3,0,1,2,0,-1,-1,0,79
"FR-1-H_32_40_5779_3","FR-1-H_32_40_5779","FR_USAMNG_30918","FR_CSMBHB_73000","FR_CSMBHB_73000",07:05:00,08:36:00,3,4,4,5,"ARRÊT",1,1,0,1,1,0,1,1,0,91
"FR-1-H_32_40_5779_4","FR-1-H_32_40_5779","FR_USAMNG_30918","FR_CSMBHB_73000","FR_CSMBHB_73000",10:21:00,14:41:00,4,6,5,8,"PASSE INCOMPLETE",1,2,0,3,8,2,2,3,1,260
"FR-1-H_32_40_5779_5","FR-1-H_32_40_5779","FR_USAMNG_30918","FR_CSMBHB_73000","FR_USAMNG_30918",16:30:00,18:08:00,6,9,7,10,"CARTON JAUNE",1,1,0,0,2,1,-3,-3,0,98
"FR-1-H_32_40_5779_6","FR-1-H_32_40_5779","FR_USAMNG_30918","FR_CSMBHB_73000","FR_USAMNG_30918",18:43:00,20:32:00,8,10,9,11,"TIR DIFFICILE",1,1,1,0,4,1,-2,-2,0,109
"FR-1-H_32_40_5779_7","FR-1-H_32_40_5779","FR_USAMNG_30918","FR_CSMBHB_73000","FR_USAMNG_30918",21:05:00,22:57:00,10,11,11,12,"TIR DIFFICILE",1,1,1,1,3,1,-1,-1,0,112
"FR-1-H_32_40_5779_8","FR-1-H_32_40_5779","FR_USAMNG_30918","FR_CSMBHB_73000","FR_CSMBHB_73000",22:57:00,26:34:00,11,12,12,13,"TIR DIFFICILE",2,2,0,1,5,0,1,1,0,217
"FR-1-H_32_40_5779_9","FR-1-H_32_40_5779","FR_USAMNG_30918","FR_CSMBHB_73000","FR_USAMNG_30918",26:34:00,29:31:00,12,13,13,14,"HORS CADRE",2,1,1,1,3,0,-1,-1,0,177
"FR-1-H_32_40_5780_2","FR-1-H_32_40_5780","FR_PSGHB_75016","FR_USCHB_94000","FR_PSGHB_75016",13:02:00,14:56:00,6,5,7,6,"ARRÊT",1,1,1,0,2,0,1,1,0,114
"FR-1-H_32_40_5780_3","FR-1-H_32_40_5780","FR_PSGHB_75016","FR_USCHB_94000","FR_USCHB_94000",19:00:00,20:13:00,9,8,10,9,"2 MINUTES",1,1,0,1,1,2,-1,-1,0,73
"FR-1-H_32_40_5780_4","FR-1-H_32_40_5780","FR_PSGHB_75016","FR_USCHB_94000","FR_PSGHB_75016",20:13:00,27:10:00,10,9,14,10,"TIR DIFFICILE",4,1,4,0,10,1,1,4,3,417
"FR-1-H_32_40_5780_5","FR-1-H_32_40_5780","FR_PSGHB_75016","FR_USCHB_94000","FR_PSGHB_75016",30:56:00,32:33:00,16,11,17,12,"POTEAU",2,1,0,0,2,0,5,5,0,97
"FR-1-H_32_40_5780_6","FR-1-H_32_40_5780","FR_PSGHB_75016","FR_USCHB_94000","FR_USCHB_94000",40:40:00,43:24:00,22,17,23,18,"POTEAU",0,1,0,2,7,0,-5,-5,0,164
"FR-1-H_32_40_5780_7","FR-1-H_32_40_5780","FR_PSGHB_75016","FR_USCHB_94000","FR_PSGHB_75016",49:58:00,54:09:00,25,20,27,21,"INTERCEPTION",2,2,3,1,6,0,5,6,1,251
"FR-1-H_32_40_5780_8","FR-1-H_32_40_5780","FR_PSGHB_75016","FR_USCHB_94000","FR_USCHB_94000",56:22:00,59:42:00,28,22,NA,NA,"ARRÊT",0,3,0,1,4,0,-6,NA,NA,200
"FR-1-H_32_40_5781_1","FR-1-H_32_40_5781","FR_SRVHB_83700","FR_MHB_34000","FR_SRVHB_83700",01:53:00,03:26:00,1,1,2,2,"2 MINUTES",1,1,0,0,3,0,0,0,0,93
"FR-1-H_32_40_5781_10","FR-1-H_32_40_5781","FR_SRVHB_83700","FR_MHB_34000","FR_MHB_34000",40:03:00,49:20:00,23,21,24,25,"TIR DIFFICILE",2,6,4,5,20,2,-2,1,3,557
"FR-1-H_32_40_5781_11","FR-1-H_32_40_5781","FR_SRVHB_83700","FR_MHB_34000","FR_SRVHB_83700",54:42:00,57:29:00,27,28,28,29,"TIR DIFFICILE",2,1,2,0,6,0,-1,-1,0,167
"FR-1-H_32_40_5781_3","FR-1-H_32_40_5781","FR_SRVHB_83700","FR_MHB_34000","FR_SRVHB_83700",08:14:00,10:34:00,6,6,8,7,"INTERCEPTION",2,1,2,0,4,1,0,1,1,140
"FR-1-H_32_40_5781_4","FR-1-H_32_40_5781","FR_SRVHB_83700","FR_MHB_34000","FR_MHB_34000",12:14:00,13:54:00,9,8,10,9,"TIR DIFFICILE",2,1,0,0,0,1,-1,-1,0,100
"FR-1-H_32_40_5781_5","FR-1-H_32_40_5781","FR_SRVHB_83700","FR_MHB_34000","FR_SRVHB_83700",13:54:00,17:01:00,10,9,11,10,"TIR DIFFICILE",2,1,1,0,3,0,1,1,0,187
"FR-1-H_32_40_5781_6","FR-1-H_32_40_5781","FR_SRVHB_83700","FR_MHB_34000","FR_MHB_34000",23:59:00,26:52:00,16,15,17,16,"PASSE INCOMPLETE",1,2,0,3,5,0,-1,-1,0,173
"FR-1-H_32_40_5781_7","FR-1-H_32_40_5781","FR_SRVHB_83700","FR_MHB_34000","FR_SRVHB_83700",26:52:00,32:55:00,17,16,20,17,"2 MINUTES",2,3,1,1,7,3,1,3,2,363
"FR-1-H_32_40_5781_8","FR-1-H_32_40_5781","FR_SRVHB_83700","FR_MHB_34000","FR_MHB_34000",32:55:00,36:52:00,20,17,21,19,"TIR DIFFICILE",2,2,2,2,6,0,-3,-2,1,237
"FR-1-H_32_40_5781_9","FR-1-H_32_40_5781","FR_SRVHB_83700","FR_MHB_34000","FR_SRVHB_83700",36:52:00,38:18:00,21,19,22,20,"2 MINUTES",1,1,0,0,0,0,2,2,0,86
"FR-1-H_32_40_5782_1","FR-1-H_32_40_5782","FR_FTHB_31000","FR_LHB_87000","FR_LHB_87000",02:03:00,03:45:00,0,1,1,2,"TIR DIFFICILE",1,1,0,0,2,0,1,1,0,102
"FR-1-H_32_40_5782_10","FR-1-H_32_40_5782","FR_FTHB_31000","FR_LHB_87000","FR_LHB_87000",30:48:00,32:24:00,17,16,18,17,"TIR DIFFICILE",1,1,0,1,1,0,-1,-1,0,96
"FR-1-H_32_40_5782_11","FR-1-H_32_40_5782","FR_FTHB_31000","FR_LHB_87000","FR_FTHB_31000",32:24:00,34:45:00,18,17,19,18,"PASSAGE EN FORCE",3,2,1,0,2,0,1,1,0,141
"FR-1-H_32_40_5782_12","FR-1-H_32_40_5782","FR_FTHB_31000","FR_LHB_87000","FR_LHB_87000",34:45:00,36:33:00,19,18,20,19,"HORS CADRE",1,1,0,0,1,0,-1,-1,0,108
"FR-1-H_32_40_5782_13","FR-1-H_32_40_5782","FR_FTHB_31000","FR_LHB_87000","FR_FTHB_31000",37:36:00,40:52:00,21,20,23,21,"HORS CADRE",2,1,2,1,4,1,1,2,1,196
"FR-1-H_32_40_5782_14","FR-1-H_32_40_5782","FR_FTHB_31000","FR_LHB_87000","FR_LHB_87000",40:52:00,43:12:00,23,21,24,22,"TIR DIFFICILE",2,1,0,1,2,0,-2,-2,0,140
"FR-1-H_32_40_5782_15","FR-1-H_32_40_5782","FR_FTHB_31000","FR_LHB_87000","FR_LHB_87000",43:37:00,45:13:00,24,23,25,24,"HORS CADRE",1,1,0,1,1,0,-1,-1,0,96
"FR-1-H_32_40_5782_16","FR-1-H_32_40_5782","FR_FTHB_31000","FR_LHB_87000","FR_FTHB_31000",46:35:00,49:03:00,26,25,27,26,"PASSE INCOMPLETE",1,1,0,1,1,1,1,1,0,148
"FR-1-H_32_40_5782_17","FR-1-H_32_40_5782","FR_FTHB_31000","FR_LHB_87000","FR_LHB_87000",51:16:00,52:41:00,28,27,29,28,"POTEAU",1,1,0,1,2,2,-1,-1,0,85
"FR-1-H_32_40_5782_18","FR-1-H_32_40_5782","FR_FTHB_31000","FR_LHB_87000","FR_LHB_87000",52:53:00,57:40:00,29,29,30,31,"TIR DIFFICILE",3,2,1,0,6,1,0,1,1,287
"FR-1-H_32_40_5782_2","FR-1-H_32_40_5782","FR_FTHB_31000","FR_LHB_87000","FR_LHB_87000",06:00:00,06:53:00,2,4,3,5,"TIR DIFFICILE",1,1,0,0,0,0,2,2,0,53
"FR-1-H_32_40_5782_3","FR-1-H_32_40_5782","FR_FTHB_31000","FR_LHB_87000","FR_FTHB_31000",06:53:00,09:28:00,3,5,4,6,"CARTON JAUNE",2,2,0,1,4,0,-2,-2,0,155
"FR-1-H_32_40_5782_4","FR-1-H_32_40_5782","FR_FTHB_31000","FR_LHB_87000","FR_LHB_87000",10:16:00,12:48:00,5,7,6,9,"TIR DIFFICILE",1,2,1,1,3,0,2,3,1,152
"FR-1-H_32_40_5782_5","FR-1-H_32_40_5782","FR_FTHB_31000","FR_LHB_87000","FR_FTHB_31000",12:48:00,17:37:00,6,9,8,10,"TEMPS MORT",3,3,3,0,9,0,-3,-2,1,289
"FR-1-H_32_40_5782_6","FR-1-H_32_40_5782","FR_FTHB_31000","FR_LHB_87000","FR_FTHB_31000",18:07:00,19:57:00,9,10,10,11,"HORS CADRE",1,2,0,0,1,1,-1,-1,0,110
"FR-1-H_32_40_5782_7","FR-1-H_32_40_5782","FR_FTHB_31000","FR_LHB_87000","FR_FTHB_31000",20:54:00,22:56:00,11,11,12,12,"ZONE",1,1,1,0,2,1,0,0,0,122
"FR-1-H_32_40_5782_8","FR-1-H_32_40_5782","FR_FTHB_31000","FR_LHB_87000","FR_LHB_87000",22:56:00,25:12:00,12,12,13,13,"TIR DIFFICILE",1,1,0,1,3,0,0,0,0,136
"FR-1-H_32_40_5782_9","FR-1-H_32_40_5782","FR_FTHB_31000","FR_LHB_87000","FR_FTHB_31000",28:52:00,30:48:00,15,15,17,16,"ZONE",2,2,0,0,0,1,0,1,1,116
"FR-1-H_32_40_5783_1","FR-1-H_32_40_5783","FR_TFHB_93290","FR_HBCN_44200","FR_TFHB_93290",00:36:00,03:39:00,1,0,2,1,"TIR DIFFICILE",2,1,0,1,5,0,1,1,0,183
"FR-1-H_32_40_5783_10","FR-1-H_32_40_5783","FR_TFHB_93290","FR_HBCN_44200","FR_HBCN_44200",34:12:00,38:18:00,14,21,15,22,"TIR DIFFICILE",1,3,0,1,11,1,7,7,0,246
"FR-1-H_32_40_5783_11","FR-1-H_32_40_5783","FR_TFHB_93290","FR_HBCN_44200","FR_TFHB_93290",38:18:00,39:46:00,15,22,16,23,"TIR DIFFICILE",1,1,1,0,1,0,-7,-7,0,88
"FR-1-H_32_40_5783_12","FR-1-H_32_40_5783","FR_TFHB_93290","FR_HBCN_44200","FR_HBCN_44200",39:46:00,42:48:00,16,23,17,24,"ARRÊT",1,1,0,0,3,0,7,7,0,182
"FR-1-H_32_40_5783_13","FR-1-H_32_40_5783","FR_TFHB_93290","FR_HBCN_44200","FR_HBCN_44200",42:58:00,44:59:00,17,25,18,27,"PASSAGE EN FORCE",2,2,0,0,0,0,8,9,1,121
"FR-1-H_32_40_5783_14","FR-1-H_32_40_5783","FR_TFHB_93290","FR_HBCN_44200","FR_TFHB_93290",44:59:00,46:11:00,18,27,19,28,"ZONE",1,1,1,0,1,0,-9,-9,0,72
"FR-1-H_32_40_5783_15","FR-1-H_32_40_5783","FR_TFHB_93290","FR_HBCN_44200","FR_HBCN_44200",46:11:00,48:31:00,19,28,20,29,"HORS CADRE",3,2,0,0,2,0,9,9,0,140
"FR-1-H_32_40_5783_16","FR-1-H_32_40_5783","FR_TFHB_93290","FR_HBCN_44200","FR_TFHB_93290",48:31:00,51:43:00,20,29,21,30,"POTEAU",1,1,1,1,6,1,-9,-9,0,192
"FR-1-H_32_40_5783_17","FR-1-H_32_40_5783","FR_TFHB_93290","FR_HBCN_44200","FR_HBCN_44200",51:43:00,54:49:00,21,30,22,32,"ARRÊT",1,2,0,0,3,0,9,10,1,186
"FR-1-H_32_40_5783_18","FR-1-H_32_40_5783","FR_TFHB_93290","FR_HBCN_44200","FR_HBCN_44200",55:32:00,59:59:00,22,33,NA,NA,"PASSE INCOMPLETE",0,2,2,2,10,0,11,NA,NA,267
"FR-1-H_32_40_5783_2","FR-1-H_32_40_5783","FR_TFHB_93290","FR_HBCN_44200","FR_HBCN_44200",05:14:00,07:21:00,3,2,4,3,"CONTRE",1,0,0,0,3,0,-1,-1,0,127
"FR-1-H_32_40_5783_3","FR-1-H_32_40_5783","FR_TFHB_93290","FR_HBCN_44200","FR_HBCN_44200",08:19:00,10:58:00,4,4,5,6,"2 MINUTES",0,2,0,1,3,0,0,1,1,159
"FR-1-H_32_40_5783_4","FR-1-H_32_40_5783","FR_TFHB_93290","FR_HBCN_44200","FR_TFHB_93290",10:58:00,12:44:00,5,6,6,7,"CARTON JAUNE",1,2,0,0,1,1,-1,-1,0,106
"FR-1-H_32_40_5783_5","FR-1-H_32_40_5783","FR_TFHB_93290","FR_HBCN_44200","FR_HBCN_44200",12:44:00,14:34:00,6,7,7,8,"FAUTE OFFENSIVE",2,0,0,0,2,0,1,1,0,110
"FR-1-H_32_40_5783_6","FR-1-H_32_40_5783","FR_TFHB_93290","FR_HBCN_44200","FR_HBCN_44200",14:47:00,16:33:00,7,9,8,10,"HORS CADRE",1,1,0,0,1,0,2,2,0,106
"FR-1-H_32_40_5783_7","FR-1-H_32_40_5783","FR_TFHB_93290","FR_HBCN_44200","FR_HBCN_44200",17:07:00,21:58:00,8,11,9,12,"FAUTE OFFENSIVE",2,2,1,3,8,0,3,3,0,291
"FR-1-H_32_40_5783_8","FR-1-H_32_40_5783","FR_TFHB_93290","FR_HBCN_44200","FR_HBCN_44200",27:14:00,31:52:00,12,16,13,20,"TEMPS MORT",1,5,0,1,5,0,4,7,3,278
"FR-1-H_32_40_5783_9","FR-1-H_32_40_5783","FR_TFHB_93290","FR_HBCN_44200","FR_TFHB_93290",31:52:00,34:12:00,13,20,14,21,"PASSAGE EN FORCE",1,1,1,0,5,1,-7,-7,0,140
"FR-1-H_32_41_5784_10","FR-1-H_32_41_5784","FR_CRMHB_35510","FR_IPHB_13806","FR_IPHB_13806",57:48:00,59:43:00,25,26,NA,NA,"PASSE INCOMPLETE",0,1,0,0,3,1,1,NA,NA,115
"FR-1-H_32_41_5784_2","FR-1-H_32_41_5784","FR_CRMHB_35510","FR_IPHB_13806","FR_CRMHB_35510",03:41:00,05:50:00,3,2,4,3,"PASSAGE EN FORCE",1,1,1,0,4,1,1,1,0,129
"FR-1-H_32_41_5784_3","FR-1-H_32_41_5784","FR_CRMHB_35510","FR_IPHB_13806","FR_IPHB_13806",12:46:00,16:28:00,7,6,8,8,"ARRÊT",3,2,0,1,4,0,-1,0,1,222
"FR-1-H_32_41_5784_4","FR-1-H_32_41_5784","FR_CRMHB_35510","FR_IPHB_13806","FR_IPHB_13806",17:38:00,22:05:00,9,10,10,11,"ARRÊT",2,2,1,1,2,1,1,1,0,267
"FR-1-H_32_41_5784_5","FR-1-H_32_41_5784","FR_CRMHB_35510","FR_IPHB_13806","FR_CRMHB_35510",27:51:00,31:39:00,12,13,13,14,"POTEAU",1,2,2,3,6,0,-1,-1,0,228
"FR-1-H_32_41_5784_6","FR-1-H_32_41_5784","FR_CRMHB_35510","FR_IPHB_13806","FR_CRMHB_35510",32:47:00,40:22:00,14,14,16,15,"ARRÊT",4,1,4,0,12,0,0,1,1,455
"FR-1-H_32_41_5784_7","FR-1-H_32_41_5784","FR_CRMHB_35510","FR_IPHB_13806","FR_IPHB_13806",42:45:00,47:12:00,18,17,19,20,"INTERCEPTION",2,3,0,2,5,0,-1,1,2,267
"FR-1-H_32_41_5784_8","FR-1-H_32_41_5784","FR_CRMHB_35510","FR_IPHB_13806","FR_CRMHB_35510",47:12:00,51:08:00,19,20,21,21,"TEMPS MORT",2,1,0,1,4,1,-1,0,1,236
"FR-1-H_32_41_5784_9","FR-1-H_32_41_5784","FR_CRMHB_35510","FR_IPHB_13806","FR_IPHB_13806",54:31:00,56:38:00,24,24,25,25,"TIR DIFFICILE",1,1,0,0,2,0,0,0,0,127
"FR-1-H_32_41_5785_1","FR-1-H_32_41_5785","FR_CSMBHB_73000","FR_TFHB_93290","FR_TFHB_93290",04:08:00,05:35:00,1,1,2,2,"INTERCEPTION",2,1,0,1,2,0,0,0,0,87
"FR-1-H_32_41_5785_10","FR-1-H_32_41_5785","FR_CSMBHB_73000","FR_TFHB_93290","FR_TFHB_93290",38:36:00,43:17:00,15,18,16,20,"ARRÊT",2,1,0,1,9,0,3,4,1,281
"FR-1-H_32_41_5785_11","FR-1-H_32_41_5785","FR_CSMBHB_73000","FR_TFHB_93290","FR_CSMBHB_73000",43:17:00,45:10:00,16,20,17,21,"PASSE INCOMPLETE",1,1,1,0,2,2,-4,-4,0,113
"FR-1-H_32_41_5785_12","FR-1-H_32_41_5785","FR_CSMBHB_73000","FR_TFHB_93290","FR_TFHB_93290",45:10:00,46:48:00,17,21,18,22,"TIR DIFFICILE",1,1,0,0,2,1,4,4,0,98
"FR-1-H_32_41_5785_13","FR-1-H_32_41_5785","FR_CSMBHB_73000","FR_TFHB_93290","FR_CSMBHB_73000",46:48:00,51:00:00,18,22,19,23,"TIR DIFFICILE",2,4,1,1,7,0,-4,-4,0,252
"FR-1-H_32_41_5785_14","FR-1-H_32_41_5785","FR_CSMBHB_73000","FR_TFHB_93290","FR_CSMBHB_73000",52:55:00,55:57:00,21,24,22,25,"ZONE",2,1,1,0,6,1,-3,-3,0,182
"FR-1-H_32_41_5785_15","FR-1-H_32_41_5785","FR_CSMBHB_73000","FR_TFHB_93290","FR_TFHB_93290",57:59:00,59:15:00,23,26,24,27,"TEMPS MORT",1,1,0,0,1,0,3,3,0,76
"FR-1-H_32_41_5785_2","FR-1-H_32_41_5785","FR_CSMBHB_73000","FR_TFHB_93290","FR_CSMBHB_73000",05:35:00,08:07:00,2,2,4,3,"2 MINUTES",2,2,1,0,2,2,0,1,1,152
"FR-1-H_32_41_5785_3","FR-1-H_32_41_5785","FR_CSMBHB_73000","FR_TFHB_93290","FR_TFHB_93290",10:42:00,12:42:00,5,4,6,5,"ARRÊT",1,1,0,0,3,1,-1,-1,0,120
"FR-1-H_32_41_5785_4","FR-1-H_32_41_5785","FR_CSMBHB_73000","FR_TFHB_93290","FR_TFHB_93290",17:22:00,20:33:00,7,7,8,9,"TIR DIFFICILE",1,1,0,1,4,1,0,1,1,191
"FR-1-H_32_41_5785_5","FR-1-H_32_41_5785","FR_CSMBHB_73000","FR_TFHB_93290","FR_TFHB_93290",21:44:00,24:30:00,8,10,9,11,"ARRÊT",2,1,2,0,3,0,2,2,0,166
"FR-1-H_32_41_5785_6","FR-1-H_32_41_5785","FR_CSMBHB_73000","FR_TFHB_93290","FR_CSMBHB_73000",25:42:00,27:55:00,10,12,11,13,"ARRÊT",1,2,0,0,1,0,-2,-2,0,133
"FR-1-H_32_41_5785_7","FR-1-H_32_41_5785","FR_CSMBHB_73000","FR_TFHB_93290","FR_TFHB_93290",27:55:00,29:09:00,11,13,12,14,"2 MINUTES",2,1,0,0,1,1,2,2,0,74
"FR-1-H_32_41_5785_8","FR-1-H_32_41_5785","FR_CSMBHB_73000","FR_TFHB_93290","FR_CSMBHB_73000",31:17:00,32:54:00,13,15,14,16,"TIR DIFFICILE",1,1,1,0,1,1,-2,-2,0,97
"FR-1-H_32_41_5785_9","FR-1-H_32_41_5785","FR_CSMBHB_73000","FR_TFHB_93290","FR_TFHB_93290",32:54:00,37:57:00,14,16,15,17,"PASSE INCOMPLETE",1,2,0,3,9,0,2,2,0,303
"FR-1-H_32_41_5786_10","FR-1-H_32_41_5786","FR_CCMHB_28000","FR_PSGHB_75016","FR_PSGHB_75016",33:04:00,34:51:00,16,22,17,23,"PASSE INCOMPLETE",1,1,0,0,1,0,6,6,0,107
"FR-1-H_32_41_5786_11","FR-1-H_32_41_5786","FR_CCMHB_28000","FR_PSGHB_75016","FR_PSGHB_75016",35:17:00,36:14:00,17,24,18,25,"MARCHÉ",1,1,0,0,0,1,7,7,0,57
"FR-1-H_32_41_5786_12","FR-1-H_32_41_5786","FR_CCMHB_28000","FR_PSGHB_75016","FR_PSGHB_75016",37:33:00,38:57:00,18,26,19,27,"TIR DIFFICILE",1,1,0,0,1,0,8,8,0,84
"FR-1-H_32_41_5786_13","FR-1-H_32_41_5786","FR_CCMHB_28000","FR_PSGHB_75016","FR_CCMHB_28000",41:20:00,42:58:00,21,29,22,30,"INTERCEPTION",1,1,0,0,0,0,-8,-8,0,98
"FR-1-H_32_41_5786_14","FR-1-H_32_41_5786","FR_CCMHB_28000","FR_PSGHB_75016","FR_CCMHB_28000",48:13:00,51:22:00,25,32,27,33,"ARRÊT",2,2,2,1,3,1,-7,-6,1,189
"FR-1-H_32_41_5786_15","FR-1-H_32_41_5786","FR_CCMHB_28000","FR_PSGHB_75016","FR_PSGHB_75016",51:22:00,53:48:00,27,33,28,35,"ARRÊT",1,4,0,0,5,0,6,7,1,146
"FR-1-H_32_41_5786_16","FR-1-H_32_41_5786","FR_CCMHB_28000","FR_PSGHB_75016","FR_PSGHB_75016",54:27:00,58:03:00,28,36,29,38,"PASSE INCOMPLETE",2,2,1,1,4,0,8,9,1,216
"FR-1-H_32_41_5786_3","FR-1-H_32_41_5786","FR_CCMHB_28000","FR_PSGHB_75016","FR_PSGHB_75016",07:44:00,08:39:00,4,6,5,7,"BALLON SORTI",1,1,0,0,0,1,2,2,0,55
"FR-1-H_32_41_5786_4","FR-1-H_32_41_5786","FR_CCMHB_28000","FR_PSGHB_75016","FR_PSGHB_75016",12:05:00,16:42:00,6,9,7,11,"POTEAU",2,3,1,3,9,0,3,4,1,277
"FR-1-H_32_41_5786_5","FR-1-H_32_41_5786","FR_CCMHB_28000","FR_PSGHB_75016","FR_CCMHB_28000",16:42:00,18:17:00,7,11,8,12,"POTEAU",2,1,0,0,2,1,-4,-4,0,95
"FR-1-H_32_41_5786_6","FR-1-H_32_41_5786","FR_CCMHB_28000","FR_PSGHB_75016","FR_PSGHB_75016",18:17:00,20:03:00,8,12,9,13,"ARRÊT",1,1,0,0,1,0,4,4,0,106
"FR-1-H_32_41_5786_7","FR-1-H_32_41_5786","FR_CCMHB_28000","FR_PSGHB_75016","FR_CCMHB_28000",23:20:00,24:29:00,11,15,12,16,"TIR DIFFICILE",1,1,0,0,0,0,-4,-4,0,69
"FR-1-H_32_41_5786_8","FR-1-H_32_41_5786","FR_CCMHB_28000","FR_PSGHB_75016","FR_PSGHB_75016",25:14:00,26:57:00,13,17,14,18,"TIR DIFFICILE",1,1,0,1,2,0,4,4,0,103
"FR-1-H_32_41_5786_9","FR-1-H_32_41_5786","FR_CCMHB_28000","FR_PSGHB_75016","FR_PSGHB_75016",30:53:00,32:13:00,15,20,16,21,"TIR DIFFICILE",1,1,0,0,1,0,5,5,0,80
"FR-1-H_32_41_5787_1","FR-1-H_32_41_5787","FR_USCHB_94000","FR_USAMNG_30918","FR_USAMNG_30918",11:14:00,18:48:00,5,6,6,11,"HORS CADRE",2,3,1,2,12,0,1,5,4,454
"FR-1-H_32_41_5787_10","FR-1-H_32_41_5787","FR_USCHB_94000","FR_USAMNG_30918","FR_USCHB_94000",44:57:00,46:45:00,22,24,23,25,"PIED",1,1,0,0,2,1,-2,-2,0,108
"FR-1-H_32_41_5787_11","FR-1-H_32_41_5787","FR_USCHB_94000","FR_USAMNG_30918","FR_USAMNG_30918",46:45:00,49:49:00,23,25,24,26,"TIR DIFFICILE",2,2,0,0,4,0,2,2,0,184
"FR-1-H_32_41_5787_12","FR-1-H_32_41_5787","FR_USCHB_94000","FR_USAMNG_30918","FR_USAMNG_30918",50:37:00,56:46:00,24,27,25,28,"HORS CADRE",2,1,1,2,8,0,3,3,0,369
"FR-1-H_32_41_5787_13","FR-1-H_32_41_5787","FR_USCHB_94000","FR_USAMNG_30918","FR_USCHB_94000",56:46:00,58:52:00,25,28,26,29,"PASSE INCOMPLETE",1,1,0,0,3,0,-3,-3,0,126
"FR-1-H_32_41_5787_2","FR-1-H_32_41_5787","FR_USCHB_94000","FR_USAMNG_30918","FR_USCHB_94000",18:48:00,22:33:00,6,11,8,12,"ARRÊT",3,2,1,0,4,1,-5,-4,1,225
"FR-1-H_32_41_5787_3","FR-1-H_32_41_5787","FR_USCHB_94000","FR_USAMNG_30918","FR_USCHB_94000",23:12:00,26:33:00,9,12,11,13,"TIR DIFFICILE",1,1,2,0,8,0,-3,-2,1,201
"FR-1-H_32_41_5787_4","FR-1-H_32_41_5787","FR_USCHB_94000","FR_USAMNG_30918","FR_USAMNG_30918",28:05:00,29:57:00,12,14,13,15,"2 MINUTES",1,1,0,1,3,1,2,2,0,112
"FR-1-H_32_41_5787_5","FR-1-H_32_41_5787","FR_USCHB_94000","FR_USAMNG_30918","FR_USCHB_94000",31:19:00,33:30:00,14,16,15,17,"HORS CADRE",1,1,0,0,6,0,-2,-2,0,131
"FR-1-H_32_41_5787_6","FR-1-H_32_41_5787","FR_USCHB_94000","FR_USAMNG_30918","FR_USAMNG_30918",33:30:00,35:41:00,15,17,16,19,"TIR DIFFICILE",2,2,0,1,1,0,2,3,1,131
"FR-1-H_32_41_5787_7","FR-1-H_32_41_5787","FR_USCHB_94000","FR_USAMNG_30918","FR_USCHB_94000",35:41:00,38:13:00,16,19,17,20,"INTERCEPTION",0,2,0,1,5,0,-3,-3,0,152
"FR-1-H_32_41_5787_8","FR-1-H_32_41_5787","FR_USCHB_94000","FR_USAMNG_30918","FR_USCHB_94000",38:31:00,40:40:00,18,20,19,21,"2 MINUTES",2,1,0,0,1,1,-2,-2,0,129
"FR-1-H_32_41_5787_9","FR-1-H_32_41_5787","FR_USCHB_94000","FR_USAMNG_30918","FR_USAMNG_30918",42:39:00,44:57:00,21,23,22,24,"TIR DIFFICILE",0,1,0,1,5,1,2,2,0,138
"FR-1-H_32_41_5788_1","FR-1-H_32_41_5788","FR_DHBGL_59140","FR_FTHB_31000","FR_FTHB_31000",02:00:00,04:17:00,1,1,2,3,"TIR DIFFICILE",1,2,0,2,3,0,0,1,1,137
"FR-1-H_32_41_5788_10","FR-1-H_32_41_5788","FR_DHBGL_59140","FR_FTHB_31000","FR_DHBGL_59140",48:08:00,52:23:00,22,23,23,24,"TEMPS MORT",2,0,1,0,6,0,-1,-1,0,255
"FR-1-H_32_41_5788_11","FR-1-H_32_41_5788","FR_DHBGL_59140","FR_FTHB_31000","FR_FTHB_31000",52:23:00,54:41:00,23,24,24,25,"2 MINUTES",0,1,0,1,3,0,1,1,0,138
"FR-1-H_32_41_5788_12","FR-1-H_32_41_5788","FR_DHBGL_59140","FR_FTHB_31000","FR_DHBGL_59140",57:16:00,60:00:00,25,26,NA,NA,"TEMPS MORT",1,0,0,0,3,0,-1,NA,NA,164
"FR-1-H_32_41_5788_2","FR-1-H_32_41_5788","FR_DHBGL_59140","FR_FTHB_31000","FR_FTHB_31000",06:19:00,10:03:00,3,5,4,6,"ARRÊT",1,1,0,1,6,0,2,2,0,224
"FR-1-H_32_41_5788_3","FR-1-H_32_41_5788","FR_DHBGL_59140","FR_FTHB_31000","FR_FTHB_31000",11:02:00,12:24:00,4,7,5,8,"PASSE INCOMPLETE",1,1,0,1,2,0,3,3,0,82
"FR-1-H_32_41_5788_4","FR-1-H_32_41_5788","FR_DHBGL_59140","FR_FTHB_31000","FR_DHBGL_59140",12:24:00,15:35:00,5,8,6,9,"CARTON JAUNE",2,1,0,0,4,1,-3,-3,0,191
"FR-1-H_32_41_5788_5","FR-1-H_32_41_5788","FR_DHBGL_59140","FR_FTHB_31000","FR_FTHB_31000",22:33:00,26:41:00,9,12,10,13,"TIR DIFFICILE",1,2,1,1,4,0,3,3,0,248
"FR-1-H_32_41_5788_6","FR-1-H_32_41_5788","FR_DHBGL_59140","FR_FTHB_31000","FR_DHBGL_59140",26:41:00,31:36:00,10,13,13,14,"HORS CADRE",4,1,2,0,4,1,-3,-1,2,295
"FR-1-H_32_41_5788_7","FR-1-H_32_41_5788","FR_DHBGL_59140","FR_FTHB_31000","FR_DHBGL_59140",36:03:00,39:36:00,17,17,19,18,"ARRÊT",1,1,1,0,4,0,0,1,1,213
"FR-1-H_32_41_5788_8","FR-1-H_32_41_5788","FR_DHBGL_59140","FR_FTHB_31000","FR_FTHB_31000",40:55:00,45:22:00,20,19,21,21,"TEMPS MORT",3,2,1,0,4,0,-1,0,1,267
"FR-1-H_32_41_5788_9","FR-1-H_32_41_5788","FR_DHBGL_59140","FR_FTHB_31000","FR_FTHB_31000",46:06:00,48:08:00,21,22,22,23,"2 MINUTES",2,1,0,0,1,0,1,1,0,122
"FR-1-H_32_41_5789_1","FR-1-H_32_41_5789","FR_LHB_87000","FR_SRVHB_83700","FR_LHB_87000",02:21:00,03:56:00,2,3,3,4,"POTEAU",1,2,0,0,0,1,-1,-1,0,95
"FR-1-H_32_41_5789_2","FR-1-H_32_41_5789","FR_LHB_87000","FR_SRVHB_83700","FR_SRVHB_83700",09:26:00,13:03:00,5,6,6,8,"POTEAU",1,2,1,2,5,0,1,2,1,217
"FR-1-H_32_41_5789_3","FR-1-H_32_41_5789","FR_LHB_87000","FR_SRVHB_83700","FR_LHB_87000",20:37:00,24:08:00,12,14,13,15,"TIR DIFFICILE",1,0,2,1,10,0,-2,-2,0,211
"FR-1-H_32_41_5789_4","FR-1-H_32_41_5789","FR_LHB_87000","FR_SRVHB_83700","FR_LHB_87000",30:54:00,33:01:00,16,17,17,18,"TIR DIFFICILE",1,1,1,0,3,0,-1,-1,0,127
"FR-1-H_32_41_5789_5","FR-1-H_32_41_5789","FR_LHB_87000","FR_SRVHB_83700","FR_LHB_87000",33:49:00,39:43:00,18,18,22,19,"HORS CADRE",4,2,3,0,8,3,0,3,3,354
"FR-1-H_32_41_5789_6","FR-1-H_32_41_5789","FR_LHB_87000","FR_SRVHB_83700","FR_SRVHB_83700",42:45:00,46:55:00,24,21,25,23,"ARRÊT",1,2,0,3,8,1,-3,-2,1,250
"FR-1-H_32_41_5789_7","FR-1-H_32_41_5789","FR_LHB_87000","FR_SRVHB_83700","FR_LHB_87000",52:43:00,55:07:00,28,26,29,27,"PASSE INCOMPLETE",0,1,0,0,4,0,2,2,0,144
"FR-1-H_32_41_5790_1","FR-1-H_32_41_5790","FR_MHB_34000","FR_USIHB_94200","FR_USIHB_94200",04:17:00,05:48:00,2,2,3,3,"2 MINUTES",2,1,1,0,2,0,0,0,0,91
"FR-1-H_32_41_5790_10","FR-1-H_32_41_5790","FR_MHB_34000","FR_USIHB_94200","FR_MHB_34000",38:24:00,41:01:00,19,17,20,18,"INTERCEPTION",1,1,0,0,3,1,2,2,0,157
"FR-1-H_32_41_5790_11","FR-1-H_32_41_5790","FR_MHB_34000","FR_USIHB_94200","FR_MHB_34000",41:56:00,43:58:00,21,18,22,19,"TIR DIFFICILE",1,1,0,0,2,1,3,3,0,122
"FR-1-H_32_41_5790_12","FR-1-H_32_41_5790","FR_MHB_34000","FR_USIHB_94200","FR_USIHB_94200",45:22:00,48:22:00,23,20,24,21,"TEMPS MORT",2,1,0,1,5,0,-3,-3,0,180
"FR-1-H_32_41_5790_13","FR-1-H_32_41_5790","FR_MHB_34000","FR_USIHB_94200","FR_MHB_34000",48:22:00,50:57:00,24,21,25,22,"2 MINUTES",1,1,0,0,3,0,3,3,0,155
"FR-1-H_32_41_5790_14","FR-1-H_32_41_5790","FR_MHB_34000","FR_USIHB_94200","FR_MHB_34000",51:41:00,53:43:00,26,22,29,23,"JEU PASSIF",2,1,1,0,3,1,4,6,2,122
"FR-1-H_32_41_5790_15","FR-1-H_32_41_5790","FR_MHB_34000","FR_USIHB_94200","FR_MHB_34000",53:52:00,56:15:00,30,23,31,24,"PASSE INCOMPLETE",1,1,2,0,5,0,7,7,0,143
"FR-1-H_32_41_5790_2","FR-1-H_32_41_5790","FR_MHB_34000","FR_USIHB_94200","FR_USIHB_94200",06:07:00,08:48:00,3,4,4,5,"PASSE INCOMPLETE",1,2,0,0,1,2,1,1,0,161
"FR-1-H_32_41_5790_3","FR-1-H_32_41_5790","FR_MHB_34000","FR_USIHB_94200","FR_MHB_34000",09:47:00,11:29:00,5,6,6,7,"2 MINUTES",0,1,1,0,3,0,-1,-1,0,102
"FR-1-H_32_41_5790_4","FR-1-H_32_41_5790","FR_MHB_34000","FR_USIHB_94200","FR_MHB_34000",14:27:00,15:51:00,8,8,9,9,"HORS CADRE",1,1,1,0,1,1,0,0,0,84
"FR-1-H_32_41_5790_5","FR-1-H_32_41_5790","FR_MHB_34000","FR_USIHB_94200","FR_USIHB_94200",17:35:00,21:48:00,10,10,11,12,"TIR DIFFICILE",2,3,0,1,6,0,0,1,1,253
"FR-1-H_32_41_5790_6","FR-1-H_32_41_5790","FR_MHB_34000","FR_USIHB_94200","FR_MHB_34000",21:48:00,25:07:00,11,12,13,13,"PASSE INCOMPLETE",2,2,1,0,4,1,-1,0,1,199
"FR-1-H_32_41_5790_7","FR-1-H_32_41_5790","FR_MHB_34000","FR_USIHB_94200","FR_MHB_34000",25:21:00,30:00:00,14,13,15,14,"HORS CADRE",1,0,2,1,10,0,1,1,0,279
"FR-1-H_32_41_5790_8","FR-1-H_32_41_5790","FR_MHB_34000","FR_USIHB_94200","FR_USIHB_94200",30:00:00,31:59:00,15,14,16,15,"ARRÊT",0,1,1,0,5,0,-1,-1,0,119
"FR-1-H_32_41_5790_9","FR-1-H_32_41_5790","FR_MHB_34000","FR_USIHB_94200","FR_MHB_34000",31:59:00,33:57:00,16,15,17,16,"ARRÊT",1,0,0,0,3,0,1,1,0,118
"FR-1-H_32_41_5791_1","FR-1-H_32_41_5791","FR_HBCN_44200","FR_PAUC_13100","FR_HBCN_44200",02:50:00,05:38:00,1,1,3,2,"TIR DIFFICILE",1,3,0,0,3,0,0,1,1,168
"FR-1-H_32_41_5791_2","FR-1-H_32_41_5791","FR_HBCN_44200","FR_PAUC_13100","FR_HBCN_44200",08:33:00,12:48:00,4,2,6,3,"PASSE INCOMPLETE",2,2,1,0,4,2,2,3,1,255
"FR-1-H_32_41_5791_3","FR-1-H_32_41_5791","FR_HBCN_44200","FR_PAUC_13100","FR_HBCN_44200",16:43:00,20:45:00,8,4,9,5,"INTERCEPTION",2,2,2,0,5,1,4,4,0,242
"FR-1-H_32_41_5791_4","FR-1-H_32_41_5791","FR_HBCN_44200","FR_PAUC_13100","FR_PAUC_13100",22:21:00,24:25:00,10,6,11,7,"TEMPS MORT",1,1,0,2,4,2,-4,-4,0,124
"FR-1-H_32_41_5791_5","FR-1-H_32_41_5791","FR_HBCN_44200","FR_PAUC_13100","FR_HBCN_44200",30:29:00,32:54:00,14,10,15,11,"TEMPS MORT",1,1,2,0,5,1,4,4,0,145
"FR-1-H_32_41_5791_6","FR-1-H_32_41_5791","FR_HBCN_44200","FR_PAUC_13100","FR_PAUC_13100",33:36:00,41:07:00,16,12,17,16,"PASSE INCOMPLETE",4,5,1,2,7,1,-4,-1,3,451
"FR-1-H_32_41_5791_7","FR-1-H_32_41_5791","FR_HBCN_44200","FR_PAUC_13100","FR_PAUC_13100",44:28:00,51:42:00,18,18,19,20,"INTERCEPTION",3,4,1,0,9,2,0,1,1,434
"FR-1-H_32_41_5791_8","FR-1-H_32_41_5791","FR_HBCN_44200","FR_PAUC_13100","FR_HBCN_44200",57:32:00,60:00:00,22,23,NA,NA,"ARRÊT",1,1,0,1,6,0,-1,NA,NA,148
"FR-1-H_32_42_5792_10","FR-1-H_32_42_5792","FR_PAUC_13100","FR_CCMHB_28000","FR_CCMHB_28000",45:59:00,51:17:00,17,19,18,20,"POTEAU",2,3,0,1,5,1,2,2,0,318
"FR-1-H_32_42_5792_11","FR-1-H_32_42_5792","FR_PAUC_13100","FR_CCMHB_28000","FR_PAUC_13100",52:15:00,54:46:00,19,21,21,22,"HORS CADRE",2,1,1,0,3,2,-2,-1,1,151
"FR-1-H_32_42_5792_12","FR-1-H_32_42_5792","FR_PAUC_13100","FR_CCMHB_28000","FR_CCMHB_28000",54:46:00,57:31:00,21,22,22,24,"ARRÊT",2,2,0,2,4,1,1,2,1,165
"FR-1-H_32_42_5792_13","FR-1-H_32_42_5792","FR_PAUC_13100","FR_CCMHB_28000","FR_PAUC_13100",57:31:00,60:00:00,22,24,NA,NA,"TEMPS MORT",0,1,1,0,5,1,-2,NA,NA,149
"FR-1-H_32_42_5792_2","FR-1-H_32_42_5792","FR_PAUC_13100","FR_CCMHB_28000","FR_CCMHB_28000",07:47:00,11:26:00,5,1,6,2,"FAUTE OFFENSIVE",1,1,0,2,4,0,-4,-4,0,219
"FR-1-H_32_42_5792_3","FR-1-H_32_42_5792","FR_PAUC_13100","FR_CCMHB_28000","FR_CCMHB_28000",13:06:00,19:56:00,6,3,7,5,"PASSE INCOMPLETE",2,3,2,3,12,1,-3,-2,1,410
"FR-1-H_32_42_5792_4","FR-1-H_32_42_5792","FR_PAUC_13100","FR_CCMHB_28000","FR_CCMHB_28000",23:57:00,27:59:00,8,7,9,10,"HORS CADRE",0,3,0,2,5,1,-1,1,2,242
"FR-1-H_32_42_5792_5","FR-1-H_32_42_5792","FR_PAUC_13100","FR_CCMHB_28000","FR_PAUC_13100",27:59:00,30:51:00,9,10,10,11,"CARTON JAUNE",2,1,2,1,4,1,-1,-1,0,172
"FR-1-H_32_42_5792_6","FR-1-H_32_42_5792","FR_PAUC_13100","FR_CCMHB_28000","FR_PAUC_13100",37:07:00,38:34:00,13,13,14,14,"JEU PASSIF",1,1,0,0,1,0,0,0,0,87
"FR-1-H_32_42_5792_7","FR-1-H_32_42_5792","FR_PAUC_13100","FR_CCMHB_28000","FR_CCMHB_28000",38:34:00,40:52:00,14,14,15,16,"ARRÊT",1,2,0,1,4,1,0,1,1,138
"FR-1-H_32_42_5792_8","FR-1-H_32_42_5792","FR_PAUC_13100","FR_CCMHB_28000","FR_CCMHB_28000",41:23:00,44:05:00,15,17,16,18,"TIR DIFFICILE",2,1,0,0,6,0,2,2,0,162
"FR-1-H_32_42_5792_9","FR-1-H_32_42_5792","FR_PAUC_13100","FR_CCMHB_28000","FR_PAUC_13100",44:05:00,45:59:00,16,18,17,19,"TEMPS MORT",0,1,0,0,1,0,-2,-2,0,114
"FR-1-H_32_42_5793_1","FR-1-H_32_42_5793","FR_IPHB_13806","FR_PSGHB_75016","FR_PSGHB_75016",04:35:00,05:43:00,1,2,2,3,"PIED",2,1,0,2,3,1,1,1,0,68
"FR-1-H_32_42_5793_10","FR-1-H_32_42_5793","FR_IPHB_13806","FR_PSGHB_75016","FR_IPHB_13806",50:22:00,52:31:00,19,27,20,28,"ARRÊT",1,1,1,0,5,1,-8,-8,0,129
"FR-1-H_32_42_5793_11","FR-1-H_32_42_5793","FR_IPHB_13806","FR_PSGHB_75016","FR_PSGHB_75016",52:31:00,57:37:00,20,28,21,31,"ARRÊT",1,4,2,1,9,1,8,10,2,306
"FR-1-H_32_42_5793_2","FR-1-H_32_42_5793","FR_IPHB_13806","FR_PSGHB_75016","FR_PSGHB_75016",16:07:00,17:50:00,4,6,5,7,"HORS CADRE",1,2,0,0,1,0,2,2,0,103
"FR-1-H_32_42_5793_3","FR-1-H_32_42_5793","FR_IPHB_13806","FR_PSGHB_75016","FR_IPHB_13806",17:50:00,21:47:00,5,7,8,8,"TEMPS MORT",2,0,2,0,5,1,-2,0,2,237
"FR-1-H_32_42_5793_4","FR-1-H_32_42_5793","FR_IPHB_13806","FR_PSGHB_75016","FR_PSGHB_75016",21:47:00,23:41:00,8,8,9,9,"TEMPS MORT",1,1,0,1,1,1,0,0,0,114
"FR-1-H_32_42_5793_5","FR-1-H_32_42_5793","FR_IPHB_13806","FR_PSGHB_75016","FR_IPHB_13806",24:55:00,26:15:00,10,10,11,11,"TIR DIFFICILE",1,1,1,0,1,0,0,0,0,80
"FR-1-H_32_42_5793_6","FR-1-H_32_42_5793","FR_IPHB_13806","FR_PSGHB_75016","FR_PSGHB_75016",26:57:00,28:54:00,12,12,13,13,"TIR DIFFICILE",0,0,0,2,6,0,0,0,0,117
"FR-1-H_32_42_5793_7","FR-1-H_32_42_5793","FR_IPHB_13806","FR_PSGHB_75016","FR_PSGHB_75016",29:28:00,37:20:00,13,14,14,19,"ARRÊT",3,5,1,2,13,1,1,5,4,472
"FR-1-H_32_42_5793_8","FR-1-H_32_42_5793","FR_IPHB_13806","FR_PSGHB_75016","FR_PSGHB_75016",40:31:00,44:01:00,15,21,16,23,"POTEAU",1,2,0,0,3,0,6,7,1,210
"FR-1-H_32_42_5793_9","FR-1-H_32_42_5793","FR_IPHB_13806","FR_PSGHB_75016","FR_PSGHB_75016",47:36:00,50:22:00,18,26,19,27,"ARRÊT",1,1,1,2,7,0,8,8,0,166
"FR-1-H_32_42_5794_1","FR-1-H_32_42_5794","FR_USIHB_94200","FR_HBCN_44200","FR_USIHB_94200",15:25:00,21:40:00,7,7,9,8,"PASSE INCOMPLETE",3,2,3,3,10,0,0,1,1,375
"FR-1-H_32_42_5794_10","FR-1-H_32_42_5794","FR_USIHB_94200","FR_HBCN_44200","FR_HBCN_44200",54:52:00,56:56:00,22,23,23,25,"PASSE INCOMPLETE",1,2,0,0,1,2,1,2,1,124
"FR-1-H_32_42_5794_11","FR-1-H_32_42_5794","FR_USIHB_94200","FR_HBCN_44200","FR_USIHB_94200",56:56:00,60:00:00,23,25,NA,NA,"TIR DIFFICILE",3,0,1,1,9,1,-2,NA,NA,184
"FR-1-H_32_42_5794_2","FR-1-H_32_42_5794","FR_USIHB_94200","FR_HBCN_44200","FR_HBCN_44200",22:32:00,25:49:00,10,9,11,10,"PASSE INCOMPLETE",1,2,0,0,6,0,-1,-1,0,197
"FR-1-H_32_42_5794_3","FR-1-H_32_42_5794","FR_USIHB_94200","FR_HBCN_44200","FR_USIHB_94200",25:49:00,29:06:00,11,10,13,11,"PASSE INCOMPLETE",2,2,1,0,3,1,1,2,1,197
"FR-1-H_32_42_5794_4","FR-1-H_32_42_5794","FR_USIHB_94200","FR_HBCN_44200","FR_HBCN_44200",29:06:00,31:36:00,13,11,14,12,"TIR DIFFICILE",1,1,0,2,6,1,-2,-2,0,150
"FR-1-H_32_42_5794_5","FR-1-H_32_42_5794","FR_USIHB_94200","FR_HBCN_44200","FR_USIHB_94200",31:36:00,39:47:00,14,12,17,13,"ARRÊT",3,1,4,0,15,0,2,4,2,491
"FR-1-H_32_42_5794_6","FR-1-H_32_42_5794","FR_USIHB_94200","FR_HBCN_44200","FR_HBCN_44200",41:28:00,44:35:00,18,14,19,16,"ARRÊT",2,3,0,0,3,1,-4,-3,1,187
"FR-1-H_32_42_5794_7","FR-1-H_32_42_5794","FR_USIHB_94200","FR_HBCN_44200","FR_HBCN_44200",45:17:00,48:10:00,19,17,20,18,"2 MINUTES",2,1,1,1,5,0,-2,-2,0,173
"FR-1-H_32_42_5794_8","FR-1-H_32_42_5794","FR_USIHB_94200","FR_HBCN_44200","FR_HBCN_44200",49:14:00,50:59:00,20,19,21,20,"ARRÊT",2,1,0,0,1,1,-1,-1,0,105
"FR-1-H_32_42_5794_9","FR-1-H_32_42_5794","FR_USIHB_94200","FR_HBCN_44200","FR_HBCN_44200",53:10:00,54:34:00,21,21,22,22,"TIR DIFFICILE",1,1,0,0,0,0,0,0,0,84
"FR-1-H_32_42_5795_1","FR-1-H_32_42_5795","FR_MHB_34000","FR_USCHB_94000","FR_USCHB_94000",01:09:00,02:20:00,0,1,1,2,"PASSE INCOMPLETE",1,1,0,1,1,1,1,1,0,71
"FR-1-H_32_42_5795_10","FR-1-H_32_42_5795","FR_MHB_34000","FR_USCHB_94000","FR_MHB_34000",43:36:00,45:24:00,23,22,24,23,"TIR DIFFICILE",1,1,0,1,4,0,1,1,0,108
"FR-1-H_32_42_5795_11","FR-1-H_32_42_5795","FR_MHB_34000","FR_USCHB_94000","FR_USCHB_94000",45:24:00,49:53:00,24,23,25,25,"ARRÊT",2,3,0,2,9,3,-1,0,1,269
"FR-1-H_32_42_5795_12","FR-1-H_32_42_5795","FR_MHB_34000","FR_USCHB_94000","FR_MHB_34000",55:06:00,56:47:00,27,27,28,28,"JEU PASSIF",1,1,0,0,2,0,0,0,0,101
"FR-1-H_32_42_5795_2","FR-1-H_32_42_5795","FR_MHB_34000","FR_USCHB_94000","FR_MHB_34000",02:20:00,04:22:00,1,2,2,3,"TIR DIFFICILE",1,1,1,0,5,2,-1,-1,0,122
"FR-1-H_32_42_5795_3","FR-1-H_32_42_5795","FR_MHB_34000","FR_USCHB_94000","FR_USCHB_94000",14:45:00,17:01:00,9,10,10,11,"TIR DIFFICILE",1,1,1,0,3,0,1,1,0,136
"FR-1-H_32_42_5795_4","FR-1-H_32_42_5795","FR_MHB_34000","FR_USCHB_94000","FR_USCHB_94000",18:13:00,20:34:00,10,12,11,14,"TIR DIFFICILE",1,2,1,1,2,0,2,3,1,141
"FR-1-H_32_42_5795_5","FR-1-H_32_42_5795","FR_MHB_34000","FR_USCHB_94000","FR_MHB_34000",23:12:00,30:54:00,13,16,15,17,"TIR DIFFICILE",4,3,0,3,14,1,-3,-2,1,462
"FR-1-H_32_42_5795_6","FR-1-H_32_42_5795","FR_MHB_34000","FR_USCHB_94000","FR_MHB_34000",31:23:00,34:54:00,16,17,17,18,"2 MINUTES",1,1,2,0,6,1,-1,-1,0,211
"FR-1-H_32_42_5795_7","FR-1-H_32_42_5795","FR_MHB_34000","FR_USCHB_94000","FR_USCHB_94000",34:54:00,36:02:00,17,18,18,19,"TIR DIFFICILE",1,1,0,0,1,0,1,1,0,68
"FR-1-H_32_42_5795_8","FR-1-H_32_42_5795","FR_MHB_34000","FR_USCHB_94000","FR_MHB_34000",37:12:00,39:56:00,19,20,20,21,"TIR DIFFICILE",1,2,2,1,4,1,-1,-1,0,164
"FR-1-H_32_42_5795_9","FR-1-H_32_42_5795","FR_MHB_34000","FR_USCHB_94000","FR_MHB_34000",40:39:00,43:01:00,21,21,22,22,"HORS CADRE",1,1,2,0,7,1,0,0,0,142
"FR-1-H_32_42_5796_1","FR-1-H_32_42_5796","FR_USAMNG_30918","FR_DHBGL_59140","FR_USAMNG_30918",06:00:00,07:04:00,4,3,5,4,"TIR DIFFICILE",2,1,0,0,1,0,1,1,0,64
"FR-1-H_32_42_5796_10","FR-1-H_32_42_5796","FR_USAMNG_30918","FR_DHBGL_59140","FR_DHBGL_59140",37:56:00,43:01:00,20,20,21,22,"TIR DIFFICILE",2,4,0,1,8,1,0,1,1,305
"FR-1-H_32_42_5796_11","FR-1-H_32_42_5796","FR_USAMNG_30918","FR_DHBGL_59140","FR_USAMNG_30918",45:49:00,53:48:00,23,24,27,25,"TIR DIFFICILE",5,3,2,1,8,2,-1,2,3,479
"FR-1-H_32_42_5796_12","FR-1-H_32_42_5796","FR_USAMNG_30918","FR_DHBGL_59140","FR_DHBGL_59140",53:48:00,57:05:00,27,25,28,26,"TIR DIFFICILE",3,1,1,1,6,0,-2,-2,0,197
"FR-1-H_32_42_5796_2","FR-1-H_32_42_5796","FR_USAMNG_30918","FR_DHBGL_59140","FR_USAMNG_30918",07:23:00,10:16:00,6,4,8,5,"TIR CONTRÉ",2,1,0,0,2,0,2,3,1,173
"FR-1-H_32_42_5796_3","FR-1-H_32_42_5796","FR_USAMNG_30918","FR_DHBGL_59140","FR_DHBGL_59140",10:16:00,11:20:00,8,5,9,6,"PASSE INCOMPLETE",1,1,0,0,0,0,-3,-3,0,64
"FR-1-H_32_42_5796_4","FR-1-H_32_42_5796","FR_USAMNG_30918","FR_DHBGL_59140","FR_DHBGL_59140",12:00:00,14:17:00,9,7,10,10,"PASSE INCOMPLETE",1,3,0,1,3,0,-2,0,2,137
"FR-1-H_32_42_5796_5","FR-1-H_32_42_5796","FR_USAMNG_30918","FR_DHBGL_59140","FR_USAMNG_30918",14:17:00,16:54:00,10,10,11,11,"2 MINUTES",3,1,0,0,1,1,0,0,0,157
"FR-1-H_32_42_5796_6","FR-1-H_32_42_5796","FR_USAMNG_30918","FR_DHBGL_59140","FR_USAMNG_30918",17:28:00,18:51:00,12,11,13,12,"MARCHÉ",1,0,0,0,2,0,1,1,0,83
"FR-1-H_32_42_5796_7","FR-1-H_32_42_5796","FR_USAMNG_30918","FR_DHBGL_59140","FR_DHBGL_59140",18:51:00,19:55:00,13,12,14,13,"TIR DIFFICILE",2,1,0,0,1,0,-1,-1,0,64
"FR-1-H_32_42_5796_8","FR-1-H_32_42_5796","FR_USAMNG_30918","FR_DHBGL_59140","FR_USAMNG_30918",24:33:00,30:57:00,16,15,17,16,"ARRÊT",3,2,1,1,10,0,1,1,0,384
"FR-1-H_32_42_5796_9","FR-1-H_32_42_5796","FR_USAMNG_30918","FR_DHBGL_59140","FR_DHBGL_59140",35:28:00,37:45:00,19,18,20,19,"2 MINUTES",1,2,0,0,5,2,-1,-1,0,137
"FR-1-H_32_42_5797_1","FR-1-H_32_42_5797","FR_SRVHB_83700","FR_CRMHB_35510","FR_SRVHB_83700",00:50:00,07:31:00,1,0,2,1,"TIR DIFFICILE",0,2,4,1,12,0,1,1,0,401
"FR-1-H_32_42_5797_10","FR-1-H_32_42_5797","FR_SRVHB_83700","FR_CRMHB_35510","FR_SRVHB_83700",42:13:00,45:08:00,15,16,17,17,"ARRÊT",3,1,1,0,3,1,-1,0,1,175
"FR-1-H_32_42_5797_11","FR-1-H_32_42_5797","FR_SRVHB_83700","FR_CRMHB_35510","FR_SRVHB_83700",45:20:00,46:53:00,18,17,19,18,"TIR CONTRÉ",1,1,0,0,1,1,1,1,0,93
"FR-1-H_32_42_5797_12","FR-1-H_32_42_5797","FR_SRVHB_83700","FR_CRMHB_35510","FR_CRMHB_35510",47:41:00,50:10:00,20,19,21,20,"TIR DIFFICILE",1,1,0,1,5,1,-1,-1,0,149
"FR-1-H_32_42_5797_13","FR-1-H_32_42_5797","FR_SRVHB_83700","FR_CRMHB_35510","FR_SRVHB_83700",50:10:00,51:16:00,21,20,22,21,"TIR DIFFICILE",1,1,0,0,1,0,1,1,0,66
"FR-1-H_32_42_5797_14","FR-1-H_32_42_5797","FR_SRVHB_83700","FR_CRMHB_35510","FR_CRMHB_35510",51:16:00,52:38:00,22,21,23,22,"ARRÊT",1,1,0,0,1,0,-1,-1,0,82
"FR-1-H_32_42_5797_15","FR-1-H_32_42_5797","FR_SRVHB_83700","FR_CRMHB_35510","FR_SRVHB_83700",52:38:00,54:25:00,23,22,24,23,"INTERCEPTION",1,1,1,0,1,0,1,1,0,107
"FR-1-H_32_42_5797_16","FR-1-H_32_42_5797","FR_SRVHB_83700","FR_CRMHB_35510","FR_SRVHB_83700",54:55:00,57:18:00,25,23,26,24,"ARRÊT",2,1,2,0,3,0,2,2,0,143
"FR-1-H_32_42_5797_2","FR-1-H_32_42_5797","FR_SRVHB_83700","FR_CRMHB_35510","FR_CRMHB_35510",07:31:00,09:43:00,2,1,3,2,"ARRÊT",1,2,0,2,4,1,-1,-1,0,132
"FR-1-H_32_42_5797_3","FR-1-H_32_42_5797","FR_SRVHB_83700","FR_CRMHB_35510","FR_SRVHB_83700",09:43:00,13:21:00,3,2,4,3,"TIR DIFFICILE",2,2,1,2,6,0,1,1,0,218
"FR-1-H_32_42_5797_4","FR-1-H_32_42_5797","FR_SRVHB_83700","FR_CRMHB_35510","FR_CRMHB_35510",14:23:00,16:54:00,5,4,6,5,"POTEAU",1,1,0,1,4,0,-1,-1,0,151
"FR-1-H_32_42_5797_5","FR-1-H_32_42_5797","FR_SRVHB_83700","FR_CRMHB_35510","FR_CRMHB_35510",24:44:00,30:44:00,8,8,9,10,"ARRÊT",3,2,0,2,10,2,0,1,1,360
"FR-1-H_32_42_5797_6","FR-1-H_32_42_5797","FR_SRVHB_83700","FR_CRMHB_35510","FR_SRVHB_83700",30:44:00,34:03:00,9,10,10,11,"TIR DIFFICILE",3,2,1,0,4,0,-1,-1,0,199
"FR-1-H_32_42_5797_7","FR-1-H_32_42_5797","FR_SRVHB_83700","FR_CRMHB_35510","FR_CRMHB_35510",34:03:00,37:15:00,10,11,11,14,"CARTON JAUNE",1,4,0,4,6,1,1,3,2,192
"FR-1-H_32_42_5797_8","FR-1-H_32_42_5797","FR_SRVHB_83700","FR_CRMHB_35510","FR_SRVHB_83700",37:15:00,40:11:00,11,14,12,15,"TIR DIFFICILE",1,2,1,0,3,0,-3,-3,0,176
"FR-1-H_32_42_5797_9","FR-1-H_32_42_5797","FR_SRVHB_83700","FR_CRMHB_35510","FR_SRVHB_83700",40:43:00,41:49:00,13,15,14,16,"ARRÊT",1,1,1,0,1,0,-2,-2,0,66
"FR-1-H_32_42_5798_1","FR-1-H_32_42_5798","FR_FTHB_31000","FR_CSMBHB_73000","FR_CSMBHB_73000",00:55:00,07:29:00,0,1,1,5,"ARRÊT",3,3,0,2,12,3,1,4,3,394
"FR-1-H_32_42_5798_10","FR-1-H_32_42_5798","FR_FTHB_31000","FR_CSMBHB_73000","FR_CSMBHB_73000",46:24:00,50:13:00,17,20,18,23,"TIR DIFFICILE",1,3,0,1,2,2,3,5,2,229
"FR-1-H_32_42_5798_11","FR-1-H_32_42_5798","FR_FTHB_31000","FR_CSMBHB_73000","FR_FTHB_31000",52:13:00,55:16:00,19,24,21,25,"INTERCEPTION",2,2,1,0,4,1,-5,-4,1,183
"FR-1-H_32_42_5798_12","FR-1-H_32_42_5798","FR_FTHB_31000","FR_CSMBHB_73000","FR_FTHB_31000",57:12:00,59:53:00,23,26,NA,NA,"ARRÊT",1,1,1,0,4,0,-3,NA,NA,161
"FR-1-H_32_42_5798_2","FR-1-H_32_42_5798","FR_FTHB_31000","FR_CSMBHB_73000","FR_CSMBHB_73000",08:00:00,10:40:00,1,6,2,7,"HORS CADRE",2,1,1,1,4,2,5,5,0,160
"FR-1-H_32_42_5798_3","FR-1-H_32_42_5798","FR_FTHB_31000","FR_CSMBHB_73000","FR_FTHB_31000",14:46:00,16:12:00,4,9,5,10,"ARRÊT",1,1,1,0,1,0,-5,-5,0,86
"FR-1-H_32_42_5798_4","FR-1-H_32_42_5798","FR_FTHB_31000","FR_CSMBHB_73000","FR_FTHB_31000",17:38:00,23:12:00,7,11,10,12,"TIR DIFFICILE",2,2,1,0,6,1,-4,-2,2,334
"FR-1-H_32_42_5798_5","FR-1-H_32_42_5798","FR_FTHB_31000","FR_CSMBHB_73000","FR_CSMBHB_73000",23:12:00,25:33:00,10,12,11,13,"INTERCEPTION",2,1,0,0,3,0,2,2,0,141
"FR-1-H_32_42_5798_6","FR-1-H_32_42_5798","FR_FTHB_31000","FR_CSMBHB_73000","FR_FTHB_31000",28:52:00,31:51:00,12,14,13,15,"PASSAGE EN FORCE",1,1,0,1,3,2,-2,-2,0,179
"FR-1-H_32_42_5798_7","FR-1-H_32_42_5798","FR_FTHB_31000","FR_CSMBHB_73000","FR_FTHB_31000",33:02:00,37:20:00,14,15,15,16,"TIR DIFFICILE",1,2,1,3,7,1,-1,-1,0,258
"FR-1-H_32_42_5798_8","FR-1-H_32_42_5798","FR_FTHB_31000","FR_CSMBHB_73000","FR_CSMBHB_73000",37:20:00,40:57:00,15,16,16,17,"ARRÊT",1,2,0,1,3,1,1,1,0,217
"FR-1-H_32_42_5798_9","FR-1-H_32_42_5798","FR_FTHB_31000","FR_CSMBHB_73000","FR_CSMBHB_73000",44:21:00,45:50:00,16,18,17,19,"TIR DIFFICILE",1,1,0,1,1,0,2,2,0,89
"FR-1-H_32_42_5799_1","FR-1-H_32_42_5799","FR_TFHB_93290","FR_LHB_87000","FR_TFHB_93290",00:36:00,03:16:00,1,0,2,1,"TIR DIFFICILE",1,1,1,0,5,2,1,1,0,160
"FR-1-H_32_42_5799_10","FR-1-H_32_42_5799","FR_TFHB_93290","FR_LHB_87000","FR_LHB_87000",43:27:00,46:48:00,24,22,25,24,"MARCHÉ",3,1,0,0,2,2,-2,-1,1,201
"FR-1-H_32_42_5799_11","FR-1-H_32_42_5799","FR_TFHB_93290","FR_LHB_87000","FR_TFHB_93290",52:40:00,56:11:00,28,27,29,28,"TIR DIFFICILE",1,0,1,1,5,0,1,1,0,211
"FR-1-H_32_42_5799_12","FR-1-H_32_42_5799","FR_TFHB_93290","FR_LHB_87000","FR_LHB_87000",56:11:00,58:15:00,29,28,30,29,"2 MINUTES",1,2,0,0,3,1,-1,-1,0,124
"FR-1-H_32_42_5799_2","FR-1-H_32_42_5799","FR_TFHB_93290","FR_LHB_87000","FR_TFHB_93290",03:54:00,04:41:00,3,1,4,2,"TIR DIFFICILE",1,1,0,0,1,0,2,2,0,47
"FR-1-H_32_42_5799_3","FR-1-H_32_42_5799","FR_TFHB_93290","FR_LHB_87000","FR_LHB_87000",04:41:00,07:49:00,4,2,5,4,"TIR DIFFICILE",1,2,1,2,8,2,-2,-1,1,188
"FR-1-H_32_42_5799_4","FR-1-H_32_42_5799","FR_TFHB_93290","FR_LHB_87000","FR_LHB_87000",10:38:00,12:48:00,7,7,8,8,"TIR CONTRÉ",2,0,0,0,2,0,0,0,0,130
"FR-1-H_32_42_5799_5","FR-1-H_32_42_5799","FR_TFHB_93290","FR_LHB_87000","FR_TFHB_93290",15:34:00,20:08:00,10,10,13,11,"TIR DIFFICILE",3,2,0,1,3,0,0,2,2,274
"FR-1-H_32_42_5799_6","FR-1-H_32_42_5799","FR_TFHB_93290","FR_LHB_87000","FR_LHB_87000",21:39:00,24:32:00,14,12,15,13,"TIR CONTRÉ",1,1,0,1,2,0,-2,-2,0,173
"FR-1-H_32_42_5799_7","FR-1-H_32_42_5799","FR_TFHB_93290","FR_LHB_87000","FR_TFHB_93290",24:32:00,27:03:00,15,13,16,14,"2 MINUTES",1,1,1,0,3,0,2,2,0,151
"FR-1-H_32_42_5799_8","FR-1-H_32_42_5799","FR_TFHB_93290","FR_LHB_87000","FR_TFHB_93290",28:07:00,34:48:00,17,14,20,15,"PASSAGE EN FORCE",3,2,4,1,14,0,3,5,2,401
"FR-1-H_32_42_5799_9","FR-1-H_32_42_5799","FR_TFHB_93290","FR_LHB_87000","FR_LHB_87000",38:27:00,43:15:00,23,18,24,21,"2 MINUTES",2,2,1,1,8,0,-5,-3,2,288
"FR-1-H_32_43_5800_10","FR-1-H_32_43_5800","FR_PAUC_13100","FR_SRVHB_83700","FR_SRVHB_83700",45:31:00,48:39:00,19,24,20,25,"TIR DIFFICILE",1,1,0,1,5,2,5,5,0,188
"FR-1-H_32_43_5800_11","FR-1-H_32_43_5800","FR_PAUC_13100","FR_SRVHB_83700","FR_PAUC_13100",48:39:00,49:54:00,20,25,21,26,"TIR DIFFICILE",1,1,1,0,2,1,-5,-5,0,75
"FR-1-H_32_43_5800_12","FR-1-H_32_43_5800","FR_PAUC_13100","FR_SRVHB_83700","FR_PAUC_13100",50:24:00,56:17:00,22,26,25,27,"ARRÊT",3,2,2,2,8,1,-4,-2,2,353
"FR-1-H_32_43_5800_2","FR-1-H_32_43_5800","FR_PAUC_13100","FR_SRVHB_83700","FR_SRVHB_83700",13:33:00,16:08:00,5,8,6,9,"ARRÊT",0,1,0,2,3,0,3,3,0,155
"FR-1-H_32_43_5800_3","FR-1-H_32_43_5800","FR_PAUC_13100","FR_SRVHB_83700","FR_SRVHB_83700",16:47:00,17:31:00,6,10,7,11,"ARRÊT",1,1,0,0,1,0,4,4,0,44
"FR-1-H_32_43_5800_4","FR-1-H_32_43_5800","FR_PAUC_13100","FR_SRVHB_83700","FR_PAUC_13100",17:31:00,20:32:00,7,11,8,12,"JEU PASSIF",1,1,0,0,3,1,-4,-4,0,181
"FR-1-H_32_43_5800_5","FR-1-H_32_43_5800","FR_PAUC_13100","FR_SRVHB_83700","FR_PAUC_13100",28:31:00,31:30:00,11,14,13,15,"PASSE INCOMPLETE",1,2,1,0,3,0,-3,-2,1,179
"FR-1-H_32_43_5800_6","FR-1-H_32_43_5800","FR_PAUC_13100","FR_SRVHB_83700","FR_SRVHB_83700",31:30:00,32:38:00,13,15,14,16,"TIR DIFFICILE",2,1,0,0,1,0,2,2,0,68
"FR-1-H_32_43_5800_7","FR-1-H_32_43_5800","FR_PAUC_13100","FR_SRVHB_83700","FR_SRVHB_83700",36:15:00,38:39:00,15,18,16,19,"POTEAU",1,1,0,0,4,0,3,3,0,144
"FR-1-H_32_43_5800_8","FR-1-H_32_43_5800","FR_PAUC_13100","FR_SRVHB_83700","FR_PAUC_13100",40:21:00,42:02:00,17,20,18,21,"2 MINUTES",1,1,0,0,1,0,-3,-3,0,101
"FR-1-H_32_43_5800_9","FR-1-H_32_43_5800","FR_PAUC_13100","FR_SRVHB_83700","FR_SRVHB_83700",42:02:00,44:38:00,18,21,19,23,"PASSAGE EN FORCE",1,3,0,0,1,1,3,4,1,156
"FR-1-H_32_43_5801_10","FR-1-H_32_43_5801","FR_CRMHB_35510","FR_FTHB_31000","FR_FTHB_31000",36:29:00,41:22:00,16,15,17,17,"ARRÊT",2,2,1,2,9,1,-1,0,1,293
"FR-1-H_32_43_5801_11","FR-1-H_32_43_5801","FR_CRMHB_35510","FR_FTHB_31000","FR_FTHB_31000",43:24:00,45:11:00,17,18,18,19,"ARRÊT",1,1,0,0,2,1,1,1,0,107
"FR-1-H_32_43_5801_12","FR-1-H_32_43_5801","FR_CRMHB_35510","FR_FTHB_31000","FR_FTHB_31000",45:47:00,46:52:00,18,20,19,21,"TIR DIFFICILE",1,1,0,0,0,1,2,2,0,65
"FR-1-H_32_43_5801_13","FR-1-H_32_43_5801","FR_CRMHB_35510","FR_FTHB_31000","FR_FTHB_31000",47:35:00,52:19:00,19,22,20,27,"PASSAGE EN FORCE",0,4,0,3,7,1,3,7,4,284
"FR-1-H_32_43_5801_14","FR-1-H_32_43_5801","FR_CRMHB_35510","FR_FTHB_31000","FR_CRMHB_35510",52:19:00,54:14:00,20,27,21,28,"TEMPS MORT",1,2,0,0,1,1,-7,-7,0,115
"FR-1-H_32_43_5801_15","FR-1-H_32_43_5801","FR_CRMHB_35510","FR_FTHB_31000","FR_FTHB_31000",54:14:00,55:15:00,21,28,22,29,"TIR DIFFICILE",0,1,0,2,4,0,7,7,0,61
"FR-1-H_32_43_5801_2","FR-1-H_32_43_5801","FR_CRMHB_35510","FR_FTHB_31000","FR_CRMHB_35510",04:50:00,07:18:00,2,2,3,3,"HORS CADRE",1,1,0,0,1,1,0,0,0,148
"FR-1-H_32_43_5801_3","FR-1-H_32_43_5801","FR_CRMHB_35510","FR_FTHB_31000","FR_CRMHB_35510",07:49:00,11:40:00,4,3,5,4,"TIR DIFFICILE",1,1,0,0,2,1,1,1,0,231
"FR-1-H_32_43_5801_4","FR-1-H_32_43_5801","FR_CRMHB_35510","FR_FTHB_31000","FR_FTHB_31000",11:40:00,14:58:00,5,4,6,5,"BALLON SORTI",2,2,1,0,3,0,-1,-1,0,198
"FR-1-H_32_43_5801_5","FR-1-H_32_43_5801","FR_CRMHB_35510","FR_FTHB_31000","FR_CRMHB_35510",14:58:00,16:51:00,6,5,7,6,"ARRÊT",1,0,1,0,1,0,1,1,0,113
"FR-1-H_32_43_5801_6","FR-1-H_32_43_5801","FR_CRMHB_35510","FR_FTHB_31000","FR_CRMHB_35510",18:21:00,19:22:00,8,6,9,7,"POTEAU",1,1,1,0,1,0,2,2,0,61
"FR-1-H_32_43_5801_7","FR-1-H_32_43_5801","FR_CRMHB_35510","FR_FTHB_31000","FR_CRMHB_35510",21:34:00,22:49:00,10,7,11,8,"TIR DIFFICILE",1,2,0,0,0,0,3,3,0,75
"FR-1-H_32_43_5801_8","FR-1-H_32_43_5801","FR_CRMHB_35510","FR_FTHB_31000","FR_FTHB_31000",24:55:00,26:39:00,13,10,14,11,"TIR DIFFICILE",1,1,0,0,2,0,-3,-3,0,104
"FR-1-H_32_43_5801_9","FR-1-H_32_43_5801","FR_CRMHB_35510","FR_FTHB_31000","FR_FTHB_31000",27:19:00,30:59:00,14,12,15,13,"TIR DIFFICILE",1,1,2,2,6,0,-2,-2,0,220
"FR-1-H_32_43_5802_1","FR-1-H_32_43_5802","FR_CCMHB_28000","FR_IPHB_13806","FR_CCMHB_28000",02:37:00,04:00:00,2,2,3,3,"TIR DIFFICILE",1,1,0,0,0,1,0,0,0,83
"FR-1-H_32_43_5802_10","FR-1-H_32_43_5802","FR_CCMHB_28000","FR_IPHB_13806","FR_IPHB_13806",41:07:00,43:30:00,20,20,21,21,"TIR DIFFICILE",0,1,0,0,3,0,0,0,0,143
"FR-1-H_32_43_5802_11","FR-1-H_32_43_5802","FR_CCMHB_28000","FR_IPHB_13806","FR_IPHB_13806",47:22:00,52:00:00,24,25,25,26,"2 MINUTES",1,2,0,3,5,0,1,1,0,278
"FR-1-H_32_43_5802_12","FR-1-H_32_43_5802","FR_CCMHB_28000","FR_IPHB_13806","FR_IPHB_13806",54:11:00,55:43:00,25,27,26,28,"TEMPS MORT",1,1,0,0,0,1,2,2,0,92
"FR-1-H_32_43_5802_13","FR-1-H_32_43_5802","FR_CCMHB_28000","FR_IPHB_13806","FR_CCMHB_28000",55:43:00,59:52:00,26,28,NA,NA,"TIR DIFFICILE",4,0,2,0,7,2,-2,NA,NA,249
"FR-1-H_32_43_5802_2","FR-1-H_32_43_5802","FR_CCMHB_28000","FR_IPHB_13806","FR_IPHB_13806",05:10:00,07:34:00,4,4,5,6,"TIR DIFFICILE",1,2,0,0,4,1,0,1,1,144
"FR-1-H_32_43_5802_3","FR-1-H_32_43_5802","FR_CCMHB_28000","FR_IPHB_13806","FR_IPHB_13806",10:41:00,13:12:00,5,7,6,8,"HORS CADRE",2,3,0,0,1,1,2,2,0,151
"FR-1-H_32_43_5802_4","FR-1-H_32_43_5802","FR_CCMHB_28000","FR_IPHB_13806","FR_CCMHB_28000",13:12:00,19:05:00,6,8,10,9,"TIR DIFFICILE",5,2,1,0,4,2,-2,1,3,353
"FR-1-H_32_43_5802_5","FR-1-H_32_43_5802","FR_CCMHB_28000","FR_IPHB_13806","FR_IPHB_13806",21:36:00,23:32:00,11,10,12,11,"TIR CONTRÉ",1,1,0,1,2,1,-1,-1,0,116
"FR-1-H_32_43_5802_6","FR-1-H_32_43_5802","FR_CCMHB_28000","FR_IPHB_13806","FR_IPHB_13806",27:21:00,31:00:00,14,14,15,15,"2 MINUTES",3,1,0,2,7,1,0,0,0,219
"FR-1-H_32_43_5802_7","FR-1-H_32_43_5802","FR_CCMHB_28000","FR_IPHB_13806","FR_CCMHB_28000",31:00:00,34:31:00,15,15,16,16,"TIR DIFFICILE",1,2,0,0,2,1,0,0,0,211
"FR-1-H_32_43_5802_8","FR-1-H_32_43_5802","FR_CCMHB_28000","FR_IPHB_13806","FR_CCMHB_28000",37:34:00,38:10:00,18,17,19,18,"PASSAGE EN FORCE",1,1,0,0,1,1,1,1,0,36
"FR-1-H_32_43_5802_9","FR-1-H_32_43_5802","FR_CCMHB_28000","FR_IPHB_13806","FR_IPHB_13806",38:10:00,40:36:00,19,18,20,19,"TIR DIFFICILE",1,1,0,2,3,1,-1,-1,0,146
"FR-1-H_32_43_5803_10","FR-1-H_32_43_5803","FR_USCHB_94000","FR_TFHB_93290","FR_USCHB_94000",44:26:00,46:46:00,20,16,21,17,"ARRÊT",0,1,2,0,5,1,4,4,0,140
"FR-1-H_32_43_5803_11","FR-1-H_32_43_5803","FR_USCHB_94000","FR_TFHB_93290","FR_TFHB_93290",46:46:00,54:19:00,21,17,22,19,"TIR DIFFICILE",1,2,1,2,15,1,-4,-3,1,453
"FR-1-H_32_43_5803_2","FR-1-H_32_43_5803","FR_USCHB_94000","FR_TFHB_93290","FR_USCHB_94000",02:30:00,05:03:00,3,1,4,2,"POTEAU",2,0,0,1,3,0,2,2,0,153
"FR-1-H_32_43_5803_3","FR-1-H_32_43_5803","FR_USCHB_94000","FR_TFHB_93290","FR_USCHB_94000",05:19:00,07:43:00,5,2,6,3,"TIR DIFFICILE",1,0,1,0,4,1,3,3,0,144
"FR-1-H_32_43_5803_4","FR-1-H_32_43_5803","FR_USCHB_94000","FR_TFHB_93290","FR_TFHB_93290",08:27:00,12:40:00,7,4,8,6,"2 MINUTES",2,3,0,1,6,2,-3,-2,1,253
"FR-1-H_32_43_5803_5","FR-1-H_32_43_5803","FR_USCHB_94000","FR_TFHB_93290","FR_USCHB_94000",12:40:00,15:49:00,8,6,9,7,"POTEAU",1,2,0,0,2,0,2,2,0,189
"FR-1-H_32_43_5803_6","FR-1-H_32_43_5803","FR_USCHB_94000","FR_TFHB_93290","FR_USCHB_94000",16:28:00,19:18:00,10,7,11,8,"TIR DIFFICILE",1,2,0,0,3,0,3,3,0,170
"FR-1-H_32_43_5803_7","FR-1-H_32_43_5803","FR_USCHB_94000","FR_TFHB_93290","FR_USCHB_94000",25:51:00,31:04:00,13,9,15,10,"TEMPS MORT",2,0,1,2,12,0,4,5,1,313
"FR-1-H_32_43_5803_8","FR-1-H_32_43_5803","FR_USCHB_94000","FR_TFHB_93290","FR_TFHB_93290",34:19:00,40:49:00,17,12,18,15,"2 MINUTES",2,3,0,3,12,2,-5,-3,2,390
"FR-1-H_32_43_5803_9","FR-1-H_32_43_5803","FR_USCHB_94000","FR_TFHB_93290","FR_USCHB_94000",40:49:00,43:43:00,18,15,19,16,"TIR DIFFICILE",2,1,2,0,4,0,3,3,0,174
"FR-1-H_32_43_5804_1","FR-1-H_32_43_5804","FR_DHBGL_59140","FR_MHB_34000","FR_DHBGL_59140",01:08:00,04:33:00,1,0,2,1,"HORS CADRE",2,0,1,2,9,0,1,1,0,205
"FR-1-H_32_43_5804_10","FR-1-H_32_43_5804","FR_DHBGL_59140","FR_MHB_34000","FR_MHB_34000",56:52:00,59:58:00,27,33,NA,NA,"TIR DIFFICILE",2,1,1,1,6,1,6,NA,NA,186
"FR-1-H_32_43_5804_2","FR-1-H_32_43_5804","FR_DHBGL_59140","FR_MHB_34000","FR_MHB_34000",07:16:00,09:03:00,4,3,5,4,"TIR DIFFICILE",1,1,0,0,1,1,-1,-1,0,107
"FR-1-H_32_43_5804_3","FR-1-H_32_43_5804","FR_DHBGL_59140","FR_MHB_34000","FR_DHBGL_59140",15:57:00,19:55:00,9,8,11,9,"ARRÊT",2,2,2,0,6,1,1,2,1,238
"FR-1-H_32_43_5804_4","FR-1-H_32_43_5804","FR_DHBGL_59140","FR_MHB_34000","FR_MHB_34000",24:04:00,29:51:00,13,11,14,15,"MARCHÉ",1,6,0,2,6,1,-2,1,3,347
"FR-1-H_32_43_5804_5","FR-1-H_32_43_5804","FR_DHBGL_59140","FR_MHB_34000","FR_DHBGL_59140",29:51:00,31:43:00,14,15,15,16,"HORS CADRE",2,2,0,0,4,1,-1,-1,0,112
"FR-1-H_32_43_5804_6","FR-1-H_32_43_5804","FR_DHBGL_59140","FR_MHB_34000","FR_MHB_34000",31:43:00,32:51:00,15,16,16,17,"TIR DIFFICILE",1,1,0,0,0,0,1,1,0,68
"FR-1-H_32_43_5804_7","FR-1-H_32_43_5804","FR_DHBGL_59140","FR_MHB_34000","FR_MHB_34000",33:03:00,37:29:00,16,18,17,20,"MARCHÉ",1,3,0,2,5,1,2,3,1,266
"FR-1-H_32_43_5804_8","FR-1-H_32_43_5804","FR_DHBGL_59140","FR_MHB_34000","FR_MHB_34000",37:56:00,41:49:00,17,21,18,22,"TIR DIFFICILE",1,1,0,1,8,0,4,4,0,233
"FR-1-H_32_43_5804_9","FR-1-H_32_43_5804","FR_DHBGL_59140","FR_MHB_34000","FR_MHB_34000",43:31:00,46:04:00,19,24,20,25,"2 MINUTES",1,2,0,2,6,0,5,5,0,153
"FR-1-H_32_43_5805_1","FR-1-H_32_43_5805","FR_LHB_87000","FR_CSMBHB_73000","FR_CSMBHB_73000",07:22:00,12:33:00,4,4,5,7,"POTEAU",3,4,0,2,7,0,0,2,2,311
"FR-1-H_32_43_5805_10","FR-1-H_32_43_5805","FR_LHB_87000","FR_CSMBHB_73000","FR_LHB_87000",47:58:00,51:21:00,25,28,27,29,"TIR DIFFICILE",2,1,1,0,4,0,-3,-2,1,203
"FR-1-H_32_43_5805_11","FR-1-H_32_43_5805","FR_LHB_87000","FR_CSMBHB_73000","FR_CSMBHB_73000",58:02:00,59:27:00,31,33,32,34,"2 MINUTES",0,1,0,0,1,0,2,2,0,85
"FR-1-H_32_43_5805_2","FR-1-H_32_43_5805","FR_LHB_87000","FR_CSMBHB_73000","FR_CSMBHB_73000",13:04:00,17:23:00,5,8,6,11,"TIR DIFFICILE",0,3,1,1,6,1,3,5,2,259
"FR-1-H_32_43_5805_3","FR-1-H_32_43_5805","FR_LHB_87000","FR_CSMBHB_73000","FR_LHB_87000",17:23:00,18:29:00,6,11,7,12,"ARRÊT",1,1,1,0,1,0,-5,-5,0,66
"FR-1-H_32_43_5805_4","FR-1-H_32_43_5805","FR_LHB_87000","FR_CSMBHB_73000","FR_CSMBHB_73000",23:24:00,24:25:00,9,14,10,15,"TEMPS MORT",1,1,0,0,1,0,5,5,0,61
"FR-1-H_32_43_5805_5","FR-1-H_32_43_5805","FR_LHB_87000","FR_CSMBHB_73000","FR_LHB_87000",27:23:00,30:56:00,12,17,14,18,"BALLON SORTI",2,0,2,0,5,0,-5,-4,1,213
"FR-1-H_32_43_5805_6","FR-1-H_32_43_5805","FR_LHB_87000","FR_CSMBHB_73000","FR_LHB_87000",32:07:00,34:59:00,15,18,17,19,"PASSE INCOMPLETE",2,1,2,0,5,1,-3,-2,1,172
"FR-1-H_32_43_5805_7","FR-1-H_32_43_5805","FR_LHB_87000","FR_CSMBHB_73000","FR_CSMBHB_73000",38:48:00,41:21:00,20,22,21,24,"TIR DIFFICILE",1,2,0,2,8,0,2,3,1,153
"FR-1-H_32_43_5805_8","FR-1-H_32_43_5805","FR_LHB_87000","FR_CSMBHB_73000","FR_LHB_87000",41:53:00,44:05:00,22,25,24,26,"TEMPS MORT",2,1,1,0,2,0,-3,-2,1,132
"FR-1-H_32_43_5805_9","FR-1-H_32_43_5805","FR_LHB_87000","FR_CSMBHB_73000","FR_CSMBHB_73000",44:05:00,47:58:00,24,26,25,28,"INTERCEPTION",1,2,1,2,6,1,2,3,1,233
"FR-1-H_32_43_5806_1","FR-1-H_32_43_5806","FR_HBCN_44200","FR_USAMNG_30918","FR_HBCN_44200",01:26:00,02:25:00,1,0,2,1,"TIR DIFFICILE",1,1,0,0,0,1,1,1,0,59
"FR-1-H_32_43_5806_10","FR-1-H_32_43_5806","FR_HBCN_44200","FR_USAMNG_30918","FR_HBCN_44200",43:56:00,47:12:00,22,20,24,21,"TEMPS MORT",1,1,1,0,3,1,2,3,1,196
"FR-1-H_32_43_5806_11","FR-1-H_32_43_5806","FR_HBCN_44200","FR_USAMNG_30918","FR_HBCN_44200",48:08:00,51:47:00,25,21,26,22,"PASSE INCOMPLETE",1,1,2,2,7,0,4,4,0,219
"FR-1-H_32_43_5806_12","FR-1-H_32_43_5806","FR_HBCN_44200","FR_USAMNG_30918","FR_USAMNG_30918",51:47:00,55:28:00,26,22,27,24,"ARRÊT",1,2,2,3,7,1,-4,-3,1,221
"FR-1-H_32_43_5806_13","FR-1-H_32_43_5806","FR_HBCN_44200","FR_USAMNG_30918","FR_HBCN_44200",57:07:00,58:37:00,28,25,29,26,"TIR DIFFICILE",1,0,0,0,1,1,3,3,0,90
"FR-1-H_32_43_5806_2","FR-1-H_32_43_5806","FR_HBCN_44200","FR_USAMNG_30918","FR_HBCN_44200",08:46:00,10:02:00,6,4,7,5,"2 MINUTES",1,1,0,0,0,1,2,2,0,76
"FR-1-H_32_43_5806_3","FR-1-H_32_43_5806","FR_HBCN_44200","FR_USAMNG_30918","FR_USAMNG_30918",11:14:00,12:52:00,8,6,9,7,"ARRÊT",1,1,0,1,1,1,-2,-2,0,98
"FR-1-H_32_43_5806_4","FR-1-H_32_43_5806","FR_HBCN_44200","FR_USAMNG_30918","FR_USAMNG_30918",17:31:00,19:39:00,11,10,12,11,"TIR DIFFICILE",1,1,1,1,3,0,-1,-1,0,128
"FR-1-H_32_43_5806_5","FR-1-H_32_43_5806","FR_HBCN_44200","FR_USAMNG_30918","FR_HBCN_44200",25:56:00,27:54:00,14,13,15,14,"2 MINUTES",1,0,0,0,4,0,1,1,0,118
"FR-1-H_32_43_5806_6","FR-1-H_32_43_5806","FR_HBCN_44200","FR_USAMNG_30918","FR_HBCN_44200",30:49:00,35:06:00,17,15,19,16,"JEU PASSIF",2,3,0,1,3,2,2,3,1,257
"FR-1-H_32_43_5806_7","FR-1-H_32_43_5806","FR_HBCN_44200","FR_USAMNG_30918","FR_USAMNG_30918",35:06:00,38:23:00,19,16,20,17,"TEMPS MORT",1,1,0,2,8,0,-3,-3,0,197
"FR-1-H_32_43_5806_8","FR-1-H_32_43_5806","FR_HBCN_44200","FR_USAMNG_30918","FR_HBCN_44200",38:23:00,40:41:00,20,17,21,18,"HORS CADRE",0,1,1,0,4,0,3,3,0,138
"FR-1-H_32_43_5806_9","FR-1-H_32_43_5806","FR_HBCN_44200","FR_USAMNG_30918","FR_USAMNG_30918",40:41:00,43:56:00,21,18,22,20,"2 MINUTES",3,2,1,2,4,0,-3,-2,1,195
"FR-1-H_32_43_5807_1","FR-1-H_32_43_5807","FR_PSGHB_75016","FR_USIHB_94200","FR_PSGHB_75016",01:48:00,05:18:00,1,1,2,2,"TIR DIFFICILE",1,0,1,1,3,0,0,0,0,210
"FR-1-H_32_43_5807_10","FR-1-H_32_43_5807","FR_PSGHB_75016","FR_USIHB_94200","FR_PSGHB_75016",59:23:00,60:00:00,33,25,18,18,"PASSE INCOMPLETE",1,1,0,0,0,0,8,0,-8,37
"FR-1-H_32_43_5807_2","FR-1-H_32_43_5807","FR_PSGHB_75016","FR_USIHB_94200","FR_USIHB_94200",09:29:00,11:18:00,4,4,5,5,"BALLON SORTI",1,1,0,0,1,1,0,0,0,109
"FR-1-H_32_43_5807_3","FR-1-H_32_43_5807","FR_PSGHB_75016","FR_USIHB_94200","FR_PSGHB_75016",11:18:00,14:49:00,5,5,6,6,"TIR DIFFICILE",1,2,1,1,4,0,0,0,0,211
"FR-1-H_32_43_5807_4","FR-1-H_32_43_5807","FR_PSGHB_75016","FR_USIHB_94200","FR_USIHB_94200",16:25:00,18:21:00,7,7,8,9,"ARRÊT",1,2,0,0,2,0,0,1,1,116
"FR-1-H_32_43_5807_5","FR-1-H_32_43_5807","FR_PSGHB_75016","FR_USIHB_94200","FR_USIHB_94200",23:15:00,24:42:00,9,11,10,12,"ZONE",1,1,0,0,1,0,2,2,0,87
"FR-1-H_32_43_5807_6","FR-1-H_32_43_5807","FR_PSGHB_75016","FR_USIHB_94200","FR_PSGHB_75016",31:23:00,34:19:00,15,17,17,18,"POTEAU",1,1,0,0,2,0,-2,-1,1,176
"FR-1-H_32_43_5807_7","FR-1-H_32_43_5807","FR_PSGHB_75016","FR_USIHB_94200","FR_PSGHB_75016",37:05:00,42:16:00,19,19,21,20,"MARCHÉ",1,3,3,2,8,0,0,1,1,311
"FR-1-H_32_43_5807_8","FR-1-H_32_43_5807","FR_PSGHB_75016","FR_USIHB_94200","FR_PSGHB_75016",46:38:00,51:20:00,24,22,27,23,"2 MINUTES",3,0,0,1,4,0,2,4,2,282
"FR-1-H_32_43_5807_9","FR-1-H_32_43_5807","FR_PSGHB_75016","FR_USIHB_94200","FR_PSGHB_75016",53:18:00,58:40:00,29,24,32,25,"TEMPS MORT",3,2,1,2,7,1,5,7,2,322
"FR-1-H_32_44_5808_1","FR-1-H_32_44_5808","FR_CRMHB_35510","FR_HBCN_44200","FR_HBCN_44200",04:41:00,11:22:00,2,3,3,8,"ARRÊT",1,7,1,2,11,2,1,5,4,401
"FR-1-H_32_44_5808_2","FR-1-H_32_44_5808","FR_CRMHB_35510","FR_HBCN_44200","FR_HBCN_44200",17:53:00,23:12:00,6,12,7,13,"PASSAGE EN FORCE",2,3,1,0,7,0,6,6,0,319
"FR-1-H_32_44_5808_3","FR-1-H_32_44_5808","FR_CRMHB_35510","FR_HBCN_44200","FR_HBCN_44200",30:57:00,38:15:00,8,15,9,17,"HORS CADRE",1,5,1,1,15,1,7,8,1,438
"FR-1-H_32_44_5808_4","FR-1-H_32_44_5808","FR_CRMHB_35510","FR_HBCN_44200","FR_HBCN_44200",38:50:00,39:36:00,9,18,10,19,"TIR DIFFICILE",1,1,0,0,1,1,9,9,0,46
"FR-1-H_32_44_5808_5","FR-1-H_32_44_5808","FR_CRMHB_35510","FR_HBCN_44200","FR_CRMHB_35510",39:36:00,47:26:00,10,19,13,20,"TIR DIFFICILE",3,1,4,0,9,1,-9,-7,2,470
"FR-1-H_32_44_5808_6","FR-1-H_32_44_5808","FR_CRMHB_35510","FR_HBCN_44200","FR_HBCN_44200",47:26:00,50:09:00,13,20,14,21,"TIR DIFFICILE",3,2,0,0,2,0,7,7,0,163
"FR-1-H_32_44_5808_7","FR-1-H_32_44_5808","FR_CRMHB_35510","FR_HBCN_44200","FR_CRMHB_35510",54:25:00,56:00:00,16,23,17,24,"PASSAGE EN FORCE",0,1,0,0,0,0,-7,-7,0,95
"FR-1-H_32_44_5808_8","FR-1-H_32_44_5808","FR_CRMHB_35510","FR_HBCN_44200","FR_CRMHB_35510",56:35:00,59:34:00,18,24,20,25,"2 MINUTES",1,2,1,0,2,0,-6,-5,1,179
"FR-1-H_32_44_5809_1","FR-1-H_32_44_5809","FR_CSMBHB_73000","FR_PAUC_13100","FR_PAUC_13100",02:34:00,06:27:00,1,1,2,2,"PASSE INCOMPLETE",1,1,1,2,7,0,0,0,0,233
"FR-1-H_32_44_5809_10","FR-1-H_32_44_5809","FR_CSMBHB_73000","FR_PAUC_13100","FR_CSMBHB_73000",45:36:00,52:12:00,24,20,25,21,"2 MINUTES",2,1,4,3,17,0,4,4,0,396
"FR-1-H_32_44_5809_11","FR-1-H_32_44_5809","FR_CSMBHB_73000","FR_PAUC_13100","FR_PAUC_13100",52:12:00,54:55:00,25,21,26,22,"ZONE",2,1,0,1,6,0,-4,-4,0,163
"FR-1-H_32_44_5809_12","FR-1-H_32_44_5809","FR_CSMBHB_73000","FR_PAUC_13100","FR_CSMBHB_73000",54:55:00,59:37:00,26,22,NA,NA,"PASSE INCOMPLETE",1,1,2,2,6,0,4,NA,NA,282
"FR-1-H_32_44_5809_2","FR-1-H_32_44_5809","FR_CSMBHB_73000","FR_PAUC_13100","FR_PAUC_13100",06:38:00,08:50:00,2,3,3,4,"ARRÊT",2,1,1,1,4,0,1,1,0,132
"FR-1-H_32_44_5809_3","FR-1-H_32_44_5809","FR_CSMBHB_73000","FR_PAUC_13100","FR_CSMBHB_73000",13:27:00,18:31:00,6,7,9,8,"CARTON JAUNE",4,2,3,0,5,0,-1,1,2,304
"FR-1-H_32_44_5809_4","FR-1-H_32_44_5809","FR_CSMBHB_73000","FR_PAUC_13100","FR_CSMBHB_73000",19:06:00,22:42:00,10,8,11,9,"ARRÊT",3,2,1,1,8,0,2,2,0,216
"FR-1-H_32_44_5809_5","FR-1-H_32_44_5809","FR_CSMBHB_73000","FR_PAUC_13100","FR_CSMBHB_73000",23:05:00,26:24:00,12,9,13,10,"ARRÊT",3,2,1,0,8,1,3,3,0,199
"FR-1-H_32_44_5809_6","FR-1-H_32_44_5809","FR_CSMBHB_73000","FR_PAUC_13100","FR_PAUC_13100",27:16:00,31:26:00,14,11,15,13,"TIR DIFFICILE",2,2,1,2,6,1,-3,-2,1,250
"FR-1-H_32_44_5809_7","FR-1-H_32_44_5809","FR_CSMBHB_73000","FR_PAUC_13100","FR_CSMBHB_73000",31:26:00,34:36:00,15,13,17,14,"ARRÊT",3,1,0,0,7,0,2,3,1,190
"FR-1-H_32_44_5809_8","FR-1-H_32_44_5809","FR_CSMBHB_73000","FR_PAUC_13100","FR_CSMBHB_73000",35:28:00,37:13:00,18,14,20,15,"TIR CONTRÉ",2,2,0,0,2,1,4,5,1,105
"FR-1-H_32_44_5809_9","FR-1-H_32_44_5809","FR_CSMBHB_73000","FR_PAUC_13100","FR_PAUC_13100",40:30:00,45:11:00,22,17,23,19,"2 MINUTES",2,5,1,2,14,1,-5,-4,1,281
"FR-1-H_32_44_5810_10","FR-1-H_32_44_5810","FR_IPHB_13806","FR_USCHB_94000","FR_IPHB_13806",45:07:00,48:31:00,20,16,22,17,"PASSE INCOMPLETE",2,2,0,0,4,0,4,5,1,204
"FR-1-H_32_44_5810_11","FR-1-H_32_44_5810","FR_IPHB_13806","FR_USCHB_94000","FR_USCHB_94000",48:31:00,55:04:00,22,17,23,20,"HORS CADRE",1,4,3,4,11,1,-5,-3,2,393
"FR-1-H_32_44_5810_12","FR-1-H_32_44_5810","FR_IPHB_13806","FR_USCHB_94000","FR_IPHB_13806",55:04:00,59:16:00,23,20,25,21,"ARRÊT",2,2,1,1,5,1,3,4,1,252
"FR-1-H_32_44_5810_2","FR-1-H_32_44_5810","FR_IPHB_13806","FR_USCHB_94000","FR_IPHB_13806",04:29:00,06:50:00,4,3,5,4,"TIR DIFFICILE",1,0,1,1,4,0,1,1,0,141
"FR-1-H_32_44_5810_3","FR-1-H_32_44_5810","FR_IPHB_13806","FR_USCHB_94000","FR_IPHB_13806",12:00:00,13:40:00,7,5,8,6,"MARCHÉ",1,1,0,0,1,0,2,2,0,100
"FR-1-H_32_44_5810_4","FR-1-H_32_44_5810","FR_IPHB_13806","FR_USCHB_94000","FR_IPHB_13806",14:50:00,21:18:00,9,6,12,7,"TIR DIFFICILE",3,3,2,2,8,1,3,5,2,388
"FR-1-H_32_44_5810_5","FR-1-H_32_44_5810","FR_IPHB_13806","FR_USCHB_94000","FR_IPHB_13806",22:12:00,23:29:00,13,7,14,8,"ARRÊT",1,1,0,0,0,1,6,6,0,77
"FR-1-H_32_44_5810_6","FR-1-H_32_44_5810","FR_IPHB_13806","FR_USCHB_94000","FR_IPHB_13806",23:56:00,25:11:00,15,8,16,9,"PASSE INCOMPLETE",1,1,0,0,2,1,7,7,0,75
"FR-1-H_32_44_5810_7","FR-1-H_32_44_5810","FR_IPHB_13806","FR_USCHB_94000","FR_USCHB_94000",25:11:00,37:46:00,16,9,17,12,"TIR DIFFICILE",5,5,4,3,20,0,-7,-5,2,755
"FR-1-H_32_44_5810_8","FR-1-H_32_44_5810","FR_IPHB_13806","FR_USCHB_94000","FR_IPHB_13806",38:51:00,40:30:00,18,13,19,14,"2 MINUTES",1,0,0,0,2,1,5,5,0,99
"FR-1-H_32_44_5810_9","FR-1-H_32_44_5810","FR_IPHB_13806","FR_USCHB_94000","FR_USCHB_94000",40:30:00,45:07:00,19,14,20,16,"PASSE INCOMPLETE",2,3,0,1,7,0,-5,-4,1,277
"FR-1-H_32_44_5811_10","FR-1-H_32_44_5811","FR_USIHB_94200","FR_TFHB_93290","FR_TFHB_93290",58:25:00,60:00:00,32,28,NA,NA,"PASSE INCOMPLETE",0,1,1,0,6,0,-4,NA,NA,95
"FR-1-H_32_44_5811_2","FR-1-H_32_44_5811","FR_USIHB_94200","FR_TFHB_93290","FR_TFHB_93290",13:53:00,16:52:00,7,5,8,6,"TIR DIFFICILE",1,1,0,0,4,0,-2,-2,0,179
"FR-1-H_32_44_5811_3","FR-1-H_32_44_5811","FR_USIHB_94200","FR_TFHB_93290","FR_TFHB_93290",19:56:00,21:45:00,8,7,9,8,"PASSE INCOMPLETE",0,1,0,1,2,0,-1,-1,0,109
"FR-1-H_32_44_5811_4","FR-1-H_32_44_5811","FR_USIHB_94200","FR_TFHB_93290","FR_TFHB_93290",22:27:00,23:28:00,9,9,10,10,"ARRÊT",1,1,0,0,0,1,0,0,0,61
"FR-1-H_32_44_5811_5","FR-1-H_32_44_5811","FR_USIHB_94200","FR_TFHB_93290","FR_USIHB_94200",29:58:00,31:09:00,13,13,14,14,"ZONE",1,1,0,0,1,0,0,0,0,71
"FR-1-H_32_44_5811_6","FR-1-H_32_44_5811","FR_USIHB_94200","FR_TFHB_93290","FR_USIHB_94200",37:03:00,38:45:00,19,18,21,19,"POTEAU",2,2,0,0,1,1,1,2,1,102
"FR-1-H_32_44_5811_7","FR-1-H_32_44_5811","FR_USIHB_94200","FR_TFHB_93290","FR_TFHB_93290",43:11:00,45:08:00,24,22,25,23,"TIR DIFFICILE",1,1,0,0,0,0,-2,-2,0,117
"FR-1-H_32_44_5811_8","FR-1-H_32_44_5811","FR_USIHB_94200","FR_TFHB_93290","FR_TFHB_93290",45:51:00,47:32:00,25,24,26,25,"PASSE INCOMPLETE",1,1,0,0,2,0,-1,-1,0,101
"FR-1-H_32_44_5811_9","FR-1-H_32_44_5811","FR_USIHB_94200","FR_TFHB_93290","FR_USIHB_94200",51:11:00,56:15:00,27,26,31,27,"MARCHÉ",4,2,1,0,4,0,1,4,3,304
"FR-1-H_32_44_5812_1","FR-1-H_32_44_5812","FR_MHB_34000","FR_LHB_87000","FR_MHB_34000",03:43:00,06:57:00,3,2,4,3,"ARRÊT",2,1,2,0,5,2,1,1,0,194
"FR-1-H_32_44_5812_10","FR-1-H_32_44_5812","FR_MHB_34000","FR_LHB_87000","FR_MHB_34000",31:20:00,34:53:00,21,17,23,18,"TIR DIFFICILE",2,2,0,1,6,1,4,5,1,213
"FR-1-H_32_44_5812_11","FR-1-H_32_44_5812","FR_MHB_34000","FR_LHB_87000","FR_LHB_87000",34:53:00,37:26:00,23,18,24,19,"TEMPS MORT",0,1,0,1,4,0,-5,-5,0,153
"FR-1-H_32_44_5812_12","FR-1-H_32_44_5812","FR_MHB_34000","FR_LHB_87000","FR_MHB_34000",42:03:00,47:30:00,27,22,30,23,"2 MINUTES",4,1,2,1,10,0,5,7,2,327
"FR-1-H_32_44_5812_13","FR-1-H_32_44_5812","FR_MHB_34000","FR_LHB_87000","FR_MHB_34000",49:00:00,50:12:00,32,24,33,25,"TIR DIFFICILE",1,2,0,0,0,0,8,8,0,72
"FR-1-H_32_44_5812_14","FR-1-H_32_44_5812","FR_MHB_34000","FR_LHB_87000","FR_LHB_87000",56:11:00,59:29:00,36,28,37,29,"TIR DIFFICILE",1,1,1,1,5,0,-8,-8,0,198
"FR-1-H_32_44_5812_2","FR-1-H_32_44_5812","FR_MHB_34000","FR_LHB_87000","FR_LHB_87000",08:49:00,09:37:00,5,4,6,5,"TIR DIFFICILE",0,1,0,0,1,0,-1,-1,0,48
"FR-1-H_32_44_5812_3","FR-1-H_32_44_5812","FR_MHB_34000","FR_LHB_87000","FR_LHB_87000",10:15:00,12:58:00,6,6,7,7,"INTERCEPTION",2,1,2,1,3,0,0,0,0,163
"FR-1-H_32_44_5812_4","FR-1-H_32_44_5812","FR_MHB_34000","FR_LHB_87000","FR_MHB_34000",12:58:00,15:30:00,7,7,9,8,"ARRÊT",2,1,1,0,1,0,0,1,1,152
"FR-1-H_32_44_5812_5","FR-1-H_32_44_5812","FR_MHB_34000","FR_LHB_87000","FR_LHB_87000",18:02:00,20:08:00,11,10,12,11,"ARRÊT",1,0,0,1,3,0,-1,-1,0,126
"FR-1-H_32_44_5812_6","FR-1-H_32_44_5812","FR_MHB_34000","FR_LHB_87000","FR_MHB_34000",20:54:00,22:10:00,13,12,14,13,"TIR DIFFICILE",1,1,1,0,1,0,1,1,0,76
"FR-1-H_32_44_5812_7","FR-1-H_32_44_5812","FR_MHB_34000","FR_LHB_87000","FR_LHB_87000",22:10:00,23:19:00,14,13,15,14,"2 MINUTES",1,1,0,0,0,1,-1,-1,0,69
"FR-1-H_32_44_5812_8","FR-1-H_32_44_5812","FR_MHB_34000","FR_LHB_87000","FR_MHB_34000",24:12:00,26:43:00,16,15,17,16,"TIR DIFFICILE",0,1,1,0,3,1,1,1,0,151
"FR-1-H_32_44_5812_9","FR-1-H_32_44_5812","FR_MHB_34000","FR_LHB_87000","FR_MHB_34000",27:17:00,31:15:00,18,16,20,17,"ARRÊT",2,1,1,0,4,1,2,3,1,238
"FR-1-H_32_44_5814_10","FR-1-H_32_44_5814","FR_SRVHB_83700","FR_DHBGL_59140","FR_SRVHB_83700",47:06:00,50:49:00,16,19,17,20,"PASSAGE EN FORCE",2,2,0,1,5,1,-3,-3,0,223
"FR-1-H_32_44_5814_11","FR-1-H_32_44_5814","FR_SRVHB_83700","FR_DHBGL_59140","FR_DHBGL_59140",53:17:00,55:38:00,19,22,20,24,"INTERCEPTION",0,2,1,1,2,0,3,4,1,141
"FR-1-H_32_44_5814_12","FR-1-H_32_44_5814","FR_SRVHB_83700","FR_DHBGL_59140","FR_SRVHB_83700",55:38:00,57:04:00,20,24,21,25,"2 MINUTES",1,1,0,0,1,1,-4,-4,0,86
"FR-1-H_32_44_5814_2","FR-1-H_32_44_5814","FR_SRVHB_83700","FR_DHBGL_59140","FR_DHBGL_59140",11:52:00,22:45:00,5,4,6,7,"INTERCEPTION",2,2,3,1,14,1,-1,1,2,653
"FR-1-H_32_44_5814_3","FR-1-H_32_44_5814","FR_SRVHB_83700","FR_DHBGL_59140","FR_SRVHB_83700",22:45:00,27:30:00,6,7,7,8,"TEMPS MORT",1,0,1,1,7,1,-1,-1,0,285
"FR-1-H_32_44_5814_4","FR-1-H_32_44_5814","FR_SRVHB_83700","FR_DHBGL_59140","FR_SRVHB_83700",27:53:00,29:50:00,8,8,9,9,"TIR DIFFICILE",1,1,1,0,2,0,0,0,0,117
"FR-1-H_32_44_5814_5","FR-1-H_32_44_5814","FR_SRVHB_83700","FR_DHBGL_59140","FR_DHBGL_59140",29:50:00,33:01:00,9,9,10,11,"TEMPS MORT",1,3,1,3,6,0,0,1,1,191
"FR-1-H_32_44_5814_6","FR-1-H_32_44_5814","FR_SRVHB_83700","FR_DHBGL_59140","FR_DHBGL_59140",33:52:00,35:39:00,10,12,11,13,"ARRÊT",2,1,0,0,2,0,2,2,0,107
"FR-1-H_32_44_5814_7","FR-1-H_32_44_5814","FR_SRVHB_83700","FR_DHBGL_59140","FR_DHBGL_59140",38:53:00,40:56:00,12,15,13,16,"TIR CONTRÉ",2,1,1,0,2,0,3,3,0,123
"FR-1-H_32_44_5814_8","FR-1-H_32_44_5814","FR_SRVHB_83700","FR_DHBGL_59140","FR_SRVHB_83700",40:56:00,42:48:00,13,16,14,17,"TEMPS MORT",2,0,0,0,3,0,-3,-3,0,112
"FR-1-H_32_44_5814_9","FR-1-H_32_44_5814","FR_SRVHB_83700","FR_DHBGL_59140","FR_DHBGL_59140",44:01:00,47:06:00,15,18,16,19,"HORS CADRE",1,1,0,1,4,1,3,3,0,185
"FR-1-H_32_44_5815_1","FR-1-H_32_44_5815","FR_FTHB_31000","FR_PSGHB_75016","FR_PSGHB_75016",03:08:00,06:53:00,1,2,2,4,"ARRÊT",1,1,0,2,3,0,1,2,1,225
"FR-1-H_32_44_5815_10","FR-1-H_32_44_5815","FR_FTHB_31000","FR_PSGHB_75016","FR_PSGHB_75016",33:31:00,34:19:00,15,23,16,24,"POTEAU",1,2,0,0,1,0,8,8,0,48
"FR-1-H_32_44_5815_11","FR-1-H_32_44_5815","FR_FTHB_31000","FR_PSGHB_75016","FR_PSGHB_75016",35:20:00,37:09:00,16,25,17,26,"ARRÊT",1,1,0,0,2,0,9,9,0,109
"FR-1-H_32_44_5815_12","FR-1-H_32_44_5815","FR_FTHB_31000","FR_PSGHB_75016","FR_FTHB_31000",37:09:00,39:12:00,17,26,18,27,"ARRÊT",1,1,1,0,4,1,-9,-9,0,123
"FR-1-H_32_44_5815_13","FR-1-H_32_44_5815","FR_FTHB_31000","FR_PSGHB_75016","FR_FTHB_31000",40:09:00,41:22:00,19,27,20,28,"ARRÊT",1,1,1,0,1,0,-8,-8,0,73
"FR-1-H_32_44_5815_14","FR-1-H_32_44_5815","FR_FTHB_31000","FR_PSGHB_75016","FR_FTHB_31000",41:34:00,43:39:00,21,28,22,29,"2 MINUTES",1,2,0,0,3,1,-7,-7,0,125
"FR-1-H_32_44_5815_15","FR-1-H_32_44_5815","FR_FTHB_31000","FR_PSGHB_75016","FR_PSGHB_75016",44:33:00,48:25:00,23,30,24,33,"TIR DIFFICILE",1,3,0,1,4,0,7,9,2,232
"FR-1-H_32_44_5815_16","FR-1-H_32_44_5815","FR_FTHB_31000","FR_PSGHB_75016","FR_FTHB_31000",48:25:00,51:34:00,24,33,25,34,"TIR DIFFICILE",1,1,0,2,4,0,-9,-9,0,189
"FR-1-H_32_44_5815_17","FR-1-H_32_44_5815","FR_FTHB_31000","FR_PSGHB_75016","FR_PSGHB_75016",53:01:00,55:00:00,26,35,27,37,"ARRÊT",1,2,0,1,1,0,9,10,1,119
"FR-1-H_32_44_5815_18","FR-1-H_32_44_5815","FR_FTHB_31000","FR_PSGHB_75016","FR_PSGHB_75016",56:57:00,60:00:00,28,39,NA,NA,"TIR DIFFICILE",0,2,2,2,6,1,11,NA,NA,183
"FR-1-H_32_44_5815_2","FR-1-H_32_44_5815","FR_FTHB_31000","FR_PSGHB_75016","FR_FTHB_31000",06:53:00,11:06:00,2,4,4,5,"TEMPS MORT",1,1,1,1,6,0,-2,-1,1,253
"FR-1-H_32_44_5815_3","FR-1-H_32_44_5815","FR_FTHB_31000","FR_PSGHB_75016","FR_PSGHB_75016",13:05:00,15:24:00,5,6,6,7,"ARRÊT",2,1,0,0,3,1,1,1,0,139
"FR-1-H_32_44_5815_4","FR-1-H_32_44_5815","FR_FTHB_31000","FR_PSGHB_75016","FR_PSGHB_75016",15:37:00,17:11:00,6,8,7,9,"TIR DIFFICILE",1,1,0,1,1,0,2,2,0,94
"FR-1-H_32_44_5815_5","FR-1-H_32_44_5815","FR_FTHB_31000","FR_PSGHB_75016","FR_PSGHB_75016",18:47:00,20:42:00,8,11,9,12,"ARRÊT",1,1,0,0,1,0,3,3,0,115
"FR-1-H_32_44_5815_6","FR-1-H_32_44_5815","FR_FTHB_31000","FR_PSGHB_75016","FR_PSGHB_75016",21:23:00,22:24:00,9,13,10,14,"PASSE INCOMPLETE",2,1,0,0,0,1,4,4,0,61
"FR-1-H_32_44_5815_7","FR-1-H_32_44_5815","FR_FTHB_31000","FR_PSGHB_75016","FR_PSGHB_75016",25:22:00,30:00:00,12,17,13,20,"TIR DIFFICILE",1,4,0,3,7,1,5,7,2,278
"FR-1-H_32_44_5815_8","FR-1-H_32_44_5815","FR_FTHB_31000","FR_PSGHB_75016","FR_FTHB_31000",30:00:00,31:29:00,13,20,14,21,"2 MINUTES",1,1,1,1,3,1,-7,-7,0,89
"FR-1-H_32_44_5815_9","FR-1-H_32_44_5815","FR_FTHB_31000","FR_PSGHB_75016","FR_PSGHB_75016",31:29:00,32:46:00,14,21,15,22,"TIR DIFFICILE",2,1,0,0,1,1,7,7,0,77
"FR-1-H_32_45_5816_10","FR-1-H_32_45_5816","FR_PAUC_13100","FR_IPHB_13806","FR_PAUC_13100",40:22:00,41:50:00,20,23,21,24,"ARRÊT",1,1,1,0,1,0,-3,-3,0,88
"FR-1-H_32_45_5816_11","FR-1-H_32_45_5816","FR_PAUC_13100","FR_IPHB_13806","FR_PAUC_13100",43:36:00,45:34:00,22,24,23,25,"POTEAU",1,1,0,0,4,0,-2,-2,0,118
"FR-1-H_32_45_5816_12","FR-1-H_32_45_5816","FR_PAUC_13100","FR_IPHB_13806","FR_PAUC_13100",48:31:00,50:07:00,25,26,26,27,"CONTRE",1,1,1,0,1,0,-1,-1,0,96
"FR-1-H_32_45_5816_13","FR-1-H_32_45_5816","FR_PAUC_13100","FR_IPHB_13806","FR_PAUC_13100",50:32:00,52:24:00,27,27,28,28,"2 MINUTES",1,1,1,0,2,0,0,0,0,112
"FR-1-H_32_45_5816_14","FR-1-H_32_45_5816","FR_PAUC_13100","FR_IPHB_13806","FR_PAUC_13100",53:48:00,57:12:00,29,28,32,29,"ARRÊT",2,1,1,1,5,1,1,3,2,204
"FR-1-H_32_45_5816_2","FR-1-H_32_45_5816","FR_PAUC_13100","FR_IPHB_13806","FR_PAUC_13100",05:08:00,07:32:00,2,3,3,4,"POTEAU",1,2,0,1,1,0,-1,-1,0,144
"FR-1-H_32_45_5816_3","FR-1-H_32_45_5816","FR_PAUC_13100","FR_IPHB_13806","FR_IPHB_13806",07:32:00,08:50:00,3,4,4,5,"ARRÊT",1,1,0,1,1,1,1,1,0,78
"FR-1-H_32_45_5816_4","FR-1-H_32_45_5816","FR_PAUC_13100","FR_IPHB_13806","FR_IPHB_13806",11:18:00,19:18:00,5,7,6,10,"CARTON JAUNE",2,4,1,1,15,0,2,4,2,480
"FR-1-H_32_45_5816_5","FR-1-H_32_45_5816","FR_PAUC_13100","FR_IPHB_13806","FR_PAUC_13100",19:18:00,21:37:00,6,10,7,11,"2 MINUTES",1,1,0,0,2,1,-4,-4,0,139
"FR-1-H_32_45_5816_6","FR-1-H_32_45_5816","FR_PAUC_13100","FR_IPHB_13806","FR_PAUC_13100",23:55:00,27:26:00,9,12,11,13,"INTERCEPTION",2,1,0,0,4,2,-3,-2,1,211
"FR-1-H_32_45_5816_7","FR-1-H_32_45_5816","FR_PAUC_13100","FR_IPHB_13806","FR_PAUC_13100",30:53:00,32:11:00,14,15,15,16,"TIR DIFFICILE",1,1,1,0,2,1,-1,-1,0,78
"FR-1-H_32_45_5816_8","FR-1-H_32_45_5816","FR_PAUC_13100","FR_IPHB_13806","FR_IPHB_13806",33:28:00,35:39:00,16,17,17,19,"CONTRE",2,2,0,1,2,2,1,2,1,131
"FR-1-H_32_45_5816_9","FR-1-H_32_45_5816","FR_PAUC_13100","FR_IPHB_13806","FR_IPHB_13806",38:23:00,39:04:00,18,21,19,22,"PASSE INCOMPLETE",1,1,0,0,0,0,3,3,0,41
"FR-1-H_32_45_5817_1","FR-1-H_32_45_5817","FR_CCMHB_28000","FR_MHB_34000","FR_MHB_34000",02:35:00,03:59:00,1,2,2,3,"CARTON JAUNE",1,1,0,0,0,0,1,1,0,84
"FR-1-H_32_45_5817_2","FR-1-H_32_45_5817","FR_CCMHB_28000","FR_MHB_34000","FR_MHB_34000",16:17:00,18:03:00,7,9,8,10,"TIR DIFFICILE",0,2,0,2,5,0,2,2,0,106
"FR-1-H_32_45_5817_3","FR-1-H_32_45_5817","FR_CCMHB_28000","FR_MHB_34000","FR_MHB_34000",23:25:00,27:29:00,10,13,11,15,"TIR DIFFICILE",1,2,1,2,10,1,3,4,1,244
"FR-1-H_32_45_5817_4","FR-1-H_32_45_5817","FR_CCMHB_28000","FR_MHB_34000","FR_MHB_34000",34:59:00,36:09:00,15,20,16,21,"TIR DIFFICILE",0,0,0,1,1,0,5,5,0,70
"FR-1-H_32_45_5817_5","FR-1-H_32_45_5817","FR_CCMHB_28000","FR_MHB_34000","FR_CCMHB_28000",36:09:00,40:31:00,16,21,19,22,"2 MINUTES",3,1,3,0,7,0,-5,-3,2,262
"FR-1-H_32_45_5817_6","FR-1-H_32_45_5817","FR_CCMHB_28000","FR_MHB_34000","FR_CCMHB_28000",49:16:00,52:41:00,23,25,25,26,"ARRÊT",1,2,1,0,3,0,-2,-1,1,205
"FR-1-H_32_45_5817_7","FR-1-H_32_45_5817","FR_CCMHB_28000","FR_MHB_34000","FR_MHB_34000",52:41:00,55:17:00,25,26,26,27,"2 MINUTES",1,1,1,1,4,0,1,1,0,156
"FR-1-H_32_45_5817_8","FR-1-H_32_45_5817","FR_CCMHB_28000","FR_MHB_34000","FR_MHB_34000",55:52:00,57:17:00,26,28,27,29,"INTERCEPTION",1,1,0,0,1,0,2,2,0,85
"FR-1-H_32_45_5818_1","FR-1-H_32_45_5818","FR_USCHB_94000","FR_FTHB_31000","FR_FTHB_31000",03:52:00,05:59:00,1,2,2,3,"ARRÊT",1,1,0,0,2,0,1,1,0,127
"FR-1-H_32_45_5818_10","FR-1-H_32_45_5818","FR_USCHB_94000","FR_FTHB_31000","FR_USCHB_94000",48:53:00,54:25:00,20,21,23,22,"2 MINUTES",4,2,2,1,4,0,-1,1,2,332
"FR-1-H_32_45_5818_2","FR-1-H_32_45_5818","FR_USCHB_94000","FR_FTHB_31000","FR_USCHB_94000",05:59:00,08:28:00,2,3,3,4,"2 MINUTES",1,1,1,0,4,2,-1,-1,0,149
"FR-1-H_32_45_5818_3","FR-1-H_32_45_5818","FR_USCHB_94000","FR_FTHB_31000","FR_USCHB_94000",09:15:00,13:43:00,4,4,6,5,"TIR DIFFICILE",2,1,2,2,7,1,0,1,1,268
"FR-1-H_32_45_5818_4","FR-1-H_32_45_5818","FR_USCHB_94000","FR_FTHB_31000","FR_FTHB_31000",14:41:00,16:38:00,7,6,8,7,"ARRÊT",1,0,0,1,2,0,-1,-1,0,117
"FR-1-H_32_45_5818_5","FR-1-H_32_45_5818","FR_USCHB_94000","FR_FTHB_31000","FR_USCHB_94000",16:38:00,23:22:00,8,7,11,8,"TIR DIFFICILE",2,2,5,2,15,1,1,3,2,404
"FR-1-H_32_45_5818_6","FR-1-H_32_45_5818","FR_USCHB_94000","FR_FTHB_31000","FR_USCHB_94000",24:20:00,28:45:00,12,8,13,9,"ARRÊT",1,0,0,1,7,0,4,4,0,265
"FR-1-H_32_45_5818_7","FR-1-H_32_45_5818","FR_USCHB_94000","FR_FTHB_31000","FR_FTHB_31000",29:35:00,35:04:00,14,10,15,13,"ARRÊT",1,2,0,4,10,2,-4,-2,2,329
"FR-1-H_32_45_5818_8","FR-1-H_32_45_5818","FR_USCHB_94000","FR_FTHB_31000","FR_FTHB_31000",41:38:00,43:58:00,17,16,18,17,"POTEAU",0,1,0,1,3,0,-1,-1,0,140
"FR-1-H_32_45_5818_9","FR-1-H_32_45_5818","FR_USCHB_94000","FR_FTHB_31000","FR_FTHB_31000",45:04:00,47:58:00,18,18,19,20,"ARRÊT",1,3,0,0,2,3,0,1,1,174
"FR-1-H_32_45_5819_1","FR-1-H_32_45_5819","FR_DHBGL_59140","FR_USIHB_94200","FR_DHBGL_59140",01:15:00,02:50:00,1,1,2,2,"TIR DIFFICILE",1,1,0,0,1,0,0,0,0,95
"FR-1-H_32_45_5819_10","FR-1-H_32_45_5819","FR_DHBGL_59140","FR_USIHB_94200","FR_DHBGL_59140",40:38:00,42:08:00,21,14,22,15,"TIR DIFFICILE",1,1,0,0,1,0,7,7,0,90
"FR-1-H_32_45_5819_11","FR-1-H_32_45_5819","FR_DHBGL_59140","FR_USIHB_94200","FR_DHBGL_59140",47:07:00,49:25:00,25,17,26,18,"REPRISE",1,1,0,0,3,1,8,8,0,138
"FR-1-H_32_45_5819_12","FR-1-H_32_45_5819","FR_DHBGL_59140","FR_USIHB_94200","FR_DHBGL_59140",49:53:00,55:06:00,27,18,29,19,"TIR DIFFICILE",2,0,0,1,5,0,9,10,1,313
"FR-1-H_32_45_5819_13","FR-1-H_32_45_5819","FR_DHBGL_59140","FR_USIHB_94200","FR_DHBGL_59140",57:56:00,59:56:00,31,20,NA,NA,"TIR DIFFICILE",0,0,1,0,4,0,11,NA,NA,120
"FR-1-H_32_45_5819_2","FR-1-H_32_45_5819","FR_DHBGL_59140","FR_USIHB_94200","FR_DHBGL_59140",03:04:00,04:42:00,3,2,4,3,"TIR DIFFICILE",1,0,0,0,1,0,1,1,0,98
"FR-1-H_32_45_5819_3","FR-1-H_32_45_5819","FR_DHBGL_59140","FR_USIHB_94200","FR_DHBGL_59140",05:18:00,09:33:00,5,3,6,4,"PASSE INCOMPLETE",2,2,2,1,10,1,2,2,0,255
"FR-1-H_32_45_5819_4","FR-1-H_32_45_5819","FR_DHBGL_59140","FR_USIHB_94200","FR_USIHB_94200",09:33:00,11:13:00,6,4,7,5,"TIR DIFFICILE",1,1,0,0,2,0,-2,-2,0,100
"FR-1-H_32_45_5819_5","FR-1-H_32_45_5819","FR_DHBGL_59140","FR_USIHB_94200","FR_DHBGL_59140",11:13:00,12:17:00,7,5,9,6,"HORS CADRE",2,1,1,0,2,1,2,3,1,64
"FR-1-H_32_45_5819_6","FR-1-H_32_45_5819","FR_DHBGL_59140","FR_USIHB_94200","FR_DHBGL_59140",19:17:00,22:15:00,12,8,13,9,"2 MINUTES",1,1,1,0,3,1,4,4,0,178
"FR-1-H_32_45_5819_7","FR-1-H_32_45_5819","FR_DHBGL_59140","FR_USIHB_94200","FR_DHBGL_59140",23:29:00,25:40:00,14,9,15,10,"ARRÊT",1,0,1,0,3,1,5,5,0,131
"FR-1-H_32_45_5819_8","FR-1-H_32_45_5819","FR_DHBGL_59140","FR_USIHB_94200","FR_DHBGL_59140",36:16:00,39:13:00,18,12,20,13,"PASSE INCOMPLETE",2,2,1,1,5,2,6,7,1,177
"FR-1-H_32_45_5819_9","FR-1-H_32_45_5819","FR_DHBGL_59140","FR_USIHB_94200","FR_USIHB_94200",39:13:00,40:38:00,20,13,21,14,"TEMPS MORT",1,1,0,1,2,1,-7,-7,0,85
"FR-1-H_32_45_5820_1","FR-1-H_32_45_5820","FR_LHB_87000","FR_USAMNG_30918","FR_USAMNG_30918",03:02:00,08:11:00,2,2,3,4,"ARRÊT",2,1,1,1,6,1,0,1,1,309
"FR-1-H_32_45_5820_10","FR-1-H_32_45_5820","FR_LHB_87000","FR_USAMNG_30918","FR_USAMNG_30918",38:44:00,41:43:00,14,24,15,26,"INTERCEPTION",2,2,0,1,4,0,10,11,1,179
"FR-1-H_32_45_5820_11","FR-1-H_32_45_5820","FR_LHB_87000","FR_USAMNG_30918","FR_LHB_87000",47:26:00,50:01:00,17,28,18,29,"2 MINUTES",1,1,2,0,5,0,-11,-11,0,155
"FR-1-H_32_45_5820_12","FR-1-H_32_45_5820","FR_LHB_87000","FR_USAMNG_30918","FR_USAMNG_30918",50:01:00,53:55:00,18,29,19,30,"TIR CONTRÉ",1,1,1,1,5,0,11,11,0,234
"FR-1-H_32_45_5820_13","FR-1-H_32_45_5820","FR_LHB_87000","FR_USAMNG_30918","FR_USAMNG_30918",58:29:00,60:00:00,21,33,NA,NA,"2 MINUTES",0,2,0,1,2,0,12,NA,NA,91
"FR-1-H_32_45_5820_2","FR-1-H_32_45_5820","FR_LHB_87000","FR_USAMNG_30918","FR_USAMNG_30918",09:04:00,16:48:00,3,5,4,10,"TIR DIFFICILE",4,6,1,0,15,1,2,6,4,464
"FR-1-H_32_45_5820_3","FR-1-H_32_45_5820","FR_LHB_87000","FR_USAMNG_30918","FR_LHB_87000",16:48:00,18:50:00,4,10,5,11,"INTERCEPTION",1,0,1,2,4,0,-6,-6,0,122
"FR-1-H_32_45_5820_4","FR-1-H_32_45_5820","FR_LHB_87000","FR_USAMNG_30918","FR_USAMNG_30918",18:50:00,19:56:00,5,11,6,12,"2 MINUTES",1,1,0,0,0,1,6,6,0,66
"FR-1-H_32_45_5820_5","FR-1-H_32_45_5820","FR_LHB_87000","FR_USAMNG_30918","FR_USAMNG_30918",20:03:00,22:08:00,6,13,7,14,"TIR DIFFICILE",1,2,0,0,4,2,7,7,0,125
"FR-1-H_32_45_5820_6","FR-1-H_32_45_5820","FR_LHB_87000","FR_USAMNG_30918","FR_USAMNG_30918",22:17:00,24:03:00,7,15,8,16,"TIR DIFFICILE",1,1,1,0,2,0,8,8,0,106
"FR-1-H_32_45_5820_7","FR-1-H_32_45_5820","FR_LHB_87000","FR_USAMNG_30918","FR_USAMNG_30918",24:34:00,27:35:00,8,17,9,18,"PASSAGE EN FORCE",1,1,1,2,6,0,9,9,0,181
"FR-1-H_32_45_5820_8","FR-1-H_32_45_5820","FR_LHB_87000","FR_USAMNG_30918","FR_LHB_87000",29:59:00,32:17:00,10,19,11,20,"REPRISE",1,1,1,1,4,1,-9,-9,0,138
"FR-1-H_32_45_5820_9","FR-1-H_32_45_5820","FR_LHB_87000","FR_USAMNG_30918","FR_USAMNG_30918",32:17:00,34:31:00,11,20,12,21,"ARRÊT",1,1,0,1,4,1,9,9,0,134
"FR-1-H_32_45_5821_1","FR-1-H_32_45_5821","FR_HBCN_44200","FR_SRVHB_83700","FR_SRVHB_83700",00:42:00,02:44:00,0,1,1,3,"ARRÊT",1,3,0,0,4,1,1,2,1,122
"FR-1-H_32_45_5821_10","FR-1-H_32_45_5821","FR_HBCN_44200","FR_SRVHB_83700","FR_HBCN_44200",31:26:00,36:14:00,13,17,15,18,"ARRÊT",6,1,1,0,10,0,-4,-3,1,288
"FR-1-H_32_45_5821_11","FR-1-H_32_45_5821","FR_HBCN_44200","FR_SRVHB_83700","FR_SRVHB_83700",36:14:00,39:04:00,15,18,16,19,"POTEAU",1,1,1,0,7,0,3,3,0,170
"FR-1-H_32_45_5821_12","FR-1-H_32_45_5821","FR_HBCN_44200","FR_SRVHB_83700","FR_HBCN_44200",39:04:00,40:44:00,16,19,17,20,"TEMPS MORT",1,2,0,0,1,0,-3,-3,0,100
"FR-1-H_32_45_5821_13","FR-1-H_32_45_5821","FR_HBCN_44200","FR_SRVHB_83700","FR_HBCN_44200",41:13:00,44:43:00,18,20,20,21,"2 MINUTES",2,1,1,0,4,0,-2,-1,1,210
"FR-1-H_32_45_5821_14","FR-1-H_32_45_5821","FR_HBCN_44200","FR_SRVHB_83700","FR_SRVHB_83700",44:43:00,46:48:00,20,21,21,22,"TEMPS MORT",1,1,1,1,5,1,1,1,0,125
"FR-1-H_32_45_5821_15","FR-1-H_32_45_5821","FR_HBCN_44200","FR_SRVHB_83700","FR_SRVHB_83700",47:21:00,48:34:00,21,23,22,24,"PASSE INCOMPLETE",2,1,0,0,0,0,2,2,0,73
"FR-1-H_32_45_5821_16","FR-1-H_32_45_5821","FR_HBCN_44200","FR_SRVHB_83700","FR_SRVHB_83700",50:43:00,52:04:00,22,25,23,27,"TIR DIFFICILE",1,2,0,0,2,1,3,4,1,81
"FR-1-H_32_45_5821_17","FR-1-H_32_45_5821","FR_HBCN_44200","FR_SRVHB_83700","FR_HBCN_44200",52:37:00,55:34:00,24,28,25,29,"TEMPS MORT",1,1,1,1,5,0,-4,-4,0,177
"FR-1-H_32_45_5821_2","FR-1-H_32_45_5821","FR_HBCN_44200","FR_SRVHB_83700","FR_SRVHB_83700",03:19:00,06:45:00,1,4,2,5,"TIR DIFFICILE",1,0,0,1,4,0,3,3,0,206
"FR-1-H_32_45_5821_3","FR-1-H_32_45_5821","FR_HBCN_44200","FR_SRVHB_83700","FR_HBCN_44200",06:45:00,10:02:00,2,5,3,6,"PASSE INCOMPLETE",2,1,2,0,3,1,-3,-3,0,197
"FR-1-H_32_45_5821_4","FR-1-H_32_45_5821","FR_HBCN_44200","FR_SRVHB_83700","FR_SRVHB_83700",10:02:00,13:50:00,3,6,4,7,"TIR DIFFICILE",2,0,0,0,5,1,3,3,0,228
"FR-1-H_32_45_5821_5","FR-1-H_32_45_5821","FR_HBCN_44200","FR_SRVHB_83700","FR_HBCN_44200",13:50:00,14:45:00,4,7,5,8,"TIR DIFFICILE",1,0,1,0,1,1,-3,-3,0,55
"FR-1-H_32_45_5821_6","FR-1-H_32_45_5821","FR_HBCN_44200","FR_SRVHB_83700","FR_HBCN_44200",18:51:00,20:35:00,7,9,8,10,"ARRÊT",1,2,0,0,1,0,-2,-2,0,104
"FR-1-H_32_45_5821_7","FR-1-H_32_45_5821","FR_HBCN_44200","FR_SRVHB_83700","FR_SRVHB_83700",20:35:00,23:58:00,8,10,9,12,"TEMPS MORT",1,2,0,2,4,0,2,3,1,203
"FR-1-H_32_45_5821_8","FR-1-H_32_45_5821","FR_HBCN_44200","FR_SRVHB_83700","FR_HBCN_44200",26:32:00,28:07:00,10,13,11,14,"2 MINUTES",1,1,1,0,2,0,-3,-3,0,95
"FR-1-H_32_45_5821_9","FR-1-H_32_45_5821","FR_HBCN_44200","FR_SRVHB_83700","FR_SRVHB_83700",29:04:00,31:26:00,12,15,13,17,"TIR DIFFICILE",2,1,0,0,2,0,3,4,1,142
"FR-1-H_32_45_5822_10","FR-1-H_32_45_5822","FR_PSGHB_75016","FR_CSMBHB_73000","FR_PSGHB_75016",52:28:00,57:44:00,29,21,32,22,"POTEAU",4,3,2,2,6,2,8,10,2,316
"FR-1-H_32_45_5822_3","FR-1-H_32_45_5822","FR_PSGHB_75016","FR_CSMBHB_73000","FR_PSGHB_75016",08:26:00,12:48:00,6,6,7,7,"TIR DIFFICILE",1,1,2,1,8,1,0,0,0,262
"FR-1-H_32_45_5822_4","FR-1-H_32_45_5822","FR_PSGHB_75016","FR_CSMBHB_73000","FR_CSMBHB_73000",12:48:00,14:44:00,7,7,8,8,"2 MINUTES",0,1,1,1,3,0,0,0,0,116
"FR-1-H_32_45_5822_5","FR-1-H_32_45_5822","FR_PSGHB_75016","FR_CSMBHB_73000","FR_PSGHB_75016",14:44:00,18:42:00,8,8,10,9,"2 MINUTES",2,1,0,1,6,0,0,1,1,238
"FR-1-H_32_45_5822_6","FR-1-H_32_45_5822","FR_PSGHB_75016","FR_CSMBHB_73000","FR_PSGHB_75016",21:31:00,22:11:00,13,11,14,12,"HORS CADRE",1,1,0,0,0,1,2,2,0,40
"FR-1-H_32_45_5822_7","FR-1-H_32_45_5822","FR_PSGHB_75016","FR_CSMBHB_73000","FR_PSGHB_75016",22:48:00,26:42:00,15,12,17,13,"TIR DIFFICILE",2,1,0,1,1,1,3,4,1,234
"FR-1-H_32_45_5822_8","FR-1-H_32_45_5822","FR_PSGHB_75016","FR_CSMBHB_73000","FR_PSGHB_75016",30:25:00,38:29:00,19,14,25,15,"TEMPS MORT",7,4,0,3,14,0,5,10,5,484
"FR-1-H_32_45_5822_9","FR-1-H_32_45_5822","FR_PSGHB_75016","FR_CSMBHB_73000","FR_CSMBHB_73000",38:29:00,44:10:00,25,15,26,18,"2 MINUTES",2,4,0,0,8,0,-10,-8,2,341
"FR-1-H_32_45_5823_1","FR-1-H_32_45_5823","FR_TFHB_93290","FR_CRMHB_35510","FR_CRMHB_35510",00:31:00,02:52:00,0,1,1,2,"PASSE INCOMPLETE",1,1,0,1,3,0,1,1,0,141
"FR-1-H_32_45_5823_10","FR-1-H_32_45_5823","FR_TFHB_93290","FR_CRMHB_35510","FR_CRMHB_35510",45:24:00,47:57:00,22,21,23,22,"TIR DIFFICILE",1,2,0,0,4,1,-1,-1,0,153
"FR-1-H_32_45_5823_11","FR-1-H_32_45_5823","FR_TFHB_93290","FR_CRMHB_35510","FR_TFHB_93290",47:57:00,52:02:00,23,22,24,23,"TEMPS MORT",1,1,0,0,6,1,1,1,0,245
"FR-1-H_32_45_5823_12","FR-1-H_32_45_5823","FR_TFHB_93290","FR_CRMHB_35510","FR_CRMHB_35510",52:02:00,58:36:00,24,23,25,26,"PASSE INCOMPLETE",2,3,2,1,8,2,-1,1,2,394
"FR-1-H_32_45_5823_2","FR-1-H_32_45_5823","FR_TFHB_93290","FR_CRMHB_35510","FR_CRMHB_35510",09:35:00,14:13:00,2,4,3,5,"HORS CADRE",0,2,0,2,6,0,2,2,0,278
"FR-1-H_32_45_5823_3","FR-1-H_32_45_5823","FR_TFHB_93290","FR_CRMHB_35510","FR_CRMHB_35510",15:32:00,17:38:00,4,7,5,8,"TIR DIFFICILE",2,1,0,0,1,1,3,3,0,126
"FR-1-H_32_45_5823_4","FR-1-H_32_45_5823","FR_TFHB_93290","FR_CRMHB_35510","FR_TFHB_93290",20:17:00,21:39:00,6,9,7,10,"TIR DIFFICILE",1,1,1,0,2,1,-3,-3,0,82
"FR-1-H_32_45_5823_5","FR-1-H_32_45_5823","FR_TFHB_93290","FR_CRMHB_35510","FR_CRMHB_35510",22:25:00,24:05:00,8,11,9,12,"TIR DIFFICILE",1,1,0,0,1,0,3,3,0,100
"FR-1-H_32_45_5823_6","FR-1-H_32_45_5823","FR_TFHB_93290","FR_CRMHB_35510","FR_TFHB_93290",24:05:00,28:35:00,9,12,10,13,"ARRÊT",1,1,2,1,9,0,-3,-3,0,270
"FR-1-H_32_45_5823_7","FR-1-H_32_45_5823","FR_TFHB_93290","FR_CRMHB_35510","FR_TFHB_93290",29:05:00,32:18:00,11,13,13,14,"ARRÊT",1,3,0,1,2,0,-2,-1,1,193
"FR-1-H_32_45_5823_8","FR-1-H_32_45_5823","FR_TFHB_93290","FR_CRMHB_35510","FR_TFHB_93290",36:26:00,38:03:00,16,16,17,17,"HORS CADRE",1,1,1,0,2,2,0,0,0,97
"FR-1-H_32_45_5823_9","FR-1-H_32_45_5823","FR_TFHB_93290","FR_CRMHB_35510","FR_TFHB_93290",39:37:00,41:40:00,19,18,20,19,"TIR DIFFICILE",1,1,1,0,1,0,1,1,0,123
"FR-1-H_32_46_5824_1","FR-1-H_32_46_5824","FR_CRMHB_35510","FR_CCMHB_28000","FR_CRMHB_35510",02:12:00,05:54:00,2,1,3,2,"TIR DIFFICILE",1,2,1,1,5,0,1,1,0,222
"FR-1-H_32_46_5824_10","FR-1-H_32_46_5824","FR_CRMHB_35510","FR_CCMHB_28000","FR_CRMHB_35510",47:29:00,49:14:00,25,18,26,19,"TIR DIFFICILE",1,0,0,0,1,0,7,7,0,105
"FR-1-H_32_46_5824_11","FR-1-H_32_46_5824","FR_CRMHB_35510","FR_CCMHB_28000","FR_CRMHB_35510",50:25:00,53:56:00,27,19,28,20,"TEMPS MORT",0,0,3,1,6,0,8,8,0,211
"FR-1-H_32_46_5824_12","FR-1-H_32_46_5824","FR_CRMHB_35510","FR_CCMHB_28000","FR_CCMHB_28000",54:27:00,55:29:00,29,21,30,22,"2 MINUTES",1,1,0,1,1,1,-8,-8,0,62
"FR-1-H_32_46_5824_2","FR-1-H_32_46_5824","FR_CRMHB_35510","FR_CCMHB_28000","FR_CCMHB_28000",05:54:00,07:46:00,3,2,4,3,"PASSE INCOMPLETE",1,2,0,0,2,1,-1,-1,0,112
"FR-1-H_32_46_5824_3","FR-1-H_32_46_5824","FR_CRMHB_35510","FR_CCMHB_28000","FR_CRMHB_35510",09:36:00,10:41:00,5,4,6,5,"TIR DIFFICILE",1,0,0,0,1,1,1,1,0,65
"FR-1-H_32_46_5824_4","FR-1-H_32_46_5824","FR_CRMHB_35510","FR_CCMHB_28000","FR_CCMHB_28000",10:41:00,12:01:00,6,5,7,6,"PIED",1,1,0,0,0,0,-1,-1,0,80
"FR-1-H_32_46_5824_5","FR-1-H_32_46_5824","FR_CRMHB_35510","FR_CCMHB_28000","FR_CRMHB_35510",12:01:00,16:13:00,7,6,9,7,"TIR DIFFICILE",2,3,0,0,5,1,1,2,1,252
"FR-1-H_32_46_5824_6","FR-1-H_32_46_5824","FR_CRMHB_35510","FR_CCMHB_28000","FR_CCMHB_28000",16:50:00,21:15:00,10,8,11,9,"TEMPS MORT",1,2,1,2,6,1,-2,-2,0,265
"FR-1-H_32_46_5824_7","FR-1-H_32_46_5824","FR_CRMHB_35510","FR_CCMHB_28000","FR_CRMHB_35510",24:46:00,30:20:00,12,10,15,11,"ARRÊT",6,1,1,1,9,1,2,4,2,334
"FR-1-H_32_46_5824_8","FR-1-H_32_46_5824","FR_CRMHB_35510","FR_CCMHB_28000","FR_CRMHB_35510",30:56:00,32:12:00,16,11,17,12,"TIR DIFFICILE",1,1,0,0,3,0,5,5,0,76
"FR-1-H_32_46_5824_9","FR-1-H_32_46_5824","FR_CRMHB_35510","FR_CCMHB_28000","FR_CRMHB_35510",42:20:00,44:37:00,21,15,22,16,"2 MINUTES",3,1,0,0,3,0,6,6,0,137
"FR-1-H_32_46_5825_10","FR-1-H_32_46_5825","FR_CSMBHB_73000","FR_USCHB_94000","FR_CSMBHB_73000",40:36:00,44:50:00,18,22,19,23,"TIR DIFFICILE",1,2,2,1,10,0,-4,-4,0,254
"FR-1-H_32_46_5825_11","FR-1-H_32_46_5825","FR_CSMBHB_73000","FR_USCHB_94000","FR_CSMBHB_73000",49:03:00,50:23:00,21,24,22,25,"ARRÊT",1,1,0,0,0,0,-3,-3,0,80
"FR-1-H_32_46_5825_12","FR-1-H_32_46_5825","FR_CSMBHB_73000","FR_USCHB_94000","FR_USCHB_94000",53:28:00,54:33:00,23,26,24,27,"ARRÊT",1,0,0,0,2,0,3,3,0,65
"FR-1-H_32_46_5825_13","FR-1-H_32_46_5825","FR_CSMBHB_73000","FR_USCHB_94000","FR_CSMBHB_73000",55:24:00,57:04:00,25,28,26,29,"TEMPS MORT",1,2,0,0,1,1,-3,-3,0,100
"FR-1-H_32_46_5825_2","FR-1-H_32_46_5825","FR_CSMBHB_73000","FR_USCHB_94000","FR_CSMBHB_73000",02:28:00,04:40:00,1,2,3,3,"TIR DIFFICILE",1,1,1,0,2,1,-1,0,1,132
"FR-1-H_32_46_5825_3","FR-1-H_32_46_5825","FR_CSMBHB_73000","FR_USCHB_94000","FR_USCHB_94000",13:27:00,17:53:00,7,7,8,9,"PASSAGE EN FORCE",1,2,1,0,4,0,0,1,1,266
"FR-1-H_32_46_5825_4","FR-1-H_32_46_5825","FR_CSMBHB_73000","FR_USCHB_94000","FR_USCHB_94000",19:33:00,20:39:00,9,11,10,12,"INTERCEPTION",1,1,0,1,1,1,2,2,0,66
"FR-1-H_32_46_5825_5","FR-1-H_32_46_5825","FR_CSMBHB_73000","FR_USCHB_94000","FR_CSMBHB_73000",20:39:00,21:59:00,10,12,11,13,"2 MINUTES",2,0,0,0,1,0,-2,-2,0,80
"FR-1-H_32_46_5825_6","FR-1-H_32_46_5825","FR_CSMBHB_73000","FR_USCHB_94000","FR_CSMBHB_73000",23:24:00,26:50:00,12,13,13,14,"TIR CONTRÉ",2,2,1,0,3,0,-1,-1,0,206
"FR-1-H_32_46_5825_7","FR-1-H_32_46_5825","FR_CSMBHB_73000","FR_USCHB_94000","FR_USCHB_94000",26:50:00,27:59:00,13,14,14,15,"TEMPS MORT",2,1,0,0,0,0,1,1,0,69
"FR-1-H_32_46_5825_8","FR-1-H_32_46_5825","FR_CSMBHB_73000","FR_USCHB_94000","FR_USCHB_94000",32:33:00,34:34:00,15,17,16,18,"ARRÊT",1,1,0,1,3,1,2,2,0,121
"FR-1-H_32_46_5825_9","FR-1-H_32_46_5825","FR_CSMBHB_73000","FR_USCHB_94000","FR_USCHB_94000",36:30:00,40:36:00,17,20,18,22,"ARRÊT",2,2,1,2,4,1,3,4,1,246
"FR-1-H_32_46_5826_1","FR-1-H_32_46_5826","FR_DHBGL_59140","FR_PSGHB_75016","FR_PSGHB_75016",02:52:00,06:37:00,1,2,2,4,"PASSE INCOMPLETE",2,2,1,0,5,0,1,2,1,225
"FR-1-H_32_46_5826_2","FR-1-H_32_46_5826","FR_DHBGL_59140","FR_PSGHB_75016","FR_PSGHB_75016",12:04:00,18:22:00,4,7,5,9,"POTEAU",2,2,1,1,12,0,3,4,1,378
"FR-1-H_32_46_5826_3","FR-1-H_32_46_5826","FR_DHBGL_59140","FR_PSGHB_75016","FR_DHBGL_59140",18:22:00,21:45:00,5,9,6,10,"PASSE INCOMPLETE",1,1,2,0,7,1,-4,-4,0,203
"FR-1-H_32_46_5826_4","FR-1-H_32_46_5826","FR_DHBGL_59140","FR_PSGHB_75016","FR_PSGHB_75016",24:10:00,25:20:00,7,11,8,12,"INTERCEPTION",1,1,0,1,1,1,4,4,0,70
"FR-1-H_32_46_5826_5","FR-1-H_32_46_5826","FR_DHBGL_59140","FR_PSGHB_75016","FR_DHBGL_59140",26:29:00,28:20:00,9,13,10,14,"TIR DIFFICILE",1,1,0,0,1,0,-4,-4,0,111
"FR-1-H_32_46_5826_6","FR-1-H_32_46_5826","FR_DHBGL_59140","FR_PSGHB_75016","FR_PSGHB_75016",31:25:00,36:55:00,12,16,13,18,"TEMPS MORT",1,2,1,4,13,0,4,5,1,330
"FR-1-H_32_46_5826_7","FR-1-H_32_46_5826","FR_DHBGL_59140","FR_PSGHB_75016","FR_PSGHB_75016",38:29:00,47:21:00,14,20,15,26,"TIR CONTRÉ",2,7,1,3,15,2,6,11,5,532
"FR-1-H_32_46_5826_8","FR-1-H_32_46_5826","FR_DHBGL_59140","FR_PSGHB_75016","FR_DHBGL_59140",48:28:00,49:51:00,16,27,17,28,"TIR DIFFICILE",1,1,1,0,2,0,-11,-11,0,83
"FR-1-H_32_46_5826_9","FR-1-H_32_46_5826","FR_DHBGL_59140","FR_PSGHB_75016","FR_DHBGL_59140",54:41:00,59:12:00,19,29,22,30,"ARRÊT",5,0,2,1,7,0,-10,-8,2,271
"FR-1-H_32_46_5827_10","FR-1-H_32_46_5827","FR_USIHB_94200","FR_LHB_87000","FR_USIHB_94200",36:20:00,37:55:00,20,16,21,17,"INTERCEPTION",3,1,0,0,4,0,4,4,0,95
"FR-1-H_32_46_5827_11","FR-1-H_32_46_5827","FR_USIHB_94200","FR_LHB_87000","FR_LHB_87000",37:55:00,40:39:00,21,17,22,19,"HORS CADRE",1,2,0,2,3,1,-4,-3,1,164
"FR-1-H_32_46_5827_12","FR-1-H_32_46_5827","FR_USIHB_94200","FR_LHB_87000","FR_USIHB_94200",40:39:00,42:04:00,22,19,23,20,"2 MINUTES",1,1,0,0,1,0,3,3,0,85
"FR-1-H_32_46_5827_13","FR-1-H_32_46_5827","FR_USIHB_94200","FR_LHB_87000","FR_LHB_87000",42:04:00,45:57:00,23,20,24,21,"2 MINUTES",1,2,0,1,6,1,-3,-3,0,233
"FR-1-H_32_46_5827_14","FR-1-H_32_46_5827","FR_USIHB_94200","FR_LHB_87000","FR_LHB_87000",46:33:00,48:51:00,24,22,25,24,"2 MINUTES",1,2,0,1,2,0,-2,-1,1,138
"FR-1-H_32_46_5827_15","FR-1-H_32_46_5827","FR_USIHB_94200","FR_LHB_87000","FR_USIHB_94200",48:51:00,52:04:00,25,24,26,25,"TIR DIFFICILE",1,2,1,0,4,0,1,1,0,193
"FR-1-H_32_46_5827_16","FR-1-H_32_46_5827","FR_USIHB_94200","FR_LHB_87000","FR_LHB_87000",52:04:00,57:21:00,26,25,27,27,"PASSE INCOMPLETE",1,2,1,2,6,1,-1,0,1,317
"FR-1-H_32_46_5827_3","FR-1-H_32_46_5827","FR_USIHB_94200","FR_LHB_87000","FR_USIHB_94200",04:51:00,08:58:00,3,2,5,3,"TIR DIFFICILE",2,1,2,0,8,1,1,2,1,247
"FR-1-H_32_46_5827_4","FR-1-H_32_46_5827","FR_USIHB_94200","FR_LHB_87000","FR_USIHB_94200",09:37:00,12:02:00,6,3,8,4,"TIR DIFFICILE",2,1,1,0,1,1,3,4,1,145
"FR-1-H_32_46_5827_5","FR-1-H_32_46_5827","FR_USIHB_94200","FR_LHB_87000","FR_USIHB_94200",13:44:00,18:00:00,9,4,11,5,"PASSE INCOMPLETE",1,2,0,1,6,0,5,6,1,256
"FR-1-H_32_46_5827_6","FR-1-H_32_46_5827","FR_USIHB_94200","FR_LHB_87000","FR_USIHB_94200",18:55:00,20:00:00,12,5,13,6,"PASSE INCOMPLETE",1,1,0,0,0,0,7,7,0,65
"FR-1-H_32_46_5827_7","FR-1-H_32_46_5827","FR_USIHB_94200","FR_LHB_87000","FR_LHB_87000",22:07:00,24:41:00,14,7,15,9,"TEMPS MORT",1,1,0,2,3,0,-7,-6,1,154
"FR-1-H_32_46_5827_8","FR-1-H_32_46_5827","FR_USIHB_94200","FR_LHB_87000","FR_LHB_87000",26:50:00,29:45:00,16,11,17,12,"2 MINUTES",1,2,0,2,8,1,-5,-5,0,175
"FR-1-H_32_46_5827_9","FR-1-H_32_46_5827","FR_USIHB_94200","FR_LHB_87000","FR_LHB_87000",32:18:00,36:20:00,19,15,20,16,"PASSE INCOMPLETE",3,0,1,1,7,0,-4,-4,0,242
"FR-1-H_32_46_5828_1","FR-1-H_32_46_5828","FR_MHB_34000","FR_IPHB_13806","FR_MHB_34000",01:06:00,07:14:00,1,0,3,1,"HORS CADRE",2,3,2,1,9,0,1,2,1,368
"FR-1-H_32_46_5828_10","FR-1-H_32_46_5828","FR_MHB_34000","FR_IPHB_13806","FR_IPHB_13806",32:44:00,38:30:00,20,12,21,16,"PASSE INCOMPLETE",2,4,1,1,9,1,-8,-5,3,346
"FR-1-H_32_46_5828_11","FR-1-H_32_46_5828","FR_MHB_34000","FR_IPHB_13806","FR_MHB_34000",40:00:00,43:31:00,22,17,24,18,"TIR DIFFICILE",1,1,1,0,4,1,5,6,1,211
"FR-1-H_32_46_5828_12","FR-1-H_32_46_5828","FR_MHB_34000","FR_IPHB_13806","FR_MHB_34000",43:42:00,46:34:00,25,18,27,19,"TIR DIFFICILE",2,2,1,1,2,1,7,8,1,172
"FR-1-H_32_46_5828_13","FR-1-H_32_46_5828","FR_MHB_34000","FR_IPHB_13806","FR_MHB_34000",47:45:00,50:07:00,28,19,29,20,"ARRÊT",1,1,0,0,4,0,9,9,0,142
"FR-1-H_32_46_5828_14","FR-1-H_32_46_5828","FR_MHB_34000","FR_IPHB_13806","FR_IPHB_13806",50:07:00,52:15:00,29,20,30,21,"TIR DIFFICILE",1,1,0,0,2,1,-9,-9,0,128
"FR-1-H_32_46_5828_15","FR-1-H_32_46_5828","FR_MHB_34000","FR_IPHB_13806","FR_MHB_34000",54:59:00,58:16:00,31,22,32,23,"ARRÊT",1,2,1,1,6,0,9,9,0,197
"FR-1-H_32_46_5828_16","FR-1-H_32_46_5828","FR_MHB_34000","FR_IPHB_13806","FR_IPHB_13806",58:16:00,59:58:00,32,23,NA,NA,"TIR CONTRÉ",0,1,0,0,2,0,-9,NA,NA,102
"FR-1-H_32_46_5828_2","FR-1-H_32_46_5828","FR_MHB_34000","FR_IPHB_13806","FR_MHB_34000",12:42:00,16:10:00,6,3,8,4,"2 MINUTES",2,0,1,0,3,1,3,4,1,208
"FR-1-H_32_46_5828_3","FR-1-H_32_46_5828","FR_MHB_34000","FR_IPHB_13806","FR_IPHB_13806",16:10:00,18:11:00,8,4,9,5,"ZONE",0,1,0,1,3,0,-4,-4,0,121
"FR-1-H_32_46_5828_4","FR-1-H_32_46_5828","FR_MHB_34000","FR_IPHB_13806","FR_MHB_34000",18:11:00,20:42:00,9,5,11,6,"ARRÊT",3,2,0,0,3,0,4,5,1,151
"FR-1-H_32_46_5828_5","FR-1-H_32_46_5828","FR_MHB_34000","FR_IPHB_13806","FR_IPHB_13806",20:42:00,22:21:00,11,6,12,7,"ARRÊT",1,1,0,0,1,1,-5,-5,0,99
"FR-1-H_32_46_5828_6","FR-1-H_32_46_5828","FR_MHB_34000","FR_IPHB_13806","FR_MHB_34000",22:21:00,24:58:00,12,7,14,8,"TIR CONTRÉ",2,2,0,0,2,0,5,6,1,157
"FR-1-H_32_46_5828_7","FR-1-H_32_46_5828","FR_MHB_34000","FR_IPHB_13806","FR_MHB_34000",25:11:00,26:44:00,15,8,16,9,"TIR DIFFICILE",1,1,0,0,2,1,7,7,0,93
"FR-1-H_32_46_5828_8","FR-1-H_32_46_5828","FR_MHB_34000","FR_IPHB_13806","FR_IPHB_13806",26:44:00,28:07:00,16,9,17,10,"TIR DIFFICILE",1,1,0,1,3,1,-7,-7,0,83
"FR-1-H_32_46_5828_9","FR-1-H_32_46_5828","FR_MHB_34000","FR_IPHB_13806","FR_MHB_34000",28:07:00,30:59:00,17,10,19,11,"TIR DIFFICILE",4,1,1,0,4,0,7,8,1,172
"FR-1-H_32_46_5829_1","FR-1-H_32_46_5829","FR_USAMNG_30918","FR_PAUC_13100","FR_PAUC_13100",02:38:00,08:13:00,2,2,3,3,"TIR DIFFICILE",1,2,2,2,13,1,0,0,0,335
"FR-1-H_32_46_5829_10","FR-1-H_32_46_5829","FR_USAMNG_30918","FR_PAUC_13100","FR_USAMNG_30918",44:16:00,46:03:00,20,18,21,19,"TIR DIFFICILE",0,0,0,0,2,0,2,2,0,107
"FR-1-H_32_46_5829_11","FR-1-H_32_46_5829","FR_USAMNG_30918","FR_PAUC_13100","FR_PAUC_13100",46:03:00,51:17:00,21,19,22,22,"HORS CADRE",1,3,0,2,9,1,-2,0,2,314
"FR-1-H_32_46_5829_12","FR-1-H_32_46_5829","FR_USAMNG_30918","FR_PAUC_13100","FR_PAUC_13100",52:46:00,53:49:00,22,23,23,24,"TIR DIFFICILE",1,1,0,1,1,0,1,1,0,63
"FR-1-H_32_46_5829_13","FR-1-H_32_46_5829","FR_USAMNG_30918","FR_PAUC_13100","FR_PAUC_13100",54:31:00,57:27:00,23,25,24,26,"ARRÊT",2,1,0,1,6,0,2,2,0,176
"FR-1-H_32_46_5829_14","FR-1-H_32_46_5829","FR_USAMNG_30918","FR_PAUC_13100","FR_USAMNG_30918",57:27:00,60:00:00,24,26,NA,NA,"JEU PASSIF",1,2,2,0,9,0,-2,NA,NA,153
"FR-1-H_32_46_5829_2","FR-1-H_32_46_5829","FR_USAMNG_30918","FR_PAUC_13100","FR_USAMNG_30918",10:31:00,11:55:00,4,4,5,5,"ARRÊT",1,1,0,0,1,1,0,0,0,84
"FR-1-H_32_46_5829_3","FR-1-H_32_46_5829","FR_USAMNG_30918","FR_PAUC_13100","FR_USAMNG_30918",13:41:00,19:39:00,6,5,9,6,"INTERCEPTION",3,2,4,0,12,0,1,3,2,358
"FR-1-H_32_46_5829_4","FR-1-H_32_46_5829","FR_USAMNG_30918","FR_PAUC_13100","FR_PAUC_13100",19:39:00,22:03:00,9,6,10,7,"MARCHÉ",2,1,0,0,2,0,-3,-3,0,144
"FR-1-H_32_46_5829_5","FR-1-H_32_46_5829","FR_USAMNG_30918","FR_PAUC_13100","FR_PAUC_13100",27:11:00,28:48:00,12,10,13,11,"2 MINUTES",1,1,0,1,2,1,-2,-2,0,97
"FR-1-H_32_46_5829_6","FR-1-H_32_46_5829","FR_USAMNG_30918","FR_PAUC_13100","FR_USAMNG_30918",28:48:00,29:46:00,13,11,14,12,"POTEAU",1,1,0,0,0,0,2,2,0,58
"FR-1-H_32_46_5829_7","FR-1-H_32_46_5829","FR_USAMNG_30918","FR_PAUC_13100","FR_PAUC_13100",29:46:00,32:00:00,14,12,15,13,"TEMPS MORT",1,1,0,1,3,0,-2,-2,0,134
"FR-1-H_32_46_5829_8","FR-1-H_32_46_5829","FR_USAMNG_30918","FR_PAUC_13100","FR_USAMNG_30918",38:43:00,41:11:00,17,15,18,16,"ARRÊT",0,1,1,0,4,1,2,2,0,148
"FR-1-H_32_46_5829_9","FR-1-H_32_46_5829","FR_USAMNG_30918","FR_PAUC_13100","FR_PAUC_13100",41:11:00,43:04:00,18,16,19,17,"TIR DIFFICILE",2,0,0,0,2,0,-2,-2,0,113
"FR-1-H_32_46_5830_1","FR-1-H_32_46_5830","FR_SRVHB_83700","FR_TFHB_93290","FR_SRVHB_83700",03:23:00,05:59:00,1,0,2,1,"ARRÊT",2,1,0,0,4,0,1,1,0,156
"FR-1-H_32_46_5830_10","FR-1-H_32_46_5830","FR_SRVHB_83700","FR_TFHB_93290","FR_TFHB_93290",54:24:00,60:00:00,26,25,NA,NA,"INTERCEPTION",0,3,1,5,12,1,-1,NA,NA,336
"FR-1-H_32_46_5830_2","FR-1-H_32_46_5830","FR_SRVHB_83700","FR_TFHB_93290","FR_SRVHB_83700",06:23:00,09:08:00,3,1,4,2,"TIR CONTRÉ",1,1,1,0,4,0,2,2,0,165
"FR-1-H_32_46_5830_3","FR-1-H_32_46_5830","FR_SRVHB_83700","FR_TFHB_93290","FR_TFHB_93290",09:08:00,11:49:00,4,2,5,3,"INTERCEPTION",3,1,0,0,1,1,-2,-2,0,161
"FR-1-H_32_46_5830_4","FR-1-H_32_46_5830","FR_SRVHB_83700","FR_TFHB_93290","FR_TFHB_93290",13:23:00,16:03:00,5,4,6,5,"ARRÊT",0,1,0,1,5,0,-1,-1,0,160
"FR-1-H_32_46_5830_5","FR-1-H_32_46_5830","FR_SRVHB_83700","FR_TFHB_93290","FR_SRVHB_83700",21:26:00,24:43:00,9,8,10,9,"TIR DIFFICILE",1,1,0,0,3,0,1,1,0,197
"FR-1-H_32_46_5830_6","FR-1-H_32_46_5830","FR_SRVHB_83700","FR_TFHB_93290","FR_TFHB_93290",25:39:00,27:31:00,11,10,12,11,"TIR DIFFICILE",0,0,1,1,3,0,-1,-1,0,112
"FR-1-H_32_46_5830_7","FR-1-H_32_46_5830","FR_SRVHB_83700","FR_TFHB_93290","FR_TFHB_93290",29:57:00,31:37:00,13,13,14,14,"HORS CADRE",1,2,0,0,1,0,0,0,0,100
"FR-1-H_32_46_5830_8","FR-1-H_32_46_5830","FR_SRVHB_83700","FR_TFHB_93290","FR_SRVHB_83700",32:34:00,36:25:00,15,15,16,16,"ARRÊT",1,2,0,1,4,2,0,0,0,231
"FR-1-H_32_46_5830_9","FR-1-H_32_46_5830","FR_SRVHB_83700","FR_TFHB_93290","FR_SRVHB_83700",45:45:00,51:01:00,23,22,24,23,"TIR DIFFICILE",1,1,0,3,12,0,1,1,0,316
"FR-1-H_32_46_5831_1","FR-1-H_32_46_5831","FR_FTHB_31000","FR_HBCN_44200","FR_HBCN_44200",01:13:00,02:28:00,0,1,1,2,"PASSE INCOMPLETE",1,2,0,1,2,0,1,1,0,75
"FR-1-H_32_46_5831_10","FR-1-H_32_46_5831","FR_FTHB_31000","FR_HBCN_44200","FR_FTHB_31000",36:30:00,43:24:00,18,17,20,18,"TIR DIFFICILE",2,1,4,0,13,1,1,2,1,414
"FR-1-H_32_46_5831_11","FR-1-H_32_46_5831","FR_FTHB_31000","FR_HBCN_44200","FR_FTHB_31000",45:29:00,48:52:00,22,19,23,20,"ARRÊT",1,2,0,1,3,0,3,3,0,203
"FR-1-H_32_46_5831_12","FR-1-H_32_46_5831","FR_FTHB_31000","FR_HBCN_44200","FR_HBCN_44200",53:53:00,55:15:00,26,23,27,24,"MARCHÉ",1,1,0,1,2,0,-3,-3,0,82
"FR-1-H_32_46_5831_13","FR-1-H_32_46_5831","FR_FTHB_31000","FR_HBCN_44200","FR_HBCN_44200",58:36:00,60:00:00,29,27,NA,NA,"TEMPS MORT",1,2,0,1,4,0,-2,NA,NA,84
"FR-1-H_32_46_5831_3","FR-1-H_32_46_5831","FR_FTHB_31000","FR_HBCN_44200","FR_FTHB_31000",07:31:00,08:38:00,4,4,5,5,"TIR DIFFICILE",0,1,0,0,1,0,0,0,0,67
"FR-1-H_32_46_5831_4","FR-1-H_32_46_5831","FR_FTHB_31000","FR_HBCN_44200","FR_HBCN_44200",08:38:00,10:43:00,5,5,6,6,"CARTON JAUNE",1,1,0,1,4,1,0,0,0,125
"FR-1-H_32_46_5831_5","FR-1-H_32_46_5831","FR_FTHB_31000","FR_HBCN_44200","FR_HBCN_44200",12:33:00,14:51:00,6,7,7,8,"TIR DIFFICILE",2,1,1,0,2,1,1,1,0,138
"FR-1-H_32_46_5831_6","FR-1-H_32_46_5831","FR_FTHB_31000","FR_HBCN_44200","FR_FTHB_31000",14:51:00,18:15:00,7,8,9,9,"TIR DIFFICILE",2,1,1,1,4,0,-1,0,1,204
"FR-1-H_32_46_5831_7","FR-1-H_32_46_5831","FR_FTHB_31000","FR_HBCN_44200","FR_FTHB_31000",20:06:00,23:03:00,10,9,11,10,"ARRÊT",2,1,1,0,5,0,1,1,0,177
"FR-1-H_32_46_5831_8","FR-1-H_32_46_5831","FR_FTHB_31000","FR_HBCN_44200","FR_HBCN_44200",24:22:00,28:05:00,12,11,13,13,"2 MINUTES",1,3,0,1,5,0,-1,0,1,223
"FR-1-H_32_46_5831_9","FR-1-H_32_46_5831","FR_FTHB_31000","FR_HBCN_44200","FR_FTHB_31000",31:55:00,33:37:00,15,15,16,16,"TIR DIFFICILE",1,0,0,0,2,0,0,0,0,102
"FR-1-H_32_47_5832_1","FR-1-H_32_47_5832","FR_PAUC_13100","FR_USCHB_94000","FR_PAUC_13100",01:52:00,03:43:00,2,1,3,2,"TIR DIFFICILE",1,2,0,0,2,0,1,1,0,111
"FR-1-H_32_47_5832_10","FR-1-H_32_47_5832","FR_PAUC_13100","FR_USCHB_94000","FR_USCHB_94000",53:20:00,54:26:00,29,20,30,21,"ARRÊT",1,1,0,1,1,0,-9,-9,0,66
"FR-1-H_32_47_5832_11","FR-1-H_32_47_5832","FR_PAUC_13100","FR_USCHB_94000","FR_PAUC_13100",54:26:00,58:27:00,30,21,32,22,"HORS CADRE",2,1,2,0,5,1,9,10,1,241
"FR-1-H_32_47_5832_2","FR-1-H_32_47_5832","FR_PAUC_13100","FR_USCHB_94000","FR_USCHB_94000",04:04:00,05:16:00,4,3,5,4,"TIR DIFFICILE",1,1,0,0,1,0,-1,-1,0,72
"FR-1-H_32_47_5832_3","FR-1-H_32_47_5832","FR_PAUC_13100","FR_USCHB_94000","FR_PAUC_13100",05:16:00,09:31:00,5,4,7,5,"POTEAU",3,2,2,0,6,0,1,2,1,255
"FR-1-H_32_47_5832_4","FR-1-H_32_47_5832","FR_PAUC_13100","FR_USCHB_94000","FR_USCHB_94000",09:31:00,16:19:00,7,5,8,8,"ZONE",3,3,0,1,9,1,-2,0,2,408
"FR-1-H_32_47_5832_5","FR-1-H_32_47_5832","FR_PAUC_13100","FR_USCHB_94000","FR_PAUC_13100",20:24:00,24:06:00,10,10,12,11,"PASSE INCOMPLETE",2,1,3,1,7,0,0,1,1,222
"FR-1-H_32_47_5832_6","FR-1-H_32_47_5832","FR_PAUC_13100","FR_USCHB_94000","FR_PAUC_13100",26:22:00,27:34:00,13,11,14,12,"TIR DIFFICILE",1,1,1,0,1,0,2,2,0,72
"FR-1-H_32_47_5832_7","FR-1-H_32_47_5832","FR_PAUC_13100","FR_USCHB_94000","FR_PAUC_13100",28:23:00,29:31:00,15,12,16,13,"ARRÊT",1,1,0,0,2,0,3,3,0,68
"FR-1-H_32_47_5832_8","FR-1-H_32_47_5832","FR_PAUC_13100","FR_USCHB_94000","FR_PAUC_13100",38:04:00,42:03:00,20,16,21,17,"ARRÊT",0,1,0,1,8,0,4,4,0,239
"FR-1-H_32_47_5832_9","FR-1-H_32_47_5832","FR_PAUC_13100","FR_USCHB_94000","FR_PAUC_13100",45:42:00,53:20:00,24,19,29,20,"2 MINUTES",6,2,2,1,10,1,5,9,4,458
"FR-1-H_32_47_5833_1","FR-1-H_32_47_5833","FR_CCMHB_28000","FR_CSMBHB_73000","FR_CCMHB_28000",00:43:00,01:28:00,1,0,2,1,"ARRÊT",1,1,0,0,1,1,1,1,0,45
"FR-1-H_32_47_5833_10","FR-1-H_32_47_5833","FR_CCMHB_28000","FR_CSMBHB_73000","FR_CSMBHB_73000",49:03:00,54:38:00,20,17,21,20,"TEMPS MORT",1,4,2,1,8,0,-3,-1,2,335
"FR-1-H_32_47_5833_11","FR-1-H_32_47_5833","FR_CCMHB_28000","FR_CSMBHB_73000","FR_CSMBHB_73000",56:45:00,59:48:00,21,21,NA,NA,"ARRÊT",1,1,0,1,6,0,0,NA,NA,183
"FR-1-H_32_47_5833_2","FR-1-H_32_47_5833","FR_CCMHB_28000","FR_CSMBHB_73000","FR_CCMHB_28000",08:32:00,09:58:00,5,3,6,4,"ARRÊT",1,1,0,0,1,0,2,2,0,86
"FR-1-H_32_47_5833_3","FR-1-H_32_47_5833","FR_CCMHB_28000","FR_CSMBHB_73000","FR_CCMHB_28000",10:28:00,12:23:00,7,4,8,5,"PASSE INCOMPLETE",1,1,1,0,2,1,3,3,0,115
"FR-1-H_32_47_5833_4","FR-1-H_32_47_5833","FR_CCMHB_28000","FR_CSMBHB_73000","FR_CSMBHB_73000",12:23:00,15:39:00,8,5,9,6,"TIR DIFFICILE",2,0,0,0,5,0,-3,-3,0,196
"FR-1-H_32_47_5833_5","FR-1-H_32_47_5833","FR_CCMHB_28000","FR_CSMBHB_73000","FR_CCMHB_28000",15:39:00,19:04:00,9,6,10,7,"INTERCEPTION",1,0,1,1,5,0,3,3,0,205
"FR-1-H_32_47_5833_6","FR-1-H_32_47_5833","FR_CCMHB_28000","FR_CSMBHB_73000","FR_CSMBHB_73000",19:04:00,22:26:00,10,7,11,8,"2 MINUTES",1,2,0,0,3,0,-3,-3,0,202
"FR-1-H_32_47_5833_7","FR-1-H_32_47_5833","FR_CCMHB_28000","FR_CSMBHB_73000","FR_CSMBHB_73000",28:14:00,32:21:00,13,11,14,13,"POTEAU",2,2,2,1,5,2,-2,-1,1,247
"FR-1-H_32_47_5833_8","FR-1-H_32_47_5833","FR_CCMHB_28000","FR_CSMBHB_73000","FR_CSMBHB_73000",32:50:00,36:04:00,14,14,15,15,"ARRÊT",1,2,0,1,2,0,0,0,0,194
"FR-1-H_32_47_5833_9","FR-1-H_32_47_5833","FR_CCMHB_28000","FR_CSMBHB_73000","FR_CCMHB_28000",36:04:00,47:56:00,15,15,19,16,"HORS CADRE",6,2,7,2,18,2,0,3,3,712
"FR-1-H_32_47_5834_1","FR-1-H_32_47_5834","FR_IPHB_13806","FR_USIHB_94200","FR_IPHB_13806",02:16:00,04:10:00,1,0,2,1,"TIR DIFFICILE",1,1,2,0,4,0,1,1,0,114
"FR-1-H_32_47_5834_10","FR-1-H_32_47_5834","FR_IPHB_13806","FR_USIHB_94200","FR_IPHB_13806",45:29:00,47:39:00,22,20,23,21,"TIR DIFFICILE",1,1,0,0,3,0,2,2,0,130
"FR-1-H_32_47_5834_11","FR-1-H_32_47_5834","FR_IPHB_13806","FR_USIHB_94200","FR_IPHB_13806",48:25:00,50:40:00,24,21,25,22,"TEMPS MORT",1,1,0,0,1,0,3,3,0,135
"FR-1-H_32_47_5834_12","FR-1-H_32_47_5834","FR_IPHB_13806","FR_USIHB_94200","FR_USIHB_94200",51:25:00,54:29:00,26,23,27,24,"2 MINUTES",2,1,0,1,5,0,-3,-3,0,184
"FR-1-H_32_47_5834_2","FR-1-H_32_47_5834","FR_IPHB_13806","FR_USIHB_94200","FR_USIHB_94200",12:30:00,15:11:00,6,5,7,6,"PASSE INCOMPLETE",1,2,0,1,5,1,-1,-1,0,161
"FR-1-H_32_47_5834_3","FR-1-H_32_47_5834","FR_IPHB_13806","FR_USIHB_94200","FR_USIHB_94200",19:09:00,22:14:00,8,8,9,10,"TIR DIFFICILE",1,2,0,0,2,0,0,1,1,185
"FR-1-H_32_47_5834_4","FR-1-H_32_47_5834","FR_IPHB_13806","FR_USIHB_94200","FR_IPHB_13806",22:14:00,26:52:00,9,10,10,11,"2 MINUTES",1,1,2,1,6,0,-1,-1,0,278
"FR-1-H_32_47_5834_5","FR-1-H_32_47_5834","FR_IPHB_13806","FR_USIHB_94200","FR_IPHB_13806",31:40:00,34:30:00,13,13,15,14,"ARRÊT",2,1,2,0,8,0,0,1,1,170
"FR-1-H_32_47_5834_6","FR-1-H_32_47_5834","FR_IPHB_13806","FR_USIHB_94200","FR_USIHB_94200",34:50:00,38:01:00,16,15,17,17,"TIR DIFFICILE",1,2,0,1,3,0,-1,0,1,191
"FR-1-H_32_47_5834_7","FR-1-H_32_47_5834","FR_IPHB_13806","FR_USIHB_94200","FR_IPHB_13806",38:01:00,40:04:00,17,17,18,18,"PASSAGE EN FORCE",1,1,0,0,2,2,0,0,0,123
"FR-1-H_32_47_5834_8","FR-1-H_32_47_5834","FR_IPHB_13806","FR_USIHB_94200","FR_IPHB_13806",40:40:00,43:55:00,19,18,21,19,"TIR DIFFICILE",2,1,0,0,4,2,1,2,1,195
"FR-1-H_32_47_5834_9","FR-1-H_32_47_5834","FR_IPHB_13806","FR_USIHB_94200","FR_USIHB_94200",43:55:00,45:29:00,21,19,22,20,"TEMPS MORT",1,1,0,0,0,0,-2,-2,0,94
"FR-1-H_32_47_5835_2","FR-1-H_32_47_5835","FR_LHB_87000","FR_CRMHB_35510","FR_CRMHB_35510",06:38:00,09:51:00,4,4,5,5,"TIR DIFFICILE",2,1,0,1,4,0,0,0,0,193
"FR-1-H_32_47_5835_3","FR-1-H_32_47_5835","FR_LHB_87000","FR_CRMHB_35510","FR_LHB_87000",15:20:00,20:41:00,7,7,11,8,"TIR DIFFICILE",4,1,2,0,6,0,0,3,3,321
"FR-1-H_32_47_5835_4","FR-1-H_32_47_5835","FR_LHB_87000","FR_CRMHB_35510","FR_LHB_87000",22:36:00,25:01:00,12,8,14,9,"MARCHÉ",2,2,0,0,1,1,4,5,1,145
"FR-1-H_32_47_5835_5","FR-1-H_32_47_5835","FR_LHB_87000","FR_CRMHB_35510","FR_CRMHB_35510",26:49:00,30:40:00,16,11,17,13,"TIR DIFFICILE",1,2,3,2,6,0,-5,-4,1,231
"FR-1-H_32_47_5835_6","FR-1-H_32_47_5835","FR_LHB_87000","FR_CRMHB_35510","FR_CRMHB_35510",51:22:00,57:28:00,25,22,26,27,"PASSE INCOMPLETE",1,4,0,2,11,2,-3,1,4,366
"FR-1-H_32_47_5836_10","FR-1-H_32_47_5836","FR_HBCN_44200","FR_DHBGL_59140","FR_HBCN_44200",44:27:00,46:44:00,34,23,35,24,"TIR DIFFICILE",0,1,1,0,3,0,11,11,0,137
"FR-1-H_32_47_5836_11","FR-1-H_32_47_5836","FR_HBCN_44200","FR_DHBGL_59140","FR_HBCN_44200",47:52:00,52:24:00,36,24,38,25,"ARRÊT",3,1,1,0,9,0,12,13,1,272
"FR-1-H_32_47_5836_12","FR-1-H_32_47_5836","FR_HBCN_44200","FR_DHBGL_59140","FR_HBCN_44200",53:52:00,55:17:00,39,25,40,26,"PASSAGE EN FORCE",1,2,0,0,0,1,14,14,0,85
"FR-1-H_32_47_5836_13","FR-1-H_32_47_5836","FR_HBCN_44200","FR_DHBGL_59140","FR_HBCN_44200",56:26:00,58:07:00,41,26,42,27,"TIR DIFFICILE",1,1,0,0,1,1,15,15,0,101
"FR-1-H_32_47_5836_2","FR-1-H_32_47_5836","FR_HBCN_44200","FR_DHBGL_59140","FR_DHBGL_59140",10:01:00,11:00:00,9,8,10,9,"BALLON SORTI",1,1,0,0,2,0,-1,-1,0,59
"FR-1-H_32_47_5836_3","FR-1-H_32_47_5836","FR_HBCN_44200","FR_DHBGL_59140","FR_HBCN_44200",11:00:00,13:26:00,10,9,11,10,"TEMPS MORT",1,2,1,0,2,0,1,1,0,146
"FR-1-H_32_47_5836_4","FR-1-H_32_47_5836","FR_HBCN_44200","FR_DHBGL_59140","FR_DHBGL_59140",14:26:00,16:05:00,12,11,13,12,"INTERCEPTION",1,0,0,1,2,1,-1,-1,0,99
"FR-1-H_32_47_5836_5","FR-1-H_32_47_5836","FR_HBCN_44200","FR_DHBGL_59140","FR_HBCN_44200",20:42:00,27:10:00,15,14,20,15,"ARRÊT",6,1,1,0,6,2,1,5,4,388
"FR-1-H_32_47_5836_6","FR-1-H_32_47_5836","FR_HBCN_44200","FR_DHBGL_59140","FR_HBCN_44200",28:21:00,30:37:00,21,15,22,16,"MARCHÉ",2,1,2,0,2,1,6,6,0,136
"FR-1-H_32_47_5836_7","FR-1-H_32_47_5836","FR_HBCN_44200","FR_DHBGL_59140","FR_HBCN_44200",30:45:00,32:02:00,23,16,24,17,"ARRÊT",1,1,1,0,1,0,7,7,0,77
"FR-1-H_32_47_5836_8","FR-1-H_32_47_5836","FR_HBCN_44200","FR_DHBGL_59140","FR_HBCN_44200",33:30:00,35:03:00,26,18,27,19,"ARRÊT",1,1,1,1,4,1,8,8,0,93
"FR-1-H_32_47_5836_9","FR-1-H_32_47_5836","FR_HBCN_44200","FR_DHBGL_59140","FR_HBCN_44200",35:13:00,38:09:00,28,19,30,20,"TIR DIFFICILE",2,1,1,0,2,0,9,10,1,176
"FR-1-H_32_47_5837_1","FR-1-H_32_47_5837","FR_PSGHB_75016","FR_MHB_34000","FR_PSGHB_75016",02:40:00,05:29:00,2,1,4,2,"2 MINUTES",3,2,2,0,4,0,1,2,1,169
"FR-1-H_32_47_5837_10","FR-1-H_32_47_5837","FR_PSGHB_75016","FR_MHB_34000","FR_MHB_34000",30:23:00,33:47:00,19,16,20,17,"2 MINUTES",1,0,0,1,7,0,-3,-3,0,204
"FR-1-H_32_47_5837_11","FR-1-H_32_47_5837","FR_PSGHB_75016","FR_MHB_34000","FR_PSGHB_75016",33:47:00,35:36:00,20,17,21,18,"2 MINUTES",1,1,1,0,1,0,3,3,0,109
"FR-1-H_32_47_5837_12","FR-1-H_32_47_5837","FR_PSGHB_75016","FR_MHB_34000","FR_PSGHB_75016",40:15:00,43:34:00,24,20,26,21,"HORS CADRE",2,1,2,0,4,1,4,5,1,199
"FR-1-H_32_47_5837_13","FR-1-H_32_47_5837","FR_PSGHB_75016","FR_MHB_34000","FR_MHB_34000",47:21:00,49:33:00,28,23,29,24,"INTERCEPTION",2,1,0,0,0,0,-5,-5,0,132
"FR-1-H_32_47_5837_2","FR-1-H_32_47_5837","FR_PSGHB_75016","FR_MHB_34000","FR_PSGHB_75016",08:27:00,10:16:00,7,4,8,5,"2 MINUTES",1,2,1,0,1,1,3,3,0,109
"FR-1-H_32_47_5837_3","FR-1-H_32_47_5837","FR_PSGHB_75016","FR_MHB_34000","FR_MHB_34000",10:16:00,12:49:00,8,5,9,7,"TIR DIFFICILE",2,3,0,2,5,0,-3,-2,1,153
"FR-1-H_32_47_5837_4","FR-1-H_32_47_5837","FR_PSGHB_75016","FR_MHB_34000","FR_PSGHB_75016",12:49:00,14:55:00,9,7,10,8,"POTEAU",1,1,0,0,1,1,2,2,0,126
"FR-1-H_32_47_5837_5","FR-1-H_32_47_5837","FR_PSGHB_75016","FR_MHB_34000","FR_MHB_34000",15:52:00,18:21:00,11,9,12,10,"TIR DIFFICILE",1,1,0,1,4,1,-2,-2,0,149
"FR-1-H_32_47_5837_6","FR-1-H_32_47_5837","FR_PSGHB_75016","FR_MHB_34000","FR_PSGHB_75016",18:21:00,19:26:00,12,10,13,11,"INTERCEPTION",1,1,0,0,1,1,2,2,0,65
"FR-1-H_32_47_5837_7","FR-1-H_32_47_5837","FR_PSGHB_75016","FR_MHB_34000","FR_PSGHB_75016",20:13:00,22:59:00,14,11,15,12,"INTERCEPTION",0,2,0,2,3,0,3,3,0,166
"FR-1-H_32_47_5837_8","FR-1-H_32_47_5837","FR_PSGHB_75016","FR_MHB_34000","FR_PSGHB_75016",23:06:00,27:24:00,16,12,18,13,"MARCHÉ",3,3,1,0,5,0,4,5,1,258
"FR-1-H_32_47_5837_9","FR-1-H_32_47_5837","FR_PSGHB_75016","FR_MHB_34000","FR_MHB_34000",27:24:00,29:57:00,18,13,19,15,"INTERCEPTION",2,2,0,0,3,0,-5,-4,1,153
"FR-1-H_32_47_5838_1","FR-1-H_32_47_5838","FR_SRVHB_83700","FR_USAMNG_30918","FR_SRVHB_83700",00:46:00,03:17:00,1,0,2,1,"TIR DIFFICILE",1,1,1,0,4,0,1,1,0,151
"FR-1-H_32_47_5838_10","FR-1-H_32_47_5838","FR_SRVHB_83700","FR_USAMNG_30918","FR_USAMNG_30918",42:18:00,45:56:00,21,21,22,23,"POTEAU",1,3,1,1,4,2,0,1,1,218
"FR-1-H_32_47_5838_11","FR-1-H_32_47_5838","FR_SRVHB_83700","FR_USAMNG_30918","FR_SRVHB_83700",46:59:00,48:42:00,23,24,24,25,"TEMPS MORT",1,1,0,0,1,0,-1,-1,0,103
"FR-1-H_32_47_5838_12","FR-1-H_32_47_5838","FR_SRVHB_83700","FR_USAMNG_30918","FR_USAMNG_30918",48:42:00,50:30:00,24,25,25,26,"2 MINUTES",1,1,0,0,2,0,1,1,0,108
"FR-1-H_32_47_5838_13","FR-1-H_32_47_5838","FR_SRVHB_83700","FR_USAMNG_30918","FR_USAMNG_30918",50:59:00,52:37:00,25,27,26,28,"TIR DIFFICILE",1,1,0,0,1,0,2,2,0,98
"FR-1-H_32_47_5838_14","FR-1-H_32_47_5838","FR_SRVHB_83700","FR_USAMNG_30918","FR_USAMNG_30918",58:07:00,59:36:00,29,32,NA,NA,"TIR CONTRÉ",0,2,0,0,2,0,3,NA,NA,89
"FR-1-H_32_47_5838_3","FR-1-H_32_47_5838","FR_SRVHB_83700","FR_USAMNG_30918","FR_SRVHB_83700",05:23:00,11:52:00,3,2,7,3,"ARRÊT",5,0,3,0,10,0,1,4,3,389
"FR-1-H_32_47_5838_4","FR-1-H_32_47_5838","FR_SRVHB_83700","FR_USAMNG_30918","FR_USAMNG_30918",12:46:00,16:59:00,8,4,9,5,"CARTON JAUNE",2,1,1,0,6,1,-4,-4,0,253
"FR-1-H_32_47_5838_5","FR-1-H_32_47_5838","FR_SRVHB_83700","FR_USAMNG_30918","FR_USAMNG_30918",21:00:00,22:54:00,11,8,12,9,"ARRÊT",1,1,0,1,3,2,-3,-3,0,114
"FR-1-H_32_47_5838_6","FR-1-H_32_47_5838","FR_SRVHB_83700","FR_USAMNG_30918","FR_SRVHB_83700",22:54:00,24:42:00,12,9,13,10,"TIR DIFFICILE",0,2,0,0,1,0,3,3,0,108
"FR-1-H_32_47_5838_7","FR-1-H_32_47_5838","FR_SRVHB_83700","FR_USAMNG_30918","FR_USAMNG_30918",28:12:00,33:57:00,16,13,17,16,"TIR DIFFICILE",4,4,0,2,9,0,-3,-1,2,345
"FR-1-H_32_47_5838_8","FR-1-H_32_47_5838","FR_SRVHB_83700","FR_USAMNG_30918","FR_USAMNG_30918",34:07:00,36:30:00,17,17,18,18,"ARRÊT",0,1,0,0,3,0,0,0,0,143
"FR-1-H_32_47_5838_9","FR-1-H_32_47_5838","FR_SRVHB_83700","FR_USAMNG_30918","FR_SRVHB_83700",36:30:00,39:38:00,18,18,19,19,"TIR CONTRÉ",2,0,3,0,9,0,0,0,0,188
"FR-1-H_32_47_5839_1","FR-1-H_32_47_5839","FR_TFHB_93290","FR_FTHB_31000","FR_FTHB_31000",04:03:00,07:37:00,3,4,4,6,"2 MINUTES",1,2,0,3,5,1,1,2,1,214
"FR-1-H_32_47_5839_2","FR-1-H_32_47_5839","FR_TFHB_93290","FR_FTHB_31000","FR_FTHB_31000",12:16:00,17:36:00,5,8,6,12,"ARRÊT",2,6,1,2,8,2,3,6,3,320
"FR-1-H_32_47_5839_3","FR-1-H_32_47_5839","FR_TFHB_93290","FR_FTHB_31000","FR_FTHB_31000",17:45:00,21:34:00,6,13,7,15,"ARRÊT",1,3,0,2,5,0,7,8,1,229
"FR-1-H_32_47_5839_4","FR-1-H_32_47_5839","FR_TFHB_93290","FR_FTHB_31000","FR_FTHB_31000",24:53:00,27:13:00,9,18,10,19,"ARRÊT",2,0,0,0,3,0,9,9,0,140
"FR-1-H_32_47_5839_5","FR-1-H_32_47_5839","FR_TFHB_93290","FR_FTHB_31000","FR_TFHB_93290",27:13:00,31:03:00,10,19,11,20,"INTERCEPTION",0,0,0,1,5,0,-9,-9,0,230
"FR-1-H_32_47_5839_6","FR-1-H_32_47_5839","FR_TFHB_93290","FR_FTHB_31000","FR_FTHB_31000",32:24:00,34:42:00,12,21,13,22,"2 MINUTES",1,1,0,0,1,1,9,9,0,138
"FR-1-H_32_47_5839_7","FR-1-H_32_47_5839","FR_TFHB_93290","FR_FTHB_31000","FR_TFHB_93290",44:21:00,47:45:00,16,25,17,26,"PASSE INCOMPLETE",2,1,1,0,3,1,-9,-9,0,204
"FR-1-H_32_47_5839_8","FR-1-H_32_47_5839","FR_TFHB_93290","FR_FTHB_31000","FR_TFHB_93290",49:51:00,52:52:00,19,27,20,28,"TIR DIFFICILE",1,1,1,0,2,0,-8,-8,0,181
"FR-1-H_32_47_5839_9","FR-1-H_32_47_5839","FR_TFHB_93290","FR_FTHB_31000","FR_TFHB_93290",58:46:00,59:57:00,24,31,NA,NA,"TIR DIFFICILE",1,1,0,0,0,1,-7,NA,NA,71
"FR-1-H_32_48_5840_10","FR-1-H_32_48_5840","FR_CSMBHB_73000","FR_IPHB_13806","FR_IPHB_13806",49:43:00,51:25:00,24,16,25,17,"TIR DIFFICILE",0,1,0,1,3,0,-8,-8,0,102
"FR-1-H_32_48_5840_11","FR-1-H_32_48_5840","FR_CSMBHB_73000","FR_IPHB_13806","FR_CSMBHB_73000",51:25:00,53:29:00,25,17,26,18,"HORS CADRE",2,2,1,0,1,1,8,8,0,124
"FR-1-H_32_48_5840_2","FR-1-H_32_48_5840","FR_CSMBHB_73000","FR_IPHB_13806","FR_CSMBHB_73000",06:55:00,09:09:00,2,3,4,4,"TIR DIFFICILE",2,1,2,2,6,0,-1,0,1,134
"FR-1-H_32_48_5840_3","FR-1-H_32_48_5840","FR_CSMBHB_73000","FR_IPHB_13806","FR_CSMBHB_73000",09:49:00,14:17:00,5,4,7,5,"INTERCEPTION",2,1,1,1,8,0,1,2,1,268
"FR-1-H_32_48_5840_4","FR-1-H_32_48_5840","FR_CSMBHB_73000","FR_IPHB_13806","FR_CSMBHB_73000",19:04:00,24:29:00,8,5,11,6,"ARRÊT",3,1,2,2,8,0,3,5,2,325
"FR-1-H_32_48_5840_5","FR-1-H_32_48_5840","FR_CSMBHB_73000","FR_IPHB_13806","FR_CSMBHB_73000",24:58:00,27:21:00,12,6,13,7,"ARRÊT",1,1,1,0,2,1,6,6,0,143
"FR-1-H_32_48_5840_6","FR-1-H_32_48_5840","FR_CSMBHB_73000","FR_IPHB_13806","FR_IPHB_13806",27:21:00,32:39:00,13,7,14,9,"ZONE",1,4,0,3,10,0,-6,-5,1,318
"FR-1-H_32_48_5840_7","FR-1-H_32_48_5840","FR_CSMBHB_73000","FR_IPHB_13806","FR_IPHB_13806",32:55:00,35:12:00,14,10,15,11,"INTERCEPTION",1,0,0,0,5,0,-4,-4,0,137
"FR-1-H_32_48_5840_8","FR-1-H_32_48_5840","FR_CSMBHB_73000","FR_IPHB_13806","FR_CSMBHB_73000",39:57:00,42:12:00,18,14,20,15,"TIR DIFFICILE",2,1,1,0,2,0,4,5,1,135
"FR-1-H_32_48_5840_9","FR-1-H_32_48_5840","FR_CSMBHB_73000","FR_IPHB_13806","FR_CSMBHB_73000",42:29:00,49:43:00,21,15,24,16,"TIR DIFFICILE",3,2,4,2,9,1,6,8,2,434
"FR-1-H_32_48_5841_1","FR-1-H_32_48_5841","FR_USCHB_94000","FR_LHB_87000","FR_LHB_87000",15:51:00,17:11:00,8,9,9,10,"2 MINUTES",1,1,0,0,1,0,1,1,0,80
"FR-1-H_32_48_5841_2","FR-1-H_32_48_5841","FR_USCHB_94000","FR_LHB_87000","FR_USCHB_94000",20:38:00,26:38:00,11,12,13,13,"CARTON JAUNE",3,3,1,1,7,0,-1,0,1,360
"FR-1-H_32_48_5841_3","FR-1-H_32_48_5841","FR_USCHB_94000","FR_LHB_87000","FR_USCHB_94000",33:32:00,37:25:00,18,17,20,18,"TEMPS MORT",2,1,0,0,5,0,1,2,1,233
"FR-1-H_32_48_5841_4","FR-1-H_32_48_5841","FR_USCHB_94000","FR_LHB_87000","FR_USCHB_94000",40:52:00,44:34:00,23,20,24,21,"MARCHÉ",1,1,0,0,6,0,3,3,0,222
"FR-1-H_32_48_5841_5","FR-1-H_32_48_5841","FR_USCHB_94000","FR_LHB_87000","FR_LHB_87000",49:03:00,51:08:00,27,24,28,25,"2 MINUTES",1,1,0,2,4,0,-3,-3,0,125
"FR-1-H_32_48_5841_6","FR-1-H_32_48_5841","FR_USCHB_94000","FR_LHB_87000","FR_USCHB_94000",51:08:00,53:25:00,28,25,29,26,"PASSE INCOMPLETE",1,1,1,0,1,0,3,3,0,137
"FR-1-H_32_48_5841_7","FR-1-H_32_48_5841","FR_USCHB_94000","FR_LHB_87000","FR_USCHB_94000",53:55:00,55:04:00,30,26,31,27,"CARTON ROUGE",1,1,0,0,1,0,4,4,0,69
"FR-1-H_32_48_5841_8","FR-1-H_32_48_5841","FR_USCHB_94000","FR_LHB_87000","FR_LHB_87000",55:04:00,58:28:00,31,27,32,29,"2 MINUTES",2,2,1,2,6,0,-4,-3,1,204
"FR-1-H_32_48_5842_1","FR-1-H_32_48_5842","FR_DHBGL_59140","FR_CCMHB_28000","FR_CCMHB_28000",04:28:00,07:43:00,2,2,3,5,"ARRÊT",1,3,0,1,2,1,0,2,2,195
"FR-1-H_32_48_5842_10","FR-1-H_32_48_5842","FR_DHBGL_59140","FR_CCMHB_28000","FR_DHBGL_59140",50:05:00,52:34:00,25,25,26,26,"PASSE INCOMPLETE",1,2,1,0,2,1,0,0,0,149
"FR-1-H_32_48_5842_11","FR-1-H_32_48_5842","FR_DHBGL_59140","FR_CCMHB_28000","FR_CCMHB_28000",57:49:00,59:56:00,28,28,NA,NA,"ARRÊT",0,1,0,1,2,0,0,NA,NA,127
"FR-1-H_32_48_5842_2","FR-1-H_32_48_5842","FR_DHBGL_59140","FR_CCMHB_28000","FR_CCMHB_28000",08:25:00,11:28:00,3,6,4,8,"FAUTE OFFENSIVE",1,2,0,1,2,1,3,4,1,183
"FR-1-H_32_48_5842_3","FR-1-H_32_48_5842","FR_DHBGL_59140","FR_CCMHB_28000","FR_DHBGL_59140",11:28:00,13:02:00,4,8,5,9,"TIR DIFFICILE",1,1,1,0,5,0,-4,-4,0,94
"FR-1-H_32_48_5842_4","FR-1-H_32_48_5842","FR_DHBGL_59140","FR_CCMHB_28000","FR_DHBGL_59140",19:19:00,21:07:00,9,12,10,13,"2 MINUTES",1,1,0,0,2,0,-3,-3,0,108
"FR-1-H_32_48_5842_5","FR-1-H_32_48_5842","FR_DHBGL_59140","FR_CCMHB_28000","FR_DHBGL_59140",21:50:00,26:34:00,11,13,13,14,"INTERCEPTION",3,1,1,0,6,0,-2,-1,1,284
"FR-1-H_32_48_5842_6","FR-1-H_32_48_5842","FR_DHBGL_59140","FR_CCMHB_28000","FR_CCMHB_28000",29:48:00,31:54:00,15,16,16,17,"POTEAU",2,3,0,0,2,1,1,1,0,126
"FR-1-H_32_48_5842_7","FR-1-H_32_48_5842","FR_DHBGL_59140","FR_CCMHB_28000","FR_DHBGL_59140",34:59:00,36:51:00,18,19,19,20,"PASSE INCOMPLETE",1,1,1,0,2,0,-1,-1,0,112
"FR-1-H_32_48_5842_8","FR-1-H_32_48_5842","FR_DHBGL_59140","FR_CCMHB_28000","FR_DHBGL_59140",40:19:00,45:00:00,22,22,23,23,"TIR DIFFICILE",1,4,1,1,7,0,0,0,0,281
"FR-1-H_32_48_5842_9","FR-1-H_32_48_5842","FR_DHBGL_59140","FR_CCMHB_28000","FR_CCMHB_28000",48:24:00,50:05:00,24,24,25,25,"2 MINUTES",1,1,0,1,2,0,0,0,0,101
"FR-1-H_32_48_5843_1","FR-1-H_32_48_5843","FR_USIHB_94200","FR_PAUC_13100","FR_PAUC_13100",02:02:00,05:06:00,1,2,2,3,"TIR DIFFICILE",1,2,0,1,3,0,1,1,0,184
"FR-1-H_32_48_5843_10","FR-1-H_32_48_5843","FR_USIHB_94200","FR_PAUC_13100","FR_PAUC_13100",54:49:00,56:06:00,21,17,22,18,"2 MINUTES",1,1,0,0,0,1,-4,-4,0,77
"FR-1-H_32_48_5843_11","FR-1-H_32_48_5843","FR_USIHB_94200","FR_PAUC_13100","FR_PAUC_13100",56:16:00,59:59:00,22,19,NA,NA,"TIR DIFFICILE",0,2,0,2,6,0,-3,NA,NA,223
"FR-1-H_32_48_5843_2","FR-1-H_32_48_5843","FR_USIHB_94200","FR_PAUC_13100","FR_PAUC_13100",05:20:00,09:44:00,2,4,3,5,"ARRÊT",0,2,1,2,7,1,2,2,0,264
"FR-1-H_32_48_5843_3","FR-1-H_32_48_5843","FR_USIHB_94200","FR_PAUC_13100","FR_USIHB_94200",09:44:00,12:09:00,3,5,4,6,"TEMPS MORT",1,1,2,0,4,0,-2,-2,0,145
"FR-1-H_32_48_5843_4","FR-1-H_32_48_5843","FR_USIHB_94200","FR_PAUC_13100","FR_PAUC_13100",12:09:00,14:17:00,4,6,5,7,"MARCHÉ",0,1,0,0,2,0,2,2,0,128
"FR-1-H_32_48_5843_5","FR-1-H_32_48_5843","FR_USIHB_94200","FR_PAUC_13100","FR_USIHB_94200",14:17:00,21:01:00,5,7,9,8,"ARRÊT",4,2,1,0,12,1,-2,1,3,404
"FR-1-H_32_48_5843_6","FR-1-H_32_48_5843","FR_USIHB_94200","FR_PAUC_13100","FR_PAUC_13100",25:59:00,29:38:00,11,10,12,11,"PASSAGE EN FORCE",1,2,1,2,5,0,-1,-1,0,219
"FR-1-H_32_48_5843_7","FR-1-H_32_48_5843","FR_USIHB_94200","FR_PAUC_13100","FR_USIHB_94200",35:43:00,39:17:00,14,13,15,14,"PASSE INCOMPLETE",1,1,1,0,6,0,1,1,0,214
"FR-1-H_32_48_5843_8","FR-1-H_32_48_5843","FR_USIHB_94200","FR_PAUC_13100","FR_USIHB_94200",39:36:00,51:59:00,16,14,20,15,"TIR DIFFICILE",4,6,6,2,27,1,2,5,3,743
"FR-1-H_32_48_5843_9","FR-1-H_32_48_5843","FR_USIHB_94200","FR_PAUC_13100","FR_PAUC_13100",51:59:00,54:20:00,20,15,21,16,"TEMPS MORT",1,1,0,1,3,0,-5,-5,0,141
"FR-1-H_32_48_5844_1","FR-1-H_32_48_5844","FR_MHB_34000","FR_TFHB_93290","FR_MHB_34000",05:15:00,09:07:00,1,1,4,2,"TIR CONTRÉ",2,1,0,1,5,1,0,2,2,232
"FR-1-H_32_48_5844_10","FR-1-H_32_48_5844","FR_MHB_34000","FR_TFHB_93290","FR_MHB_34000",50:28:00,53:53:00,30,16,32,17,"TIR DIFFICILE",1,3,1,0,3,1,14,15,1,205
"FR-1-H_32_48_5844_11","FR-1-H_32_48_5844","FR_MHB_34000","FR_TFHB_93290","FR_TFHB_93290",53:53:00,56:59:00,32,17,33,18,"PASSE INCOMPLETE",0,2,0,2,5,0,-15,-15,0,186
"FR-1-H_32_48_5844_12","FR-1-H_32_48_5844","FR_MHB_34000","FR_TFHB_93290","FR_TFHB_93290",57:30:00,60:00:00,33,19,NA,NA,"ARRÊT",0,3,0,1,1,2,-14,NA,NA,150
"FR-1-H_32_48_5844_2","FR-1-H_32_48_5844","FR_MHB_34000","FR_TFHB_93290","FR_TFHB_93290",16:22:00,18:01:00,8,6,9,7,"INTERCEPTION",1,2,0,0,3,1,-2,-2,0,99
"FR-1-H_32_48_5844_3","FR-1-H_32_48_5844","FR_MHB_34000","FR_TFHB_93290","FR_MHB_34000",18:01:00,20:58:00,9,7,10,8,"TIR DIFFICILE",1,0,2,0,5,0,2,2,0,177
"FR-1-H_32_48_5844_4","FR-1-H_32_48_5844","FR_MHB_34000","FR_TFHB_93290","FR_MHB_34000",21:28:00,22:38:00,11,8,12,9,"2 MINUTES",1,1,0,0,1,1,3,3,0,70
"FR-1-H_32_48_5844_5","FR-1-H_32_48_5844","FR_MHB_34000","FR_TFHB_93290","FR_MHB_34000",23:23:00,24:20:00,13,9,14,10,"PASSE INCOMPLETE",1,1,1,0,1,1,4,4,0,57
"FR-1-H_32_48_5844_6","FR-1-H_32_48_5844","FR_MHB_34000","FR_TFHB_93290","FR_TFHB_93290",24:20:00,27:43:00,14,10,15,11,"TIR DIFFICILE",1,1,0,0,6,1,-4,-4,0,203
"FR-1-H_32_48_5844_7","FR-1-H_32_48_5844","FR_MHB_34000","FR_TFHB_93290","FR_MHB_34000",32:01:00,33:10:00,16,12,17,13,"TIR DIFFICILE",1,1,0,0,1,0,4,4,0,69
"FR-1-H_32_48_5844_8","FR-1-H_32_48_5844","FR_MHB_34000","FR_TFHB_93290","FR_TFHB_93290",33:10:00,34:17:00,17,13,18,14,"HORS CADRE",1,1,0,0,0,0,-4,-4,0,67
"FR-1-H_32_48_5844_9","FR-1-H_32_48_5844","FR_MHB_34000","FR_TFHB_93290","FR_MHB_34000",34:17:00,46:46:00,18,14,28,15,"INTERCEPTION",13,2,4,1,15,4,4,13,9,749
"FR-1-H_32_48_5845_1","FR-1-H_32_48_5845","FR_USAMNG_30918","FR_CRMHB_35510","FR_CRMHB_35510",02:50:00,09:07:00,1,1,2,5,"POTEAU",3,3,1,3,12,1,0,3,3,377
"FR-1-H_32_48_5845_10","FR-1-H_32_48_5845","FR_USAMNG_30918","FR_CRMHB_35510","FR_CRMHB_35510",44:36:00,46:01:00,21,20,22,21,"HORS CADRE",1,1,0,0,0,2,-1,-1,0,85
"FR-1-H_32_48_5845_11","FR-1-H_32_48_5845","FR_USAMNG_30918","FR_CRMHB_35510","FR_CRMHB_35510",47:11:00,49:13:00,22,22,23,23,"2 MINUTES",1,1,0,0,3,0,0,0,0,122
"FR-1-H_32_48_5845_12","FR-1-H_32_48_5845","FR_USAMNG_30918","FR_CRMHB_35510","FR_USAMNG_30918",49:13:00,50:59:00,23,23,24,24,"TEMPS MORT",1,2,0,0,1,0,0,0,0,106
"FR-1-H_32_48_5845_13","FR-1-H_32_48_5845","FR_USAMNG_30918","FR_CRMHB_35510","FR_CRMHB_35510",50:59:00,52:53:00,24,24,25,25,"2 MINUTES",1,1,0,0,1,0,0,0,0,114
"FR-1-H_32_48_5845_14","FR-1-H_32_48_5845","FR_USAMNG_30918","FR_CRMHB_35510","FR_USAMNG_30918",52:53:00,55:51:00,25,25,26,26,"HORS CADRE",2,0,1,0,3,0,0,0,0,178
"FR-1-H_32_48_5845_15","FR-1-H_32_48_5845","FR_USAMNG_30918","FR_CRMHB_35510","FR_USAMNG_30918",56:21:00,59:56:00,27,26,NA,NA,"ZONE",2,0,2,0,7,1,1,NA,NA,215
"FR-1-H_32_48_5845_2","FR-1-H_32_48_5845","FR_USAMNG_30918","FR_CRMHB_35510","FR_USAMNG_30918",11:22:00,13:25:00,3,6,4,7,"TIR DIFFICILE",2,2,0,0,2,1,-3,-3,0,123
"FR-1-H_32_48_5845_3","FR-1-H_32_48_5845","FR_USAMNG_30918","FR_CRMHB_35510","FR_USAMNG_30918",15:22:00,21:03:00,5,7,8,8,"HORS CADRE",4,2,3,1,10,0,-2,0,2,341
"FR-1-H_32_48_5845_4","FR-1-H_32_48_5845","FR_USAMNG_30918","FR_CRMHB_35510","FR_CRMHB_35510",22:28:00,23:35:00,9,9,10,10,"TIR CONTRÉ",1,1,0,1,1,0,0,0,0,67
"FR-1-H_32_48_5845_5","FR-1-H_32_48_5845","FR_USAMNG_30918","FR_CRMHB_35510","FR_USAMNG_30918",28:59:00,30:55:00,12,12,14,13,"TIR DIFFICILE",2,1,2,0,2,0,0,1,1,116
"FR-1-H_32_48_5845_6","FR-1-H_32_48_5845","FR_USAMNG_30918","FR_CRMHB_35510","FR_CRMHB_35510",34:33:00,36:25:00,16,15,17,17,"TIR DIFFICILE",1,2,0,3,3,0,-1,0,1,112
"FR-1-H_32_48_5845_7","FR-1-H_32_48_5845","FR_USAMNG_30918","FR_CRMHB_35510","FR_USAMNG_30918",36:25:00,41:08:00,17,17,19,18,"HORS CADRE",0,2,1,0,11,0,0,1,1,283
"FR-1-H_32_48_5845_8","FR-1-H_32_48_5845","FR_USAMNG_30918","FR_CRMHB_35510","FR_CRMHB_35510",41:08:00,42:39:00,19,18,20,19,"TEMPS MORT",2,1,0,0,2,0,-1,-1,0,91
"FR-1-H_32_48_5845_9","FR-1-H_32_48_5845","FR_USAMNG_30918","FR_CRMHB_35510","FR_USAMNG_30918",42:39:00,44:36:00,20,19,21,20,"HORS CADRE",1,1,0,0,0,0,1,1,0,117
"FR-1-H_32_48_5846_1","FR-1-H_32_48_5846","FR_PSGHB_75016","FR_HBCN_44200","FR_PSGHB_75016",02:29:00,06:59:00,1,1,4,2,"INTERCEPTION",4,3,1,0,5,1,0,2,2,270
"FR-1-H_32_48_5846_10","FR-1-H_32_48_5846","FR_PSGHB_75016","FR_HBCN_44200","FR_PSGHB_75016",45:58:00,47:48:00,18,20,19,21,"2 MINUTES",1,1,0,0,1,0,-2,-2,0,110
"FR-1-H_32_48_5846_11","FR-1-H_32_48_5846","FR_PSGHB_75016","FR_HBCN_44200","FR_HBCN_44200",47:48:00,49:52:00,19,21,20,22,"TEMPS MORT",3,1,1,0,3,0,2,2,0,124
"FR-1-H_32_48_5846_12","FR-1-H_32_48_5846","FR_PSGHB_75016","FR_HBCN_44200","FR_HBCN_44200",52:00:00,57:52:00,21,24,22,25,"TIR DIFFICILE",3,3,0,3,10,0,3,3,0,352
"FR-1-H_32_48_5846_13","FR-1-H_32_48_5846","FR_PSGHB_75016","FR_HBCN_44200","FR_PSGHB_75016",57:52:00,59:40:00,22,25,NA,NA,"HORS CADRE",1,2,0,0,3,0,-3,NA,NA,108
"FR-1-H_32_48_5846_2","FR-1-H_32_48_5846","FR_PSGHB_75016","FR_HBCN_44200","FR_PSGHB_75016",07:07:00,10:49:00,5,2,6,3,"HORS CADRE",1,1,3,1,6,0,3,3,0,222
"FR-1-H_32_48_5846_3","FR-1-H_32_48_5846","FR_PSGHB_75016","FR_HBCN_44200","FR_HBCN_44200",12:31:00,14:14:00,7,4,8,5,"ARRÊT",1,1,0,0,0,1,-3,-3,0,103
"FR-1-H_32_48_5846_4","FR-1-H_32_48_5846","FR_PSGHB_75016","FR_HBCN_44200","FR_PSGHB_75016",14:14:00,16:43:00,8,5,9,6,"TIR DIFFICILE",1,1,2,1,4,0,3,3,0,149
"FR-1-H_32_48_5846_5","FR-1-H_32_48_5846","FR_PSGHB_75016","FR_HBCN_44200","FR_HBCN_44200",16:43:00,25:29:00,9,6,10,11,"ARRÊT",5,7,2,3,10,1,-3,1,4,526
"FR-1-H_32_48_5846_6","FR-1-H_32_48_5846","FR_PSGHB_75016","FR_HBCN_44200","FR_PSGHB_75016",25:29:00,28:01:00,10,11,11,12,"TIR CONTRÉ",2,1,1,0,2,0,-1,-1,0,152
"FR-1-H_32_48_5846_7","FR-1-H_32_48_5846","FR_PSGHB_75016","FR_HBCN_44200","FR_HBCN_44200",30:00:00,32:02:00,12,13,13,15,"ZONE",1,2,0,1,2,3,1,2,1,122
"FR-1-H_32_48_5846_8","FR-1-H_32_48_5846","FR_PSGHB_75016","FR_HBCN_44200","FR_HBCN_44200",37:29:00,41:01:00,14,17,15,18,"ARRÊT",2,1,0,2,4,1,3,3,0,212
"FR-1-H_32_48_5846_9","FR-1-H_32_48_5846","FR_PSGHB_75016","FR_HBCN_44200","FR_PSGHB_75016",41:01:00,42:34:00,15,18,16,19,"INTERCEPTION",1,2,0,0,1,0,-3,-3,0,93
"FR-1-H_32_48_5847_10","FR-1-H_32_48_5847","FR_FTHB_31000","FR_SRVHB_83700","FR_SRVHB_83700",38:05:00,39:55:00,20,14,21,15,"2 MINUTES",1,1,0,1,2,0,-6,-6,0,110
"FR-1-H_32_48_5847_11","FR-1-H_32_48_5847","FR_FTHB_31000","FR_SRVHB_83700","FR_FTHB_31000",39:55:00,42:22:00,21,15,23,16,"POTEAU",2,0,1,0,4,0,6,7,1,147
"FR-1-H_32_48_5847_12","FR-1-H_32_48_5847","FR_FTHB_31000","FR_SRVHB_83700","FR_SRVHB_83700",44:39:00,46:55:00,24,17,25,18,"ZONE",2,1,0,1,2,0,-7,-7,0,136
"FR-1-H_32_48_5847_13","FR-1-H_32_48_5847","FR_FTHB_31000","FR_SRVHB_83700","FR_SRVHB_83700",50:14:00,52:34:00,28,22,29,23,"HORS CADRE",1,1,1,1,3,0,-6,-6,0,140
"FR-1-H_32_48_5847_2","FR-1-H_32_48_5847","FR_FTHB_31000","FR_SRVHB_83700","FR_FTHB_31000",04:58:00,07:54:00,3,1,4,2,"PASSE INCOMPLETE",2,1,1,1,3,0,2,2,0,176
"FR-1-H_32_48_5847_3","FR-1-H_32_48_5847","FR_FTHB_31000","FR_SRVHB_83700","FR_SRVHB_83700",07:54:00,09:48:00,4,2,5,3,"HORS CADRE",0,1,0,0,2,1,-2,-2,0,114
"FR-1-H_32_48_5847_4","FR-1-H_32_48_5847","FR_FTHB_31000","FR_SRVHB_83700","FR_FTHB_31000",09:48:00,12:30:00,5,3,7,4,"PASSE INCOMPLETE",2,0,2,0,3,0,2,3,1,162
"FR-1-H_32_48_5847_5","FR-1-H_32_48_5847","FR_FTHB_31000","FR_SRVHB_83700","FR_SRVHB_83700",13:58:00,18:37:00,8,5,9,7,"2 MINUTES",2,2,0,1,4,0,-3,-2,1,279
"FR-1-H_32_48_5847_6","FR-1-H_32_48_5847","FR_FTHB_31000","FR_SRVHB_83700","FR_FTHB_31000",18:37:00,22:49:00,9,7,11,8,"2 MINUTES",3,1,0,1,7,1,2,3,1,252
"FR-1-H_32_48_5847_7","FR-1-H_32_48_5847","FR_FTHB_31000","FR_SRVHB_83700","FR_SRVHB_83700",23:47:00,26:57:00,12,9,13,10,"ARRÊT",1,1,1,1,3,0,-3,-3,0,190
"FR-1-H_32_48_5847_8","FR-1-H_32_48_5847","FR_FTHB_31000","FR_SRVHB_83700","FR_FTHB_31000",28:24:00,30:31:00,14,11,15,12,"ARRÊT",1,3,1,0,2,0,3,3,0,127
"FR-1-H_32_48_5847_9","FR-1-H_32_48_5847","FR_FTHB_31000","FR_SRVHB_83700","FR_FTHB_31000",33:48:00,38:05:00,17,13,20,14,"PASSE INCOMPLETE",3,3,0,0,7,0,4,6,2,257
"FR-1-H_32_49_5848_1","FR-1-H_32_49_5848","FR_PAUC_13100","FR_FTHB_31000","FR_FTHB_31000",01:57:00,02:27:00,1,1,2,2,"TIR DIFFICILE",1,1,0,1,1,0,0,0,0,30
"FR-1-H_32_49_5848_10","FR-1-H_32_49_5848","FR_PAUC_13100","FR_FTHB_31000","FR_PAUC_13100",27:29:00,28:57:00,13,17,14,18,"TIR DIFFICILE",1,1,0,0,1,1,-4,-4,0,88
"FR-1-H_32_49_5848_11","FR-1-H_32_49_5848","FR_PAUC_13100","FR_FTHB_31000","FR_PAUC_13100",34:01:00,38:48:00,17,20,18,21,"TIR DIFFICILE",1,1,1,1,9,0,-3,-3,0,287
"FR-1-H_32_49_5848_12","FR-1-H_32_49_5848","FR_PAUC_13100","FR_FTHB_31000","FR_FTHB_31000",42:41:00,45:58:00,19,22,20,23,"PASSAGE EN FORCE",2,0,0,1,4,1,3,3,0,197
"FR-1-H_32_49_5848_13","FR-1-H_32_49_5848","FR_PAUC_13100","FR_FTHB_31000","FR_PAUC_13100",56:00:00,57:41:00,24,27,25,28,"2 MINUTES",1,1,0,0,1,1,-3,-3,0,101
"FR-1-H_32_49_5848_14","FR-1-H_32_49_5848","FR_PAUC_13100","FR_FTHB_31000","FR_PAUC_13100",58:04:00,59:54:00,26,28,27,29,"TIR DIFFICILE",1,1,0,0,2,0,-2,-2,0,110
"FR-1-H_32_49_5848_2","FR-1-H_32_49_5848","FR_PAUC_13100","FR_FTHB_31000","FR_PAUC_13100",03:36:00,05:58:00,3,3,4,4,"PIED",1,3,0,1,3,1,0,0,0,142
"FR-1-H_32_49_5848_3","FR-1-H_32_49_5848","FR_PAUC_13100","FR_FTHB_31000","FR_FTHB_31000",05:58:00,10:45:00,4,4,5,7,"TIR DIFFICILE",2,3,1,3,8,1,0,2,2,287
"FR-1-H_32_49_5848_4","FR-1-H_32_49_5848","FR_PAUC_13100","FR_FTHB_31000","FR_PAUC_13100",10:45:00,12:31:00,5,7,6,8,"PIED",0,2,0,0,1,1,-2,-2,0,106
"FR-1-H_32_49_5848_5","FR-1-H_32_49_5848","FR_PAUC_13100","FR_FTHB_31000","FR_FTHB_31000",12:31:00,13:58:00,6,8,7,9,"TIR DIFFICILE",1,1,0,1,2,2,2,2,0,87
"FR-1-H_32_49_5848_6","FR-1-H_32_49_5848","FR_PAUC_13100","FR_FTHB_31000","FR_FTHB_31000",14:42:00,19:05:00,7,10,8,11,"TIR DIFFICILE",1,0,1,1,5,1,3,3,0,263
"FR-1-H_32_49_5848_7","FR-1-H_32_49_5848","FR_PAUC_13100","FR_FTHB_31000","FR_FTHB_31000",19:44:00,21:34:00,8,12,9,13,"TIR DIFFICILE",1,1,0,0,1,0,4,4,0,110
"FR-1-H_32_49_5848_8","FR-1-H_32_49_5848","FR_PAUC_13100","FR_FTHB_31000","FR_FTHB_31000",22:43:00,24:41:00,9,14,10,15,"INTERCEPTION",2,1,0,0,2,1,5,5,0,118
"FR-1-H_32_49_5848_9","FR-1-H_32_49_5848","FR_PAUC_13100","FR_FTHB_31000","FR_PAUC_13100",26:02:00,27:13:00,11,16,12,17,"CARTON JAUNE",1,1,0,0,0,1,-5,-5,0,71
"FR-1-H_32_49_5849_1","FR-1-H_32_49_5849","FR_CRMHB_35510","FR_MHB_34000","FR_MHB_34000",06:23:00,07:52:00,4,4,5,5,"TIR DIFFICILE",2,1,0,0,1,0,0,0,0,89
"FR-1-H_32_49_5849_10","FR-1-H_32_49_5849","FR_CRMHB_35510","FR_MHB_34000","FR_CRMHB_35510",50:20:00,51:45:00,24,27,25,28,"TIR DIFFICILE",1,2,0,0,0,1,-3,-3,0,85
"FR-1-H_32_49_5849_11","FR-1-H_32_49_5849","FR_CRMHB_35510","FR_MHB_34000","FR_MHB_34000",56:10:00,59:03:00,27,30,28,32,"TIR DIFFICILE",1,2,1,2,4,1,3,4,1,173
"FR-1-H_32_49_5849_2","FR-1-H_32_49_5849","FR_CRMHB_35510","FR_MHB_34000","FR_MHB_34000",08:00:00,10:30:00,5,6,6,8,"POTEAU",1,2,0,1,3,0,1,2,1,150
"FR-1-H_32_49_5849_3","FR-1-H_32_49_5849","FR_CRMHB_35510","FR_MHB_34000","FR_MHB_34000",12:14:00,13:29:00,7,10,8,11,"TIR DIFFICILE",1,1,0,0,0,0,3,3,0,75
"FR-1-H_32_49_5849_4","FR-1-H_32_49_5849","FR_CRMHB_35510","FR_MHB_34000","FR_MHB_34000",13:43:00,15:57:00,8,12,9,13,"PASSE INCOMPLETE",0,1,0,1,3,0,4,4,0,134
"FR-1-H_32_49_5849_5","FR-1-H_32_49_5849","FR_CRMHB_35510","FR_MHB_34000","FR_CRMHB_35510",17:06:00,23:11:00,10,14,12,15,"REPRISE",4,3,3,1,10,0,-4,-3,1,365
"FR-1-H_32_49_5849_6","FR-1-H_32_49_5849","FR_CRMHB_35510","FR_MHB_34000","FR_MHB_34000",23:11:00,26:20:00,12,15,13,16,"TIR CONTRÉ",1,1,1,0,3,1,3,3,0,189
"FR-1-H_32_49_5849_7","FR-1-H_32_49_5849","FR_CRMHB_35510","FR_MHB_34000","FR_CRMHB_35510",27:08:00,29:47:00,14,17,15,18,"ARRÊT",1,2,0,1,2,0,-3,-3,0,159
"FR-1-H_32_49_5849_8","FR-1-H_32_49_5849","FR_CRMHB_35510","FR_MHB_34000","FR_MHB_34000",29:47:00,35:37:00,15,18,16,20,"ARRÊT",2,2,1,2,9,1,3,4,1,350
"FR-1-H_32_49_5849_9","FR-1-H_32_49_5849","FR_CRMHB_35510","FR_MHB_34000","FR_CRMHB_35510",48:38:00,49:53:00,22,26,23,27,"TIR DIFFICILE",1,3,0,0,0,1,-4,-4,0,75
"FR-1-H_32_49_5850_10","FR-1-H_32_49_5850","FR_CCMHB_28000","FR_USCHB_94000","FR_CCMHB_28000",38:31:00,39:44:00,20,15,21,16,"PASSE INCOMPLETE",1,1,0,0,0,0,5,5,0,73
"FR-1-H_32_49_5850_11","FR-1-H_32_49_5850","FR_CCMHB_28000","FR_USCHB_94000","FR_USCHB_94000",39:44:00,43:01:00,21,16,22,17,"ARRÊT",1,1,0,3,6,1,-5,-5,0,197
"FR-1-H_32_49_5850_12","FR-1-H_32_49_5850","FR_CCMHB_28000","FR_USCHB_94000","FR_CCMHB_28000",43:01:00,44:49:00,22,17,23,18,"TIR DIFFICILE",0,1,1,0,2,0,5,5,0,108
"FR-1-H_32_49_5850_13","FR-1-H_32_49_5850","FR_CCMHB_28000","FR_USCHB_94000","FR_CCMHB_28000",45:14:00,47:23:00,24,18,25,19,"2 MINUTES",1,1,1,0,2,1,6,6,0,129
"FR-1-H_32_49_5850_14","FR-1-H_32_49_5850","FR_CCMHB_28000","FR_USCHB_94000","FR_CCMHB_28000",51:34:00,53:19:00,27,20,28,21,"TIR DIFFICILE",1,2,0,0,0,0,7,7,0,105
"FR-1-H_32_49_5850_15","FR-1-H_32_49_5850","FR_CCMHB_28000","FR_USCHB_94000","FR_CCMHB_28000",54:03:00,58:27:00,29,21,31,22,"POTEAU",1,2,2,0,5,1,8,9,1,264
"FR-1-H_32_49_5850_2","FR-1-H_32_49_5850","FR_CCMHB_28000","FR_USCHB_94000","FR_USCHB_94000",04:36:00,06:23:00,2,2,3,3,"CARTON JAUNE",2,1,0,0,1,0,0,0,0,107
"FR-1-H_32_49_5850_3","FR-1-H_32_49_5850","FR_CCMHB_28000","FR_USCHB_94000","FR_CCMHB_28000",06:23:00,14:37:00,3,3,6,4,"MARCHÉ",5,2,2,0,10,3,0,2,2,494
"FR-1-H_32_49_5850_4","FR-1-H_32_49_5850","FR_CCMHB_28000","FR_USCHB_94000","FR_CCMHB_28000",15:25:00,17:00:00,7,4,8,5,"TIR DIFFICILE",1,2,0,0,2,1,3,3,0,95
"FR-1-H_32_49_5850_5","FR-1-H_32_49_5850","FR_CCMHB_28000","FR_USCHB_94000","FR_USCHB_94000",17:00:00,18:56:00,8,5,9,6,"TIR DIFFICILE",1,1,0,1,1,0,-3,-3,0,116
"FR-1-H_32_49_5850_6","FR-1-H_32_49_5850","FR_CCMHB_28000","FR_USCHB_94000","FR_CCMHB_28000",23:57:00,26:57:00,11,8,12,9,"TIR DIFFICILE",1,1,1,1,3,1,3,3,0,180
"FR-1-H_32_49_5850_7","FR-1-H_32_49_5850","FR_CCMHB_28000","FR_USCHB_94000","FR_USCHB_94000",27:42:00,30:58:00,13,10,14,12,"TIR DIFFICILE",1,1,0,0,3,0,-3,-2,1,196
"FR-1-H_32_49_5850_8","FR-1-H_32_49_5850","FR_CCMHB_28000","FR_USCHB_94000","FR_CCMHB_28000",30:58:00,34:23:00,14,12,16,13,"TEMPS MORT",2,2,2,0,6,1,2,3,1,205
"FR-1-H_32_49_5850_9","FR-1-H_32_49_5850","FR_CCMHB_28000","FR_USCHB_94000","FR_CCMHB_28000",36:39:00,37:54:00,18,14,19,15,"TIR DIFFICILE",1,1,0,0,0,0,4,4,0,75
"FR-1-H_32_49_5851_1","FR-1-H_32_49_5851","FR_IPHB_13806","FR_USAMNG_30918","FR_USAMNG_30918",03:48:00,05:47:00,2,2,3,3,"ARRÊT",1,1,0,1,7,0,0,0,0,119
"FR-1-H_32_49_5851_2","FR-1-H_32_49_5851","FR_IPHB_13806","FR_USAMNG_30918","FR_IPHB_13806",08:19:00,09:27:00,4,4,5,5,"TIR DIFFICILE",1,1,0,0,2,0,0,0,0,68
"FR-1-H_32_49_5851_3","FR-1-H_32_49_5851","FR_IPHB_13806","FR_USAMNG_30918","FR_USAMNG_30918",16:41:00,19:19:00,10,10,11,11,"TIR CONTRÉ",1,2,0,0,0,0,0,0,0,158
"FR-1-H_32_49_5851_4","FR-1-H_32_49_5851","FR_IPHB_13806","FR_USAMNG_30918","FR_IPHB_13806",22:31:00,25:49:00,12,12,13,13,"INTERCEPTION",2,2,1,1,8,0,0,0,0,198
"FR-1-H_32_49_5851_5","FR-1-H_32_49_5851","FR_IPHB_13806","FR_USAMNG_30918","FR_IPHB_13806",27:17:00,29:26:00,14,13,15,14,"POTEAU",1,1,1,0,3,0,1,1,0,129
"FR-1-H_32_49_5851_6","FR-1-H_32_49_5851","FR_IPHB_13806","FR_USAMNG_30918","FR_USAMNG_30918",30:37:00,33:43:00,16,15,17,16,"INTERCEPTION",2,2,0,1,6,0,-1,-1,0,186
"FR-1-H_32_49_5851_7","FR-1-H_32_49_5851","FR_IPHB_13806","FR_USAMNG_30918","FR_USAMNG_30918",35:27:00,39:46:00,18,18,19,21,"TIR DIFFICILE",2,2,0,2,6,0,0,2,2,259
"FR-1-H_32_49_5851_8","FR-1-H_32_49_5851","FR_IPHB_13806","FR_USAMNG_30918","FR_USAMNG_30918",41:54:00,44:07:00,20,23,21,24,"ARRÊT",0,1,0,1,4,0,3,3,0,133
"FR-1-H_32_49_5851_9","FR-1-H_32_49_5851","FR_IPHB_13806","FR_USAMNG_30918","FR_USAMNG_30918",45:18:00,48:57:00,22,26,23,27,"ZONE",3,1,0,1,4,0,4,4,0,219
"FR-1-H_32_49_5852_10","FR-1-H_32_49_5852","FR_LHB_87000","FR_PSGHB_75016","FR_PSGHB_75016",47:19:00,48:40:00,24,33,25,34,"INTERCEPTION",0,1,0,2,3,0,9,9,0,81
"FR-1-H_32_49_5852_11","FR-1-H_32_49_5852","FR_LHB_87000","FR_PSGHB_75016","FR_PSGHB_75016",49:17:00,53:27:00,25,35,26,38,"ARRÊT",1,3,0,2,6,3,10,12,2,250
"FR-1-H_32_49_5852_12","FR-1-H_32_49_5852","FR_LHB_87000","FR_PSGHB_75016","FR_PSGHB_75016",54:01:00,56:24:00,26,39,27,40,"TIR DIFFICILE",1,1,0,1,2,1,13,13,0,143
"FR-1-H_32_49_5852_2","FR-1-H_32_49_5852","FR_LHB_87000","FR_PSGHB_75016","FR_PSGHB_75016",04:52:00,06:20:00,4,4,5,5,"2 MINUTES",1,1,0,1,2,0,0,0,0,88
"FR-1-H_32_49_5852_3","FR-1-H_32_49_5852","FR_LHB_87000","FR_PSGHB_75016","FR_PSGHB_75016",06:51:00,09:25:00,5,6,6,9,"TIR DIFFICILE",1,3,1,1,4,1,1,3,2,154
"FR-1-H_32_49_5852_4","FR-1-H_32_49_5852","FR_LHB_87000","FR_PSGHB_75016","FR_PSGHB_75016",13:14:00,14:55:00,8,12,9,13,"ARRÊT",1,1,0,1,1,1,4,4,0,101
"FR-1-H_32_49_5852_5","FR-1-H_32_49_5852","FR_LHB_87000","FR_PSGHB_75016","FR_PSGHB_75016",17:34:00,19:56:00,10,15,11,16,"ARRÊT",1,0,0,1,2,0,5,5,0,142
"FR-1-H_32_49_5852_6","FR-1-H_32_49_5852","FR_LHB_87000","FR_PSGHB_75016","FR_LHB_87000",24:28:00,26:41:00,14,19,17,20,"TIR DIFFICILE",3,1,0,0,2,1,-5,-3,2,133
"FR-1-H_32_49_5852_7","FR-1-H_32_49_5852","FR_LHB_87000","FR_PSGHB_75016","FR_PSGHB_75016",29:57:00,32:02:00,19,22,20,23,"TEMPS MORT",1,1,0,0,1,1,3,3,0,125
"FR-1-H_32_49_5852_8","FR-1-H_32_49_5852","FR_LHB_87000","FR_PSGHB_75016","FR_PSGHB_75016",38:18:00,42:11:00,22,26,23,28,"TIR DIFFICILE",1,2,0,2,4,0,4,5,1,233
"FR-1-H_32_49_5852_9","FR-1-H_32_49_5852","FR_LHB_87000","FR_PSGHB_75016","FR_PSGHB_75016",42:41:00,46:42:00,23,29,24,32,"PASSE INCOMPLETE",1,3,0,0,5,1,6,8,2,241
"FR-1-H_32_49_5853_1","FR-1-H_32_49_5853","FR_HBCN_44200","FR_CSMBHB_73000","FR_HBCN_44200",01:08:00,06:29:00,1,0,4,1,"POTEAU",2,2,3,0,8,0,1,3,2,321
"FR-1-H_32_49_5853_10","FR-1-H_32_49_5853","FR_HBCN_44200","FR_CSMBHB_73000","FR_CSMBHB_73000",45:50:00,47:17:00,20,19,21,20,"TIR DIFFICILE",1,1,0,0,0,0,-1,-1,0,87
"FR-1-H_32_49_5853_11","FR-1-H_32_49_5853","FR_HBCN_44200","FR_CSMBHB_73000","FR_HBCN_44200",47:17:00,49:52:00,21,20,23,21,"POTEAU",2,1,0,0,2,1,1,2,1,155
"FR-1-H_32_49_5853_12","FR-1-H_32_49_5853","FR_HBCN_44200","FR_CSMBHB_73000","FR_HBCN_44200",50:21:00,55:31:00,24,21,26,22,"TIR DIFFICILE",2,2,4,2,11,1,3,4,1,310
"FR-1-H_32_49_5853_13","FR-1-H_32_49_5853","FR_HBCN_44200","FR_CSMBHB_73000","FR_HBCN_44200",56:24:00,57:53:00,27,22,28,23,"TIR DIFFICILE",2,1,1,0,4,0,5,5,0,89
"FR-1-H_32_49_5853_2","FR-1-H_32_49_5853","FR_HBCN_44200","FR_CSMBHB_73000","FR_CSMBHB_73000",07:48:00,09:05:00,5,2,6,3,"TEMPS MORT",1,1,0,1,2,1,-3,-3,0,77
"FR-1-H_32_49_5853_3","FR-1-H_32_49_5853","FR_HBCN_44200","FR_CSMBHB_73000","FR_HBCN_44200",09:05:00,10:28:00,6,3,7,4,"TIR DIFFICILE",0,1,1,0,2,1,3,3,0,83
"FR-1-H_32_49_5853_4","FR-1-H_32_49_5853","FR_HBCN_44200","FR_CSMBHB_73000","FR_CSMBHB_73000",12:49:00,14:10:00,8,5,9,6,"TIR DIFFICILE",1,1,0,1,1,2,-3,-3,0,81
"FR-1-H_32_49_5853_5","FR-1-H_32_49_5853","FR_HBCN_44200","FR_CSMBHB_73000","FR_CSMBHB_73000",18:40:00,31:24:00,10,8,11,13,"2 MINUTES",4,6,1,6,21,0,-2,2,4,764
"FR-1-H_32_49_5853_6","FR-1-H_32_49_5853","FR_HBCN_44200","FR_CSMBHB_73000","FR_HBCN_44200",33:43:00,35:57:00,13,15,14,16,"TIR DIFFICILE",1,1,1,0,3,0,-2,-2,0,134
"FR-1-H_32_49_5853_7","FR-1-H_32_49_5853","FR_HBCN_44200","FR_CSMBHB_73000","FR_HBCN_44200",37:29:00,41:07:00,15,16,18,17,"INTERCEPTION",4,2,2,1,4,2,-1,1,2,218
"FR-1-H_32_49_5853_8","FR-1-H_32_49_5853","FR_HBCN_44200","FR_CSMBHB_73000","FR_CSMBHB_73000",41:07:00,43:16:00,18,17,19,18,"TIR DIFFICILE",2,1,0,0,2,0,-1,-1,0,129
"FR-1-H_32_49_5853_9","FR-1-H_32_49_5853","FR_HBCN_44200","FR_CSMBHB_73000","FR_HBCN_44200",43:16:00,45:50:00,19,18,20,19,"TEMPS MORT",1,3,1,0,4,1,1,1,0,154
"FR-1-H_32_49_5854_1","FR-1-H_32_49_5854","FR_SRVHB_83700","FR_USIHB_94200","FR_USIHB_94200",05:23:00,06:41:00,3,3,4,4,"ARRÊT",1,1,0,0,1,2,0,0,0,78
"FR-1-H_32_49_5854_10","FR-1-H_32_49_5854","FR_SRVHB_83700","FR_USIHB_94200","FR_SRVHB_83700",51:51:00,55:28:00,25,24,26,25,"TEMPS MORT",1,1,0,2,6,1,1,1,0,217
"FR-1-H_32_49_5854_2","FR-1-H_32_49_5854","FR_SRVHB_83700","FR_USIHB_94200","FR_USIHB_94200",15:29:00,21:50:00,8,9,9,13,"HORS CADRE",1,3,0,1,9,2,1,4,3,381
"FR-1-H_32_49_5854_3","FR-1-H_32_49_5854","FR_SRVHB_83700","FR_USIHB_94200","FR_USIHB_94200",22:25:00,25:14:00,9,14,10,15,"TIR DIFFICILE",1,0,1,1,3,0,5,5,0,169
"FR-1-H_32_49_5854_4","FR-1-H_32_49_5854","FR_SRVHB_83700","FR_USIHB_94200","FR_SRVHB_83700",25:14:00,32:15:00,10,15,15,16,"PASSE INCOMPLETE",7,4,2,1,10,2,-5,-1,4,421
"FR-1-H_32_49_5854_5","FR-1-H_32_49_5854","FR_SRVHB_83700","FR_USIHB_94200","FR_USIHB_94200",32:15:00,34:30:00,15,16,16,17,"TIR DIFFICILE",1,1,0,1,3,1,1,1,0,135
"FR-1-H_32_49_5854_6","FR-1-H_32_49_5854","FR_SRVHB_83700","FR_USIHB_94200","FR_SRVHB_83700",36:11:00,40:54:00,17,18,18,19,"TIR DIFFICILE",1,2,1,1,3,1,-1,-1,0,283
"FR-1-H_32_49_5854_7","FR-1-H_32_49_5854","FR_SRVHB_83700","FR_USIHB_94200","FR_USIHB_94200",43:31:00,45:28:00,20,21,21,22,"TIR DIFFICILE",1,1,1,1,3,0,1,1,0,117
"FR-1-H_32_49_5854_8","FR-1-H_32_49_5854","FR_SRVHB_83700","FR_USIHB_94200","FR_SRVHB_83700",45:28:00,50:03:00,21,22,24,23,"ARRÊT",1,0,1,1,7,1,-1,1,2,275
"FR-1-H_32_49_5854_9","FR-1-H_32_49_5854","FR_SRVHB_83700","FR_USIHB_94200","FR_USIHB_94200",50:03:00,51:51:00,24,23,25,24,"2 MINUTES",1,1,0,1,2,1,-1,-1,0,108
"FR-1-H_32_49_5855_1","FR-1-H_32_49_5855","FR_TFHB_93290","FR_DHBGL_59140","FR_DHBGL_59140",09:43:00,11:32:00,2,2,3,3,"PASSE INCOMPLETE",1,0,0,0,4,0,0,0,0,109
"FR-1-H_32_49_5855_2","FR-1-H_32_49_5855","FR_TFHB_93290","FR_DHBGL_59140","FR_TFHB_93290",13:34:00,18:00:00,5,5,6,6,"TIR DIFFICILE",1,2,3,1,11,1,0,0,0,266
"FR-1-H_32_49_5855_3","FR-1-H_32_49_5855","FR_TFHB_93290","FR_DHBGL_59140","FR_DHBGL_59140",22:26:00,25:54:00,8,8,9,10,"ARRÊT",1,3,0,1,4,0,0,1,1,208
"FR-1-H_32_49_5855_4","FR-1-H_32_49_5855","FR_TFHB_93290","FR_DHBGL_59140","FR_DHBGL_59140",27:15:00,30:42:00,9,11,10,14,"TIR DIFFICILE",2,3,0,0,5,1,2,4,2,207
"FR-1-H_32_49_5855_5","FR-1-H_32_49_5855","FR_TFHB_93290","FR_DHBGL_59140","FR_DHBGL_59140",31:23:00,33:28:00,10,15,11,16,"HORS CADRE",1,1,0,2,2,1,5,5,0,125
"FR-1-H_32_49_5855_6","FR-1-H_32_49_5855","FR_TFHB_93290","FR_DHBGL_59140","FR_TFHB_93290",33:28:00,35:49:00,11,16,13,17,"2 MINUTES",2,1,0,0,1,0,-5,-4,1,141
"FR-1-H_32_49_5855_7","FR-1-H_32_49_5855","FR_TFHB_93290","FR_DHBGL_59140","FR_TFHB_93290",44:49:00,48:54:00,18,21,19,22,"TIR DIFFICILE",0,1,3,1,8,0,-3,-3,0,245
"FR-1-H_32_49_5855_8","FR-1-H_32_49_5855","FR_TFHB_93290","FR_DHBGL_59140","FR_DHBGL_59140",48:54:00,52:10:00,19,22,20,23,"BALLON SORTI",1,1,0,2,6,0,3,3,0,196
"FR-1-H_32_49_5855_9","FR-1-H_32_49_5855","FR_TFHB_93290","FR_DHBGL_59140","FR_DHBGL_59140",57:24:00,59:26:00,22,26,NA,NA,"HORS CADRE",0,1,0,1,3,0,4,NA,NA,122
"FR-1-H_32_50_5856_1","FR-1-H_32_50_5856","FR_CSMBHB_73000","FR_MHB_34000","FR_CSMBHB_73000",02:53:00,06:23:00,3,2,4,3,"TIR DIFFICILE",2,2,0,0,5,1,1,1,0,210
"FR-1-H_32_50_5856_10","FR-1-H_32_50_5856","FR_CSMBHB_73000","FR_MHB_34000","FR_MHB_34000",55:57:00,60:00:00,29,27,NA,NA,"TIR DIFFICILE",1,3,1,1,9,0,-2,NA,NA,243
"FR-1-H_32_50_5856_2","FR-1-H_32_50_5856","FR_CSMBHB_73000","FR_MHB_34000","FR_CSMBHB_73000",07:16:00,11:52:00,5,3,6,4,"TIR DIFFICILE",1,1,2,1,9,0,2,2,0,276
"FR-1-H_32_50_5856_3","FR-1-H_32_50_5856","FR_CSMBHB_73000","FR_MHB_34000","FR_CSMBHB_73000",14:18:00,16:17:00,8,5,9,6,"TIR DIFFICILE",3,1,0,0,2,1,3,3,0,119
"FR-1-H_32_50_5856_4","FR-1-H_32_50_5856","FR_CSMBHB_73000","FR_MHB_34000","FR_MHB_34000",16:17:00,21:25:00,9,6,10,9,"TIR DIFFICILE",1,4,0,0,8,2,-3,-1,2,308
"FR-1-H_32_50_5856_5","FR-1-H_32_50_5856","FR_CSMBHB_73000","FR_MHB_34000","FR_CSMBHB_73000",22:41:00,26:18:00,11,10,13,11,"CARTON JAUNE",2,1,1,1,5,1,1,2,1,217
"FR-1-H_32_50_5856_6","FR-1-H_32_50_5856","FR_CSMBHB_73000","FR_MHB_34000","FR_MHB_34000",27:15:00,33:38:00,14,12,15,14,"ARRÊT",2,2,1,2,11,2,-2,-1,1,383
"FR-1-H_32_50_5856_7","FR-1-H_32_50_5856","FR_CSMBHB_73000","FR_MHB_34000","FR_MHB_34000",40:21:00,42:10:00,18,18,19,19,"PASSE INCOMPLETE",1,1,0,0,1,1,0,0,0,109
"FR-1-H_32_50_5856_8","FR-1-H_32_50_5856","FR_CSMBHB_73000","FR_MHB_34000","FR_CSMBHB_73000",45:05:00,49:01:00,21,21,23,22,"TIR DIFFICILE",2,0,1,0,6,0,0,1,1,236
"FR-1-H_32_50_5856_9","FR-1-H_32_50_5856","FR_CSMBHB_73000","FR_MHB_34000","FR_CSMBHB_73000",51:55:00,53:22:00,26,24,27,25,"2 MINUTES",1,1,1,0,2,0,2,2,0,87
"FR-1-H_32_50_5857_1","FR-1-H_32_50_5857","FR_USCHB_94000","FR_SRVHB_83700","FR_SRVHB_83700",01:54:00,04:09:00,1,1,2,2,"CONTRE",2,1,0,0,3,0,0,0,0,135
"FR-1-H_32_50_5857_10","FR-1-H_32_50_5857","FR_USCHB_94000","FR_SRVHB_83700","FR_SRVHB_83700",41:03:00,44:22:00,20,21,21,22,"TIR DIFFICILE",1,0,1,2,4,1,1,1,0,199
"FR-1-H_32_50_5857_11","FR-1-H_32_50_5857","FR_USCHB_94000","FR_SRVHB_83700","FR_USCHB_94000",44:22:00,52:27:00,21,22,25,23,"TIR DIFFICILE",5,2,3,0,13,1,-1,2,3,485
"FR-1-H_32_50_5857_12","FR-1-H_32_50_5857","FR_USCHB_94000","FR_SRVHB_83700","FR_USCHB_94000",53:59:00,56:22:00,27,24,28,25,"ARRÊT",1,1,2,0,6,0,3,3,0,143
"FR-1-H_32_50_5857_13","FR-1-H_32_50_5857","FR_USCHB_94000","FR_SRVHB_83700","FR_USCHB_94000",57:07:00,58:44:00,29,25,30,26,"ARRÊT",1,1,0,0,3,0,4,4,0,97
"FR-1-H_32_50_5857_2","FR-1-H_32_50_5857","FR_USCHB_94000","FR_SRVHB_83700","FR_USCHB_94000",04:09:00,09:02:00,2,2,4,3,"INTERCEPTION",2,2,2,0,9,0,0,1,1,293
"FR-1-H_32_50_5857_3","FR-1-H_32_50_5857","FR_USCHB_94000","FR_SRVHB_83700","FR_SRVHB_83700",09:02:00,10:02:00,4,3,5,4,"PASSAGE EN FORCE",1,1,0,0,0,0,-1,-1,0,60
"FR-1-H_32_50_5857_4","FR-1-H_32_50_5857","FR_USCHB_94000","FR_SRVHB_83700","FR_SRVHB_83700",10:15:00,12:58:00,5,5,6,6,"2 MINUTES",1,1,0,2,5,1,0,0,0,163
"FR-1-H_32_50_5857_5","FR-1-H_32_50_5857","FR_USCHB_94000","FR_SRVHB_83700","FR_SRVHB_83700",19:14:00,21:03:00,9,10,10,11,"TIR DIFFICILE",2,1,0,0,0,0,1,1,0,109
"FR-1-H_32_50_5857_6","FR-1-H_32_50_5857","FR_USCHB_94000","FR_SRVHB_83700","FR_USCHB_94000",23:05:00,26:35:00,11,12,12,13,"HORS CADRE",1,1,1,1,7,1,-1,-1,0,210
"FR-1-H_32_50_5857_7","FR-1-H_32_50_5857","FR_USCHB_94000","FR_SRVHB_83700","FR_USCHB_94000",27:38:00,31:21:00,13,13,14,14,"CARTON JAUNE",1,0,1,0,9,0,0,0,0,223
"FR-1-H_32_50_5857_8","FR-1-H_32_50_5857","FR_USCHB_94000","FR_SRVHB_83700","FR_SRVHB_83700",33:49:00,37:17:00,16,16,17,18,"CONTRE",2,2,0,1,3,1,0,1,1,208
"FR-1-H_32_50_5857_9","FR-1-H_32_50_5857","FR_USCHB_94000","FR_SRVHB_83700","FR_USCHB_94000",38:19:00,39:44:00,18,19,19,20,"TIR DIFFICILE",1,1,1,0,1,2,-1,-1,0,85
"FR-1-H_32_50_5858_2","FR-1-H_32_50_5858","FR_PAUC_13100","FR_DHBGL_59140","FR_PAUC_13100",13:33:00,24:18:00,7,5,11,6,"ARRÊT",6,4,2,2,14,2,2,5,3,645
"FR-1-H_32_50_5858_3","FR-1-H_32_50_5858","FR_PAUC_13100","FR_DHBGL_59140","FR_PAUC_13100",24:30:00,26:35:00,12,6,13,7,"TIR DIFFICILE",0,1,0,0,1,0,6,6,0,125
"FR-1-H_32_50_5858_4","FR-1-H_32_50_5858","FR_PAUC_13100","FR_DHBGL_59140","FR_DHBGL_59140",28:37:00,33:21:00,14,8,15,11,"MARCHÉ",2,3,0,0,8,0,-6,-4,2,284
"FR-1-H_32_50_5858_5","FR-1-H_32_50_5858","FR_PAUC_13100","FR_DHBGL_59140","FR_DHBGL_59140",35:05:00,39:23:00,16,13,17,16,"PASSE INCOMPLETE",1,3,0,1,5,0,-3,-1,2,258
"FR-1-H_32_50_5858_6","FR-1-H_32_50_5858","FR_PAUC_13100","FR_DHBGL_59140","FR_PAUC_13100",39:23:00,40:48:00,17,16,18,17,"TEMPS MORT",1,1,0,0,0,0,1,1,0,85
"FR-1-H_32_50_5858_7","FR-1-H_32_50_5858","FR_PAUC_13100","FR_DHBGL_59140","FR_DHBGL_59140",43:44:00,47:16:00,20,19,21,20,"ARRÊT",1,1,0,2,9,0,-1,-1,0,212
"FR-1-H_32_50_5858_8","FR-1-H_32_50_5858","FR_PAUC_13100","FR_DHBGL_59140","FR_PAUC_13100",50:55:00,54:30:00,23,22,25,23,"CARTON JAUNE",1,1,1,0,4,0,1,2,1,215
"FR-1-H_32_50_5858_9","FR-1-H_32_50_5858","FR_PAUC_13100","FR_DHBGL_59140","FR_PAUC_13100",55:36:00,59:36:00,26,23,29,24,"PASSE INCOMPLETE",3,1,1,0,5,1,3,5,2,240
"FR-1-H_32_50_5859_1","FR-1-H_32_50_5859","FR_IPHB_13806","FR_HBCN_44200","FR_HBCN_44200",04:01:00,04:48:00,3,3,4,4,"TIR DIFFICILE",1,1,0,0,0,0,0,0,0,47
"FR-1-H_32_50_5859_10","FR-1-H_32_50_5859","FR_IPHB_13806","FR_HBCN_44200","FR_HBCN_44200",44:30:00,45:32:00,18,25,19,26,"TIR DIFFICILE",1,2,0,0,1,0,7,7,0,62
"FR-1-H_32_50_5859_11","FR-1-H_32_50_5859","FR_IPHB_13806","FR_HBCN_44200","FR_IPHB_13806",45:32:00,46:31:00,19,26,20,27,"TEMPS MORT",1,1,1,0,1,0,-7,-7,0,59
"FR-1-H_32_50_5859_12","FR-1-H_32_50_5859","FR_IPHB_13806","FR_HBCN_44200","FR_HBCN_44200",46:31:00,48:35:00,20,27,21,28,"PASSE INCOMPLETE",2,1,0,0,2,0,7,7,0,124
"FR-1-H_32_50_5859_13","FR-1-H_32_50_5859","FR_IPHB_13806","FR_HBCN_44200","FR_IPHB_13806",48:35:00,50:33:00,21,28,22,29,"PASSE INCOMPLETE",1,1,1,0,2,0,-7,-7,0,118
"FR-1-H_32_50_5859_14","FR-1-H_32_50_5859","FR_IPHB_13806","FR_HBCN_44200","FR_HBCN_44200",50:33:00,52:14:00,22,29,23,30,"2 MINUTES",0,1,0,1,2,0,7,7,0,101
"FR-1-H_32_50_5859_15","FR-1-H_32_50_5859","FR_IPHB_13806","FR_HBCN_44200","FR_HBCN_44200",53:09:00,55:13:00,23,31,24,32,"BALLON SORTI",1,1,0,1,4,1,8,8,0,124
"FR-1-H_32_50_5859_16","FR-1-H_32_50_5859","FR_IPHB_13806","FR_HBCN_44200","FR_IPHB_13806",57:28:00,59:49:00,25,33,NA,NA,"POTEAU",1,2,0,1,3,0,-8,NA,NA,141
"FR-1-H_32_50_5859_2","FR-1-H_32_50_5859","FR_IPHB_13806","FR_HBCN_44200","FR_HBCN_44200",08:00:00,10:02:00,6,7,7,8,"MARCHÉ",2,1,2,2,4,0,1,1,0,122
"FR-1-H_32_50_5859_3","FR-1-H_32_50_5859","FR_IPHB_13806","FR_HBCN_44200","FR_IPHB_13806",10:02:00,15:19:00,7,8,9,9,"ARRÊT",2,1,3,2,9,0,-1,0,1,317
"FR-1-H_32_50_5859_4","FR-1-H_32_50_5859","FR_IPHB_13806","FR_HBCN_44200","FR_HBCN_44200",15:19:00,19:56:00,9,9,10,11,"ARRÊT",1,3,0,1,7,0,0,1,1,277
"FR-1-H_32_50_5859_5","FR-1-H_32_50_5859","FR_IPHB_13806","FR_HBCN_44200","FR_IPHB_13806",22:30:00,28:11:00,11,12,12,13,"2 MINUTES",2,2,2,0,7,0,-1,-1,0,341
"FR-1-H_32_50_5859_6","FR-1-H_32_50_5859","FR_IPHB_13806","FR_HBCN_44200","FR_HBCN_44200",28:11:00,33:19:00,12,13,13,15,"POTEAU",1,2,4,2,10,2,1,2,1,308
"FR-1-H_32_50_5859_7","FR-1-H_32_50_5859","FR_IPHB_13806","FR_HBCN_44200","FR_HBCN_44200",34:54:00,36:32:00,13,16,14,17,"ARRÊT",1,1,0,1,1,1,3,3,0,98
"FR-1-H_32_50_5859_8","FR-1-H_32_50_5859","FR_IPHB_13806","FR_HBCN_44200","FR_HBCN_44200",40:28:00,41:44:00,16,20,17,21,"HORS CADRE",2,1,0,0,0,0,4,4,0,76
"FR-1-H_32_50_5859_9","FR-1-H_32_50_5859","FR_IPHB_13806","FR_HBCN_44200","FR_HBCN_44200",42:12:00,44:06:00,17,22,18,24,"HORS CADRE",1,2,0,0,0,1,5,6,1,114
"FR-1-H_32_50_5860_1","FR-1-H_32_50_5860","FR_USIHB_94200","FR_CRMHB_35510","FR_USIHB_94200",03:56:00,08:22:00,1,1,3,2,"2 MINUTES",3,1,3,0,5,2,0,1,1,266
"FR-1-H_32_50_5860_2","FR-1-H_32_50_5860","FR_USIHB_94200","FR_CRMHB_35510","FR_CRMHB_35510",08:22:00,10:53:00,3,2,4,4,"POTEAU",2,2,0,0,2,1,-1,0,1,151
"FR-1-H_32_50_5860_3","FR-1-H_32_50_5860","FR_USIHB_94200","FR_CRMHB_35510","FR_CRMHB_35510",12:26:00,22:34:00,4,5,5,10,"TIR DIFFICILE",1,8,3,4,19,1,1,5,4,608
"FR-1-H_32_50_5860_4","FR-1-H_32_50_5860","FR_USIHB_94200","FR_CRMHB_35510","FR_CRMHB_35510",33:32:00,36:36:00,11,17,12,19,"TIR DIFFICILE",2,2,0,2,3,1,6,7,1,184
"FR-1-H_32_50_5860_5","FR-1-H_32_50_5860","FR_USIHB_94200","FR_CRMHB_35510","FR_CRMHB_35510",40:34:00,43:48:00,13,21,14,23,"FAUTE OFFENSIVE",2,2,0,1,2,1,8,9,1,194
"FR-1-H_32_50_5860_6","FR-1-H_32_50_5860","FR_USIHB_94200","FR_CRMHB_35510","FR_CRMHB_35510",44:36:00,46:50:00,14,24,15,25,"TIR DIFFICILE",1,2,1,2,5,0,10,10,0,134
"FR-1-H_32_50_5860_7","FR-1-H_32_50_5860","FR_USIHB_94200","FR_CRMHB_35510","FR_CRMHB_35510",52:47:00,60:00:00,17,28,NA,NA,"TIR DIFFICILE",3,6,0,3,8,0,11,NA,NA,433
"FR-1-H_32_50_5861_1","FR-1-H_32_50_5861","FR_LHB_87000","FR_CCMHB_28000","FR_LHB_87000",03:43:00,06:03:00,2,1,3,2,"BALLON SORTI",1,1,2,0,3,0,1,1,0,140
"FR-1-H_32_50_5861_10","FR-1-H_32_50_5861","FR_LHB_87000","FR_CCMHB_28000","FR_LHB_87000",45:15:00,49:13:00,22,22,23,23,"ARRÊT",0,2,0,1,3,0,0,0,0,238
"FR-1-H_32_50_5861_11","FR-1-H_32_50_5861","FR_LHB_87000","FR_CCMHB_28000","FR_LHB_87000",51:02:00,54:44:00,24,23,26,24,"TEMPS MORT",2,1,0,2,7,1,1,2,1,222
"FR-1-H_32_50_5861_12","FR-1-H_32_50_5861","FR_LHB_87000","FR_CCMHB_28000","FR_CCMHB_28000",55:51:00,58:04:00,27,25,28,26,"TEMPS MORT",1,1,0,0,3,0,-2,-2,0,133
"FR-1-H_32_50_5861_2","FR-1-H_32_50_5861","FR_LHB_87000","FR_CCMHB_28000","FR_LHB_87000",11:09:00,12:11:00,5,3,6,4,"ARRÊT",1,1,1,0,1,0,2,2,0,62
"FR-1-H_32_50_5861_3","FR-1-H_32_50_5861","FR_LHB_87000","FR_CCMHB_28000","FR_CCMHB_28000",12:11:00,14:02:00,6,4,7,5,"ARRÊT",1,2,0,2,3,1,-2,-2,0,111
"FR-1-H_32_50_5861_4","FR-1-H_32_50_5861","FR_LHB_87000","FR_CCMHB_28000","FR_LHB_87000",15:29:00,16:32:00,8,6,9,7,"TIR DIFFICILE",1,2,0,0,0,1,2,2,0,63
"FR-1-H_32_50_5861_5","FR-1-H_32_50_5861","FR_LHB_87000","FR_CCMHB_28000","FR_CCMHB_28000",23:31:00,27:08:00,12,10,13,12,"TIR DIFFICILE",1,2,0,0,3,0,-2,-1,1,217
"FR-1-H_32_50_5861_6","FR-1-H_32_50_5861","FR_LHB_87000","FR_CCMHB_28000","FR_CCMHB_28000",27:46:00,29:57:00,13,13,14,14,"PASSE INCOMPLETE",1,1,0,1,2,0,0,0,0,131
"FR-1-H_32_50_5861_7","FR-1-H_32_50_5861","FR_LHB_87000","FR_CCMHB_28000","FR_CCMHB_28000",36:47:00,38:19:00,17,18,18,19,"2 MINUTES",0,1,0,0,2,0,1,1,0,92
"FR-1-H_32_50_5861_8","FR-1-H_32_50_5861","FR_LHB_87000","FR_CCMHB_28000","FR_LHB_87000",39:44:00,42:21:00,19,20,21,21,"REPRISE",2,2,1,0,3,1,-1,0,1,157
"FR-1-H_32_50_5861_9","FR-1-H_32_50_5861","FR_LHB_87000","FR_CCMHB_28000","FR_CCMHB_28000",42:21:00,45:15:00,21,21,22,22,"TIR DIFFICILE",1,1,0,2,7,0,0,0,0,174
"FR-1-H_32_50_5862_1","FR-1-H_32_50_5862","FR_USAMNG_30918","FR_FTHB_31000","FR_FTHB_31000",04:24:00,09:49:00,2,3,3,4,"INTERCEPTION",2,3,0,1,4,1,1,1,0,325
"FR-1-H_32_50_5862_10","FR-1-H_32_50_5862","FR_USAMNG_30918","FR_FTHB_31000","FR_USAMNG_30918",50:38:00,51:47:00,28,29,29,30,"ARRÊT",1,1,0,0,0,0,-1,-1,0,69
"FR-1-H_32_50_5862_11","FR-1-H_32_50_5862","FR_USAMNG_30918","FR_FTHB_31000","FR_USAMNG_30918",55:24:00,57:32:00,32,32,33,33,"PASSE INCOMPLETE",2,1,1,0,1,1,0,0,0,128
"FR-1-H_32_50_5862_12","FR-1-H_32_50_5862","FR_USAMNG_30918","FR_FTHB_31000","FR_FTHB_31000",57:32:00,58:35:00,33,33,34,34,"TIR DIFFICILE",1,1,0,0,2,0,0,0,0,63
"FR-1-H_32_50_5862_2","FR-1-H_32_50_5862","FR_USAMNG_30918","FR_FTHB_31000","FR_FTHB_31000",10:50:00,12:30:00,3,5,4,6,"TIR DIFFICILE",1,1,0,1,2,0,2,2,0,100
"FR-1-H_32_50_5862_3","FR-1-H_32_50_5862","FR_USAMNG_30918","FR_FTHB_31000","FR_USAMNG_30918",12:30:00,14:08:00,4,6,5,7,"CARTON JAUNE",2,1,0,0,3,0,-2,-2,0,98
"FR-1-H_32_50_5862_4","FR-1-H_32_50_5862","FR_USAMNG_30918","FR_FTHB_31000","FR_USAMNG_30918",21:50:00,23:19:00,11,12,12,13,"2 MINUTES",1,2,0,0,0,0,-1,-1,0,89
"FR-1-H_32_50_5862_5","FR-1-H_32_50_5862","FR_USAMNG_30918","FR_FTHB_31000","FR_USAMNG_30918",23:49:00,25:51:00,13,13,14,14,"POTEAU",1,1,0,0,3,0,0,0,0,122
"FR-1-H_32_50_5862_6","FR-1-H_32_50_5862","FR_USAMNG_30918","FR_FTHB_31000","FR_FTHB_31000",27:49:00,30:52:00,15,15,16,16,"TIR DIFFICILE",2,2,0,0,3,0,0,0,0,183
"FR-1-H_32_50_5862_7","FR-1-H_32_50_5862","FR_USAMNG_30918","FR_FTHB_31000","FR_USAMNG_30918",37:37:00,39:04:00,22,22,23,23,"ARRÊT",1,1,0,0,0,1,0,0,0,87
"FR-1-H_32_50_5862_8","FR-1-H_32_50_5862","FR_USAMNG_30918","FR_FTHB_31000","FR_USAMNG_30918",41:06:00,43:40:00,25,24,26,25,"TIR DIFFICILE",1,1,2,0,4,0,1,1,0,154
"FR-1-H_32_50_5862_9","FR-1-H_32_50_5862","FR_USAMNG_30918","FR_FTHB_31000","FR_FTHB_31000",43:40:00,47:55:00,26,25,27,28,"INTERCEPTION",1,4,0,2,7,1,-1,1,2,255
"FR-1-H_32_91_5864_1","FR-1-H_32_91_5864","FR_PAUC_13100","FR_PSGHB_75016","FR_PAUC_13100",04:22:00,07:39:00,2,2,4,3,"ARRÊT",2,1,2,2,6,0,0,1,1,197
"FR-1-H_32_91_5864_10","FR-1-H_32_91_5864","FR_PAUC_13100","FR_PSGHB_75016","FR_PSGHB_75016",48:00:00,51:57:00,24,25,25,27,"TIR CONTRÉ",1,2,0,1,4,0,1,2,1,237
"FR-1-H_32_91_5864_11","FR-1-H_32_91_5864","FR_PAUC_13100","FR_PSGHB_75016","FR_PAUC_13100",54:11:00,56:25:00,26,28,27,29,"HORS CADRE",0,1,2,0,5,1,-2,-2,0,134
"FR-1-H_32_91_5864_2","FR-1-H_32_91_5864","FR_PAUC_13100","FR_PSGHB_75016","FR_PSGHB_75016",07:39:00,09:37:00,4,3,5,4,"ARRÊT",1,2,0,1,1,0,-1,-1,0,118
"FR-1-H_32_91_5864_3","FR-1-H_32_91_5864","FR_PAUC_13100","FR_PSGHB_75016","FR_PSGHB_75016",09:47:00,12:06:00,5,5,6,6,"ARRÊT",1,1,0,1,2,0,0,0,0,139
"FR-1-H_32_91_5864_4","FR-1-H_32_91_5864","FR_PAUC_13100","FR_PSGHB_75016","FR_PSGHB_75016",13:45:00,14:52:00,6,7,7,8,"ARRÊT",1,1,0,1,2,0,1,1,0,67
"FR-1-H_32_91_5864_5","FR-1-H_32_91_5864","FR_PAUC_13100","FR_PSGHB_75016","FR_PSGHB_75016",25:26:00,27:31:00,10,12,11,13,"2 MINUTES",1,1,0,0,3,1,2,2,0,125
"FR-1-H_32_91_5864_6","FR-1-H_32_91_5864","FR_PAUC_13100","FR_PSGHB_75016","FR_PAUC_13100",27:31:00,29:56:00,11,13,12,14,"TIR DIFFICILE",1,2,1,1,4,1,-2,-2,0,145
"FR-1-H_32_91_5864_7","FR-1-H_32_91_5864","FR_PAUC_13100","FR_PSGHB_75016","FR_PAUC_13100",31:54:00,33:24:00,13,14,14,15,"TIR CONTRÉ",0,1,0,0,2,0,-1,-1,0,90
"FR-1-H_32_91_5864_8","FR-1-H_32_91_5864","FR_PAUC_13100","FR_PSGHB_75016","FR_PAUC_13100",36:47:00,37:48:00,15,15,16,16,"BALLON SORTI",1,2,0,0,0,0,0,0,0,61
"FR-1-H_32_91_5864_9","FR-1-H_32_91_5864","FR_PAUC_13100","FR_PSGHB_75016","FR_PSGHB_75016",39:34:00,41:34:00,18,18,19,19,"PASSAGE EN FORCE",2,1,0,0,1,0,0,0,0,120
"FR-1-H_32_91_5865_1","FR-1-H_32_91_5865","FR_CRMHB_35510","FR_DHBGL_59140","FR_CRMHB_35510",05:20:00,08:02:00,1,1,3,2,"ARRÊT",2,2,2,1,4,2,0,1,1,162
"FR-1-H_32_91_5865_10","FR-1-H_32_91_5865","FR_CRMHB_35510","FR_DHBGL_59140","FR_CRMHB_35510",53:51:00,58:38:00,20,28,22,29,"2 MINUTES",2,3,3,0,7,0,-8,-7,1,287
"FR-1-H_32_91_5865_11","FR-1-H_32_91_5865","FR_CRMHB_35510","FR_DHBGL_59140","FR_DHBGL_59140",58:38:00,60:00:00,22,29,NA,NA,"TIR CONTRÉ",1,1,0,0,1,0,7,NA,NA,82
"FR-1-H_32_91_5865_2","FR-1-H_32_91_5865","FR_CRMHB_35510","FR_DHBGL_59140","FR_DHBGL_59140",12:40:00,16:10:00,6,5,7,7,"PASSE INCOMPLETE",0,2,0,2,3,0,-1,0,1,210
"FR-1-H_32_91_5865_3","FR-1-H_32_91_5865","FR_CRMHB_35510","FR_DHBGL_59140","FR_DHBGL_59140",17:01:00,20:03:00,7,8,8,10,"TIR DIFFICILE",1,2,0,1,4,1,1,2,1,182
"FR-1-H_32_91_5865_4","FR-1-H_32_91_5865","FR_CRMHB_35510","FR_DHBGL_59140","FR_DHBGL_59140",21:09:00,23:09:00,8,11,9,12,"TIR DIFFICILE",2,1,0,1,2,0,3,3,0,120
"FR-1-H_32_91_5865_5","FR-1-H_32_91_5865","FR_CRMHB_35510","FR_DHBGL_59140","FR_CRMHB_35510",23:09:00,27:37:00,9,12,11,13,"TIR CONTRÉ",2,1,2,0,7,0,-3,-2,1,268
"FR-1-H_32_91_5865_6","FR-1-H_32_91_5865","FR_CRMHB_35510","FR_DHBGL_59140","FR_CRMHB_35510",27:49:00,30:33:00,12,13,13,14,"ARRÊT",0,2,0,1,3,0,-1,-1,0,164
"FR-1-H_32_91_5865_7","FR-1-H_32_91_5865","FR_CRMHB_35510","FR_DHBGL_59140","FR_DHBGL_59140",34:52:00,38:32:00,16,17,17,19,"ARRÊT",1,3,0,1,5,0,1,2,1,220
"FR-1-H_32_91_5865_8","FR-1-H_32_91_5865","FR_CRMHB_35510","FR_DHBGL_59140","FR_DHBGL_59140",42:13:00,45:07:00,18,21,19,23,"2 MINUTES",1,2,0,1,2,1,3,4,1,174
"FR-1-H_32_91_5865_9","FR-1-H_32_91_5865","FR_CRMHB_35510","FR_DHBGL_59140","FR_DHBGL_59140",46:13:00,53:51:00,19,24,20,28,"TIR DIFFICILE",4,4,0,3,12,1,5,8,3,458
"FR-1-H_32_91_5866_1","FR-1-H_32_91_5866","FR_USIHB_94200","FR_USCHB_94000","FR_USCHB_94000",05:10:00,09:05:00,2,2,3,3,"ARRÊT",1,0,1,1,7,1,0,0,0,235
"FR-1-H_32_91_5866_10","FR-1-H_32_91_5866","FR_USIHB_94200","FR_USCHB_94000","FR_USCHB_94000",50:36:00,56:52:00,22,24,23,26,"TIR DIFFICILE",3,2,2,1,9,0,2,3,1,376
"FR-1-H_32_91_5866_2","FR-1-H_32_91_5866","FR_USIHB_94200","FR_USCHB_94000","FR_USCHB_94000",10:28:00,14:14:00,4,5,5,7,"JEU PASSIF",4,3,0,0,1,1,1,2,1,226
"FR-1-H_32_91_5866_3","FR-1-H_32_91_5866","FR_USIHB_94200","FR_USCHB_94000","FR_USIHB_94200",14:14:00,21:56:00,5,7,8,8,"TIR CONTRÉ",2,1,2,1,9,1,-2,0,2,462
"FR-1-H_32_91_5866_4","FR-1-H_32_91_5866","FR_USIHB_94200","FR_USCHB_94000","FR_USCHB_94000",27:22:00,28:33:00,10,10,11,11,"TIR DIFFICILE",1,1,0,0,0,0,0,0,0,71
"FR-1-H_32_91_5866_5","FR-1-H_32_91_5866","FR_USIHB_94200","FR_USCHB_94000","FR_USCHB_94000",29:05:00,34:58:00,11,12,12,15,"PASSAGE EN FORCE",3,3,0,1,6,0,1,3,2,353
"FR-1-H_32_91_5866_6","FR-1-H_32_91_5866","FR_USIHB_94200","FR_USCHB_94000","FR_USCHB_94000",39:49:00,41:13:00,15,19,16,20,"PASSE INCOMPLETE",0,1,1,0,2,0,4,4,0,84
"FR-1-H_32_91_5866_7","FR-1-H_32_91_5866","FR_USIHB_94200","FR_USCHB_94000","FR_USIHB_94200",41:13:00,42:41:00,16,20,17,21,"ARRÊT",1,1,0,0,1,0,-4,-4,0,88
"FR-1-H_32_91_5866_8","FR-1-H_32_91_5866","FR_USIHB_94200","FR_USCHB_94000","FR_USIHB_94200",43:23:00,47:10:00,18,21,21,22,"PASSE INCOMPLETE",3,3,0,1,4,0,-3,-1,2,227
"FR-1-H_32_91_5866_9","FR-1-H_32_91_5866","FR_USIHB_94200","FR_USCHB_94000","FR_USCHB_94000",47:10:00,49:26:00,21,22,22,23,"ARRÊT",2,1,0,0,3,1,1,1,0,136
"FR-1-H_32_91_5867_10","FR-1-H_32_91_5867","FR_MHB_34000","FR_USAMNG_30918","FR_USAMNG_30918",32:20:00,36:25:00,17,16,18,18,"TIR DIFFICILE",1,2,1,2,7,1,-1,0,1,245
"FR-1-H_32_91_5867_11","FR-1-H_32_91_5867","FR_MHB_34000","FR_USAMNG_30918","FR_USAMNG_30918",37:54:00,41:16:00,18,19,19,20,"ARRÊT",1,1,1,0,7,1,1,1,0,202
"FR-1-H_32_91_5867_12","FR-1-H_32_91_5867","FR_MHB_34000","FR_USAMNG_30918","FR_MHB_34000",41:16:00,42:37:00,19,20,20,21,"ARRÊT",1,1,0,0,0,0,-1,-1,0,81
"FR-1-H_32_91_5867_13","FR-1-H_32_91_5867","FR_MHB_34000","FR_USAMNG_30918","FR_USAMNG_30918",43:51:00,45:04:00,21,22,22,23,"TEMPS MORT",1,1,0,0,0,1,1,1,0,73
"FR-1-H_32_91_5867_14","FR-1-H_32_91_5867","FR_MHB_34000","FR_USAMNG_30918","FR_MHB_34000",45:04:00,49:46:00,22,23,23,24,"PASSE INCOMPLETE",2,1,3,1,7,2,-1,-1,0,282
"FR-1-H_32_91_5867_15","FR-1-H_32_91_5867","FR_MHB_34000","FR_USAMNG_30918","FR_USAMNG_30918",53:08:00,55:19:00,25,26,26,27,"TIR DIFFICILE",0,1,0,1,4,0,1,1,0,131
"FR-1-H_32_91_5867_16","FR-1-H_32_91_5867","FR_MHB_34000","FR_USAMNG_30918","FR_MHB_34000",55:19:00,58:35:00,26,27,27,28,"ARRÊT",1,0,0,0,7,0,-1,-1,0,196
"FR-1-H_32_91_5867_2","FR-1-H_32_91_5867","FR_MHB_34000","FR_USAMNG_30918","FR_MHB_34000",04:41:00,07:05:00,2,3,3,4,"CARTON JAUNE",1,1,1,0,5,0,-1,-1,0,144
"FR-1-H_32_91_5867_3","FR-1-H_32_91_5867","FR_MHB_34000","FR_USAMNG_30918","FR_MHB_34000",07:14:00,09:11:00,4,4,6,5,"ARRÊT",2,2,0,0,1,0,0,1,1,117
"FR-1-H_32_91_5867_4","FR-1-H_32_91_5867","FR_MHB_34000","FR_USAMNG_30918","FR_USAMNG_30918",09:11:00,11:25:00,6,5,7,6,"CARTON JAUNE",1,1,0,0,4,0,-1,-1,0,134
"FR-1-H_32_91_5867_5","FR-1-H_32_91_5867","FR_MHB_34000","FR_USAMNG_30918","FR_USAMNG_30918",16:00:00,18:05:00,9,9,10,10,"2 MINUTES",0,1,0,1,2,0,0,0,0,125
"FR-1-H_32_91_5867_6","FR-1-H_32_91_5867","FR_MHB_34000","FR_USAMNG_30918","FR_MHB_34000",18:05:00,22:31:00,10,10,11,11,"TIR CONTRÉ",1,1,1,0,6,0,0,0,0,266
"FR-1-H_32_91_5867_7","FR-1-H_32_91_5867","FR_MHB_34000","FR_USAMNG_30918","FR_USAMNG_30918",22:31:00,24:48:00,11,11,12,12,"2 MINUTES",2,1,0,0,2,0,0,0,0,137
"FR-1-H_32_91_5867_8","FR-1-H_32_91_5867","FR_MHB_34000","FR_USAMNG_30918","FR_MHB_34000",25:51:00,28:20:00,13,13,14,14,"TIR DIFFICILE",2,1,1,0,4,0,0,0,0,149
"FR-1-H_32_91_5867_9","FR-1-H_32_91_5867","FR_MHB_34000","FR_USAMNG_30918","FR_MHB_34000",30:40:00,32:20:00,16,15,17,16,"TIR DIFFICILE",1,1,1,0,3,1,1,1,0,100
"FR-1-H_32_91_5868_1","FR-1-H_32_91_5868","FR_HBCN_44200","FR_LHB_87000","FR_HBCN_44200",04:01:00,06:45:00,2,1,3,2,"POTEAU",1,1,2,0,4,2,1,1,0,164
"FR-1-H_32_91_5868_10","FR-1-H_32_91_5868","FR_HBCN_44200","FR_LHB_87000","FR_HBCN_44200",44:17:00,46:47:00,26,18,28,19,"POTEAU",1,1,1,0,1,0,8,9,1,150
"FR-1-H_32_91_5868_11","FR-1-H_32_91_5868","FR_HBCN_44200","FR_LHB_87000","FR_LHB_87000",46:47:00,49:02:00,28,19,29,20,"ARRÊT",3,1,0,1,3,1,-9,-9,0,135
"FR-1-H_32_91_5868_12","FR-1-H_32_91_5868","FR_HBCN_44200","FR_LHB_87000","FR_HBCN_44200",49:02:00,50:56:00,29,20,30,21,"TIR CONTRÉ",1,0,1,0,2,0,9,9,0,114
"FR-1-H_32_91_5868_13","FR-1-H_32_91_5868","FR_HBCN_44200","FR_LHB_87000","FR_HBCN_44200",51:40:00,57:26:00,31,21,37,22,"ARRÊT",6,1,2,0,4,2,10,15,5,346
"FR-1-H_32_91_5868_2","FR-1-H_32_91_5868","FR_HBCN_44200","FR_LHB_87000","FR_HBCN_44200",08:32:00,10:14:00,5,3,6,4,"TIR DIFFICILE",1,1,0,0,1,1,2,2,0,102
"FR-1-H_32_91_5868_3","FR-1-H_32_91_5868","FR_HBCN_44200","FR_LHB_87000","FR_LHB_87000",11:05:00,11:48:00,7,5,8,6,"TIR DIFFICILE",1,1,0,0,0,1,-2,-2,0,43
"FR-1-H_32_91_5868_4","FR-1-H_32_91_5868","FR_HBCN_44200","FR_LHB_87000","FR_HBCN_44200",14:59:00,18:25:00,9,7,11,8,"FAUTE OFFENSIVE",3,1,1,1,5,0,2,3,1,206
"FR-1-H_32_91_5868_5","FR-1-H_32_91_5868","FR_HBCN_44200","FR_LHB_87000","FR_HBCN_44200",19:35:00,22:04:00,12,8,13,9,"POTEAU",0,1,1,1,4,0,4,4,0,149
"FR-1-H_32_91_5868_6","FR-1-H_32_91_5868","FR_HBCN_44200","FR_LHB_87000","FR_HBCN_44200",26:29:00,28:22:00,15,10,16,11,"TEMPS MORT",1,1,1,1,4,0,5,5,0,113
"FR-1-H_32_91_5868_7","FR-1-H_32_91_5868","FR_HBCN_44200","FR_LHB_87000","FR_HBCN_44200",32:20:00,33:50:00,19,13,20,14,"ARRÊT",1,1,1,1,2,1,6,6,0,90
"FR-1-H_32_91_5868_8","FR-1-H_32_91_5868","FR_HBCN_44200","FR_LHB_87000","FR_HBCN_44200",34:37:00,36:58:00,21,14,23,15,"PASSE INCOMPLETE",2,2,1,0,2,0,7,8,1,141
"FR-1-H_32_91_5868_9","FR-1-H_32_91_5868","FR_HBCN_44200","FR_LHB_87000","FR_LHB_87000",38:08:00,40:15:00,24,16,25,17,"TIR DIFFICILE",2,2,0,1,2,0,-8,-8,0,127
"FR-1-H_32_91_5869_1","FR-1-H_32_91_5869","FR_SRVHB_83700","FR_CSMBHB_73000","FR_SRVHB_83700",00:52:00,06:42:00,1,0,3,1,"PASSE INCOMPLETE",2,1,2,2,11,1,1,2,1,350
"FR-1-H_32_91_5869_10","FR-1-H_32_91_5869","FR_SRVHB_83700","FR_CSMBHB_73000","FR_CSMBHB_73000",39:14:00,41:00:00,18,13,19,14,"TIR DIFFICILE",1,1,0,0,2,0,-5,-5,0,106
"FR-1-H_32_91_5869_11","FR-1-H_32_91_5869","FR_SRVHB_83700","FR_CSMBHB_73000","FR_CSMBHB_73000",42:09:00,45:42:00,19,15,20,17,"2 MINUTES",2,2,1,2,5,0,-4,-3,1,213
"FR-1-H_32_91_5869_12","FR-1-H_32_91_5869","FR_SRVHB_83700","FR_CSMBHB_73000","FR_CSMBHB_73000",46:36:00,47:57:00,20,18,21,19,"PASSE INCOMPLETE",1,0,0,1,1,0,-2,-2,0,81
"FR-1-H_32_91_5869_13","FR-1-H_32_91_5869","FR_SRVHB_83700","FR_CSMBHB_73000","FR_CSMBHB_73000",51:19:00,53:49:00,22,21,23,23,"PASSE INCOMPLETE",1,2,0,0,3,1,-1,0,1,150
"FR-1-H_32_91_5869_14","FR-1-H_32_91_5869","FR_SRVHB_83700","FR_CSMBHB_73000","FR_SRVHB_83700",53:49:00,56:45:00,23,23,24,24,"PASSAGE EN FORCE",1,0,1,0,5,1,0,0,0,176
"FR-1-H_32_91_5869_2","FR-1-H_32_91_5869","FR_SRVHB_83700","FR_CSMBHB_73000","FR_CSMBHB_73000",08:09:00,11:02:00,4,2,5,3,"ARRÊT",1,1,1,0,5,0,-2,-2,0,173
"FR-1-H_32_91_5869_3","FR-1-H_32_91_5869","FR_SRVHB_83700","FR_CSMBHB_73000","FR_SRVHB_83700",11:02:00,16:16:00,5,3,7,4,"ARRÊT",3,2,1,0,11,2,2,3,1,314
"FR-1-H_32_91_5869_4","FR-1-H_32_91_5869","FR_SRVHB_83700","FR_CSMBHB_73000","FR_CSMBHB_73000",16:16:00,18:41:00,7,4,8,5,"BALLON SORTI",2,2,0,0,3,0,-3,-3,0,145
"FR-1-H_32_91_5869_5","FR-1-H_32_91_5869","FR_SRVHB_83700","FR_CSMBHB_73000","FR_SRVHB_83700",20:13:00,22:38:00,9,6,10,7,"TIR DIFFICILE",1,1,0,0,4,0,3,3,0,145
"FR-1-H_32_91_5869_6","FR-1-H_32_91_5869","FR_SRVHB_83700","FR_CSMBHB_73000","FR_SRVHB_83700",23:02:00,24:59:00,11,7,12,8,"POTEAU",1,1,1,0,2,1,4,4,0,117
"FR-1-H_32_91_5869_7","FR-1-H_32_91_5869","FR_SRVHB_83700","FR_CSMBHB_73000","FR_CSMBHB_73000",24:59:00,28:12:00,12,8,13,9,"TIR DIFFICILE",1,1,1,1,4,1,-4,-4,0,193
"FR-1-H_32_91_5869_8","FR-1-H_32_91_5869","FR_SRVHB_83700","FR_CSMBHB_73000","FR_SRVHB_83700",29:07:00,35:07:00,14,10,15,11,"PASSE INCOMPLETE",1,3,2,1,7,1,4,4,0,360
"FR-1-H_32_91_5869_9","FR-1-H_32_91_5869","FR_SRVHB_83700","FR_CSMBHB_73000","FR_SRVHB_83700",36:56:00,39:14:00,17,12,18,13,"TIR DIFFICILE",3,1,1,2,5,2,5,5,0,138
"FR-1-H_32_91_5870_1","FR-1-H_32_91_5870","FR_FTHB_31000","FR_CCMHB_28000","FR_CCMHB_28000",04:33:00,05:51:00,2,2,3,3,"ARRÊT",1,1,0,0,0,0,0,0,0,78
"FR-1-H_32_91_5870_10","FR-1-H_32_91_5870","FR_FTHB_31000","FR_CCMHB_28000","FR_CCMHB_28000",54:33:00,59:02:00,23,21,24,22,"TIR DIFFICILE",1,0,1,4,10,0,-2,-2,0,269
"FR-1-H_32_91_5870_2","FR-1-H_32_91_5870","FR_FTHB_31000","FR_CCMHB_28000","FR_FTHB_31000",06:59:00,10:30:00,4,4,6,5,"TIR CONTRÉ",2,2,0,0,3,2,0,1,1,211
"FR-1-H_32_91_5870_3","FR-1-H_32_91_5870","FR_FTHB_31000","FR_CCMHB_28000","FR_FTHB_31000",11:09:00,15:21:00,7,5,8,6,"TIR DIFFICILE",1,1,2,1,6,0,2,2,0,252
"FR-1-H_32_91_5870_4","FR-1-H_32_91_5870","FR_FTHB_31000","FR_CCMHB_28000","FR_CCMHB_28000",15:21:00,17:51:00,8,6,9,7,"TEMPS MORT",2,1,0,0,2,1,-2,-2,0,150
"FR-1-H_32_91_5870_5","FR-1-H_32_91_5870","FR_FTHB_31000","FR_CCMHB_28000","FR_CCMHB_28000",21:30:00,27:03:00,10,9,11,11,"TIR DIFFICILE",1,4,2,2,8,2,-1,0,1,333
"FR-1-H_32_91_5870_6","FR-1-H_32_91_5870","FR_FTHB_31000","FR_CCMHB_28000","FR_FTHB_31000",27:03:00,31:21:00,11,11,13,12,"ARRÊT",2,2,0,1,6,0,0,1,1,258
"FR-1-H_32_91_5870_7","FR-1-H_32_91_5870","FR_FTHB_31000","FR_CCMHB_28000","FR_FTHB_31000",31:54:00,33:49:00,14,12,15,13,"PASSE INCOMPLETE",1,1,1,0,2,0,2,2,0,115
"FR-1-H_32_91_5870_8","FR-1-H_32_91_5870","FR_FTHB_31000","FR_CCMHB_28000","FR_CCMHB_28000",40:18:00,42:44:00,18,16,19,17,"CARTON ROUGE",2,1,1,0,1,0,-2,-2,0,146
"FR-1-H_32_91_5870_9","FR-1-H_32_91_5870","FR_FTHB_31000","FR_CCMHB_28000","FR_FTHB_31000",49:38:00,54:33:00,22,20,23,21,"2 MINUTES",0,1,2,1,6,1,2,2,0,295
"FR-1-H_32_91_5871_1","FR-1-H_32_91_5871","FR_TFHB_93290","FR_IPHB_13806","FR_TFHB_93290",03:06:00,07:20:00,2,1,3,2,"ARRÊT",1,1,3,2,9,0,1,1,0,254
"FR-1-H_32_91_5871_10","FR-1-H_32_91_5871","FR_TFHB_93290","FR_IPHB_13806","FR_IPHB_13806",46:16:00,48:08:00,22,21,23,22,"ARRÊT",1,1,0,1,2,0,-1,-1,0,112
"FR-1-H_32_91_5871_11","FR-1-H_32_91_5871","FR_TFHB_93290","FR_IPHB_13806","FR_IPHB_13806",48:18:00,51:05:00,23,23,24,24,"ARRÊT",2,1,1,1,4,0,0,0,0,167
"FR-1-H_32_91_5871_12","FR-1-H_32_91_5871","FR_TFHB_93290","FR_IPHB_13806","FR_TFHB_93290",51:05:00,54:04:00,24,24,25,25,"ARRÊT",1,2,1,1,5,0,0,0,0,179
"FR-1-H_32_91_5871_13","FR-1-H_32_91_5871","FR_TFHB_93290","FR_IPHB_13806","FR_IPHB_13806",54:04:00,56:37:00,25,25,26,26,"TEMPS MORT",1,1,0,0,4,0,0,0,0,153
"FR-1-H_32_91_5871_2","FR-1-H_32_91_5871","FR_TFHB_93290","FR_IPHB_13806","FR_IPHB_13806",07:20:00,11:19:00,3,2,4,5,"ARRÊT",1,3,0,2,5,1,-1,1,2,239
"FR-1-H_32_91_5871_3","FR-1-H_32_91_5871","FR_TFHB_93290","FR_IPHB_13806","FR_TFHB_93290",11:19:00,12:35:00,4,5,5,6,"TIR DIFFICILE",1,1,0,0,0,0,-1,-1,0,76
"FR-1-H_32_91_5871_4","FR-1-H_32_91_5871","FR_TFHB_93290","FR_IPHB_13806","FR_IPHB_13806",12:35:00,14:46:00,5,6,6,7,"ARRÊT",2,1,0,0,3,1,1,1,0,131
"FR-1-H_32_91_5871_5","FR-1-H_32_91_5871","FR_TFHB_93290","FR_IPHB_13806","FR_TFHB_93290",23:15:00,25:14:00,10,11,11,12,"INTERCEPTION",1,1,0,0,2,0,-1,-1,0,119
"FR-1-H_32_91_5871_6","FR-1-H_32_91_5871","FR_TFHB_93290","FR_IPHB_13806","FR_TFHB_93290",31:20:00,33:08:00,15,15,16,16,"PASSE INCOMPLETE",1,2,0,0,1,0,0,0,0,108
"FR-1-H_32_91_5871_7","FR-1-H_32_91_5871","FR_TFHB_93290","FR_IPHB_13806","FR_TFHB_93290",36:15:00,38:35:00,17,16,18,17,"JEU PASSIF",1,0,0,0,3,0,1,1,0,140
"FR-1-H_32_91_5871_8","FR-1-H_32_91_5871","FR_TFHB_93290","FR_IPHB_13806","FR_TFHB_93290",39:11:00,41:31:00,19,17,20,18,"PASSAGE EN FORCE",2,1,1,0,3,0,2,2,0,140
"FR-1-H_32_91_5871_9","FR-1-H_32_91_5871","FR_TFHB_93290","FR_IPHB_13806","FR_IPHB_13806",43:22:00,46:07:00,21,19,22,20,"CONTRE",1,0,0,1,4,1,-2,-2,0,165
"FR-1-H_32_92_5872_1","FR-1-H_32_92_5872","FR_CSMBHB_73000","FR_CRMHB_35510","FR_CRMHB_35510",03:51:00,07:01:00,2,2,3,3,"POTEAU",2,1,2,1,4,0,0,0,0,190
"FR-1-H_32_92_5872_10","FR-1-H_32_92_5872","FR_CSMBHB_73000","FR_CRMHB_35510","FR_CRMHB_35510",31:06:00,34:23:00,16,15,17,16,"TIR DIFFICILE",1,1,1,1,7,0,-1,-1,0,197
"FR-1-H_32_92_5872_11","FR-1-H_32_92_5872","FR_CSMBHB_73000","FR_CRMHB_35510","FR_CSMBHB_73000",37:34:00,39:11:00,19,18,20,19,"TIR CONTRÉ",1,1,1,0,1,0,1,1,0,97
"FR-1-H_32_92_5872_12","FR-1-H_32_92_5872","FR_CSMBHB_73000","FR_CRMHB_35510","FR_CSMBHB_73000",39:34:00,40:56:00,21,19,22,20,"2 MINUTES",1,1,0,0,1,0,2,2,0,82
"FR-1-H_32_92_5872_13","FR-1-H_32_92_5872","FR_CSMBHB_73000","FR_CRMHB_35510","FR_CSMBHB_73000",41:40:00,44:56:00,23,20,24,21,"TIR DIFFICILE",1,2,0,1,4,0,3,3,0,196
"FR-1-H_32_92_5872_14","FR-1-H_32_92_5872","FR_CSMBHB_73000","FR_CRMHB_35510","FR_CRMHB_35510",46:27:00,50:06:00,25,22,26,23,"INTERCEPTION",2,2,1,1,7,0,-3,-3,0,219
"FR-1-H_32_92_5872_15","FR-1-H_32_92_5872","FR_CSMBHB_73000","FR_CRMHB_35510","FR_CSMBHB_73000",50:06:00,52:56:00,26,23,27,24,"2 MINUTES",1,1,2,1,3,1,3,3,0,170
"FR-1-H_32_92_5872_16","FR-1-H_32_92_5872","FR_CSMBHB_73000","FR_CRMHB_35510","FR_CRMHB_35510",53:54:00,60:00:00,28,25,NA,NA,"TIR DIFFICILE",0,3,0,3,12,1,-3,NA,NA,366
"FR-1-H_32_92_5872_2","FR-1-H_32_92_5872","FR_CSMBHB_73000","FR_CRMHB_35510","FR_CSMBHB_73000",08:43:00,11:46:00,4,4,5,5,"PASSE INCOMPLETE",3,1,0,1,3,1,0,0,0,183
"FR-1-H_32_92_5872_3","FR-1-H_32_92_5872","FR_CSMBHB_73000","FR_CRMHB_35510","FR_CRMHB_35510",11:46:00,13:15:00,5,5,6,6,"HORS CADRE",1,1,0,0,1,0,0,0,0,89
"FR-1-H_32_92_5872_4","FR-1-H_32_92_5872","FR_CSMBHB_73000","FR_CRMHB_35510","FR_CSMBHB_73000",13:15:00,15:41:00,6,6,7,7,"CARTON JAUNE",1,1,0,0,2,0,0,0,0,146
"FR-1-H_32_92_5872_5","FR-1-H_32_92_5872","FR_CSMBHB_73000","FR_CRMHB_35510","FR_CRMHB_35510",15:41:00,17:02:00,7,7,8,8,"PASSE INCOMPLETE",1,1,0,0,1,1,0,0,0,81
"FR-1-H_32_92_5872_6","FR-1-H_32_92_5872","FR_CSMBHB_73000","FR_CRMHB_35510","FR_CRMHB_35510",19:42:00,21:03:00,9,10,10,11,"ARRÊT",1,1,0,1,3,1,1,1,0,81
"FR-1-H_32_92_5872_7","FR-1-H_32_92_5872","FR_CSMBHB_73000","FR_CRMHB_35510","FR_CSMBHB_73000",21:03:00,22:46:00,10,11,11,12,"TIR DIFFICILE",2,1,1,0,1,0,-1,-1,0,103
"FR-1-H_32_92_5872_8","FR-1-H_32_92_5872","FR_CSMBHB_73000","FR_CRMHB_35510","FR_CSMBHB_73000",23:02:00,27:07:00,12,12,15,13,"TIR DIFFICILE",3,0,0,1,8,1,0,2,2,245
"FR-1-H_32_92_5872_9","FR-1-H_32_92_5872","FR_CSMBHB_73000","FR_CRMHB_35510","FR_CRMHB_35510",27:07:00,29:55:00,15,13,16,14,"ARRÊT",1,2,0,1,5,0,-2,-2,0,168
"FR-1-H_32_92_5873_1","FR-1-H_32_92_5873","FR_CCMHB_28000","FR_TFHB_93290","FR_CCMHB_28000",02:53:00,05:13:00,3,1,5,2,"ARRÊT",1,1,0,0,1,0,2,3,1,140
"FR-1-H_32_92_5873_10","FR-1-H_32_92_5873","FR_CCMHB_28000","FR_TFHB_93290","FR_CCMHB_28000",43:12:00,45:42:00,27,18,28,19,"PASSE INCOMPLETE",1,2,0,1,2,0,9,9,0,150
"FR-1-H_32_92_5873_11","FR-1-H_32_92_5873","FR_CCMHB_28000","FR_TFHB_93290","FR_TFHB_93290",47:25:00,50:47:00,29,20,30,23,"TIR DIFFICILE",2,3,0,1,3,1,-9,-7,2,202
"FR-1-H_32_92_5873_12","FR-1-H_32_92_5873","FR_CCMHB_28000","FR_TFHB_93290","FR_CCMHB_28000",50:47:00,53:13:00,30,23,31,24,"TIR DIFFICILE",1,1,0,0,3,1,7,7,0,146
"FR-1-H_32_92_5873_13","FR-1-H_32_92_5873","FR_CCMHB_28000","FR_TFHB_93290","FR_TFHB_93290",54:48:00,57:26:00,32,25,33,27,"ARRÊT",1,2,1,0,5,1,-7,-6,1,158
"FR-1-H_32_92_5873_2","FR-1-H_32_92_5873","FR_CCMHB_28000","FR_TFHB_93290","FR_TFHB_93290",06:25:00,08:22:00,5,3,6,4,"TIR DIFFICILE",2,1,0,0,1,0,-2,-2,0,117
"FR-1-H_32_92_5873_3","FR-1-H_32_92_5873","FR_CCMHB_28000","FR_TFHB_93290","FR_CCMHB_28000",08:22:00,10:49:00,6,4,7,5,"POTEAU",1,1,1,0,4,2,2,2,0,147
"FR-1-H_32_92_5873_4","FR-1-H_32_92_5873","FR_CCMHB_28000","FR_TFHB_93290","FR_TFHB_93290",11:41:00,14:31:00,8,6,9,7,"2 MINUTES",1,0,0,1,4,0,-2,-2,0,170
"FR-1-H_32_92_5873_5","FR-1-H_32_92_5873","FR_CCMHB_28000","FR_TFHB_93290","FR_CCMHB_28000",17:33:00,21:25:00,11,9,13,10,"2 MINUTES",1,2,1,0,4,1,2,3,1,232
"FR-1-H_32_92_5873_6","FR-1-H_32_92_5873","FR_CCMHB_28000","FR_TFHB_93290","FR_CCMHB_28000",22:01:00,23:48:00,14,10,15,11,"POTEAU",1,1,0,0,1,1,4,4,0,107
"FR-1-H_32_92_5873_7","FR-1-H_32_92_5873","FR_CCMHB_28000","FR_TFHB_93290","FR_CCMHB_28000",30:34:00,32:54:00,18,13,20,14,"INTERCEPTION",2,2,0,0,1,0,5,6,1,140
"FR-1-H_32_92_5873_8","FR-1-H_32_92_5873","FR_CCMHB_28000","FR_TFHB_93290","FR_CCMHB_28000",34:33:00,38:26:00,22,15,23,16,"PASSE INCOMPLETE",2,1,0,1,7,1,7,7,0,233
"FR-1-H_32_92_5873_9","FR-1-H_32_92_5873","FR_CCMHB_28000","FR_TFHB_93290","FR_CCMHB_28000",38:58:00,40:32:00,24,16,25,17,"HORS CADRE",1,1,1,0,1,0,8,8,0,94
"FR-1-H_32_92_5874_1","FR-1-H_32_92_5874","FR_USCHB_94000","FR_HBCN_44200","FR_HBCN_44200",01:14:00,04:11:00,0,1,1,2,"ARRÊT",1,1,1,2,5,1,1,1,0,177
"FR-1-H_32_92_5874_10","FR-1-H_32_92_5874","FR_USCHB_94000","FR_HBCN_44200","FR_HBCN_44200",47:44:00,52:37:00,18,29,19,30,"ZONE",3,1,2,4,10,1,11,11,0,293
"FR-1-H_32_92_5874_11","FR-1-H_32_92_5874","FR_USCHB_94000","FR_HBCN_44200","FR_HBCN_44200",54:32:00,55:52:00,20,32,21,33,"HORS CADRE",1,1,0,0,1,0,12,12,0,80
"FR-1-H_32_92_5874_12","FR-1-H_32_92_5874","FR_USCHB_94000","FR_HBCN_44200","FR_HBCN_44200",56:26:00,58:19:00,21,34,22,36,"TIR DIFFICILE",1,2,0,0,2,2,13,14,1,113
"FR-1-H_32_92_5874_2","FR-1-H_32_92_5874","FR_USCHB_94000","FR_HBCN_44200","FR_HBCN_44200",04:40:00,09:45:00,1,3,2,7,"ARRÊT",1,4,1,1,8,1,2,5,3,305
"FR-1-H_32_92_5874_3","FR-1-H_32_92_5874","FR_USCHB_94000","FR_HBCN_44200","FR_USCHB_94000",09:45:00,11:22:00,2,7,3,8,"ARRÊT",1,2,0,0,2,1,-5,-5,0,97
"FR-1-H_32_92_5874_4","FR-1-H_32_92_5874","FR_USCHB_94000","FR_HBCN_44200","FR_HBCN_44200",11:22:00,24:32:00,3,8,4,15,"TIR DIFFICILE",5,7,5,6,20,3,5,11,6,790
"FR-1-H_32_92_5874_5","FR-1-H_32_92_5874","FR_USCHB_94000","FR_HBCN_44200","FR_USCHB_94000",28:45:00,30:30:00,7,18,9,19,"ARRÊT",2,1,1,0,1,2,-11,-10,1,105
"FR-1-H_32_92_5874_6","FR-1-H_32_92_5874","FR_USCHB_94000","FR_HBCN_44200","FR_HBCN_44200",30:30:00,31:51:00,9,19,10,20,"TIR DIFFICILE",2,1,0,0,0,1,10,10,0,81
"FR-1-H_32_92_5874_7","FR-1-H_32_92_5874","FR_USCHB_94000","FR_HBCN_44200","FR_USCHB_94000",31:51:00,32:49:00,10,20,11,21,"TIR DIFFICILE",1,1,1,0,1,0,-10,-10,0,58
"FR-1-H_32_92_5874_8","FR-1-H_32_92_5874","FR_USCHB_94000","FR_HBCN_44200","FR_USCHB_94000",32:59:00,34:53:00,12,21,13,22,"TIR DIFFICILE",1,1,1,0,2,0,-9,-9,0,114
"FR-1-H_32_92_5874_9","FR-1-H_32_92_5874","FR_USCHB_94000","FR_HBCN_44200","FR_HBCN_44200",34:53:00,38:17:00,13,22,14,24,"PIED",2,2,1,3,6,1,9,10,1,204
"FR-1-H_32_92_5875_1","FR-1-H_32_92_5875","FR_IPHB_13806","FR_FTHB_31000","FR_FTHB_31000",03:04:00,04:41:00,1,2,2,3,"ARRÊT",1,1,0,1,1,0,1,1,0,97
"FR-1-H_32_92_5875_10","FR-1-H_32_92_5875","FR_IPHB_13806","FR_FTHB_31000","FR_FTHB_31000",46:09:00,51:07:00,20,26,21,28,"TIR DIFFICILE",1,3,1,3,8,0,6,7,1,298
"FR-1-H_32_92_5875_11","FR-1-H_32_92_5875","FR_IPHB_13806","FR_FTHB_31000","FR_FTHB_31000",51:49:00,53:14:00,21,29,22,30,"INTERCEPTION",1,0,0,1,2,0,8,8,0,85
"FR-1-H_32_92_5875_12","FR-1-H_32_92_5875","FR_IPHB_13806","FR_FTHB_31000","FR_FTHB_31000",53:54:00,55:54:00,22,31,23,32,"ARRÊT",2,0,0,1,3,0,9,9,0,120
"FR-1-H_32_92_5875_13","FR-1-H_32_92_5875","FR_IPHB_13806","FR_FTHB_31000","FR_IPHB_13806",55:54:00,59:14:00,23,32,25,33,"ARRÊT",2,1,0,0,5,0,-9,-8,1,200
"FR-1-H_32_92_5875_2","FR-1-H_32_92_5875","FR_IPHB_13806","FR_FTHB_31000","FR_FTHB_31000",04:56:00,06:15:00,2,4,3,5,"TIR DIFFICILE",0,1,0,0,1,0,2,2,0,79
"FR-1-H_32_92_5875_3","FR-1-H_32_92_5875","FR_IPHB_13806","FR_FTHB_31000","FR_IPHB_13806",07:38:00,09:49:00,4,6,5,7,"CARTON JAUNE",1,1,0,0,1,0,-2,-2,0,131
"FR-1-H_32_92_5875_4","FR-1-H_32_92_5875","FR_IPHB_13806","FR_FTHB_31000","FR_FTHB_31000",09:49:00,11:47:00,5,7,6,8,"PIED",2,1,0,2,3,0,2,2,0,118
"FR-1-H_32_92_5875_5","FR-1-H_32_92_5875","FR_IPHB_13806","FR_FTHB_31000","FR_IPHB_13806",11:47:00,13:56:00,6,8,7,9,"ZONE",2,2,0,0,1,0,-2,-2,0,129
"FR-1-H_32_92_5875_6","FR-1-H_32_92_5875","FR_IPHB_13806","FR_FTHB_31000","FR_FTHB_31000",15:41:00,18:19:00,8,10,9,11,"PASSAGE EN FORCE",2,1,0,0,3,1,2,2,0,158
"FR-1-H_32_92_5875_7","FR-1-H_32_92_5875","FR_IPHB_13806","FR_FTHB_31000","FR_FTHB_31000",23:27:00,30:00:00,12,15,13,21,"TIR DIFFICILE",0,6,0,4,13,2,3,8,5,393
"FR-1-H_32_92_5875_8","FR-1-H_32_92_5875","FR_IPHB_13806","FR_FTHB_31000","FR_IPHB_13806",33:13:00,37:48:00,14,22,16,23,"POTEAU",2,1,2,0,5,0,-8,-7,1,275
"FR-1-H_32_92_5875_9","FR-1-H_32_92_5875","FR_IPHB_13806","FR_FTHB_31000","FR_IPHB_13806",41:14:00,43:12:00,18,24,19,25,"2 MINUTES",1,1,0,0,2,0,-6,-6,0,118
"FR-1-H_32_92_5876_1","FR-1-H_32_92_5876","FR_LHB_87000","FR_DHBGL_59140","FR_LHB_87000",05:55:00,08:08:00,2,2,3,3,"ARRÊT",2,1,0,0,1,1,0,0,0,133
"FR-1-H_32_92_5876_10","FR-1-H_32_92_5876","FR_LHB_87000","FR_DHBGL_59140","FR_LHB_87000",46:48:00,49:06:00,20,22,22,23,"PASSE INCOMPLETE",2,1,2,0,3,0,-2,-1,1,138
"FR-1-H_32_92_5876_2","FR-1-H_32_92_5876","FR_LHB_87000","FR_DHBGL_59140","FR_DHBGL_59140",08:08:00,10:10:00,3,3,4,4,"TIR DIFFICILE",1,1,0,1,2,0,0,0,0,122
"FR-1-H_32_92_5876_3","FR-1-H_32_92_5876","FR_LHB_87000","FR_DHBGL_59140","FR_LHB_87000",10:10:00,12:40:00,4,4,5,5,"INTERCEPTION",0,1,0,0,4,0,0,0,0,150
"FR-1-H_32_92_5876_4","FR-1-H_32_92_5876","FR_LHB_87000","FR_DHBGL_59140","FR_DHBGL_59140",14:29:00,16:24:00,6,6,7,8,"ARRÊT",1,2,0,2,4,0,0,1,1,115
"FR-1-H_32_92_5876_5","FR-1-H_32_92_5876","FR_LHB_87000","FR_DHBGL_59140","FR_DHBGL_59140",16:58:00,18:33:00,7,9,8,10,"ARRÊT",1,1,0,0,2,0,2,2,0,95
"FR-1-H_32_92_5876_6","FR-1-H_32_92_5876","FR_LHB_87000","FR_DHBGL_59140","FR_LHB_87000",18:33:00,24:17:00,8,10,11,11,"PASSE INCOMPLETE",3,2,1,0,7,0,-2,0,2,344
"FR-1-H_32_92_5876_7","FR-1-H_32_92_5876","FR_LHB_87000","FR_DHBGL_59140","FR_DHBGL_59140",28:18:00,29:56:00,13,13,14,14,"PASSAGE EN FORCE",1,1,0,1,3,0,0,0,0,98
"FR-1-H_32_92_5876_8","FR-1-H_32_92_5876","FR_LHB_87000","FR_DHBGL_59140","FR_DHBGL_59140",37:46:00,39:21:00,17,18,18,19,"ARRÊT",0,1,0,1,3,0,1,1,0,95
"FR-1-H_32_92_5876_9","FR-1-H_32_92_5876","FR_LHB_87000","FR_DHBGL_59140","FR_DHBGL_59140",39:57:00,43:20:00,18,20,19,21,"ARRÊT",2,2,0,0,7,1,2,2,0,203
"FR-1-H_32_92_5877_10","FR-1-H_32_92_5877","FR_MHB_34000","FR_PAUC_13100","FR_MHB_34000",45:21:00,47:20:00,22,20,23,21,"TIR DIFFICILE",1,1,1,0,2,0,2,2,0,119
"FR-1-H_32_92_5877_11","FR-1-H_32_92_5877","FR_MHB_34000","FR_PAUC_13100","FR_PAUC_13100",52:51:00,55:39:00,25,23,26,24,"TIR DIFFICILE",1,2,0,0,4,0,-2,-2,0,168
"FR-1-H_32_92_5877_2","FR-1-H_32_92_5877","FR_MHB_34000","FR_PAUC_13100","FR_MHB_34000",03:47:00,05:32:00,3,1,4,2,"PASSE INCOMPLETE",2,2,0,0,3,0,2,2,0,105
"FR-1-H_32_92_5877_4","FR-1-H_32_92_5877","FR_MHB_34000","FR_PAUC_13100","FR_MHB_34000",07:24:00,08:54:00,5,3,6,4,"TIR DIFFICILE",2,1,1,0,1,0,2,2,0,90
"FR-1-H_32_92_5877_5","FR-1-H_32_92_5877","FR_MHB_34000","FR_PAUC_13100","FR_PAUC_13100",08:54:00,11:57:00,6,4,7,6,"HORS CADRE",1,2,0,3,4,0,-2,-1,1,183
"FR-1-H_32_92_5877_6","FR-1-H_32_92_5877","FR_MHB_34000","FR_PAUC_13100","FR_MHB_34000",23:06:00,27:01:00,13,12,14,13,"ARRÊT",1,1,1,1,9,0,1,1,0,235
"FR-1-H_32_92_5877_7","FR-1-H_32_92_5877","FR_MHB_34000","FR_PAUC_13100","FR_PAUC_13100",29:30:00,31:10:00,15,14,16,15,"2 MINUTES",2,2,0,0,0,1,-1,-1,0,100
"FR-1-H_32_92_5877_8","FR-1-H_32_92_5877","FR_MHB_34000","FR_PAUC_13100","FR_MHB_34000",31:54:00,36:35:00,17,16,19,17,"POTEAU",4,2,1,0,8,1,1,2,1,281
"FR-1-H_32_92_5877_9","FR-1-H_32_92_5877","FR_MHB_34000","FR_PAUC_13100","FR_PAUC_13100",36:35:00,38:17:00,19,17,20,18,"2 MINUTES",2,1,0,0,1,1,-2,-2,0,102
"FR-1-H_32_92_5878_1","FR-1-H_32_92_5878","FR_USAMNG_30918","FR_USIHB_94200","FR_USAMNG_30918",01:32:00,05:33:00,1,1,2,2,"TIR DIFFICILE",2,1,2,1,7,0,0,0,0,241
"FR-1-H_32_92_5878_10","FR-1-H_32_92_5878","FR_USAMNG_30918","FR_USIHB_94200","FR_USIHB_94200",58:13:00,60:00:00,35,26,NA,NA,"TIR DIFFICILE",1,0,1,0,2,0,-9,NA,NA,107
"FR-1-H_32_92_5878_2","FR-1-H_32_92_5878","FR_USAMNG_30918","FR_USIHB_94200","FR_USAMNG_30918",08:34:00,12:41:00,5,4,7,5,"CARTON JAUNE",3,1,1,0,6,0,1,2,1,247
"FR-1-H_32_92_5878_3","FR-1-H_32_92_5878","FR_USAMNG_30918","FR_USIHB_94200","FR_USAMNG_30918",13:19:00,15:09:00,8,5,9,6,"TIR DIFFICILE",1,2,1,0,1,1,3,3,0,110
"FR-1-H_32_92_5878_4","FR-1-H_32_92_5878","FR_USAMNG_30918","FR_USIHB_94200","FR_USAMNG_30918",15:23:00,17:41:00,10,6,11,7,"TIR DIFFICILE",1,1,0,0,1,1,4,4,0,138
"FR-1-H_32_92_5878_5","FR-1-H_32_92_5878","FR_USAMNG_30918","FR_USIHB_94200","FR_USIHB_94200",22:14:00,23:51:00,14,10,15,11,"PASSE INCOMPLETE",1,1,0,1,1,0,-4,-4,0,97
"FR-1-H_32_92_5878_6","FR-1-H_32_92_5878","FR_USAMNG_30918","FR_USIHB_94200","FR_USAMNG_30918",23:51:00,33:07:00,15,11,20,12,"ARRÊT",5,3,5,0,13,1,4,8,4,556
"FR-1-H_32_92_5878_7","FR-1-H_32_92_5878","FR_USAMNG_30918","FR_USIHB_94200","FR_USAMNG_30918",44:16:00,47:38:00,27,18,29,19,"TIR DIFFICILE",2,2,1,0,6,0,9,10,1,202
"FR-1-H_32_92_5878_8","FR-1-H_32_92_5878","FR_USAMNG_30918","FR_USIHB_94200","FR_USIHB_94200",48:37:00,53:16:00,30,20,31,22,"2 MINUTES",1,1,1,1,5,0,-10,-9,1,279
"FR-1-H_32_92_5878_9","FR-1-H_32_92_5878","FR_USAMNG_30918","FR_USIHB_94200","FR_USAMNG_30918",54:07:00,55:40:00,32,23,33,24,"INTERCEPTION",1,2,0,0,0,0,9,9,0,93
"FR-1-H_32_92_5879_1","FR-1-H_32_92_5879","FR_PSGHB_75016","FR_SRVHB_83700","FR_PSGHB_75016",01:41:00,03:35:00,2,1,3,2,"TIR DIFFICILE",1,1,0,0,1,0,1,1,0,114
"FR-1-H_32_92_5879_10","FR-1-H_32_92_5879","FR_PSGHB_75016","FR_SRVHB_83700","FR_PSGHB_75016",41:18:00,46:27:00,30,25,35,26,"PASSE INCOMPLETE",5,1,1,1,7,0,5,9,4,309
"FR-1-H_32_92_5879_11","FR-1-H_32_92_5879","FR_PSGHB_75016","FR_SRVHB_83700","FR_PSGHB_75016",46:49:00,50:25:00,36,26,37,27,"TIR DIFFICILE",2,2,1,2,8,1,10,10,0,216
"FR-1-H_32_92_5879_12","FR-1-H_32_92_5879","FR_PSGHB_75016","FR_SRVHB_83700","FR_SRVHB_83700",50:25:00,51:41:00,37,27,38,28,"ARRÊT",1,1,0,1,1,0,-10,-10,0,76
"FR-1-H_32_92_5879_13","FR-1-H_32_92_5879","FR_PSGHB_75016","FR_SRVHB_83700","FR_PSGHB_75016",53:21:00,57:49:00,39,29,42,30,"INTERCEPTION",3,3,1,1,5,0,10,12,2,268
"FR-1-H_32_92_5879_14","FR-1-H_32_92_5879","FR_PSGHB_75016","FR_SRVHB_83700","FR_SRVHB_83700",57:49:00,59:09:00,42,30,43,31,"INTERCEPTION",2,1,0,0,0,1,-12,-12,0,80
"FR-1-H_32_92_5879_2","FR-1-H_32_92_5879","FR_PSGHB_75016","FR_SRVHB_83700","FR_SRVHB_83700",07:09:00,10:05:00,5,4,6,6,"POTEAU",0,2,0,1,5,0,-1,0,1,176
"FR-1-H_32_92_5879_3","FR-1-H_32_92_5879","FR_PSGHB_75016","FR_SRVHB_83700","FR_PSGHB_75016",11:04:00,15:40:00,7,7,10,8,"CARTON JAUNE",2,3,1,0,6,0,0,2,2,276
"FR-1-H_32_92_5879_4","FR-1-H_32_92_5879","FR_PSGHB_75016","FR_SRVHB_83700","FR_SRVHB_83700",15:40:00,17:49:00,10,8,11,9,"TEMPS MORT",1,1,0,1,3,0,-2,-2,0,129
"FR-1-H_32_92_5879_5","FR-1-H_32_92_5879","FR_PSGHB_75016","FR_SRVHB_83700","FR_PSGHB_75016",19:15:00,20:23:00,12,10,13,11,"HORS CADRE",1,1,0,0,1,0,2,2,0,68
"FR-1-H_32_92_5879_6","FR-1-H_32_92_5879","FR_PSGHB_75016","FR_SRVHB_83700","FR_PSGHB_75016",21:12:00,22:33:00,15,12,16,13,"INTERCEPTION",1,1,1,0,1,0,3,3,0,81
"FR-1-H_32_92_5879_7","FR-1-H_32_92_5879","FR_PSGHB_75016","FR_SRVHB_83700","FR_SRVHB_83700",23:18:00,27:23:00,17,14,18,16,"PASSE INCOMPLETE",1,5,0,2,6,0,-3,-2,1,245
"FR-1-H_32_92_5879_8","FR-1-H_32_92_5879","FR_PSGHB_75016","FR_SRVHB_83700","FR_PSGHB_75016",31:52:00,33:56:00,21,19,23,20,"TIR CONTRÉ",1,1,1,0,3,0,2,3,1,124
"FR-1-H_32_92_5879_9","FR-1-H_32_92_5879","FR_PSGHB_75016","FR_SRVHB_83700","FR_PSGHB_75016",34:55:00,36:32:00,25,21,26,22,"2 MINUTES",1,2,0,0,2,1,4,4,0,97
"FR-1-H_32_93_5880_1","FR-1-H_32_93_5880","FR_PAUC_13100","FR_LHB_87000","FR_PAUC_13100",02:20:00,04:44:00,1,1,2,2,"PASSE INCOMPLETE",1,1,0,0,3,0,0,0,0,144
"FR-1-H_32_93_5880_10","FR-1-H_32_93_5880","FR_PAUC_13100","FR_LHB_87000","FR_PAUC_13100",54:08:00,56:39:00,24,25,26,26,"ARRÊT",3,1,1,0,2,1,-1,0,1,151
"FR-1-H_32_93_5880_11","FR-1-H_32_93_5880","FR_PAUC_13100","FR_LHB_87000","FR_PAUC_13100",58:29:00,59:57:00,28,27,NA,NA,"2 MINUTES",1,0,0,1,3,1,1,NA,NA,88
"FR-1-H_32_93_5880_2","FR-1-H_32_93_5880","FR_PAUC_13100","FR_LHB_87000","FR_LHB_87000",05:51:00,10:15:00,3,3,4,4,"ARRÊT",2,3,0,3,10,0,0,0,0,264
"FR-1-H_32_93_5880_3","FR-1-H_32_93_5880","FR_PAUC_13100","FR_LHB_87000","FR_LHB_87000",10:56:00,12:38:00,4,5,5,6,"TIR DIFFICILE",2,1,0,0,2,0,1,1,0,102
"FR-1-H_32_93_5880_4","FR-1-H_32_93_5880","FR_PAUC_13100","FR_LHB_87000","FR_PAUC_13100",16:00:00,22:21:00,8,9,12,10,"TIR DIFFICILE",4,1,2,0,9,0,-1,2,3,381
"FR-1-H_32_93_5880_5","FR-1-H_32_93_5880","FR_PAUC_13100","FR_LHB_87000","FR_LHB_87000",25:11:00,27:58:00,13,11,14,13,"PASSE INCOMPLETE",0,2,0,1,5,1,-2,-1,1,167
"FR-1-H_32_93_5880_6","FR-1-H_32_93_5880","FR_PAUC_13100","FR_LHB_87000","FR_PAUC_13100",27:58:00,29:19:00,14,13,15,14,"TEMPS MORT",1,1,1,0,2,0,1,1,0,81
"FR-1-H_32_93_5880_7","FR-1-H_32_93_5880","FR_PAUC_13100","FR_LHB_87000","FR_LHB_87000",32:31:00,37:24:00,17,16,18,19,"HORS CADRE",2,3,0,0,2,1,-1,1,2,293
"FR-1-H_32_93_5880_8","FR-1-H_32_93_5880","FR_PAUC_13100","FR_LHB_87000","FR_PAUC_13100",37:24:00,41:19:00,18,19,20,20,"2 MINUTES",2,1,2,1,5,0,-1,0,1,235
"FR-1-H_32_93_5880_9","FR-1-H_32_93_5880","FR_PAUC_13100","FR_LHB_87000","FR_LHB_87000",41:19:00,46:52:00,20,20,21,22,"ARRÊT",3,3,0,1,6,1,0,1,1,333
"FR-1-H_32_93_5881_10","FR-1-H_32_93_5881","FR_CRMHB_35510","FR_PSGHB_75016","FR_CRMHB_35510",36:51:00,38:17:00,16,22,17,23,"INTERCEPTION",1,2,1,0,2,0,-6,-6,0,86
"FR-1-H_32_93_5881_11","FR-1-H_32_93_5881","FR_CRMHB_35510","FR_PSGHB_75016","FR_PSGHB_75016",38:17:00,41:47:00,17,23,18,25,"TIR CONTRÉ",1,2,1,2,6,1,6,7,1,210
"FR-1-H_32_93_5881_12","FR-1-H_32_93_5881","FR_CRMHB_35510","FR_PSGHB_75016","FR_CRMHB_35510",41:47:00,43:26:00,18,25,19,26,"ARRÊT",1,1,1,0,2,0,-7,-7,0,99
"FR-1-H_32_93_5881_13","FR-1-H_32_93_5881","FR_CRMHB_35510","FR_PSGHB_75016","FR_PSGHB_75016",46:12:00,50:03:00,21,28,22,29,"ZONE",1,1,1,1,6,0,7,7,0,231
"FR-1-H_32_93_5881_14","FR-1-H_32_93_5881","FR_CRMHB_35510","FR_PSGHB_75016","FR_CRMHB_35510",50:03:00,51:20:00,22,29,23,30,"ARRÊT",1,1,1,0,1,1,-7,-7,0,77
"FR-1-H_32_93_5881_15","FR-1-H_32_93_5881","FR_CRMHB_35510","FR_PSGHB_75016","FR_PSGHB_75016",51:20:00,53:16:00,23,30,24,31,"TIR DIFFICILE",1,2,0,2,3,0,7,7,0,116
"FR-1-H_32_93_5881_16","FR-1-H_32_93_5881","FR_CRMHB_35510","FR_PSGHB_75016","FR_CRMHB_35510",53:16:00,56:03:00,24,31,25,32,"ARRÊT",1,3,1,0,3,0,-7,-7,0,167
"FR-1-H_32_93_5881_2","FR-1-H_32_93_5881","FR_CRMHB_35510","FR_PSGHB_75016","FR_CRMHB_35510",04:00:00,06:18:00,3,2,4,3,"CARTON JAUNE",1,1,2,0,4,0,1,1,0,138
"FR-1-H_32_93_5881_3","FR-1-H_32_93_5881","FR_CRMHB_35510","FR_PSGHB_75016","FR_PSGHB_75016",08:49:00,10:21:00,6,5,7,6,"ARRÊT",1,1,0,1,1,2,-1,-1,0,92
"FR-1-H_32_93_5881_4","FR-1-H_32_93_5881","FR_CRMHB_35510","FR_PSGHB_75016","FR_CRMHB_35510",10:21:00,15:11:00,7,6,8,7,"TIR DIFFICILE",3,3,2,1,7,0,1,1,0,290
"FR-1-H_32_93_5881_5","FR-1-H_32_93_5881","FR_CRMHB_35510","FR_PSGHB_75016","FR_PSGHB_75016",15:11:00,17:45:00,8,7,9,9,"ARRÊT",1,2,0,0,3,0,-1,0,1,154
"FR-1-H_32_93_5881_6","FR-1-H_32_93_5881","FR_CRMHB_35510","FR_PSGHB_75016","FR_CRMHB_35510",17:45:00,20:26:00,9,9,10,10,"TEMPS MORT",1,2,0,0,4,0,0,0,0,161
"FR-1-H_32_93_5881_7","FR-1-H_32_93_5881","FR_CRMHB_35510","FR_PSGHB_75016","FR_PSGHB_75016",21:37:00,24:58:00,11,11,12,12,"ARRÊT",3,1,1,0,1,0,0,0,0,201
"FR-1-H_32_93_5881_8","FR-1-H_32_93_5881","FR_CRMHB_35510","FR_PSGHB_75016","FR_PSGHB_75016",26:26:00,33:02:00,13,14,14,19,"PASSE INCOMPLETE",2,6,0,2,7,0,1,5,4,396
"FR-1-H_32_93_5881_9","FR-1-H_32_93_5881","FR_CRMHB_35510","FR_PSGHB_75016","FR_PSGHB_75016",33:12:00,35:57:00,14,20,15,21,"PASSE INCOMPLETE",1,2,0,1,5,0,6,6,0,165
"FR-1-H_32_93_5882_10","FR-1-H_32_93_5882","FR_DHBGL_59140","FR_USCHB_94000","FR_USCHB_94000",44:02:00,45:40:00,26,26,27,27,"2 MINUTES",1,1,0,1,1,0,0,0,0,98
"FR-1-H_32_93_5882_11","FR-1-H_32_93_5882","FR_DHBGL_59140","FR_USCHB_94000","FR_DHBGL_59140",45:40:00,53:21:00,27,27,30,28,"PASSE INCOMPLETE",4,1,4,2,15,1,0,2,2,461
"FR-1-H_32_93_5882_12","FR-1-H_32_93_5882","FR_DHBGL_59140","FR_USCHB_94000","FR_DHBGL_59140",57:22:00,59:56:00,32,29,NA,NA,"TIR DIFFICILE",3,1,1,1,6,0,3,NA,NA,154
"FR-1-H_32_93_5882_2","FR-1-H_32_93_5882","FR_DHBGL_59140","FR_USCHB_94000","FR_USCHB_94000",08:45:00,10:13:00,5,5,6,6,"TIR CONTRÉ",1,1,0,0,1,0,0,0,0,88
"FR-1-H_32_93_5882_3","FR-1-H_32_93_5882","FR_DHBGL_59140","FR_USCHB_94000","FR_USCHB_94000",10:29:00,12:04:00,6,7,7,8,"FAUTE OFFENSIVE",1,1,0,1,3,1,1,1,0,95
"FR-1-H_32_93_5882_4","FR-1-H_32_93_5882","FR_DHBGL_59140","FR_USCHB_94000","FR_DHBGL_59140",14:27:00,16:02:00,8,9,9,10,"ARRÊT",0,1,1,0,2,0,-1,-1,0,95
"FR-1-H_32_93_5882_5","FR-1-H_32_93_5882","FR_DHBGL_59140","FR_USCHB_94000","FR_DHBGL_59140",17:04:00,20:22:00,10,10,12,11,"ARRÊT",1,1,1,0,7,0,0,1,1,198
"FR-1-H_32_93_5882_6","FR-1-H_32_93_5882","FR_DHBGL_59140","FR_USCHB_94000","FR_USCHB_94000",24:20:00,25:53:00,14,13,15,14,"ARRÊT",2,1,0,0,0,1,-1,-1,0,93
"FR-1-H_32_93_5882_7","FR-1-H_32_93_5882","FR_DHBGL_59140","FR_USCHB_94000","FR_USCHB_94000",29:59:00,31:24:00,18,18,19,19,"TIR DIFFICILE",1,1,0,1,2,2,0,0,0,85
"FR-1-H_32_93_5882_8","FR-1-H_32_93_5882","FR_DHBGL_59140","FR_USCHB_94000","FR_DHBGL_59140",32:34:00,35:16:00,20,20,22,21,"TIR DIFFICILE",2,1,2,0,4,0,0,1,1,162
"FR-1-H_32_93_5882_9","FR-1-H_32_93_5882","FR_DHBGL_59140","FR_USCHB_94000","FR_USCHB_94000",36:38:00,39:05:00,23,22,24,23,"TIR DIFFICILE",1,1,1,1,4,1,-1,-1,0,147
"FR-1-H_32_93_5883_1","FR-1-H_32_93_5883","FR_USIHB_94200","FR_CSMBHB_73000","FR_CSMBHB_73000",02:26:00,05:31:00,0,1,1,2,"TIR DIFFICILE",2,2,0,1,3,1,1,1,0,185
"FR-1-H_32_93_5883_10","FR-1-H_32_93_5883","FR_USIHB_94200","FR_CSMBHB_73000","FR_USIHB_94200",45:08:00,46:53:00,21,20,22,21,"ARRÊT",1,1,1,0,4,2,1,1,0,105
"FR-1-H_32_93_5883_11","FR-1-H_32_93_5883","FR_USIHB_94200","FR_CSMBHB_73000","FR_USIHB_94200",51:24:00,53:33:00,25,23,26,24,"ARRÊT",1,1,1,0,4,1,2,2,0,129
"FR-1-H_32_93_5883_12","FR-1-H_32_93_5883","FR_USIHB_94200","FR_CSMBHB_73000","FR_CSMBHB_73000",56:59:00,59:52:00,27,25,NA,NA,"ARRÊT",0,1,2,3,9,1,-2,NA,NA,173
"FR-1-H_32_93_5883_2","FR-1-H_32_93_5883","FR_USIHB_94200","FR_CSMBHB_73000","FR_CSMBHB_73000",06:02:00,08:09:00,1,3,2,4,"TIR DIFFICILE",1,1,1,2,3,0,2,2,0,127
"FR-1-H_32_93_5883_3","FR-1-H_32_93_5883","FR_USIHB_94200","FR_CSMBHB_73000","FR_CSMBHB_73000",08:58:00,12:48:00,2,5,3,6,"TIR DIFFICILE",1,1,1,1,7,1,3,3,0,230
"FR-1-H_32_93_5883_4","FR-1-H_32_93_5883","FR_USIHB_94200","FR_CSMBHB_73000","FR_CSMBHB_73000",13:22:00,15:24:00,3,7,4,8,"ARRÊT",1,1,0,2,3,1,4,4,0,122
"FR-1-H_32_93_5883_5","FR-1-H_32_93_5883","FR_USIHB_94200","FR_CSMBHB_73000","FR_USIHB_94200",15:24:00,16:55:00,4,8,5,9,"TIR DIFFICILE",1,1,0,0,2,0,-4,-4,0,91
"FR-1-H_32_93_5883_6","FR-1-H_32_93_5883","FR_USIHB_94200","FR_CSMBHB_73000","FR_CSMBHB_73000",16:55:00,18:45:00,5,9,6,10,"ARRÊT",1,1,0,1,3,0,4,4,0,110
"FR-1-H_32_93_5883_7","FR-1-H_32_93_5883","FR_USIHB_94200","FR_CSMBHB_73000","FR_USIHB_94200",18:45:00,21:49:00,6,10,8,11,"PASSE INCOMPLETE",3,1,2,0,4,1,-4,-3,1,184
"FR-1-H_32_93_5883_8","FR-1-H_32_93_5883","FR_USIHB_94200","FR_CSMBHB_73000","FR_USIHB_94200",26:00:00,33:18:00,11,13,16,14,"INTERCEPTION",4,2,4,0,12,2,-2,2,4,438
"FR-1-H_32_93_5883_9","FR-1-H_32_93_5883","FR_USIHB_94200","FR_CSMBHB_73000","FR_CSMBHB_73000",35:54:00,41:00:00,18,16,19,18,"TIR DIFFICILE",1,2,0,2,7,1,-2,-1,1,306
"FR-1-H_32_93_5884_1","FR-1-H_32_93_5884","FR_HBCN_44200","FR_CCMHB_28000","FR_HBCN_44200",00:44:00,05:45:00,1,0,4,1,"TIR CONTRÉ",3,1,3,2,6,1,1,3,2,301
"FR-1-H_32_93_5884_10","FR-1-H_32_93_5884","FR_HBCN_44200","FR_CCMHB_28000","FR_HBCN_44200",27:49:00,29:57:00,19,13,20,14,"2 MINUTES",1,1,0,0,0,0,6,6,0,128
"FR-1-H_32_93_5884_11","FR-1-H_32_93_5884","FR_HBCN_44200","FR_CCMHB_28000","FR_HBCN_44200",30:37:00,33:47:00,21,14,22,15,"TEMPS MORT",1,1,3,1,6,0,7,7,0,190
"FR-1-H_32_93_5884_12","FR-1-H_32_93_5884","FR_HBCN_44200","FR_CCMHB_28000","FR_CCMHB_28000",37:34:00,39:30:00,24,17,25,18,"TIR DIFFICILE",1,3,1,1,5,1,-7,-7,0,116
"FR-1-H_32_93_5884_13","FR-1-H_32_93_5884","FR_HBCN_44200","FR_CCMHB_28000","FR_HBCN_44200",42:13:00,46:12:00,26,19,28,20,"TIR CONTRÉ",4,2,4,0,5,1,7,8,1,239
"FR-1-H_32_93_5884_14","FR-1-H_32_93_5884","FR_HBCN_44200","FR_CCMHB_28000","FR_CCMHB_28000",50:25:00,54:41:00,30,22,31,24,"POTEAU",1,2,1,2,8,0,-8,-7,1,256
"FR-1-H_32_93_5884_15","FR-1-H_32_93_5884","FR_HBCN_44200","FR_CCMHB_28000","FR_CCMHB_28000",55:19:00,56:47:00,31,25,32,26,"TIR DIFFICILE",1,1,0,0,2,1,-6,-6,0,88
"FR-1-H_32_93_5884_2","FR-1-H_32_93_5884","FR_HBCN_44200","FR_CCMHB_28000","FR_HBCN_44200",08:55:00,11:02:00,6,2,8,3,"TIR DIFFICILE",2,1,1,0,2,1,4,5,1,127
"FR-1-H_32_93_5884_3","FR-1-H_32_93_5884","FR_HBCN_44200","FR_CCMHB_28000","FR_CCMHB_28000",11:02:00,11:54:00,8,3,9,4,"TIR DIFFICILE",1,1,0,0,0,0,-5,-5,0,52
"FR-1-H_32_93_5884_4","FR-1-H_32_93_5884","FR_HBCN_44200","FR_CCMHB_28000","FR_HBCN_44200",14:18:00,16:47:00,11,6,12,7,"TIR DIFFICILE",1,3,0,0,2,0,5,5,0,149
"FR-1-H_32_93_5884_5","FR-1-H_32_93_5884","FR_HBCN_44200","FR_CCMHB_28000","FR_CCMHB_28000",18:59:00,19:52:00,13,8,14,9,"POTEAU",1,1,0,0,0,1,-5,-5,0,53
"FR-1-H_32_93_5884_6","FR-1-H_32_93_5884","FR_HBCN_44200","FR_CCMHB_28000","FR_HBCN_44200",19:52:00,22:27:00,14,9,16,10,"TIR DIFFICILE",2,2,0,1,3,1,5,6,1,155
"FR-1-H_32_93_5884_7","FR-1-H_32_93_5884","FR_HBCN_44200","FR_CCMHB_28000","FR_CCMHB_28000",22:27:00,23:46:00,16,10,17,11,"TIR DIFFICILE",2,1,0,0,0,0,-6,-6,0,79
"FR-1-H_32_93_5884_8","FR-1-H_32_93_5884","FR_HBCN_44200","FR_CCMHB_28000","FR_HBCN_44200",23:46:00,26:17:00,17,11,18,12,"INTERCEPTION",2,2,0,0,3,0,6,6,0,151
"FR-1-H_32_93_5884_9","FR-1-H_32_93_5884","FR_HBCN_44200","FR_CCMHB_28000","FR_CCMHB_28000",26:17:00,27:49:00,18,12,19,13,"POTEAU",1,1,0,1,2,0,-6,-6,0,92
"FR-1-H_32_93_5885_1","FR-1-H_32_93_5885","FR_SRVHB_83700","FR_IPHB_13806","FR_IPHB_13806",02:37:00,05:55:00,1,1,2,3,"PASSE INCOMPLETE",1,2,1,3,7,2,0,1,1,198
"FR-1-H_32_93_5885_10","FR-1-H_32_93_5885","FR_SRVHB_83700","FR_IPHB_13806","FR_IPHB_13806",43:24:00,46:10:00,19,22,20,25,"TIR DIFFICILE",2,4,0,1,3,1,3,5,2,166
"FR-1-H_32_93_5885_11","FR-1-H_32_93_5885","FR_SRVHB_83700","FR_IPHB_13806","FR_IPHB_13806",46:20:00,48:18:00,20,26,21,27,"HORS CADRE",1,1,0,1,3,0,6,6,0,118
"FR-1-H_32_93_5885_12","FR-1-H_32_93_5885","FR_SRVHB_83700","FR_IPHB_13806","FR_SRVHB_83700",50:46:00,54:38:00,23,29,24,30,"2 MINUTES",2,1,2,1,7,1,-6,-6,0,232
"FR-1-H_32_93_5885_13","FR-1-H_32_93_5885","FR_SRVHB_83700","FR_IPHB_13806","FR_IPHB_13806",54:38:00,55:09:00,24,30,25,31,"TIR DIFFICILE",0,1,0,0,1,0,6,6,0,31
"FR-1-H_32_93_5885_14","FR-1-H_32_93_5885","FR_SRVHB_83700","FR_IPHB_13806","FR_SRVHB_83700",55:09:00,57:24:00,25,31,26,32,"PIED",3,2,0,0,1,0,-6,-6,0,135
"FR-1-H_32_93_5885_2","FR-1-H_32_93_5885","FR_SRVHB_83700","FR_IPHB_13806","FR_SRVHB_83700",05:55:00,11:02:00,2,3,4,4,"TIR DIFFICILE",3,1,3,1,9,1,-1,0,1,307
"FR-1-H_32_93_5885_3","FR-1-H_32_93_5885","FR_SRVHB_83700","FR_IPHB_13806","FR_IPHB_13806",11:02:00,13:20:00,4,4,5,7,"ARRÊT",1,3,0,1,3,2,0,2,2,138
"FR-1-H_32_93_5885_4","FR-1-H_32_93_5885","FR_SRVHB_83700","FR_IPHB_13806","FR_SRVHB_83700",13:20:00,14:55:00,5,7,6,8,"2 MINUTES",1,1,0,0,0,1,-2,-2,0,95
"FR-1-H_32_93_5885_5","FR-1-H_32_93_5885","FR_SRVHB_83700","FR_IPHB_13806","FR_SRVHB_83700",19:58:00,21:53:00,9,10,10,11,"PASSE INCOMPLETE",1,1,1,0,3,0,-1,-1,0,115
"FR-1-H_32_93_5885_6","FR-1-H_32_93_5885","FR_SRVHB_83700","FR_IPHB_13806","FR_IPHB_13806",21:53:00,24:23:00,10,11,11,13,"PASSE INCOMPLETE",1,2,0,1,2,0,1,2,1,150
"FR-1-H_32_93_5885_7","FR-1-H_32_93_5885","FR_SRVHB_83700","FR_IPHB_13806","FR_SRVHB_83700",27:45:00,29:07:00,13,15,14,16,"TIR DIFFICILE",1,1,0,0,0,0,-2,-2,0,82
"FR-1-H_32_93_5885_8","FR-1-H_32_93_5885","FR_SRVHB_83700","FR_IPHB_13806","FR_IPHB_13806",29:07:00,36:12:00,14,16,15,19,"TEMPS MORT",4,4,2,4,10,1,2,4,2,425
"FR-1-H_32_93_5885_9","FR-1-H_32_93_5885","FR_SRVHB_83700","FR_IPHB_13806","FR_SRVHB_83700",38:30:00,40:58:00,16,20,18,21,"TEMPS MORT",2,1,1,0,1,1,-4,-3,1,148
"FR-1-H_32_93_5886_1","FR-1-H_32_93_5886","FR_FTHB_31000","FR_MHB_34000","FR_FTHB_31000",01:27:00,03:28:00,2,1,3,2,"TIR DIFFICILE",0,1,1,0,3,1,1,1,0,121
"FR-1-H_32_93_5886_10","FR-1-H_32_93_5886","FR_FTHB_31000","FR_MHB_34000","FR_MHB_34000",30:00:00,32:09:00,14,15,15,17,"TEMPS MORT",0,2,0,1,3,0,1,2,1,129
"FR-1-H_32_93_5886_11","FR-1-H_32_93_5886","FR_FTHB_31000","FR_MHB_34000","FR_FTHB_31000",34:52:00,37:05:00,16,18,17,19,"PASSE INCOMPLETE",1,1,1,0,3,0,-2,-2,0,133
"FR-1-H_32_93_5886_12","FR-1-H_32_93_5886","FR_FTHB_31000","FR_MHB_34000","FR_FTHB_31000",40:54:00,43:55:00,20,21,21,22,"2 MINUTES",1,0,0,0,3,1,-1,-1,0,181
"FR-1-H_32_93_5886_13","FR-1-H_32_93_5886","FR_FTHB_31000","FR_MHB_34000","FR_MHB_34000",44:55:00,47:02:00,22,23,23,24,"2 MINUTES",1,1,0,0,4,0,1,1,0,127
"FR-1-H_32_93_5886_14","FR-1-H_32_93_5886","FR_FTHB_31000","FR_MHB_34000","FR_MHB_34000",51:03:00,52:58:00,26,28,27,29,"TIR DIFFICILE",1,1,0,1,3,0,2,2,0,115
"FR-1-H_32_93_5886_15","FR-1-H_32_93_5886","FR_FTHB_31000","FR_MHB_34000","FR_FTHB_31000",52:58:00,55:31:00,27,29,29,30,"TIR DIFFICILE",2,1,0,0,6,0,-2,-1,1,153
"FR-1-H_32_93_5886_16","FR-1-H_32_93_5886","FR_FTHB_31000","FR_MHB_34000","FR_MHB_34000",57:04:00,60:00:00,30,31,NA,NA,"ARRÊT",0,1,0,2,7,0,1,NA,NA,176
"FR-1-H_32_93_5886_2","FR-1-H_32_93_5886","FR_FTHB_31000","FR_MHB_34000","FR_FTHB_31000",05:58:00,09:00:00,5,3,6,4,"2 MINUTES",1,2,0,1,3,1,2,2,0,182
"FR-1-H_32_93_5886_3","FR-1-H_32_93_5886","FR_FTHB_31000","FR_MHB_34000","FR_MHB_34000",09:00:00,11:15:00,6,4,7,5,"TIR DIFFICILE",1,1,0,0,1,2,-2,-2,0,135
"FR-1-H_32_93_5886_4","FR-1-H_32_93_5886","FR_FTHB_31000","FR_MHB_34000","FR_FTHB_31000",11:15:00,13:43:00,7,5,8,6,"TIR DIFFICILE",1,2,0,1,2,1,2,2,0,148
"FR-1-H_32_93_5886_5","FR-1-H_32_93_5886","FR_FTHB_31000","FR_MHB_34000","FR_MHB_34000",13:43:00,15:01:00,8,6,9,7,"ARRÊT",1,1,0,0,0,0,-2,-2,0,78
"FR-1-H_32_93_5886_6","FR-1-H_32_93_5886","FR_FTHB_31000","FR_MHB_34000","FR_MHB_34000",18:15:00,19:57:00,9,8,10,9,"INTERCEPTION",1,1,0,0,2,2,-1,-1,0,102
"FR-1-H_32_93_5886_7","FR-1-H_32_93_5886","FR_FTHB_31000","FR_MHB_34000","FR_FTHB_31000",19:57:00,23:04:00,10,9,11,10,"TIR DIFFICILE",2,2,2,0,2,1,1,1,0,187
"FR-1-H_32_93_5886_8","FR-1-H_32_93_5886","FR_FTHB_31000","FR_MHB_34000","FR_MHB_34000",24:15:00,26:52:00,12,11,13,12,"2 MINUTES",2,2,0,0,4,0,-1,-1,0,157
"FR-1-H_32_93_5886_9","FR-1-H_32_93_5886","FR_FTHB_31000","FR_MHB_34000","FR_MHB_34000",27:33:00,29:35:00,13,13,14,14,"POTEAU",1,2,0,0,1,0,0,0,0,122
"FR-1-H_32_93_5887_1","FR-1-H_32_93_5887","FR_TFHB_93290","FR_USAMNG_30918","FR_TFHB_93290",00:33:00,03:31:00,1,0,3,1,"TIR DIFFICILE",2,1,1,0,5,0,1,2,1,178
"FR-1-H_32_93_5887_10","FR-1-H_32_93_5887","FR_TFHB_93290","FR_USAMNG_30918","FR_USAMNG_30918",49:25:00,51:02:00,28,26,29,27,"HORS CADRE",2,1,0,0,2,1,-2,-2,0,97
"FR-1-H_32_93_5887_11","FR-1-H_32_93_5887","FR_TFHB_93290","FR_USAMNG_30918","FR_USAMNG_30918",56:36:00,59:57:00,33,32,34,34,"2 MINUTES",3,2,0,1,2,0,-1,0,1,201
"FR-1-H_32_93_5887_2","FR-1-H_32_93_5887","FR_TFHB_93290","FR_USAMNG_30918","FR_USAMNG_30918",12:42:00,14:48:00,9,7,10,8,"HORS CADRE",2,2,0,0,1,1,-2,-2,0,126
"FR-1-H_32_93_5887_3","FR-1-H_32_93_5887","FR_TFHB_93290","FR_USAMNG_30918","FR_TFHB_93290",19:13:00,22:27:00,12,10,13,11,"TIR DIFFICILE",1,2,1,1,3,1,2,2,0,194
"FR-1-H_32_93_5887_4","FR-1-H_32_93_5887","FR_TFHB_93290","FR_USAMNG_30918","FR_TFHB_93290",24:17:00,26:49:00,15,12,16,13,"TIR CONTRÉ",1,2,0,1,2,0,3,3,0,152
"FR-1-H_32_93_5887_5","FR-1-H_32_93_5887","FR_TFHB_93290","FR_USAMNG_30918","FR_TFHB_93290",28:06:00,32:23:00,18,14,22,15,"PASSAGE EN FORCE",4,1,3,0,7,1,4,7,3,257
"FR-1-H_32_93_5887_6","FR-1-H_32_93_5887","FR_TFHB_93290","FR_USAMNG_30918","FR_USAMNG_30918",34:36:00,36:42:00,23,16,24,18,"TIR DIFFICILE",3,2,0,0,0,0,-7,-6,1,126
"FR-1-H_32_93_5887_7","FR-1-H_32_93_5887","FR_TFHB_93290","FR_USAMNG_30918","FR_USAMNG_30918",37:19:00,38:49:00,24,19,25,20,"HORS CADRE",1,1,0,0,0,1,-5,-5,0,90
"FR-1-H_32_93_5887_8","FR-1-H_32_93_5887","FR_TFHB_93290","FR_USAMNG_30918","FR_USAMNG_30918",39:40:00,41:34:00,25,21,26,22,"TIR DIFFICILE",2,1,0,0,3,0,-4,-4,0,114
"FR-1-H_32_93_5887_9","FR-1-H_32_93_5887","FR_TFHB_93290","FR_USAMNG_30918","FR_USAMNG_30918",42:07:00,46:13:00,26,23,27,24,"POTEAU",2,1,2,0,6,1,-3,-3,0,246
"FR-1-H_32_94_5888_10","FR-1-H_32_94_5888","FR_CSMBHB_73000","FR_DHBGL_59140","FR_CSMBHB_73000",47:01:00,49:31:00,21,17,22,18,"PASSE INCOMPLETE",1,0,1,1,4,0,4,4,0,150
"FR-1-H_32_94_5888_11","FR-1-H_32_94_5888","FR_CSMBHB_73000","FR_DHBGL_59140","FR_CSMBHB_73000",56:10:00,58:08:00,26,21,27,22,"TEMPS MORT",0,1,3,0,5,0,5,5,0,118
"FR-1-H_32_94_5888_3","FR-1-H_32_94_5888","FR_CSMBHB_73000","FR_DHBGL_59140","FR_CSMBHB_73000",04:13:00,06:55:00,3,2,4,3,"ARRÊT",1,2,1,0,5,0,1,1,0,162
"FR-1-H_32_94_5888_4","FR-1-H_32_94_5888","FR_CSMBHB_73000","FR_DHBGL_59140","FR_CSMBHB_73000",11:35:00,16:26:00,7,5,9,6,"HORS CADRE",1,1,2,1,8,1,2,3,1,291
"FR-1-H_32_94_5888_5","FR-1-H_32_94_5888","FR_CSMBHB_73000","FR_DHBGL_59140","FR_CSMBHB_73000",16:56:00,20:41:00,10,6,11,7,"PASSE INCOMPLETE",2,2,1,1,3,0,4,4,0,225
"FR-1-H_32_94_5888_6","FR-1-H_32_94_5888","FR_CSMBHB_73000","FR_DHBGL_59140","FR_DHBGL_59140",23:41:00,30:50:00,12,8,13,10,"HORS CADRE",2,2,4,2,14,1,-4,-3,1,429
"FR-1-H_32_94_5888_7","FR-1-H_32_94_5888","FR_CSMBHB_73000","FR_DHBGL_59140","FR_DHBGL_59140",31:29:00,36:04:00,13,11,14,12,"TIR DIFFICILE",2,1,2,2,5,0,-2,-2,0,275
"FR-1-H_32_94_5888_8","FR-1-H_32_94_5888","FR_CSMBHB_73000","FR_DHBGL_59140","FR_CSMBHB_73000",37:51:00,41:02:00,15,13,16,14,"2 MINUTES",2,1,1,0,4,1,2,2,0,191
"FR-1-H_32_94_5888_9","FR-1-H_32_94_5888","FR_CSMBHB_73000","FR_DHBGL_59140","FR_CSMBHB_73000",44:43:00,46:21:00,19,16,20,17,"POTEAU",1,1,0,0,2,0,3,3,0,98
"FR-1-H_32_94_5889_1","FR-1-H_32_94_5889","FR_CCMHB_28000","FR_SRVHB_83700","FR_CCMHB_28000",02:06:00,04:21:00,1,1,3,2,"ARRÊT",2,1,0,0,4,0,0,1,1,135
"FR-1-H_32_94_5889_10","FR-1-H_32_94_5889","FR_CCMHB_28000","FR_SRVHB_83700","FR_SRVHB_83700",51:21:00,57:14:00,27,26,28,29,"ARRÊT",3,4,0,0,7,0,-1,1,2,353
"FR-1-H_32_94_5889_2","FR-1-H_32_94_5889","FR_CCMHB_28000","FR_SRVHB_83700","FR_CCMHB_28000",04:54:00,08:08:00,4,2,7,3,"TIR DIFFICILE",4,2,2,0,4,1,2,4,2,194
"FR-1-H_32_94_5889_3","FR-1-H_32_94_5889","FR_CCMHB_28000","FR_SRVHB_83700","FR_SRVHB_83700",11:03:00,13:28:00,9,5,10,6,"2 MINUTES",1,1,0,0,2,1,-4,-4,0,145
"FR-1-H_32_94_5889_4","FR-1-H_32_94_5889","FR_CCMHB_28000","FR_SRVHB_83700","FR_SRVHB_83700",13:38:00,16:19:00,10,7,11,8,"FAUTE OFFENSIVE",2,1,0,2,4,1,-3,-3,0,161
"FR-1-H_32_94_5889_5","FR-1-H_32_94_5889","FR_CCMHB_28000","FR_SRVHB_83700","FR_CCMHB_28000",17:31:00,19:45:00,12,9,13,10,"TIR DIFFICILE",1,1,0,0,1,0,3,3,0,134
"FR-1-H_32_94_5889_6","FR-1-H_32_94_5889","FR_CCMHB_28000","FR_SRVHB_83700","FR_SRVHB_83700",23:40:00,25:59:00,15,12,16,14,"2 MINUTES",2,2,0,1,1,0,-3,-2,1,139
"FR-1-H_32_94_5889_7","FR-1-H_32_94_5889","FR_CCMHB_28000","FR_SRVHB_83700","FR_SRVHB_83700",27:46:00,31:42:00,17,16,18,18,"TIR DIFFICILE",1,2,0,1,3,3,-1,0,1,236
"FR-1-H_32_94_5889_8","FR-1-H_32_94_5889","FR_CCMHB_28000","FR_SRVHB_83700","FR_SRVHB_83700",32:14:00,34:39:00,18,19,19,20,"TIR DIFFICILE",3,1,0,0,3,0,1,1,0,145
"FR-1-H_32_94_5889_9","FR-1-H_32_94_5889","FR_CCMHB_28000","FR_SRVHB_83700","FR_CCMHB_28000",34:39:00,40:43:00,19,20,22,21,"2 MINUTES",2,1,4,0,9,0,-1,1,2,364
"FR-1-H_32_94_5890_10","FR-1-H_32_94_5890","FR_USCHB_94000","FR_CRMHB_35510","FR_USCHB_94000",52:35:00,56:47:00,23,18,25,19,"TIR DIFFICILE",2,1,1,1,9,1,5,6,1,252
"FR-1-H_32_94_5890_11","FR-1-H_32_94_5890","FR_USCHB_94000","FR_CRMHB_35510","FR_USCHB_94000",57:25:00,59:38:00,26,19,NA,NA,"ARRÊT",1,0,4,0,7,0,7,NA,NA,133
"FR-1-H_32_94_5890_2","FR-1-H_32_94_5890","FR_USCHB_94000","FR_CRMHB_35510","FR_USCHB_94000",07:39:00,10:47:00,3,5,4,6,"TIR DIFFICILE",0,1,0,0,3,0,-2,-2,0,188
"FR-1-H_32_94_5890_3","FR-1-H_32_94_5890","FR_USCHB_94000","FR_CRMHB_35510","FR_USCHB_94000",11:42:00,16:09:00,5,6,6,7,"PASSE INCOMPLETE",1,3,1,1,5,1,-1,-1,0,267
"FR-1-H_32_94_5890_4","FR-1-H_32_94_5890","FR_USCHB_94000","FR_CRMHB_35510","FR_USCHB_94000",17:29:00,23:59:00,7,7,8,8,"HORS CADRE",2,2,3,1,14,0,0,0,0,390
"FR-1-H_32_94_5890_5","FR-1-H_32_94_5890","FR_USCHB_94000","FR_CRMHB_35510","FR_CRMHB_35510",23:59:00,26:09:00,8,8,9,9,"ZONE",1,2,0,1,3,2,0,0,0,130
"FR-1-H_32_94_5890_6","FR-1-H_32_94_5890","FR_USCHB_94000","FR_CRMHB_35510","FR_USCHB_94000",26:09:00,33:16:00,9,9,14,10,"TIR DIFFICILE",5,1,0,2,6,2,0,4,4,427
"FR-1-H_32_94_5890_7","FR-1-H_32_94_5890","FR_USCHB_94000","FR_CRMHB_35510","FR_CRMHB_35510",34:19:00,40:57:00,15,11,16,13,"2 MINUTES",3,2,4,2,11,1,-4,-3,1,398
"FR-1-H_32_94_5890_8","FR-1-H_32_94_5890","FR_USCHB_94000","FR_CRMHB_35510","FR_USCHB_94000",43:48:00,49:28:00,18,15,21,16,"TEMPS MORT",3,1,2,1,7,1,3,5,2,340
"FR-1-H_32_94_5890_9","FR-1-H_32_94_5890","FR_USCHB_94000","FR_CRMHB_35510","FR_CRMHB_35510",49:28:00,51:25:00,21,16,22,17,"TEMPS MORT",1,0,0,0,4,0,-5,-5,0,117
"FR-1-H_32_94_5891_1","FR-1-H_32_94_5891","FR_IPHB_13806","FR_LHB_87000","FR_LHB_87000",02:49:00,05:21:00,1,2,2,5,"INTERCEPTION",1,3,0,0,2,0,1,3,2,152
"FR-1-H_32_94_5891_10","FR-1-H_32_94_5891","FR_IPHB_13806","FR_LHB_87000","FR_LHB_87000",48:06:00,50:20:00,23,25,24,26,"TIR DIFFICILE",2,1,0,0,3,1,2,2,0,134
"FR-1-H_32_94_5891_11","FR-1-H_32_94_5891","FR_IPHB_13806","FR_LHB_87000","FR_LHB_87000",51:01:00,55:37:00,24,27,25,29,"TIR DIFFICILE",2,1,0,3,7,0,3,4,1,276
"FR-1-H_32_94_5891_12","FR-1-H_32_94_5891","FR_IPHB_13806","FR_LHB_87000","FR_IPHB_13806",55:37:00,59:06:00,25,29,28,30,"PASSE INCOMPLETE",2,1,1,0,5,1,-4,-2,2,209
"FR-1-H_32_94_5891_3","FR-1-H_32_94_5891","FR_IPHB_13806","FR_LHB_87000","FR_LHB_87000",07:14:00,14:51:00,3,6,4,11,"TIR DIFFICILE",5,6,0,3,9,2,3,7,4,457
"FR-1-H_32_94_5891_4","FR-1-H_32_94_5891","FR_IPHB_13806","FR_LHB_87000","FR_IPHB_13806",19:29:00,22:08:00,7,14,9,15,"ARRÊT",2,2,0,0,2,0,-7,-6,1,159
"FR-1-H_32_94_5891_5","FR-1-H_32_94_5891","FR_IPHB_13806","FR_LHB_87000","FR_IPHB_13806",29:15:00,33:50:00,12,17,14,18,"ARRÊT",1,2,2,0,7,0,-5,-4,1,275
"FR-1-H_32_94_5891_6","FR-1-H_32_94_5891","FR_IPHB_13806","FR_LHB_87000","FR_IPHB_13806",34:26:00,39:51:00,15,18,20,19,"PASSE INCOMPLETE",5,1,3,0,5,2,-3,1,4,325
"FR-1-H_32_94_5891_7","FR-1-H_32_94_5891","FR_IPHB_13806","FR_LHB_87000","FR_LHB_87000",39:51:00,43:19:00,20,19,21,22,"TEMPS MORT",1,3,0,3,4,0,-1,1,2,208
"FR-1-H_32_94_5891_8","FR-1-H_32_94_5891","FR_IPHB_13806","FR_LHB_87000","FR_IPHB_13806",43:19:00,44:22:00,21,22,22,23,"TIR DIFFICILE",1,1,0,0,0,0,-1,-1,0,63
"FR-1-H_32_94_5891_9","FR-1-H_32_94_5891","FR_IPHB_13806","FR_LHB_87000","FR_LHB_87000",44:22:00,47:06:00,22,23,23,24,"ARRÊT",1,2,0,1,3,1,1,1,0,164
"FR-1-H_32_94_5892_10","FR-1-H_32_94_5892","FR_HBCN_44200","FR_MHB_34000","FR_MHB_34000",31:22:00,33:25:00,21,12,22,13,"TIR DIFFICILE",3,2,0,0,3,1,-9,-9,0,123
"FR-1-H_32_94_5892_11","FR-1-H_32_94_5892","FR_HBCN_44200","FR_MHB_34000","FR_MHB_34000",34:23:00,38:04:00,22,14,23,17,"2 MINUTES",2,2,0,2,3,0,-8,-6,2,221
"FR-1-H_32_94_5892_12","FR-1-H_32_94_5892","FR_HBCN_44200","FR_MHB_34000","FR_HBCN_44200",42:01:00,43:32:00,25,19,26,20,"INTERCEPTION",1,2,0,0,0,0,6,6,0,91
"FR-1-H_32_94_5892_13","FR-1-H_32_94_5892","FR_HBCN_44200","FR_MHB_34000","FR_HBCN_44200",49:31:00,51:19:00,29,22,30,23,"TIR DIFFICILE",1,1,1,1,3,0,7,7,0,108
"FR-1-H_32_94_5892_14","FR-1-H_32_94_5892","FR_HBCN_44200","FR_MHB_34000","FR_HBCN_44200",52:09:00,55:47:00,31,23,33,24,"PASSE INCOMPLETE",2,1,1,1,4,0,8,9,1,218
"FR-1-H_32_94_5892_15","FR-1-H_32_94_5892","FR_HBCN_44200","FR_MHB_34000","FR_MHB_34000",58:09:00,58:49:00,34,25,35,26,"TIR DIFFICILE",1,1,0,0,0,0,-9,-9,0,40
"FR-1-H_32_94_5892_2","FR-1-H_32_94_5892","FR_HBCN_44200","FR_MHB_34000","FR_MHB_34000",05:10:00,06:56:00,3,2,4,3,"POTEAU",1,1,0,0,3,0,-1,-1,0,106
"FR-1-H_32_94_5892_3","FR-1-H_32_94_5892","FR_HBCN_44200","FR_MHB_34000","FR_HBCN_44200",07:54:00,09:48:00,5,4,6,5,"BALLON SORTI",1,1,1,1,2,0,1,1,0,114
"FR-1-H_32_94_5892_4","FR-1-H_32_94_5892","FR_HBCN_44200","FR_MHB_34000","FR_MHB_34000",09:48:00,10:48:00,6,5,7,6,"ARRÊT",1,1,0,0,2,1,-1,-1,0,60
"FR-1-H_32_94_5892_5","FR-1-H_32_94_5892","FR_HBCN_44200","FR_MHB_34000","FR_HBCN_44200",10:48:00,21:17:00,7,6,12,7,"TIR DIFFICILE",7,3,4,3,16,0,1,5,4,629
"FR-1-H_32_94_5892_6","FR-1-H_32_94_5892","FR_HBCN_44200","FR_MHB_34000","FR_HBCN_44200",22:40:00,24:16:00,14,8,15,9,"HORS CADRE",1,1,1,0,1,0,6,6,0,96
"FR-1-H_32_94_5892_7","FR-1-H_32_94_5892","FR_HBCN_44200","FR_MHB_34000","FR_MHB_34000",24:16:00,25:33:00,15,9,16,10,"TEMPS MORT",0,1,0,1,1,0,-6,-6,0,77
"FR-1-H_32_94_5892_8","FR-1-H_32_94_5892","FR_HBCN_44200","FR_MHB_34000","FR_HBCN_44200",25:33:00,28:33:00,16,10,19,11,"2 MINUTES",3,1,2,0,2,1,6,8,2,180
"FR-1-H_32_94_5892_9","FR-1-H_32_94_5892","FR_HBCN_44200","FR_MHB_34000","FR_HBCN_44200",29:03:00,31:22:00,20,11,21,12,"ARRÊT",1,1,1,0,4,1,9,9,0,139
"FR-1-H_32_94_5893_1","FR-1-H_32_94_5893","FR_PSGHB_75016","FR_USAMNG_30918","FR_PSGHB_75016",00:35:00,02:31:00,1,0,3,1,"INTERCEPTION",2,1,1,0,4,0,1,2,1,116
"FR-1-H_32_94_5893_10","FR-1-H_32_94_5893","FR_PSGHB_75016","FR_USAMNG_30918","FR_USAMNG_30918",33:13:00,34:44:00,23,19,24,20,"ARRÊT",2,1,0,1,3,0,-4,-4,0,91
"FR-1-H_32_94_5893_11","FR-1-H_32_94_5893","FR_PSGHB_75016","FR_USAMNG_30918","FR_PSGHB_75016",34:44:00,38:02:00,24,20,27,21,"INTERCEPTION",3,1,1,0,3,0,4,6,2,198
"FR-1-H_32_94_5893_12","FR-1-H_32_94_5893","FR_PSGHB_75016","FR_USAMNG_30918","FR_PSGHB_75016",40:04:00,42:29:00,29,22,31,23,"BALLON SORTI",2,1,1,0,2,0,7,8,1,145
"FR-1-H_32_94_5893_13","FR-1-H_32_94_5893","FR_PSGHB_75016","FR_USAMNG_30918","FR_PSGHB_75016",43:21:00,46:13:00,32,23,34,24,"PASSE INCOMPLETE",1,1,0,0,7,0,9,10,1,172
"FR-1-H_32_94_5893_14","FR-1-H_32_94_5893","FR_PSGHB_75016","FR_USAMNG_30918","FR_PSGHB_75016",46:59:00,49:58:00,35,24,38,25,"INTERCEPTION",4,2,0,0,1,0,11,13,2,179
"FR-1-H_32_94_5893_15","FR-1-H_32_94_5893","FR_PSGHB_75016","FR_USAMNG_30918","FR_PSGHB_75016",50:34:00,53:09:00,39,25,41,26,"INTERCEPTION",3,1,0,0,3,1,14,15,1,155
"FR-1-H_32_94_5893_16","FR-1-H_32_94_5893","FR_PSGHB_75016","FR_USAMNG_30918","FR_PSGHB_75016",53:25:00,56:07:00,42,26,44,27,"TIR CONTRÉ",2,2,1,0,2,0,16,17,1,162
"FR-1-H_32_94_5893_17","FR-1-H_32_94_5893","FR_PSGHB_75016","FR_USAMNG_30918","FR_PSGHB_75016",56:18:00,59:56:00,45,27,NA,NA,"ARRÊT",3,0,1,0,3,0,18,NA,NA,218
"FR-1-H_32_94_5893_3","FR-1-H_32_94_5893","FR_PSGHB_75016","FR_USAMNG_30918","FR_PSGHB_75016",09:46:00,12:15:00,8,7,10,8,"TIR DIFFICILE",2,1,1,0,3,0,1,2,1,149
"FR-1-H_32_94_5893_4","FR-1-H_32_94_5893","FR_PSGHB_75016","FR_USAMNG_30918","FR_USAMNG_30918",15:42:00,19:12:00,12,10,13,12,"ARRÊT",1,3,0,2,5,1,-2,-1,1,210
"FR-1-H_32_94_5893_5","FR-1-H_32_94_5893","FR_PSGHB_75016","FR_USAMNG_30918","FR_PSGHB_75016",21:10:00,22:48:00,14,13,15,14,"ARRÊT",1,1,1,1,3,0,1,1,0,98
"FR-1-H_32_94_5893_6","FR-1-H_32_94_5893","FR_PSGHB_75016","FR_USAMNG_30918","FR_USAMNG_30918",22:48:00,25:01:00,15,14,16,15,"ARRÊT",2,2,0,1,3,0,-1,-1,0,133
"FR-1-H_32_94_5893_7","FR-1-H_32_94_5893","FR_PSGHB_75016","FR_USAMNG_30918","FR_PSGHB_75016",25:01:00,27:00:00,16,15,17,16,"INTERCEPTION",2,1,0,0,4,0,1,1,0,119
"FR-1-H_32_94_5893_8","FR-1-H_32_94_5893","FR_PSGHB_75016","FR_USAMNG_30918","FR_PSGHB_75016",27:20:00,28:05:00,18,16,19,17,"TIR CONTRÉ",1,2,0,0,0,0,2,2,0,45
"FR-1-H_32_94_5893_9","FR-1-H_32_94_5893","FR_PSGHB_75016","FR_USAMNG_30918","FR_PSGHB_75016",29:02:00,31:11:00,20,17,22,18,"ARRÊT",1,1,0,0,2,0,3,4,1,129
"FR-1-H_32_94_5894_1","FR-1-H_32_94_5894","FR_FTHB_31000","FR_USIHB_94200","FR_FTHB_31000",04:14:00,14:18:00,3,2,7,3,"TIR DIFFICILE",4,3,3,2,19,2,1,4,3,604
"FR-1-H_32_94_5894_10","FR-1-H_32_94_5894","FR_FTHB_31000","FR_USIHB_94200","FR_USIHB_94200",51:40:00,53:42:00,26,19,27,20,"PASSE INCOMPLETE",2,1,1,0,2,0,-7,-7,0,122
"FR-1-H_32_94_5894_11","FR-1-H_32_94_5894","FR_FTHB_31000","FR_USIHB_94200","FR_FTHB_31000",54:47:00,57:40:00,28,21,29,22,"ARRÊT",1,1,2,0,4,0,7,7,0,173
"FR-1-H_32_94_5894_12","FR-1-H_32_94_5894","FR_FTHB_31000","FR_USIHB_94200","FR_USIHB_94200",57:40:00,59:44:00,29,22,NA,NA,"PASSE INCOMPLETE",1,1,0,0,2,0,-7,NA,NA,124
"FR-1-H_32_94_5894_2","FR-1-H_32_94_5894","FR_FTHB_31000","FR_USIHB_94200","FR_USIHB_94200",14:18:00,16:40:00,7,3,8,5,"TEMPS MORT",1,2,0,1,2,1,-4,-3,1,142
"FR-1-H_32_94_5894_3","FR-1-H_32_94_5894","FR_FTHB_31000","FR_USIHB_94200","FR_FTHB_31000",16:40:00,20:59:00,8,5,10,6,"2 MINUTES",2,1,1,0,5,1,3,4,1,259
"FR-1-H_32_94_5894_4","FR-1-H_32_94_5894","FR_FTHB_31000","FR_USIHB_94200","FR_FTHB_31000",22:46:00,24:28:00,11,6,12,7,"TIR DIFFICILE",1,1,0,0,1,0,5,5,0,102
"FR-1-H_32_94_5894_5","FR-1-H_32_94_5894","FR_FTHB_31000","FR_USIHB_94200","FR_FTHB_31000",29:27:00,32:08:00,14,8,16,9,"INTERCEPTION",3,0,3,0,4,1,6,7,1,161
"FR-1-H_32_94_5894_6","FR-1-H_32_94_5894","FR_FTHB_31000","FR_USIHB_94200","FR_FTHB_31000",33:27:00,35:41:00,17,9,18,10,"ARRÊT",1,2,0,0,1,0,8,8,0,134
"FR-1-H_32_94_5894_7","FR-1-H_32_94_5894","FR_FTHB_31000","FR_USIHB_94200","FR_USIHB_94200",39:27:00,41:43:00,20,12,21,13,"TIR DIFFICILE",0,1,0,1,4,0,-8,-8,0,136
"FR-1-H_32_94_5894_8","FR-1-H_32_94_5894","FR_FTHB_31000","FR_USIHB_94200","FR_FTHB_31000",43:29:00,46:53:00,23,15,24,16,"TIR DIFFICILE",1,1,2,1,5,0,8,8,0,204
"FR-1-H_32_94_5894_9","FR-1-H_32_94_5894","FR_FTHB_31000","FR_USIHB_94200","FR_USIHB_94200",48:20:00,49:54:00,25,17,26,18,"TIR DIFFICILE",1,1,0,1,2,0,-8,-8,0,94
"FR-1-H_32_94_5895_1","FR-1-H_32_94_5895","FR_TFHB_93290","FR_PAUC_13100","FR_PAUC_13100",03:31:00,04:31:00,1,2,2,3,"ARRÊT",1,1,0,1,2,0,1,1,0,60
"FR-1-H_32_94_5895_10","FR-1-H_32_94_5895","FR_TFHB_93290","FR_PAUC_13100","FR_TFHB_93290",48:53:00,52:37:00,18,26,20,27,"ARRÊT",2,1,1,0,3,1,-8,-7,1,224
"FR-1-H_32_94_5895_11","FR-1-H_32_94_5895","FR_TFHB_93290","FR_PAUC_13100","FR_TFHB_93290",53:08:00,57:28:00,21,27,22,28,"PASSE INCOMPLETE",3,1,1,0,5,0,-6,-6,0,260
"FR-1-H_32_94_5895_12","FR-1-H_32_94_5895","FR_TFHB_93290","FR_PAUC_13100","FR_PAUC_13100",57:28:00,60:00:00,22,28,NA,NA,"HORS CADRE",2,1,0,0,2,0,6,NA,NA,152
"FR-1-H_32_94_5895_2","FR-1-H_32_94_5895","FR_TFHB_93290","FR_PAUC_13100","FR_TFHB_93290",04:31:00,05:57:00,2,3,3,4,"ARRÊT",1,1,0,1,1,0,-1,-1,0,86
"FR-1-H_32_94_5895_3","FR-1-H_32_94_5895","FR_TFHB_93290","FR_PAUC_13100","FR_PAUC_13100",05:57:00,09:55:00,3,4,4,5,"ARRÊT",4,1,1,0,4,1,1,1,0,238
"FR-1-H_32_94_5895_4","FR-1-H_32_94_5895","FR_TFHB_93290","FR_PAUC_13100","FR_TFHB_93290",09:55:00,12:32:00,4,5,5,6,"PASSE INCOMPLETE",1,0,1,1,6,0,-1,-1,0,157
"FR-1-H_32_94_5895_5","FR-1-H_32_94_5895","FR_TFHB_93290","FR_PAUC_13100","FR_PAUC_13100",18:20:00,26:02:00,9,10,10,14,"TIR DIFFICILE",1,6,0,2,10,3,1,4,3,462
"FR-1-H_32_94_5895_6","FR-1-H_32_94_5895","FR_TFHB_93290","FR_PAUC_13100","FR_PAUC_13100",28:38:00,31:36:00,11,16,12,18,"TEMPS MORT",0,2,2,0,6,0,5,6,1,178
"FR-1-H_32_94_5895_7","FR-1-H_32_94_5895","FR_TFHB_93290","FR_PAUC_13100","FR_PAUC_13100",34:29:00,39:04:00,12,19,13,21,"ZONE",3,2,0,2,5,2,7,8,1,275
"FR-1-H_32_94_5895_8","FR-1-H_32_94_5895","FR_TFHB_93290","FR_PAUC_13100","FR_TFHB_93290",40:45:00,42:36:00,14,22,15,23,"PASSE INCOMPLETE",0,2,0,0,1,0,-8,-8,0,111
"FR-1-H_32_94_5895_9","FR-1-H_32_94_5895","FR_TFHB_93290","FR_PAUC_13100","FR_PAUC_13100",45:19:00,47:38:00,16,24,17,25,"2 MINUTES",2,0,1,0,2,0,8,8,0,139
