"CD_MATCH","id_tm_unique","Temps","CD_CLUB_TM","score_equipe_TM","score_autre_equipe_","indice_serie_avant_tm","diff_300s_avant_TM","diff_TM","diff_300s_apres_TM","evolution_score_avant","evolution_score","score_final_equipe_tm","score_final_autre_equipe","vainqueur_final"
"FR-1-H_24_25_1556",1,"12:09","FR_BHBPP_64140",5,9,-2,-4,-4,-6,0,-2,24,50,"FR_MHB_34000"
"FR-1-H_24_25_1556",2,"23:07","FR_BHBPP_64140",7,18,-3,-11,-11,-10,0,1,24,50,"FR_MHB_34000"
"FR-1-H_24_25_1556",3,"26:16","FR_MHB_34000",20,10,-1,10,10,11,0,1,50,24,"FR_MHB_34000"
"FR-1-H_24_25_1556",4,"48:36","FR_BHBPP_64140",20,39,-2,-19,-19,-22,0,-3,24,50,"FR_MHB_34000"
"FR-1-H_24_25_1556",5,"52:47","FR_MHB_34000",43,22,1,21,21,25,0,4,50,24,"FR_MHB_34000"
"FR-1-H_24_25_1557",6,"25:28","FR_USIHB_94200",7,7,-1,0,0,0,0,0,23,20,"FR_USIHB_94200"
"FR-1-H_24_25_1557",7,"29:03","FR_USCHB_94000",8,8,1,0,0,0,0,0,20,23,"FR_USIHB_94200"
"FR-1-H_24_25_1557",8,"53:07","FR_USCHB_94000",17,20,-2,-3,-3,-3,0,0,20,23,"FR_USIHB_94200"
"FR-1-H_24_25_1559",9,"14:54","FR_CRMHB_35510",8,9,-1,-1,-1,-2,0,-1,23,34,"FR_PSGHB_75016"
"FR-1-H_24_25_1559",10,"18:24","FR_PSGHB_75016",10,8,1,2,2,2,0,0,34,23,"FR_PSGHB_75016"
"FR-1-H_24_25_1559",11,"38:05","FR_CRMHB_35510",15,21,-2,-6,-6,-5,0,1,23,34,"FR_PSGHB_75016"
"FR-1-H_24_25_1559",12,"49:14","FR_CRMHB_35510",19,28,-3,-9,-9,-9,0,0,23,34,"FR_PSGHB_75016"
"FR-1-H_24_25_1560",13,"23:15","FR_SAHB_80262",8,9,-2,-1,-1,0,0,1,24,29,"FR_HBCN_44200"
"FR-1-H_24_25_1561",14,"12:13","FR_PAUC_13100",4,8,1,-4,-4,-2,0,2,34,34,"Egalité"
"FR-1-H_24_25_1561",15,"26:10","FR_FTHB_31000",15,16,1,-1,-1,-2,0,-1,34,34,"Egalité"
"FR-1-H_24_25_1561",16,"36:08","FR_FTHB_31000",18,24,-2,-6,-6,-5,0,1,34,34,"Egalité"
"FR-1-H_24_25_1561",17,"48:11","FR_FTHB_31000",26,31,-2,-5,-5,-2,0,3,34,34,"Egalité"
"FR-1-H_24_25_1562",18,"15:04","FR_CSMBHB_73000",6,7,2,-1,-1,-2,0,-1,23,20,"FR_CSMBHB_73000"
"FR-1-H_24_25_1562",19,"21:37","FR_TFHB_93290",8,7,-1,1,1,2,0,1,20,23,"FR_CSMBHB_73000"
"FR-1-H_24_25_1562",20,"37:54","FR_TFHB_93290",13,15,-3,-2,-2,-2,0,0,20,23,"FR_CSMBHB_73000"
"FR-1-H_24_25_1562",21,"49:18","FR_TFHB_93290",17,21,-1,-4,-4,-4,0,0,20,23,"FR_CSMBHB_73000"
"FR-1-H_24_25_1562",22,"54:28","FR_CSMBHB_73000",22,19,1,3,3,3,0,0,23,20,"FR_CSMBHB_73000"
"FR-1-H_24_26_1564",23,"10:10","FR_USCHB_94000",1,6,-2,-5,-5,-5,0,0,18,25,"FR_CRMHB_35510"
"FR-1-H_24_26_1564",24,"17:23","FR_CRMHB_35510",9,3,1,6,6,6,0,0,25,18,"FR_CRMHB_35510"
"FR-1-H_24_26_1564",25,"44:45","FR_CRMHB_35510",19,15,-1,4,4,6,0,2,25,18,"FR_CRMHB_35510"
"FR-1-H_24_26_1564",26,"48:41","FR_USCHB_94000",15,21,-2,-6,-6,-6,0,0,18,25,"FR_CRMHB_35510"
"FR-1-H_24_26_1564",27,"54:13","FR_CRMHB_35510",22,17,-2,5,5,6,0,1,25,18,"FR_CRMHB_35510"
"FR-1-H_24_26_1567",28,"19:15","FR_HBCN_44200",12,15,1,-3,-3,-3,0,0,29,32,"FR_CSMBHB_73000"
"FR-1-H_24_26_1567",29,"28:58","FR_CSMBHB_73000",17,15,-3,2,2,5,0,3,32,29,"FR_CSMBHB_73000"
"FR-1-H_24_26_1567",30,"54:07","FR_HBCN_44200",27,29,-1,-2,-2,-2,0,0,29,32,"FR_CSMBHB_73000"
"FR-1-H_24_26_1567",31,"57:51","FR_HBCN_44200",28,31,-1,-3,-3,-3,0,0,29,32,"FR_CSMBHB_73000"
"FR-1-H_24_26_1567",32,"58:50","FR_CSMBHB_73000",31,28,0,3,3,3,0,0,32,29,"FR_CSMBHB_73000"
"FR-1-H_24_26_1568",33,"08:23","FR_SAHB_80262",2,6,-6,-4,-4,-3,0,1,26,38,"FR_SRVHB_83700"
"FR-1-H_24_26_1568",34,"49:51","FR_SAHB_80262",21,30,-3,-9,-9,-10,0,-1,26,38,"FR_SRVHB_83700"
"FR-1-H_24_27_1570",35,"21:13","FR_PAUC_13100",9,8,-3,1,1,2,0,1,27,29,"FR_SRVHB_83700"
"FR-1-H_24_27_1570",36,"46:28","FR_PAUC_13100",21,22,-1,-1,-1,0,0,1,27,29,"FR_SRVHB_83700"
"FR-1-H_24_27_1570",37,"53:28","FR_PAUC_13100",23,26,-2,-3,-3,-1,0,2,27,29,"FR_SRVHB_83700"
"FR-1-H_24_27_1571",38,"23:01","FR_USCHB_94000",10,14,-2,-4,-4,-3,0,1,26,24,"FR_USCHB_94000"
"FR-1-H_24_27_1571",39,"28:35","FR_BHBPP_64140",15,13,-2,2,2,6,0,4,24,26,"FR_USCHB_94000"
"FR-1-H_24_27_1571",40,"44:42","FR_BHBPP_64140",22,18,-2,4,4,1,0,-3,24,26,"FR_USCHB_94000"
"FR-1-H_24_27_1571",41,"53:28","FR_USCHB_94000",22,23,1,-1,-1,0,0,1,26,24,"FR_USCHB_94000"
"FR-1-H_24_27_1571",42,"57:51","FR_USCHB_94000",24,24,2,0,0,1,0,1,26,24,"FR_USCHB_94000"
"FR-1-H_24_27_1571",43,"58:34","FR_BHBPP_64140",24,25,-1,-1,-1,-2,0,-1,24,26,"FR_USCHB_94000"
"FR-1-H_24_27_1572",44,"06:15","FR_USIHB_94200",0,4,-2,-4,-4,-5,0,-1,21,22,"FR_CSMBHB_73000"
"FR-1-H_24_27_1572",45,"43:59","FR_USIHB_94200",15,16,1,-1,-1,-3,0,-2,21,22,"FR_CSMBHB_73000"
"FR-1-H_24_27_1572",46,"49:49","FR_USIHB_94200",15,19,-5,-4,-4,-3,0,1,21,22,"FR_CSMBHB_73000"
"FR-1-H_24_27_1572",47,"55:41","FR_CSMBHB_73000",21,19,-1,2,2,1,0,-1,22,21,"FR_CSMBHB_73000"
"FR-1-H_24_27_1573",48,"03:38","FR_DHBGL_59140",0,3,-3,-3,-3,-1,0,2,28,25,"FR_DHBGL_59140"
"FR-1-H_24_27_1573",49,"20:45","FR_HBCN_44200",8,10,-3,-2,-2,-2,0,0,25,28,"FR_DHBGL_59140"
"FR-1-H_24_27_1573",50,"41:32","FR_DHBGL_59140",19,19,-1,0,0,0,0,0,28,25,"FR_DHBGL_59140"
"FR-1-H_24_27_1573",51,"49:32","FR_HBCN_44200",22,24,-2,-2,-2,-4,0,-2,25,28,"FR_DHBGL_59140"
"FR-1-H_24_27_1573",52,"55:00","FR_HBCN_44200",23,27,-2,-4,-4,-3,0,1,25,28,"FR_DHBGL_59140"
"FR-1-H_24_27_1573",53,"58:02","FR_DHBGL_59140",27,24,-1,3,3,3,0,0,28,25,"FR_DHBGL_59140"
"FR-1-H_24_27_1574",54,"18:02","FR_PSGHB_75016",7,9,-2,-2,-2,-1,0,1,38,24,"FR_PSGHB_75016"
"FR-1-H_24_27_1574",55,"25:28","FR_MHB_34000",11,12,-2,-1,-1,-2,0,-1,24,38,"FR_PSGHB_75016"
"FR-1-H_24_27_1574",56,"43:28","FR_PSGHB_75016",24,19,-2,5,5,9,0,4,38,24,"FR_PSGHB_75016"
"FR-1-H_24_27_1574",57,"46:49","FR_MHB_34000",19,28,-4,-9,-9,-11,0,-2,24,38,"FR_PSGHB_75016"
"FR-1-H_24_27_1574",58,"52:02","FR_MHB_34000",21,32,-3,-11,-11,-14,0,-3,24,38,"FR_PSGHB_75016"
"FR-1-H_24_27_1575",59,"20:49","FR_CRMHB_35510",8,8,-1,0,0,1,0,1,23,22,"FR_CRMHB_35510"
"FR-1-H_24_27_1575",60,"25:11","FR_SAHB_80262",10,11,-1,-1,-1,-3,0,-2,22,23,"FR_CRMHB_35510"
"FR-1-H_24_27_1575",61,"42:33","FR_CRMHB_35510",18,18,-4,0,0,-1,0,-1,23,22,"FR_CRMHB_35510"
"FR-1-H_24_27_1575",62,"50:27","FR_SAHB_80262",20,18,2,2,2,1,0,-1,22,23,"FR_CRMHB_35510"
"FR-1-H_24_27_1575",63,"58:43","FR_CRMHB_35510",22,22,1,0,0,0,0,0,23,22,"FR_CRMHB_35510"
"FR-1-H_24_27_1575",64,"60:00","FR_SAHB_80262",22,23,1,-1,-1,-1,0,0,22,23,"FR_CRMHB_35510"
"FR-1-H_24_27_1576",65,"14:53","FR_FTHB_31000",5,9,-3,-4,-4,-4,0,0,25,28,"FR_TFHB_93290"
"FR-1-H_24_27_1576",66,"21:48","FR_FTHB_31000",6,12,-3,-6,-6,-6,0,0,25,28,"FR_TFHB_93290"
"FR-1-H_24_27_1576",67,"27:37","FR_TFHB_93290",14,9,-3,5,5,5,0,0,28,25,"FR_TFHB_93290"
"FR-1-H_24_27_1576",68,"44:22","FR_TFHB_93290",21,17,-2,4,4,5,0,1,28,25,"FR_TFHB_93290"
"FR-1-H_24_27_1576",69,"51:30","FR_FTHB_31000",19,25,-2,-6,-6,-5,0,1,25,28,"FR_TFHB_93290"
"FR-1-H_24_28_1577",70,"04:56","FR_CRMHB_35510",1,3,-3,-2,-2,-4,0,-2,27,28,"FR_DHBGL_59140"
"FR-1-H_24_28_1577",71,"14:34","FR_DHBGL_59140",7,4,-2,3,3,4,0,1,28,27,"FR_DHBGL_59140"
"FR-1-H_24_28_1577",72,"50:44","FR_DHBGL_59140",23,21,-4,2,2,2,0,0,28,27,"FR_DHBGL_59140"
"FR-1-H_24_28_1577",73,"58:37","FR_DHBGL_59140",27,25,-1,2,2,3,0,1,28,27,"FR_DHBGL_59140"
"FR-1-H_24_28_1577",74,"59:16","FR_CRMHB_35510",25,28,-1,-3,-3,-1,0,2,27,28,"FR_DHBGL_59140"
"FR-1-H_24_28_1578",75,"13:25","FR_CSMBHB_73000",5,6,-2,-1,-1,-2,0,-1,27,22,"FR_CSMBHB_73000"
"FR-1-H_24_28_1578",76,"26:20","FR_BHBPP_64140",8,9,-2,-1,-1,-1,0,0,22,27,"FR_CSMBHB_73000"
"FR-1-H_24_28_1578",77,"37:58","FR_BHBPP_64140",12,16,-2,-4,-4,-3,0,1,22,27,"FR_CSMBHB_73000"
"FR-1-H_24_28_1578",78,"52:11","FR_CSMBHB_73000",21,20,-3,1,1,3,0,2,27,22,"FR_CSMBHB_73000"
"FR-1-H_24_28_1578",79,"56:12","FR_BHBPP_64140",21,24,-3,-3,-3,-5,0,-2,22,27,"FR_CSMBHB_73000"
"FR-1-H_24_28_1579",80,"15:31","FR_USCHB_94000",5,9,-3,-4,-4,-6,0,-2,25,28,"FR_SAHB_80262"
"FR-1-H_24_28_1579",81,"22:39","FR_SAHB_80262",13,8,-1,5,5,5,0,0,28,25,"FR_SAHB_80262"
"FR-1-H_24_28_1579",82,"48:23","FR_SAHB_80262",22,21,-2,1,1,2,0,1,28,25,"FR_SAHB_80262"
"FR-1-H_24_28_1579",83,"53:45","FR_USCHB_94000",22,24,-1,-2,-2,-3,0,-1,25,28,"FR_SAHB_80262"
"FR-1-H_24_28_1580",84,"18:47","FR_PAUC_13100",9,10,-1,-1,-1,-1,0,0,28,30,"FR_USIHB_94200"
"FR-1-H_24_28_1580",85,"28:57","FR_USIHB_94200",15,14,-2,1,1,0,0,-1,30,28,"FR_USIHB_94200"
"FR-1-H_24_28_1580",86,"51:46","FR_USIHB_94200",26,24,-1,2,2,1,0,-1,30,28,"FR_USIHB_94200"
"FR-1-H_24_28_1580",87,"58:07","FR_PAUC_13100",28,30,-3,-2,-2,-2,0,0,28,30,"FR_USIHB_94200"
"FR-1-H_24_28_1580",88,"58:38","FR_PAUC_13100",28,30,0,-2,-2,-2,0,0,28,30,"FR_USIHB_94200"
"FR-1-H_24_28_1580",89,"58:39","FR_PAUC_13100",28,30,0,-2,-2,-2,0,0,28,30,"FR_USIHB_94200"
"FR-1-H_24_28_1580",90,"58:40","FR_PAUC_13100",28,30,0,-2,-2,-2,0,0,28,30,"FR_USIHB_94200"
"FR-1-H_24_28_1581",91,"16:18","FR_HBCN_44200",3,8,-2,-5,-5,-2,0,3,23,22,"FR_HBCN_44200"
"FR-1-H_24_28_1581",92,"21:20","FR_TFHB_93290",9,7,-2,2,2,2,0,0,22,23,"FR_HBCN_44200"
"FR-1-H_24_28_1581",93,"46:57","FR_TFHB_93290",18,17,-2,1,1,0,0,-1,22,23,"FR_HBCN_44200"
"FR-1-H_24_28_1581",94,"53:57","FR_HBCN_44200",20,21,-1,-1,-1,1,0,2,23,22,"FR_HBCN_44200"
"FR-1-H_24_28_1581",95,"56:41","FR_TFHB_93290",21,22,-2,-1,-1,-1,0,0,22,23,"FR_HBCN_44200"
"FR-1-H_24_28_1583",96,"15:25","FR_MHB_34000",8,10,-4,-2,-2,-3,0,-1,29,34,"FR_FTHB_31000"
"FR-1-H_24_28_1583",97,"26:28","FR_FTHB_31000",17,13,-1,4,4,4,0,0,34,29,"FR_FTHB_31000"
"FR-1-H_24_28_1583",98,"43:20","FR_MHB_34000",20,24,-1,-4,-4,-2,0,2,29,34,"FR_FTHB_31000"
"FR-1-H_24_28_1583",99,"55:14","FR_FTHB_31000",30,25,2,5,5,6,0,1,34,29,"FR_FTHB_31000"
"FR-1-H_24_28_1583",100,"57:07","FR_MHB_34000",26,32,-2,-6,-6,-5,0,1,29,34,"FR_FTHB_31000"
"FR-1-H_24_29_1584",101,"19:49","FR_PAUC_13100",12,14,-3,-2,-2,-4,0,-2,30,36,"FR_CSMBHB_73000"
"FR-1-H_24_29_1584",102,"47:35","FR_PAUC_13100",22,30,-2,-8,-8,-6,0,2,30,36,"FR_CSMBHB_73000"
"FR-1-H_24_29_1584",103,"56:43","FR_PAUC_13100",28,35,-1,-7,-7,-6,0,1,30,36,"FR_CSMBHB_73000"
"FR-1-H_24_29_1585",104,"15:42","FR_BHBPP_64140",4,7,-2,-3,-3,-6,0,-3,24,29,"FR_USIHB_94200"
"FR-1-H_24_29_1585",105,"44:41","FR_USIHB_94200",22,16,-1,6,6,5,0,-1,29,24,"FR_USIHB_94200"
"FR-1-H_24_29_1586",106,"25:38","FR_HBCN_44200",11,9,-1,2,2,1,0,-1,25,27,"FR_CRMHB_35510"
"FR-1-H_24_29_1586",107,"41:26","FR_CRMHB_35510",17,18,-2,-1,-1,0,0,1,27,25,"FR_CRMHB_35510"
"FR-1-H_24_29_1586",108,"46:55","FR_HBCN_44200",19,20,-1,-1,-1,0,0,1,25,27,"FR_CRMHB_35510"
"FR-1-H_24_29_1586",109,"52:52","FR_HBCN_44200",21,23,-3,-2,-2,-1,0,1,25,27,"FR_CRMHB_35510"
"FR-1-H_24_29_1587",110,"07:53","FR_DHBGL_59140",1,1,0,0,0,-3,0,-3,27,22,"FR_DHBGL_59140"
"FR-1-H_24_29_1587",111,"18:28","FR_USCHB_94000",9,6,-2,3,3,1,0,-2,22,27,"FR_DHBGL_59140"
"FR-1-H_24_29_1587",112,"42:12","FR_USCHB_94000",15,21,-2,-6,-6,-7,0,-1,22,27,"FR_DHBGL_59140"
"FR-1-H_24_29_1587",113,"53:11","FR_DHBGL_59140",23,18,-2,5,5,4,0,-1,27,22,"FR_DHBGL_59140"
"FR-1-H_24_29_1587",114,"57:53","FR_USCHB_94000",22,26,1,-4,-4,-5,0,-1,22,27,"FR_DHBGL_59140"
"FR-1-H_24_29_1588",115,"23:43","FR_MHB_34000",11,8,-1,3,3,2,0,-1,14,13,"FR_MHB_34000"
"FR-1-H_24_29_1589",116,"08:39","FR_FTHB_31000",2,6,-3,-4,-4,-5,0,-1,29,43,"FR_PSGHB_75016"
"FR-1-H_24_29_1589",117,"26:52","FR_PSGHB_75016",20,15,-2,5,5,6,0,1,43,29,"FR_PSGHB_75016"
"FR-1-H_24_29_1589",118,"50:31","FR_FTHB_31000",24,38,-3,-14,-14,-16,0,-2,29,43,"FR_PSGHB_75016"
"FR-1-H_24_30_1591",119,"19:41","FR_PSGHB_75016",9,7,2,2,2,1,0,-1,28,23,"FR_PSGHB_75016"
"FR-1-H_24_30_1591",120,"29:05","FR_CSMBHB_73000",12,13,1,-1,-1,-3,0,-2,23,28,"FR_PSGHB_75016"
"FR-1-H_24_30_1591",121,"49:37","FR_CSMBHB_73000",19,25,-3,-6,-6,-4,0,2,23,28,"FR_PSGHB_75016"
"FR-1-H_24_30_1591",122,"54:23","FR_PSGHB_75016",26,22,-3,4,4,5,0,1,28,23,"FR_PSGHB_75016"
"FR-1-H_24_30_1592",123,"07:29","FR_FTHB_31000",2,6,-3,-4,-4,-3,0,1,28,36,"FR_USCHB_94000"
"FR-1-H_24_30_1592",124,"18:15","FR_USCHB_94000",9,8,-3,1,1,1,0,0,36,28,"FR_USCHB_94000"
"FR-1-H_24_30_1592",125,"39:46","FR_FTHB_31000",16,22,-2,-6,-6,-8,0,-2,28,36,"FR_USCHB_94000"
"FR-1-H_24_30_1592",126,"52:08","FR_USCHB_94000",30,23,-1,7,7,8,0,1,36,28,"FR_USCHB_94000"
"FR-1-H_24_30_1593",127,"16:09","FR_USIHB_94200",7,10,-4,-3,-3,-4,0,-1,28,32,"FR_MHB_34000"
"FR-1-H_24_30_1593",128,"23:09","FR_MHB_34000",14,11,-1,3,3,4,0,1,32,28,"FR_MHB_34000"
"FR-1-H_24_30_1593",129,"41:44","FR_USIHB_94200",18,23,-1,-5,-5,-3,0,2,28,32,"FR_MHB_34000"
"FR-1-H_24_30_1593",130,"46:28","FR_MHB_34000",23,20,-2,3,3,3,0,0,32,28,"FR_MHB_34000"
"FR-1-H_24_30_1593",131,"46:35","FR_USIHB_94200",20,23,0,-3,-3,-5,0,-2,28,32,"FR_MHB_34000"
"FR-1-H_24_30_1594",132,"07:28","FR_PAUC_13100",1,5,-1,-4,-4,-4,0,0,17,34,"FR_HBCN_44200"
"FR-1-H_24_30_1594",133,"27:41","FR_HBCN_44200",16,6,-1,10,10,11,0,1,34,17,"FR_HBCN_44200"
"FR-1-H_24_30_1594",134,"52:57","FR_HBCN_44200",32,14,-1,18,18,18,0,0,34,17,"FR_HBCN_44200"
"FR-1-H_24_30_1595",135,"10:06","FR_CRMHB_35510",4,5,1,-1,-1,1,0,2,30,28,"FR_CRMHB_35510"
"FR-1-H_24_30_1595",136,"12:33","FR_CRMHB_35510",7,6,2,1,1,2,0,1,30,28,"FR_CRMHB_35510"
"FR-1-H_24_30_1595",137,"39:16","FR_CRMHB_35510",20,17,1,3,3,4,0,1,30,28,"FR_CRMHB_35510"
"FR-1-H_24_30_1595",138,"47:15","FR_CRMHB_35510",23,21,-1,2,2,2,0,0,30,28,"FR_CRMHB_35510"
"FR-1-H_24_30_1597",139,"04:35","FR_BHBPP_64140",0,4,-4,-4,-4,-3,0,1,20,29,"FR_TFHB_93290"
"FR-1-H_24_30_1597",140,"11:47","FR_TFHB_93290",6,5,-4,1,1,2,0,1,29,20,"FR_TFHB_93290"
"FR-1-H_24_30_1597",141,"39:13","FR_BHBPP_64140",12,22,-1,-10,-10,-8,0,2,20,29,"FR_TFHB_93290"
"FR-1-H_24_30_1597",142,"48:38","FR_TFHB_93290",24,16,-2,8,8,8,0,0,29,20,"FR_TFHB_93290"
"FR-1-H_24_30_1597",143,"58:53","FR_TFHB_93290",28,20,-1,8,8,9,0,1,29,20,"FR_TFHB_93290"
"FR-1-H_24_30_1597",144,"59:32","FR_BHBPP_64140",20,29,-1,-9,-9,-9,0,0,20,29,"FR_TFHB_93290"
"FR-1-H_24_31_1598",145,"23:45","FR_BHBPP_64140",6,9,-1,-3,-3,-4,0,-1,20,29,"FR_HBCN_44200"
"FR-1-H_24_31_1598",146,"43:49","FR_HBCN_44200",20,15,-1,5,5,4,0,-1,29,20,"FR_HBCN_44200"
"FR-1-H_24_31_1598",147,"55:11","FR_BHBPP_64140",20,27,-1,-7,-7,-9,0,-2,20,29,"FR_HBCN_44200"
"FR-1-H_24_31_1599",148,"10:00","FR_CSMBHB_73000",3,7,-5,-4,-4,-4,0,0,29,29,"Egalité"
"FR-1-H_24_31_1599",149,"16:06","FR_CSMBHB_73000",5,11,-2,-6,-6,-3,0,3,29,29,"Egalité"
"FR-1-H_24_31_1599",150,"28:27","FR_USCHB_94000",13,12,-2,1,1,1,0,0,29,29,"Egalité"
"FR-1-H_24_31_1599",151,"43:57","FR_USCHB_94000",20,21,-2,-1,-1,-1,0,0,29,29,"Egalité"
"FR-1-H_24_31_1599",152,"57:55","FR_USCHB_94000",27,29,-2,-2,-2,-1,0,1,29,29,"Egalité"
"FR-1-H_24_31_1599",153,"58:16","FR_CSMBHB_73000",29,28,-1,1,1,0,0,-1,29,29,"Egalité"
"FR-1-H_24_31_1600",154,"23:59","FR_USIHB_94200",15,13,-2,2,2,2,0,0,29,29,"Egalité"
"FR-1-H_24_31_1600",155,"54:00","FR_USIHB_94200",26,26,-1,0,0,0,0,0,29,29,"Egalité"
"FR-1-H_24_31_1600",156,"57:39","FR_USIHB_94200",28,28,1,0,0,0,0,0,29,29,"Egalité"
"FR-1-H_24_31_1601",157,"11:19","FR_MHB_34000",3,7,-5,-4,-4,-3,0,1,26,26,"Egalité"
"FR-1-H_24_31_1601",158,"21:54","FR_DHBGL_59140",9,10,-4,-1,-1,2,0,3,26,26,"Egalité"
"FR-1-H_24_31_1601",159,"35:15","FR_MHB_34000",14,18,-3,-4,-4,-2,0,2,26,26,"Egalité"
"FR-1-H_24_31_1601",160,"48:38","FR_DHBGL_59140",22,22,-2,0,0,-1,0,-1,26,26,"Egalité"
"FR-1-H_24_31_1601",161,"59:06","FR_DHBGL_59140",26,26,2,0,0,0,0,0,26,26,"Egalité"
"FR-1-H_24_31_1601",162,"59:46","FR_MHB_34000",26,26,0,0,0,0,0,0,26,26,"Egalité"
"FR-1-H_24_31_1602",163,"11:50","FR_SAHB_80262",4,7,-5,-3,-3,-4,0,-1,27,42,"FR_PSGHB_75016"
"FR-1-H_24_31_1602",164,"36:36","FR_SAHB_80262",17,24,-1,-7,-7,-7,0,0,27,42,"FR_PSGHB_75016"
"FR-1-H_24_31_1602",165,"43:51","FR_SAHB_80262",20,31,-4,-11,-11,-12,0,-1,27,42,"FR_PSGHB_75016"
"FR-1-H_24_31_1603",166,"10:30","FR_CRMHB_35510",3,6,-2,-3,-3,0,0,3,26,29,"FR_FTHB_31000"
"FR-1-H_24_31_1603",167,"14:02","FR_FTHB_31000",6,6,-3,0,0,0,0,0,29,26,"FR_FTHB_31000"
"FR-1-H_24_31_1603",168,"39:11","FR_FTHB_31000",16,19,-3,-3,-3,0,0,3,29,26,"FR_FTHB_31000"
"FR-1-H_24_31_1603",169,"42:50","FR_CRMHB_35510",20,20,-3,0,0,-2,0,-2,26,29,"FR_FTHB_31000"
"FR-1-H_24_31_1603",170,"53:43","FR_CRMHB_35510",24,27,-2,-3,-3,-3,0,0,26,29,"FR_FTHB_31000"
"FR-1-H_24_31_1604",171,"16:22","FR_PAUC_13100",5,9,-3,-4,-4,-4,0,0,28,33,"FR_TFHB_93290"
"FR-1-H_24_31_1604",172,"24:15","FR_TFHB_93290",12,9,-1,3,3,1,0,-2,33,28,"FR_TFHB_93290"
"FR-1-H_24_31_1604",173,"45:21","FR_PAUC_13100",19,21,1,-2,-2,-7,0,-5,28,33,"FR_TFHB_93290"
"FR-1-H_24_31_1604",174,"48:31","FR_PAUC_13100",21,28,-2,-7,-7,-5,0,2,28,33,"FR_TFHB_93290"
"FR-1-H_24_31_1604",175,"54:49","FR_TFHB_93290",29,23,1,6,6,5,0,-1,33,28,"FR_TFHB_93290"
"FR-1-H_24_32_1605",176,"16:19","FR_BHBPP_64140",8,10,-1,-2,-2,-5,0,-3,29,37,"FR_PAUC_13100"
"FR-1-H_24_32_1605",177,"21:51","FR_BHBPP_64140",10,16,-2,-6,-6,-5,0,1,29,37,"FR_PAUC_13100"
"FR-1-H_24_32_1605",178,"25:52","FR_PAUC_13100",17,12,-1,5,5,4,0,-1,37,29,"FR_PAUC_13100"
"FR-1-H_24_32_1605",179,"54:20","FR_PAUC_13100",34,27,-1,7,7,9,0,2,37,29,"FR_PAUC_13100"
"FR-1-H_24_32_1606",180,"20:34","FR_TFHB_93290",6,8,-1,-2,-2,-2,0,0,25,28,"FR_CRMHB_35510"
"FR-1-H_24_32_1606",181,"27:02","FR_CRMHB_35510",10,8,-1,2,2,3,0,1,28,25,"FR_CRMHB_35510"
"FR-1-H_24_32_1606",182,"40:19","FR_CRMHB_35510",16,14,-2,2,2,3,0,1,28,25,"FR_CRMHB_35510"
"FR-1-H_24_32_1606",183,"51:53","FR_TFHB_93290",22,24,-3,-2,-2,-4,0,-2,25,28,"FR_CRMHB_35510"
"FR-1-H_24_32_1606",184,"56:02","FR_TFHB_93290",23,27,-2,-4,-4,-3,0,1,25,28,"FR_CRMHB_35510"
"FR-1-H_24_32_1607",185,"06:01","FR_FTHB_31000",1,3,-1,-2,-2,-2,0,0,24,34,"FR_CSMBHB_73000"
"FR-1-H_24_32_1607",186,"15:11","FR_CSMBHB_73000",7,7,-2,0,0,2,0,2,34,24,"FR_CSMBHB_73000"
"FR-1-H_24_32_1607",187,"33:08","FR_FTHB_31000",13,20,-3,-7,-7,-7,0,0,24,34,"FR_CSMBHB_73000"
"FR-1-H_24_32_1608",188,"17:30","FR_DHBGL_59140",8,12,-2,-4,-4,-5,0,-1,30,36,"FR_PSGHB_75016"
"FR-1-H_24_32_1608",189,"26:13","FR_PSGHB_75016",18,14,-2,4,4,4,0,0,36,30,"FR_PSGHB_75016"
"FR-1-H_24_32_1608",190,"45:30","FR_DHBGL_59140",24,28,-2,-4,-4,-5,0,-1,30,36,"FR_PSGHB_75016"
"FR-1-H_24_32_1608",191,"55:29","FR_DHBGL_59140",28,35,-1,-7,-7,-6,0,1,30,36,"FR_PSGHB_75016"
"FR-1-H_24_32_1609",192,"11:17","FR_USIHB_94200",3,6,-1,-3,-3,-4,0,-1,22,27,"FR_HBCN_44200"
"FR-1-H_24_32_1609",193,"20:44","FR_HBCN_44200",8,6,-2,2,2,3,0,1,27,22,"FR_HBCN_44200"
"FR-1-H_24_32_1609",194,"43:18","FR_USIHB_94200",15,20,-2,-5,-5,-4,0,1,22,27,"FR_HBCN_44200"
"FR-1-H_24_32_1610",195,"19:55","FR_USCHB_94000",5,10,-2,-5,-5,-5,0,0,26,32,"FR_SRVHB_83700"
"FR-1-H_24_32_1610",196,"46:28","FR_USCHB_94000",16,25,-2,-9,-9,-8,0,1,26,32,"FR_SRVHB_83700"
"FR-1-H_24_33_1612",197,"04:45","FR_BHBPP_64140",0,4,-4,-4,-4,-4,0,0,26,27,"FR_CRMHB_35510"
"FR-1-H_24_33_1612",198,"14:45","FR_CRMHB_35510",9,7,-3,2,2,2,0,0,27,26,"FR_CRMHB_35510"
"FR-1-H_24_33_1612",199,"34:54","FR_BHBPP_64140",12,19,-3,-7,-7,-7,0,0,26,27,"FR_CRMHB_35510"
"FR-1-H_24_33_1612",200,"49:11","FR_CRMHB_35510",24,19,-2,5,5,4,0,-1,27,26,"FR_CRMHB_35510"
"FR-1-H_24_33_1613",201,"19:33","FR_CSMBHB_73000",10,7,-1,3,3,4,0,1,31,27,"FR_CSMBHB_73000"
"FR-1-H_24_33_1613",202,"23:09","FR_DHBGL_59140",8,12,-1,-4,-4,-3,0,1,27,31,"FR_CSMBHB_73000"
"FR-1-H_24_33_1613",203,"38:26","FR_DHBGL_59140",17,21,-1,-4,-4,-5,0,-1,27,31,"FR_CSMBHB_73000"
"FR-1-H_24_33_1613",204,"52:46","FR_CSMBHB_73000",28,24,-2,4,4,4,0,0,31,27,"FR_CSMBHB_73000"
"FR-1-H_24_33_1613",205,"57:37","FR_DHBGL_59140",26,30,-2,-4,-4,-4,0,0,27,31,"FR_CSMBHB_73000"
"FR-1-H_24_33_1613",206,"58:46","FR_CSMBHB_73000",30,26,0,4,4,4,0,0,31,27,"FR_CSMBHB_73000"
"FR-1-H_24_33_1614",207,"20:33","FR_SAHB_80262",6,11,-2,-5,-5,-5,0,0,25,26,"FR_USIHB_94200"
"FR-1-H_24_33_1614",208,"29:35","FR_USIHB_94200",15,11,-1,4,4,3,0,-1,26,25,"FR_USIHB_94200"
"FR-1-H_24_33_1614",209,"44:56","FR_USIHB_94200",19,18,-2,1,1,3,0,2,26,25,"FR_USIHB_94200"
"FR-1-H_24_33_1615",210,"14:27","FR_PAUC_13100",6,10,-2,-4,-4,-4,0,0,32,36,"FR_MHB_34000"
"FR-1-H_24_33_1615",211,"23:17","FR_MHB_34000",15,11,-2,4,4,4,0,0,36,32,"FR_MHB_34000"
"FR-1-H_24_33_1615",212,"41:32","FR_PAUC_13100",20,27,-1,-7,-7,-5,0,2,32,36,"FR_MHB_34000"
"FR-1-H_24_33_1615",213,"55:50","FR_MHB_34000",34,30,-1,4,4,4,0,0,36,32,"FR_MHB_34000"
"FR-1-H_24_33_1615",214,"58:24","FR_PAUC_13100",31,35,-1,-4,-4,-4,0,0,32,36,"FR_MHB_34000"
"FR-1-H_24_33_1616",215,"18:52","FR_USCHB_94000",8,12,-3,-4,-4,-2,0,2,28,30,"FR_PSGHB_75016"
"FR-1-H_24_33_1616",216,"45:18","FR_PSGHB_75016",22,23,-2,-1,-1,-2,0,-1,30,28,"FR_PSGHB_75016"
"FR-1-H_24_33_1616",217,"51:41","FR_USCHB_94000",26,25,-2,1,1,0,0,-1,28,30,"FR_PSGHB_75016"
"FR-1-H_24_33_1616",218,"58:01","FR_USCHB_94000",28,29,-2,-1,-1,-2,0,-1,28,30,"FR_PSGHB_75016"
"FR-1-H_24_33_1617",219,"16:00","FR_FTHB_31000",7,5,-1,2,2,1,0,-1,23,24,"FR_HBCN_44200"
"FR-1-H_24_33_1617",220,"25:03","FR_HBCN_44200",10,10,-1,0,0,2,0,2,24,23,"FR_HBCN_44200"
"FR-1-H_24_33_1617",221,"47:33","FR_HBCN_44200",21,23,-4,-2,-2,-2,0,0,24,23,"FR_HBCN_44200"
"FR-1-H_24_33_1617",222,"58:18","FR_HBCN_44200",24,23,3,1,1,1,0,0,24,23,"FR_HBCN_44200"
"FR-1-H_24_33_1618",223,"46:42","FR_TFHB_93290",29,17,2,12,12,15,0,3,36,23,"FR_TFHB_93290"
"FR-1-H_24_34_1619",224,"11:01","FR_PAUC_13100",3,6,1,-3,-3,-2,0,1,27,26,"FR_PAUC_13100"
"FR-1-H_24_34_1619",225,"21:26","FR_CRMHB_35510",9,8,-3,1,1,0,0,-1,26,27,"FR_PAUC_13100"
"FR-1-H_24_34_1619",226,"43:14","FR_PAUC_13100",17,19,-2,-2,-2,-1,0,1,27,26,"FR_PAUC_13100"
"FR-1-H_24_34_1619",227,"49:25","FR_CRMHB_35510",22,21,-1,1,1,0,0,-1,26,27,"FR_PAUC_13100"
"FR-1-H_24_34_1619",228,"58:48","FR_CRMHB_35510",26,26,-1,0,0,-1,0,-1,26,27,"FR_PAUC_13100"
"FR-1-H_24_34_1620",229,"16:19","FR_USCHB_94000",4,8,-2,-4,-4,-2,0,2,26,24,"FR_USCHB_94000"
"FR-1-H_24_34_1620",230,"20:00","FR_TFHB_93290",8,6,-2,2,2,0,0,-2,24,26,"FR_USCHB_94000"
"FR-1-H_24_34_1620",231,"47:25","FR_USCHB_94000",18,20,-2,-2,-2,0,0,2,26,24,"FR_USCHB_94000"
"FR-1-H_24_34_1620",232,"51:55","FR_TFHB_93290",22,22,-2,0,0,0,0,0,24,26,"FR_USCHB_94000"
"FR-1-H_24_34_1620",233,"58:07","FR_TFHB_93290",24,25,-1,-1,-1,-2,0,-1,24,26,"FR_USCHB_94000"
"FR-1-H_24_34_1621",234,"16:30","FR_DHBGL_59140",6,8,-1,-2,-2,1,0,3,26,26,"Egalité"
"FR-1-H_24_34_1621",235,"18:45","FR_FTHB_31000",8,9,-3,-1,-1,-1,0,0,26,26,"Egalité"
"FR-1-H_24_34_1621",236,"34:02","FR_DHBGL_59140",15,17,-2,-2,-2,-2,0,0,26,26,"Egalité"
"FR-1-H_24_34_1621",237,"44:39","FR_FTHB_31000",23,19,-1,4,4,2,0,-2,26,26,"Egalité"
"FR-1-H_24_34_1621",238,"53:14","FR_FTHB_31000",24,24,-4,0,0,1,0,1,26,26,"Egalité"
"FR-1-H_24_34_1621",239,"59:27","FR_DHBGL_59140",25,26,1,-1,-1,0,0,1,26,26,"Egalité"
"FR-1-H_24_34_1622",240,"25:17","FR_MHB_34000",13,16,-3,-3,-3,-3,0,0,32,29,"FR_MHB_34000"
"FR-1-H_24_34_1622",241,"27:33","FR_HBCN_44200",18,15,-1,3,3,2,0,-1,29,32,"FR_MHB_34000"
"FR-1-H_24_34_1622",242,"43:21","FR_MHB_34000",23,24,-1,-1,-1,2,0,3,32,29,"FR_MHB_34000"
"FR-1-H_24_34_1622",243,"47:44","FR_HBCN_44200",24,26,-3,-2,-2,-3,0,-1,29,32,"FR_MHB_34000"
"FR-1-H_24_34_1622",244,"56:56","FR_MHB_34000",30,29,-2,1,1,2,0,1,32,29,"FR_MHB_34000"
"FR-1-H_24_34_1622",245,"57:51","FR_HBCN_44200",29,32,-1,-3,-3,-3,0,0,29,32,"FR_MHB_34000"
"FR-1-H_24_34_1623",246,"17:44","FR_PSGHB_75016",7,10,-4,-3,-3,-1,0,2,27,22,"FR_PSGHB_75016"
"FR-1-H_24_34_1623",247,"23:38","FR_USIHB_94200",11,11,-3,0,0,1,0,1,22,27,"FR_PSGHB_75016"
"FR-1-H_24_34_1623",248,"42:18","FR_USIHB_94200",15,19,-2,-4,-4,-5,0,-1,22,27,"FR_PSGHB_75016"
"FR-1-H_24_34_1623",249,"48:18","FR_USIHB_94200",17,22,-1,-5,-5,-4,0,1,22,27,"FR_PSGHB_75016"
"FR-1-H_24_35_1626",250,"13:37","FR_PAUC_13100",5,8,-1,-3,-3,-6,0,-3,27,27,"Egalité"
"FR-1-H_24_35_1626",251,"22:38","FR_USCHB_94000",14,8,-2,6,6,9,0,3,27,27,"Egalité"
"FR-1-H_24_35_1626",252,"38:17","FR_USCHB_94000",21,18,-5,3,3,2,0,-1,27,27,"Egalité"
"FR-1-H_24_35_1626",253,"52:36","FR_PAUC_13100",24,25,-1,-1,-1,-2,0,-1,27,27,"Egalité"
"FR-1-H_24_35_1626",254,"57:30","FR_PAUC_13100",25,27,-2,-2,-2,0,0,2,27,27,"Egalité"
"FR-1-H_24_35_1626",255,"58:37","FR_USCHB_94000",27,27,-2,0,0,0,0,0,27,27,"Egalité"
"FR-1-H_24_35_1627",256,"20:43","FR_PSGHB_75016",8,8,-2,0,0,1,0,1,26,18,"FR_PSGHB_75016"
"FR-1-H_24_35_1627",257,"23:44","FR_BHBPP_64140",8,10,1,-2,-2,-1,0,1,18,26,"FR_PSGHB_75016"
"FR-1-H_24_35_1627",258,"37:47","FR_BHBPP_64140",13,17,-4,-4,-4,-4,0,0,18,26,"FR_PSGHB_75016"
"FR-1-H_24_35_1627",259,"44:38","FR_PSGHB_75016",18,14,-1,4,4,5,0,1,26,18,"FR_PSGHB_75016"
"FR-1-H_24_35_1627",260,"53:51","FR_BHBPP_64140",16,23,-2,-7,-7,-7,0,0,18,26,"FR_PSGHB_75016"
"FR-1-H_24_35_1628",261,"17:30","FR_SAHB_80262",10,10,-1,0,0,3,0,3,36,33,"FR_SAHB_80262"
"FR-1-H_24_35_1628",262,"40:52","FR_CSMBHB_73000",24,29,-1,-5,-5,-6,0,-1,33,36,"FR_SAHB_80262"
"FR-1-H_24_35_1628",263,"48:56","FR_SAHB_80262",31,26,-1,5,5,3,0,-2,36,33,"FR_SAHB_80262"
"FR-1-H_24_35_1628",264,"56:13","FR_CSMBHB_73000",30,33,1,-3,-3,-2,0,1,33,36,"FR_SAHB_80262"
"FR-1-H_24_35_1628",265,"58:09","FR_SAHB_80262",34,32,-1,2,2,3,0,1,36,33,"FR_SAHB_80262"
"FR-1-H_24_35_1630",266,"21:52","FR_HBCN_44200",7,9,-3,-2,-2,-3,0,-1,24,24,"Egalité"
"FR-1-H_24_35_1630",267,"58:18","FR_HBCN_44200",24,23,1,1,1,1,0,0,24,24,"Egalité"
"FR-1-H_24_35_1631",268,"20:13","FR_USIHB_94200",7,12,-2,-5,-5,-4,0,1,22,31,"FR_FTHB_31000"
"FR-1-H_24_35_1631",269,"23:21","FR_FTHB_31000",14,10,-2,4,4,6,0,2,31,22,"FR_FTHB_31000"
"FR-1-H_24_35_1631",270,"36:40","FR_USIHB_94200",13,22,-2,-9,-9,-10,0,-1,22,31,"FR_FTHB_31000"
"FR-1-H_24_35_1631",271,"50:08","FR_FTHB_31000",26,17,1,9,9,12,0,3,31,22,"FR_FTHB_31000"
"FR-1-H_24_35_1631",272,"59:41","FR_USIHB_94200",22,31,3,-9,-9,-9,0,0,22,31,"FR_FTHB_31000"
"FR-1-H_24_36_1633",273,"12:01","FR_CRMHB_35510",6,6,-1,0,0,-3,0,-3,23,31,"FR_CSMBHB_73000"
"FR-1-H_24_36_1633",274,"27:05","FR_CSMBHB_73000",14,9,2,5,5,5,0,0,31,23,"FR_CSMBHB_73000"
"FR-1-H_24_36_1634",275,"17:48","FR_MHB_34000",8,12,-1,-4,-4,0,0,4,35,33,"FR_MHB_34000"
"FR-1-H_24_36_1634",276,"20:43","FR_USCHB_94000",12,12,-4,0,0,2,0,2,33,35,"FR_MHB_34000"
"FR-1-H_24_36_1634",277,"44:33","FR_USCHB_94000",21,25,-4,-4,-4,-5,0,-1,33,35,"FR_MHB_34000"
"FR-1-H_24_36_1634",278,"51:30","FR_MHB_34000",29,26,-2,3,3,1,0,-2,35,33,"FR_MHB_34000"
"FR-1-H_24_36_1634",279,"58:19","FR_USCHB_94000",31,34,-2,-3,-3,-2,0,1,33,35,"FR_MHB_34000"
"FR-1-H_24_36_1635",280,"04:37","FR_BHBPP_64140",0,4,-4,-4,-4,-3,0,1,22,37,"FR_DHBGL_59140"
"FR-1-H_24_36_1635",281,"22:55","FR_DHBGL_59140",14,7,-1,7,7,7,0,0,37,22,"FR_DHBGL_59140"
"FR-1-H_24_36_1635",282,"41:26","FR_BHBPP_64140",13,27,-3,-14,-14,-12,0,2,22,37,"FR_DHBGL_59140"
"FR-1-H_24_36_1635",283,"54:04","FR_BHBPP_64140",19,33,-3,-14,-14,-14,0,0,22,37,"FR_DHBGL_59140"
"FR-1-H_24_36_1636",284,"22:22","FR_TFHB_93290",10,10,1,0,0,0,0,0,26,25,"FR_TFHB_93290"
"FR-1-H_24_36_1636",285,"29:33","FR_USIHB_94200",13,12,2,1,1,1,0,0,25,26,"FR_TFHB_93290"
"FR-1-H_24_36_1636",286,"38:32","FR_TFHB_93290",14,17,-2,-3,-3,-1,0,2,26,25,"FR_TFHB_93290"
"FR-1-H_24_36_1636",287,"40:42","FR_USIHB_94200",17,16,-2,1,1,1,0,0,25,26,"FR_TFHB_93290"
"FR-1-H_24_36_1636",288,"57:57","FR_TFHB_93290",25,24,-1,1,1,1,0,0,26,25,"FR_TFHB_93290"
"FR-1-H_24_36_1636",289,"59:18","FR_USIHB_94200",25,26,1,-1,-1,-1,0,0,25,26,"FR_TFHB_93290"
"FR-1-H_24_36_1638",290,"05:15","FR_FTHB_31000",3,6,-3,-3,-3,-4,0,-1,31,32,"FR_SRVHB_83700"
"FR-1-H_24_36_1638",291,"36:02","FR_FTHB_31000",20,22,-3,-2,-2,-1,0,1,31,32,"FR_SRVHB_83700"
"FR-1-H_24_37_1640",292,"18:59","FR_PAUC_13100",7,10,-1,-3,-3,-1,0,2,23,31,"FR_DHBGL_59140"
"FR-1-H_24_37_1640",293,"23:37","FR_DHBGL_59140",12,11,-2,1,1,2,0,1,31,23,"FR_DHBGL_59140"
"FR-1-H_24_37_1640",294,"35:24","FR_PAUC_13100",14,18,-3,-4,-4,-6,0,-2,23,31,"FR_DHBGL_59140"
"FR-1-H_24_37_1640",295,"49:57","FR_PAUC_13100",19,26,-1,-7,-7,-5,0,2,23,31,"FR_DHBGL_59140"
"FR-1-H_24_37_1640",296,"53:39","FR_DHBGL_59140",26,21,-2,5,5,9,0,4,31,23,"FR_DHBGL_59140"
"FR-1-H_24_37_1641",297,"07:06","FR_USIHB_94200",1,5,-2,-4,-4,-4,0,0,25,26,"FR_CRMHB_35510"
"FR-1-H_24_37_1641",298,"18:39","FR_CRMHB_35510",8,6,-1,2,2,1,0,-1,26,25,"FR_CRMHB_35510"
"FR-1-H_24_37_1641",299,"39:28","FR_USIHB_94200",17,20,-1,-3,-3,-4,0,-1,25,26,"FR_CRMHB_35510"
"FR-1-H_24_37_1641",300,"45:22","FR_CRMHB_35510",23,21,-3,2,2,2,0,0,26,25,"FR_CRMHB_35510"
"FR-1-H_24_37_1641",301,"55:28","FR_USIHB_94200",25,26,-1,-1,-1,-1,0,0,25,26,"FR_CRMHB_35510"
"FR-1-H_24_37_1641",302,"58:49","FR_CRMHB_35510",26,25,0,1,1,1,0,0,26,25,"FR_CRMHB_35510"
"FR-1-H_24_37_1643",303,"16:52","FR_USCHB_94000",7,11,-3,-4,-4,-5,0,-1,32,39,"FR_HBCN_44200"
"FR-1-H_24_37_1643",304,"29:46","FR_HBCN_44200",20,13,-1,7,7,9,0,2,39,32,"FR_HBCN_44200"
"FR-1-H_24_37_1643",305,"42:43","FR_USCHB_94000",18,31,-2,-13,-13,-12,0,1,32,39,"FR_HBCN_44200"
"FR-1-H_24_37_1643",306,"51:37","FR_HBCN_44200",35,26,-2,9,9,7,0,-2,39,32,"FR_HBCN_44200"
"FR-1-H_24_37_1644",307,"05:57","FR_BHBPP_64140",1,6,-5,-5,-5,-4,0,1,25,31,"FR_SRVHB_83700"
"FR-1-H_24_37_1644",308,"31:30","FR_BHBPP_64140",10,22,-4,-12,-12,-12,0,0,25,31,"FR_SRVHB_83700"
"FR-1-H_24_37_1645",309,"14:27","FR_FTHB_31000",6,9,-2,-3,-3,-1,0,2,31,32,"FR_SAHB_80262"
"FR-1-H_24_37_1645",310,"22:36","FR_SAHB_80262",11,10,-1,1,1,3,0,2,32,31,"FR_SAHB_80262"
"FR-1-H_24_38_1647",311,"07:52","FR_BHBPP_64140",3,7,-3,-4,-4,-5,0,-1,21,30,"FR_PAUC_13100"
"FR-1-H_24_38_1647",312,"18:41","FR_PAUC_13100",13,6,2,7,7,8,0,1,30,21,"FR_PAUC_13100"
"FR-1-H_24_38_1647",313,"22:20","FR_BHBPP_64140",7,15,-2,-8,-8,-10,0,-2,21,30,"FR_PAUC_13100"
"FR-1-H_24_38_1647",314,"45:00","FR_PAUC_13100",23,16,1,7,7,7,0,0,30,21,"FR_PAUC_13100"
"FR-1-H_24_38_1647",315,"53:26","FR_BHBPP_64140",18,27,-1,-9,-9,-8,0,1,21,30,"FR_PAUC_13100"
"FR-1-H_24_38_1648",316,"25:38","FR_CSMBHB_73000",11,12,1,-1,-1,1,0,2,30,30,"Egalité"
"FR-1-H_24_38_1648",317,"29:09","FR_HBCN_44200",13,14,-1,-1,-1,-1,0,0,30,30,"Egalité"
"FR-1-H_24_38_1648",318,"50:50","FR_HBCN_44200",22,25,-1,-3,-3,-2,0,1,30,30,"Egalité"
"FR-1-H_24_38_1648",319,"57:26","FR_HBCN_44200",27,29,-1,-2,-2,-1,0,1,30,30,"Egalité"
"FR-1-H_24_38_1648",320,"59:26","FR_CSMBHB_73000",30,29,-1,1,1,0,0,-1,30,30,"Egalité"
"FR-1-H_24_38_1649",321,"29:04","FR_USCHB_94000",15,17,-1,-2,-2,-1,0,1,30,31,"FR_SRVHB_83700"
"FR-1-H_24_38_1649",322,"48:26","FR_USCHB_94000",24,28,-2,-4,-4,-2,0,2,30,31,"FR_SRVHB_83700"
"FR-1-H_24_38_1650",323,"05:59","FR_USIHB_94200",1,5,-4,-4,-4,-5,0,-1,22,38,"FR_DHBGL_59140"
"FR-1-H_24_38_1650",324,"39:55","FR_USIHB_94200",14,24,-3,-10,-10,-11,0,-1,22,38,"FR_DHBGL_59140"
"FR-1-H_24_38_1650",325,"45:16","FR_USIHB_94200",15,27,-2,-12,-12,-11,0,1,22,38,"FR_DHBGL_59140"
"FR-1-H_24_39_1654",326,"19:30","FR_PAUC_13100",8,9,-2,-1,-1,0,0,1,27,27,"Egalité"
"FR-1-H_24_39_1654",327,"25:59","FR_MHB_34000",11,12,-2,-1,-1,0,0,1,27,27,"Egalité"
"FR-1-H_24_39_1654",328,"39:55","FR_PAUC_13100",16,18,-3,-2,-2,-1,0,1,27,27,"Egalité"
"FR-1-H_24_39_1654",329,"48:05","FR_MHB_34000",21,22,-3,-1,-1,-2,0,-1,27,27,"Egalité"
"FR-1-H_24_39_1654",330,"59:08","FR_MHB_34000",26,27,-1,-1,-1,0,0,1,27,27,"Egalité"
"FR-1-H_24_39_1654",331,"59:30","FR_PAUC_13100",27,27,-1,0,0,0,0,0,27,27,"Egalité"
"FR-1-H_24_39_1655",332,"12:58","FR_BHBPP_64140",2,7,-4,-5,-5,-5,0,0,24,32,"FR_TFHB_93290"
"FR-1-H_24_39_1655",333,"19:37","FR_TFHB_93290",8,5,-2,3,3,5,0,2,32,24,"FR_TFHB_93290"
"FR-1-H_24_39_1655",334,"44:30","FR_BHBPP_64140",14,22,-4,-8,-8,-9,0,-1,24,32,"FR_TFHB_93290"
"FR-1-H_24_39_1657",335,"13:39","FR_CSMBHB_73000",4,7,-4,-3,-3,-2,0,1,21,30,"FR_USIHB_94200"
"FR-1-H_24_39_1657",336,"29:20","FR_USIHB_94200",14,11,-1,3,3,3,0,0,30,21,"FR_USIHB_94200"
"FR-1-H_24_39_1657",337,"43:48","FR_USIHB_94200",19,19,-1,0,0,3,0,3,30,21,"FR_USIHB_94200"
"FR-1-H_24_39_1657",338,"51:12","FR_CSMBHB_73000",20,24,-3,-4,-4,-8,0,-4,21,30,"FR_USIHB_94200"
"FR-1-H_24_39_1658",339,"22:01","FR_HBCN_44200",10,10,-1,0,0,3,0,3,25,28,"FR_DHBGL_59140"
"FR-1-H_24_39_1658",340,"25:28","FR_DHBGL_59140",10,13,-3,-3,-3,-2,0,1,28,25,"FR_DHBGL_59140"
"FR-1-H_24_39_1658",341,"44:35","FR_HBCN_44200",18,24,-2,-6,-6,-6,0,0,25,28,"FR_DHBGL_59140"
"FR-1-H_24_39_1659",342,"06:03","FR_PSGHB_75016",1,4,-2,-3,-3,-1,0,2,33,28,"FR_PSGHB_75016"
"FR-1-H_24_39_1659",343,"47:50","FR_PSGHB_75016",24,22,-4,2,2,3,0,1,33,28,"FR_PSGHB_75016"
"FR-1-H_24_39_1660",344,"18:09","FR_FTHB_31000",10,11,-1,-1,-1,1,0,2,34,31,"FR_FTHB_31000"
"FR-1-H_24_39_1660",345,"22:55","FR_FTHB_31000",13,12,1,1,1,-1,0,-2,34,31,"FR_FTHB_31000"
"FR-1-H_24_39_1660",346,"35:44","FR_FTHB_31000",19,20,-2,-1,-1,0,0,1,34,31,"FR_FTHB_31000"
"FR-1-H_24_39_1660",347,"51:59","FR_FTHB_31000",29,29,-1,0,0,1,0,1,34,31,"FR_FTHB_31000"
"FR-1-H_24_39_1660",348,"54:30","FR_USCHB_94000",30,31,-2,-1,-1,-4,0,-3,31,34,"FR_FTHB_31000"
"FR-1-H_24_40_1661",349,"13:18","FR_PAUC_13100",5,8,-1,-3,-3,-4,0,-1,30,32,"FR_CSMBHB_73000"
"FR-1-H_24_40_1661",350,"28:47","FR_CSMBHB_73000",15,12,-2,3,3,1,0,-2,32,30,"FR_CSMBHB_73000"
"FR-1-H_24_40_1661",351,"47:52","FR_PAUC_13100",23,27,-1,-4,-4,-2,0,2,30,32,"FR_CSMBHB_73000"
"FR-1-H_24_40_1661",352,"55:51","FR_PAUC_13100",27,30,-2,-3,-3,-2,0,1,30,32,"FR_CSMBHB_73000"
"FR-1-H_24_40_1661",353,"59:31","FR_CSMBHB_73000",32,30,-1,2,2,2,0,0,32,30,"FR_CSMBHB_73000"
"FR-1-H_24_40_1662",354,"08:30","FR_USCHB_94000",2,7,-3,-5,-5,-6,0,-1,28,35,"FR_PSGHB_75016"
"FR-1-H_24_40_1662",355,"25:21","FR_PSGHB_75016",16,10,1,6,6,9,0,3,35,28,"FR_PSGHB_75016"
"FR-1-H_24_40_1662",356,"39:32","FR_PSGHB_75016",24,17,-2,7,7,8,0,1,35,28,"FR_PSGHB_75016"
"FR-1-H_24_40_1662",357,"46:12","FR_USCHB_94000",20,30,-3,-10,-10,-8,0,2,28,35,"FR_PSGHB_75016"
"FR-1-H_24_40_1663",358,"09:29","FR_CRMHB_35510",1,3,-1,-2,-2,0,0,2,24,28,"FR_DHBGL_59140"
"FR-1-H_24_40_1663",359,"17:48","FR_DHBGL_59140",6,7,-2,-1,-1,-1,0,0,28,24,"FR_DHBGL_59140"
"FR-1-H_24_40_1663",360,"34:09","FR_CRMHB_35510",14,14,-3,0,0,-2,0,-2,24,28,"FR_DHBGL_59140"
"FR-1-H_24_40_1663",361,"50:02","FR_DHBGL_59140",23,19,-1,4,4,6,0,2,28,24,"FR_DHBGL_59140"
"FR-1-H_24_40_1665",362,"09:34","FR_FTHB_31000",2,4,-2,-2,-2,-3,0,-1,26,31,"FR_HBCN_44200"
"FR-1-H_24_40_1665",363,"22:56","FR_FTHB_31000",9,11,2,-2,-2,-2,0,0,26,31,"FR_HBCN_44200"
"FR-1-H_24_40_1665",364,"25:05","FR_HBCN_44200",11,9,0,2,2,3,0,1,31,26,"FR_HBCN_44200"
"FR-1-H_24_40_1665",365,"31:25","FR_FTHB_31000",11,16,-3,-5,-5,-2,0,3,26,31,"FR_HBCN_44200"
"FR-1-H_24_40_1665",366,"51:24","FR_HBCN_44200",26,24,-2,2,2,3,0,1,31,26,"FR_HBCN_44200"
"FR-1-H_24_40_1665",367,"55:38","FR_HBCN_44200",28,25,2,3,3,5,0,2,31,26,"FR_HBCN_44200"
"FR-1-H_24_40_1666",368,"18:02","FR_USIHB_94200",8,10,-3,-2,-2,-3,0,-1,24,27,"FR_SRVHB_83700"
"FR-1-H_24_40_1666",369,"51:24","FR_USIHB_94200",20,23,-3,-3,-3,-3,0,0,24,27,"FR_SRVHB_83700"
"FR-1-H_24_40_1666",370,"59:08","FR_USIHB_94200",23,26,-1,-3,-3,-3,0,0,24,27,"FR_SRVHB_83700"
"FR-1-H_24_41_1668",371,"19:51","FR_TFHB_93290",9,11,-2,-2,-2,-1,0,1,34,38,"FR_PAUC_13100"
"FR-1-H_24_41_1668",372,"24:55","FR_PAUC_13100",14,13,-1,1,1,1,0,0,38,34,"FR_PAUC_13100"
"FR-1-H_24_41_1668",373,"37:28","FR_TFHB_93290",20,24,-2,-4,-4,-3,0,1,34,38,"FR_PAUC_13100"
"FR-1-H_24_41_1668",374,"41:28","FR_PAUC_13100",25,22,-2,3,3,3,0,0,38,34,"FR_PAUC_13100"
"FR-1-H_24_41_1668",375,"50:52","FR_TFHB_93290",27,31,-2,-4,-4,-3,0,1,34,38,"FR_PAUC_13100"
"FR-1-H_24_41_1669",376,"15:50","FR_CRMHB_35510",7,10,-1,-3,-3,-5,0,-2,28,37,"FR_MHB_34000"
"FR-1-H_24_41_1669",377,"22:08","FR_MHB_34000",13,9,-1,4,4,5,0,1,37,28,"FR_MHB_34000"
"FR-1-H_24_41_1669",378,"38:56","FR_CRMHB_35510",17,26,-1,-9,-9,-9,0,0,28,37,"FR_MHB_34000"
"FR-1-H_24_41_1669",379,"47:48","FR_MHB_34000",29,23,-2,6,6,6,0,0,37,28,"FR_MHB_34000"
"FR-1-H_24_41_1670",380,"15:41","FR_BHBPP_64140",4,7,-3,-3,-3,-3,0,0,26,34,"FR_USCHB_94000"
"FR-1-H_24_41_1670",381,"28:05","FR_USCHB_94000",15,10,2,5,5,8,0,3,34,26,"FR_USCHB_94000"
"FR-1-H_24_41_1670",382,"45:34","FR_BHBPP_64140",18,26,-2,-8,-8,-7,0,1,26,34,"FR_USCHB_94000"
"FR-1-H_24_41_1670",383,"57:06","FR_BHBPP_64140",24,31,2,-7,-7,-8,0,-1,26,34,"FR_USCHB_94000"
"FR-1-H_24_41_1671",384,"13:38","FR_FTHB_31000",9,9,-1,0,0,0,0,0,31,33,"FR_USIHB_94200"
"FR-1-H_24_41_1671",385,"19:30","FR_USIHB_94200",11,13,-2,-2,-2,2,0,4,33,31,"FR_USIHB_94200"
"FR-1-H_24_41_1671",386,"48:07","FR_USIHB_94200",24,25,-2,-1,-1,1,0,2,33,31,"FR_USIHB_94200"
"FR-1-H_24_41_1671",387,"50:46","FR_FTHB_31000",26,27,-2,-1,-1,-2,0,-1,31,33,"FR_USIHB_94200"
"FR-1-H_24_41_1672",388,"23:19","FR_PSGHB_75016",14,12,-1,2,2,2,0,0,30,25,"FR_PSGHB_75016"
"FR-1-H_24_41_1672",389,"24:58","FR_DHBGL_59140",12,14,0,-2,-2,-1,0,1,25,30,"FR_PSGHB_75016"
"FR-1-H_24_41_1672",390,"35:19","FR_DHBGL_59140",15,20,-4,-5,-5,-4,0,1,25,30,"FR_PSGHB_75016"
"FR-1-H_24_41_1672",391,"46:54","FR_DHBGL_59140",20,25,-2,-5,-5,-5,0,0,25,30,"FR_PSGHB_75016"
"FR-1-H_24_41_1672",392,"57:58","FR_PSGHB_75016",28,25,-3,3,3,5,0,2,30,25,"FR_PSGHB_75016"
"FR-1-H_24_41_1673",393,"12:16","FR_HBCN_44200",7,3,2,4,4,4,0,0,31,24,"FR_HBCN_44200"
"FR-1-H_24_41_1673",394,"22:46","FR_HBCN_44200",11,9,-1,2,2,-1,0,-3,31,24,"FR_HBCN_44200"
"FR-1-H_24_41_1673",395,"46:16","FR_HBCN_44200",25,19,-1,6,6,5,0,-1,31,24,"FR_HBCN_44200"
"FR-1-H_24_41_1673",396,"53:36","FR_HBCN_44200",26,22,-1,4,4,7,0,3,31,24,"FR_HBCN_44200"
"FR-1-H_24_41_1674",397,"25:04","FR_SAHB_80262",11,11,1,0,0,0,0,0,25,30,"FR_CSMBHB_73000"
"FR-1-H_24_41_1674",398,"52:02","FR_SAHB_80262",22,26,-1,-4,-4,-5,0,-1,25,30,"FR_CSMBHB_73000"
"FR-1-H_24_41_1674",399,"54:39","FR_CSMBHB_73000",27,22,1,5,5,5,0,0,30,25,"FR_CSMBHB_73000"
"FR-1-H_24_42_1675",400,"05:49","FR_BHBPP_64140",0,4,2,-4,-4,-3,0,1,24,38,"FR_SAHB_80262"
"FR-1-H_24_42_1675",401,"19:15","FR_SAHB_80262",13,8,-1,5,5,6,0,1,38,24,"FR_SAHB_80262"
"FR-1-H_24_42_1675",402,"25:25","FR_BHBPP_64140",9,16,-1,-7,-7,-7,0,0,24,38,"FR_SAHB_80262"
"FR-1-H_24_42_1675",403,"39:47","FR_BHBPP_64140",14,23,-1,-9,-9,-9,0,0,24,38,"FR_SAHB_80262"
"FR-1-H_24_42_1676",404,"14:42","FR_CSMBHB_73000",5,8,-2,-3,-3,-3,0,0,29,30,"FR_CRMHB_35510"
"FR-1-H_24_42_1676",405,"18:18","FR_CRMHB_35510",9,6,-1,3,3,5,0,2,30,29,"FR_CRMHB_35510"
"FR-1-H_24_42_1676",406,"38:53","FR_CRMHB_35510",21,17,-1,4,4,5,0,1,30,29,"FR_CRMHB_35510"
"FR-1-H_24_42_1676",407,"48:54","FR_CRMHB_35510",24,23,-4,1,1,1,0,0,30,29,"FR_CRMHB_35510"
"FR-1-H_24_42_1677",408,"16:41","FR_PAUC_13100",6,10,-2,-4,-4,-2,0,2,26,27,"FR_DHBGL_59140"
"FR-1-H_24_42_1677",409,"25:28","FR_DHBGL_59140",14,13,-2,1,1,4,0,3,27,26,"FR_DHBGL_59140"
"FR-1-H_24_42_1677",410,"33:30","FR_DHBGL_59140",18,15,-2,3,3,5,0,2,27,26,"FR_DHBGL_59140"
"FR-1-H_24_42_1677",411,"45:02","FR_PAUC_13100",17,23,-3,-6,-6,-5,0,1,26,27,"FR_DHBGL_59140"
"FR-1-H_24_42_1677",412,"53:12","FR_DHBGL_59140",26,24,-3,2,2,1,0,-1,27,26,"FR_DHBGL_59140"
"FR-1-H_24_42_1677",413,"59:54","FR_PAUC_13100",26,27,-1,-1,-1,-1,0,0,26,27,"FR_DHBGL_59140"
"FR-1-H_24_42_1679",414,"16:42","FR_HBCN_44200",6,9,-3,-3,-3,-3,0,0,26,24,"FR_HBCN_44200"
"FR-1-H_24_42_1679",415,"21:26","FR_PSGHB_75016",10,7,1,3,3,1,0,-2,24,26,"FR_HBCN_44200"
"FR-1-H_24_42_1679",416,"45:35","FR_PSGHB_75016",18,20,-3,-2,-2,-1,0,1,24,26,"FR_HBCN_44200"
"FR-1-H_24_42_1679",417,"48:02","FR_HBCN_44200",21,20,-2,1,1,3,0,2,26,24,"FR_HBCN_44200"
"FR-1-H_24_42_1679",418,"56:59","FR_HBCN_44200",25,23,-1,2,2,2,0,0,26,24,"FR_HBCN_44200"
"FR-1-H_24_42_1680",419,"19:29","FR_FTHB_31000",10,8,-2,2,2,3,0,1,26,22,"FR_FTHB_31000"
"FR-1-H_24_42_1680",420,"51:49","FR_FTHB_31000",24,19,-1,5,5,5,0,0,26,22,"FR_FTHB_31000"
"FR-1-H_24_43_1682",421,"12:31","FR_USIHB_94200",2,6,-2,-4,-4,-6,0,-2,24,32,"FR_PAUC_13100"
"FR-1-H_24_43_1682",422,"16:54","FR_USIHB_94200",4,10,-3,-6,-6,-7,0,-1,24,32,"FR_PAUC_13100"
"FR-1-H_24_43_1682",423,"28:28","FR_PAUC_13100",17,8,-1,9,9,7,0,-2,32,24,"FR_PAUC_13100"
"FR-1-H_24_43_1682",424,"44:39","FR_USIHB_94200",15,25,-2,-10,-10,-10,0,0,24,32,"FR_PAUC_13100"
"FR-1-H_24_43_1683",425,"03:49","FR_BHBPP_64140",0,4,-4,-4,-4,-2,0,2,22,35,"FR_CRMHB_35510"
"FR-1-H_24_43_1683",426,"18:03","FR_CRMHB_35510",12,6,3,6,6,7,0,1,35,22,"FR_CRMHB_35510"
"FR-1-H_24_43_1683",427,"22:41","FR_CRMHB_35510",16,9,1,7,7,9,0,2,35,22,"FR_CRMHB_35510"
"FR-1-H_24_43_1683",428,"34:29","FR_CRMHB_35510",24,14,2,10,10,9,0,-1,35,22,"FR_CRMHB_35510"
"FR-1-H_24_43_1684",429,"17:42","FR_USCHB_94000",9,11,-2,-2,-2,-2,0,0,24,28,"FR_HBCN_44200"
"FR-1-H_24_43_1684",430,"20:39","FR_HBCN_44200",13,11,-1,2,2,1,0,-1,28,24,"FR_HBCN_44200"
"FR-1-H_24_43_1684",431,"45:35","FR_USCHB_94000",17,20,-1,-3,-3,-2,0,1,24,28,"FR_HBCN_44200"
"FR-1-H_24_43_1684",432,"50:27","FR_HBCN_44200",21,19,-2,2,2,2,0,0,28,24,"FR_HBCN_44200"
"FR-1-H_24_43_1684",433,"56:29","FR_USCHB_94000",22,25,-2,-3,-3,-3,0,0,24,28,"FR_HBCN_44200"
"FR-1-H_24_43_1684",434,"57:19","FR_HBCN_44200",26,23,-1,3,3,4,0,1,28,24,"FR_HBCN_44200"
"FR-1-H_24_43_1685",435,"19:56","FR_SAHB_80262",7,9,-1,-2,-2,-1,0,1,23,24,"FR_DHBGL_59140"
"FR-1-H_24_43_1685",436,"23:34","FR_DHBGL_59140",11,10,-1,1,1,2,0,1,24,23,"FR_DHBGL_59140"
"FR-1-H_24_43_1685",437,"51:35","FR_SAHB_80262",20,21,-1,-1,-1,0,0,1,23,24,"FR_DHBGL_59140"
"FR-1-H_24_43_1685",438,"55:48","FR_DHBGL_59140",22,22,-1,0,0,1,0,1,24,23,"FR_DHBGL_59140"
"FR-1-H_24_43_1685",439,"59:33","FR_SAHB_80262",23,24,-1,-1,-1,-1,0,0,23,24,"FR_DHBGL_59140"
"FR-1-H_24_43_1686",440,"21:38","FR_CSMBHB_73000",10,12,2,-2,-2,-4,0,-2,29,36,"FR_PSGHB_75016"
"FR-1-H_24_43_1686",441,"27:49","FR_PSGHB_75016",16,11,3,5,5,7,0,2,36,29,"FR_PSGHB_75016"
"FR-1-H_24_43_1686",442,"46:35","FR_PSGHB_75016",26,23,-2,3,3,5,0,2,36,29,"FR_PSGHB_75016"
"FR-1-H_24_43_1686",443,"56:47","FR_PSGHB_75016",32,29,-1,3,3,7,0,4,36,29,"FR_PSGHB_75016"
"FR-1-H_24_43_1687",444,"12:33","FR_MHB_34000",5,8,-3,-3,-3,-4,0,-1,26,28,"FR_SRVHB_83700"
"FR-1-H_24_43_1687",445,"46:38","FR_MHB_34000",20,22,-2,-2,-2,-2,0,0,26,28,"FR_SRVHB_83700"
"FR-1-H_24_43_1687",446,"58:28","FR_MHB_34000",25,27,-1,-2,-2,-2,0,0,26,28,"FR_SRVHB_83700"
"FR-1-H_24_43_1688",447,"06:13","FR_FTHB_31000",1,5,-1,-4,-4,-4,0,0,27,27,"Egalité"
"FR-1-H_24_43_1688",448,"14:13","FR_TFHB_93290",7,6,-3,1,1,3,0,2,27,27,"Egalité"
"FR-1-H_24_43_1688",449,"59:31","FR_FTHB_31000",26,27,-3,-1,-1,0,0,1,27,27,"Egalité"
"FR-1-H_24_43_1688",450,"59:48","FR_TFHB_93290",27,27,-1,0,0,0,0,0,27,27,"Egalité"
"FR-1-H_24_44_1689",451,"06:59","FR_CRMHB_35510",1,4,-1,-3,-3,-4,0,-1,23,36,"FR_PAUC_13100"
"FR-1-H_24_44_1689",452,"20:54","FR_CRMHB_35510",7,13,-2,-6,-6,-6,0,0,23,36,"FR_PAUC_13100"
"FR-1-H_24_44_1689",453,"28:22","FR_PAUC_13100",17,10,1,7,7,7,0,0,36,23,"FR_PAUC_13100"
"FR-1-H_24_44_1689",454,"37:45","FR_CRMHB_35510",14,23,-2,-9,-9,-11,0,-2,23,36,"FR_PAUC_13100"
"FR-1-H_24_44_1689",455,"49:06","FR_PAUC_13100",31,21,-3,10,10,10,0,0,36,23,"FR_PAUC_13100"
"FR-1-H_24_44_1690",456,"49:53","FR_BHBPP_64140",19,27,-2,-8,-8,-7,0,1,24,32,"FR_DHBGL_59140"
"FR-1-H_24_44_1691",457,"27:32","FR_CSMBHB_73000",14,14,-1,0,0,1,0,1,28,26,"FR_CSMBHB_73000"
"FR-1-H_24_44_1691",458,"47:33","FR_CSMBHB_73000",23,22,2,1,1,-1,0,-2,28,26,"FR_CSMBHB_73000"
"FR-1-H_24_44_1691",459,"55:51","FR_CSMBHB_73000",25,25,2,0,0,2,0,2,28,26,"FR_CSMBHB_73000"
"FR-1-H_24_44_1692",460,"14:35","FR_USIHB_94200",6,10,-2,-4,-4,-7,0,-3,22,34,"FR_PSGHB_75016"
"FR-1-H_24_44_1692",461,"20:47","FR_USIHB_94200",7,15,-3,-8,-8,-6,0,2,22,34,"FR_PSGHB_75016"
"FR-1-H_24_44_1692",462,"24:38","FR_PSGHB_75016",15,9,-2,6,6,9,0,3,34,22,"FR_PSGHB_75016"
"FR-1-H_24_44_1692",463,"40:53","FR_USIHB_94200",12,25,-1,-13,-13,-14,0,-1,22,34,"FR_PSGHB_75016"
"FR-1-H_24_44_1694",464,"52:02","FR_FTHB_31000",30,27,-2,3,3,6,0,3,35,28,"FR_FTHB_31000"
"FR-1-H_24_45_1696",465,"23:49","FR_USIHB_94200",5,7,-1,-2,-2,0,0,2,20,20,"Egalité"
"FR-1-H_24_45_1696",466,"25:29","FR_CRMHB_35510",7,7,-2,0,0,-3,0,-3,20,20,"Egalité"
"FR-1-H_24_45_1696",467,"48:15","FR_USIHB_94200",16,15,-2,1,1,0,0,-1,20,20,"Egalité"
"FR-1-H_24_45_1696",468,"57:36","FR_USIHB_94200",18,20,-2,-2,-2,0,0,2,20,20,"Egalité"
"FR-1-H_24_45_1697",469,"21:43","FR_USCHB_94000",11,12,-2,-1,-1,-1,0,0,29,30,"FR_DHBGL_59140"
"FR-1-H_24_45_1697",470,"26:06","FR_DHBGL_59140",14,13,-2,1,1,2,0,1,30,29,"FR_DHBGL_59140"
"FR-1-H_24_45_1697",471,"42:08","FR_DHBGL_59140",22,20,1,2,2,3,0,1,30,29,"FR_DHBGL_59140"
"FR-1-H_24_45_1697",472,"54:27","FR_DHBGL_59140",27,27,-4,0,0,1,0,1,30,29,"FR_DHBGL_59140"
"FR-1-H_24_45_1697",473,"59:49","FR_USCHB_94000",29,30,1,-1,-1,-1,0,0,29,30,"FR_DHBGL_59140"
"FR-1-H_24_45_1699",474,"07:16","FR_BHBPP_64140",1,5,-1,-4,-4,-4,0,0,17,29,"FR_HBCN_44200"
"FR-1-H_24_45_1699",475,"07:46","FR_BHBPP_64140",1,5,0,-4,-4,-5,0,-1,17,29,"FR_HBCN_44200"
"FR-1-H_24_45_1699",476,"23:20","FR_HBCN_44200",9,5,-2,4,4,5,0,1,29,17,"FR_HBCN_44200"
"FR-1-H_24_45_1699",477,"26:06","FR_BHBPP_64140",5,10,0,-5,-5,-10,0,-5,17,29,"FR_HBCN_44200"
"FR-1-H_24_45_1699",478,"40:54","FR_BHBPP_64140",7,20,-2,-13,-13,-13,0,0,17,29,"FR_HBCN_44200"
"FR-1-H_24_45_1700",479,"19:34","FR_PAUC_13100",12,15,-1,-3,-3,-4,0,-1,33,39,"FR_PSGHB_75016"
"FR-1-H_24_45_1700",480,"40:44","FR_PAUC_13100",24,30,-1,-6,-6,-6,0,0,33,39,"FR_PSGHB_75016"
"FR-1-H_24_45_1701",481,"12:41","FR_TFHB_93290",5,10,-2,-5,-5,-7,0,-2,31,32,"FR_SRVHB_83700"
"FR-1-H_24_45_1701",482,"40:50","FR_TFHB_93290",20,23,-4,-3,-3,-1,0,2,31,32,"FR_SRVHB_83700"
"FR-1-H_24_45_1701",483,"59:57","FR_TFHB_93290",31,32,-1,-1,-1,-1,0,0,31,32,"FR_SRVHB_83700"
"FR-1-H_24_45_1702",484,"14:46","FR_FTHB_31000",7,9,-2,-2,-2,-3,0,-1,25,29,"FR_CSMBHB_73000"
"FR-1-H_24_45_1702",485,"46:11","FR_FTHB_31000",19,28,-2,-9,-9,-6,0,3,25,29,"FR_CSMBHB_73000"
"FR-1-H_24_45_1702",486,"52:41","FR_CSMBHB_73000",28,23,-2,5,5,5,0,0,29,25,"FR_CSMBHB_73000"
"FR-1-H_24_46_1703",487,"20:28","FR_PAUC_13100",10,10,-1,0,0,2,0,2,28,28,"Egalité"
"FR-1-H_24_46_1703",488,"24:03","FR_HBCN_44200",11,13,-2,-2,-2,-1,0,1,28,28,"Egalité"
"FR-1-H_24_46_1703",489,"36:23","FR_HBCN_44200",17,20,-2,-3,-3,-2,0,1,28,28,"Egalité"
"FR-1-H_24_46_1703",490,"47:31","FR_PAUC_13100",23,23,-3,0,0,0,0,0,28,28,"Egalité"
"FR-1-H_24_46_1703",491,"54:19","FR_HBCN_44200",27,27,-1,0,0,1,0,1,28,28,"Egalité"
"FR-1-H_24_46_1703",492,"59:20","FR_PAUC_13100",27,28,-1,-1,-1,0,0,1,28,28,"Egalité"
"FR-1-H_24_46_1704",493,"18:45","FR_FTHB_31000",10,11,-2,-1,-1,-1,0,0,32,28,"FR_FTHB_31000"
"FR-1-H_24_46_1704",494,"25:10","FR_BHBPP_64140",13,13,-1,0,0,0,0,0,28,32,"FR_FTHB_31000"
"FR-1-H_24_46_1704",495,"34:48","FR_BHBPP_64140",16,18,1,-2,-2,0,0,2,28,32,"FR_FTHB_31000"
"FR-1-H_24_46_1704",496,"47:39","FR_BHBPP_64140",20,24,-2,-4,-4,-5,0,-1,28,32,"FR_FTHB_31000"
"FR-1-H_24_46_1704",497,"51:40","FR_FTHB_31000",27,22,-1,5,5,5,0,0,32,28,"FR_FTHB_31000"
"FR-1-H_24_46_1705",498,"06:54","FR_PSGHB_75016",2,5,-2,-3,-3,-2,0,1,32,27,"FR_PSGHB_75016"
"FR-1-H_24_46_1705",499,"17:52","FR_CRMHB_35510",11,10,-2,1,1,1,0,0,27,32,"FR_PSGHB_75016"
"FR-1-H_24_46_1705",500,"36:25","FR_CRMHB_35510",19,21,-4,-2,-2,-4,0,-2,27,32,"FR_PSGHB_75016"
"FR-1-H_24_46_1705",501,"51:42","FR_CRMHB_35510",25,29,-2,-4,-4,-4,0,0,27,32,"FR_PSGHB_75016"
"FR-1-H_24_46_1705",502,"54:20","FR_PSGHB_75016",30,26,-1,4,4,5,0,1,32,27,"FR_PSGHB_75016"
"FR-1-H_24_46_1706",503,"18:24","FR_TFHB_93290",8,10,-3,-2,-2,-3,0,-1,28,28,"Egalité"
"FR-1-H_24_46_1706",504,"27:29","FR_CSMBHB_73000",16,12,-1,4,4,0,0,-4,28,28,"Egalité"
"FR-1-H_24_46_1706",505,"44:59","FR_CSMBHB_73000",21,24,-2,-3,-3,-2,0,1,28,28,"Egalité"
"FR-1-H_24_46_1706",506,"53:00","FR_TFHB_93290",26,25,-1,1,1,1,0,0,28,28,"Egalité"
"FR-1-H_24_46_1706",507,"59:04","FR_TFHB_93290",28,27,0,1,1,0,0,-1,28,28,"Egalité"
"FR-1-H_24_46_1707",508,"03:00","FR_DHBGL_59140",0,4,-4,-4,-4,-4,0,0,28,29,"FR_MHB_34000"
"FR-1-H_24_46_1707",509,"26:11","FR_MHB_34000",16,12,-1,4,4,5,0,1,29,28,"FR_MHB_34000"
"FR-1-H_24_46_1707",510,"40:07","FR_DHBGL_59140",17,23,-1,-6,-6,-6,0,0,28,29,"FR_MHB_34000"
"FR-1-H_24_46_1707",511,"44:43","FR_DHBGL_59140",18,24,1,-6,-6,-3,0,3,28,29,"FR_MHB_34000"
"FR-1-H_24_46_1707",512,"47:14","FR_MHB_34000",24,21,-3,3,3,2,0,-1,29,28,"FR_MHB_34000"
"FR-1-H_24_46_1707",513,"57:44","FR_MHB_34000",28,28,-1,0,0,1,0,1,29,28,"FR_MHB_34000"
"FR-1-H_24_46_1708",514,"24:14","FR_USCHB_94000",8,11,-1,-3,-3,-3,0,0,24,27,"FR_USIHB_94200"
"FR-1-H_24_46_1708",515,"29:09","FR_USIHB_94200",14,11,-1,3,3,5,0,2,27,24,"FR_USIHB_94200"
"FR-1-H_24_46_1708",516,"39:31","FR_USCHB_94000",14,20,-2,-6,-6,-4,0,2,24,27,"FR_USIHB_94200"
"FR-1-H_24_46_1708",517,"48:29","FR_USIHB_94200",22,19,-1,3,3,4,0,1,27,24,"FR_USIHB_94200"
"FR-1-H_24_46_1709",518,"04:59","FR_SAHB_80262",0,4,-4,-4,-4,-3,0,1,29,32,"FR_SRVHB_83700"
"FR-1-H_24_47_1711",519,"17:55","FR_USCHB_94000",7,10,-2,-3,-3,-2,0,1,25,31,"FR_CRMHB_35510"
"FR-1-H_24_47_1711",520,"24:50","FR_CRMHB_35510",12,10,1,2,2,0,0,-2,31,25,"FR_CRMHB_35510"
"FR-1-H_24_47_1711",521,"40:11","FR_USCHB_94000",16,20,-2,-4,-4,-5,0,-1,25,31,"FR_CRMHB_35510"
"FR-1-H_24_47_1711",522,"52:25","FR_CRMHB_35510",26,22,-1,4,4,5,0,1,31,25,"FR_CRMHB_35510"
"FR-1-H_24_47_1713",523,"17:13","FR_SAHB_80262",7,9,-2,-2,-2,-1,0,1,23,33,"FR_HBCN_44200"
"FR-1-H_24_47_1713",524,"25:30","FR_HBCN_44200",13,10,2,3,3,4,0,1,33,23,"FR_HBCN_44200"
"FR-1-H_24_47_1713",525,"47:07","FR_HBCN_44200",27,19,-1,8,8,8,0,0,33,23,"FR_HBCN_44200"
"FR-1-H_24_47_1713",526,"54:24","FR_SAHB_80262",21,30,-2,-9,-9,-9,0,0,23,33,"FR_HBCN_44200"
"FR-1-H_24_47_1714",527,"22:18","FR_PAUC_13100",13,15,-2,-2,-2,-1,0,1,32,30,"FR_PAUC_13100"
"FR-1-H_24_47_1714",528,"46:46","FR_PAUC_13100",26,23,-1,3,3,2,0,-1,32,30,"FR_PAUC_13100"
"FR-1-H_24_47_1714",529,"58:50","FR_PAUC_13100",30,28,-1,2,2,2,0,0,32,30,"FR_PAUC_13100"
"FR-1-H_24_47_1715",530,"12:15","FR_FTHB_31000",5,6,-1,-1,-1,-4,0,-3,32,37,"FR_DHBGL_59140"
"FR-1-H_24_47_1715",531,"25:00","FR_DHBGL_59140",16,13,-1,3,3,5,0,2,37,32,"FR_DHBGL_59140"
"FR-1-H_24_47_1715",532,"51:36","FR_DHBGL_59140",31,29,-2,2,2,5,0,3,37,32,"FR_DHBGL_59140"
"FR-1-H_24_48_1717",533,"09:03","FR_FTHB_31000",2,4,-2,-2,-2,-3,0,-1,27,27,"Egalité"
"FR-1-H_24_48_1717",534,"14:46","FR_FTHB_31000",4,8,-4,-4,-4,-2,0,2,27,27,"Egalité"
"FR-1-H_24_48_1717",535,"23:26","FR_PAUC_13100",12,10,-1,2,2,0,0,-2,27,27,"Egalité"
"FR-1-H_24_48_1717",536,"57:01","FR_FTHB_31000",25,27,-1,-2,-2,0,0,2,27,27,"Egalité"
"FR-1-H_24_48_1717",537,"59:49","FR_PAUC_13100",27,27,-2,0,0,0,0,0,27,27,"Egalité"
"FR-1-H_24_48_1718",538,"23:54","FR_CRMHB_35510",10,10,-3,0,0,0,0,0,28,28,"Egalité"
"FR-1-H_24_48_1718",539,"37:16","FR_CRMHB_35510",16,19,-1,-3,-3,-4,0,-1,28,28,"Egalité"
"FR-1-H_24_48_1718",540,"50:44","FR_CRMHB_35510",24,25,1,-1,-1,-1,0,0,28,28,"Egalité"
"FR-1-H_24_48_1719",541,"20:30","FR_MHB_34000",12,12,-3,0,0,-2,0,-2,30,30,"Egalité"
"FR-1-H_24_48_1719",542,"43:01","FR_CSMBHB_73000",22,23,-5,-1,-1,-2,0,-1,30,30,"Egalité"
"FR-1-H_24_48_1719",543,"52:53","FR_MHB_34000",28,27,1,1,1,0,0,-1,30,30,"Egalité"
"FR-1-H_24_48_1719",544,"58:33","FR_CSMBHB_73000",29,29,-1,0,0,1,0,1,30,30,"Egalité"
"FR-1-H_24_48_1719",545,"59:43","FR_MHB_34000",29,30,-1,-1,-1,0,0,1,30,30,"Egalité"
"FR-1-H_24_48_1720",546,"06:36","FR_TFHB_93290",1,5,-4,-4,-4,-4,0,0,20,34,"FR_DHBGL_59140"
"FR-1-H_24_48_1720",547,"27:35","FR_DHBGL_59140",13,9,1,4,4,4,0,0,34,20,"FR_DHBGL_59140"
"FR-1-H_24_48_1720",548,"36:42","FR_TFHB_93290",11,17,-3,-6,-6,-5,0,1,20,34,"FR_DHBGL_59140"
"FR-1-H_24_48_1720",549,"47:23","FR_TFHB_93290",16,23,-2,-7,-7,-11,0,-4,20,34,"FR_DHBGL_59140"
"FR-1-H_24_48_1721",550,"22:36","FR_USIHB_94200",7,9,-2,-2,-2,-2,0,0,24,28,"FR_HBCN_44200"
"FR-1-H_24_48_1721",551,"25:19","FR_HBCN_44200",11,9,-1,2,2,5,0,3,28,24,"FR_HBCN_44200"
"FR-1-H_24_48_1721",552,"28:34","FR_USIHB_94200",9,14,-3,-5,-5,-3,0,2,24,28,"FR_HBCN_44200"
"FR-1-H_24_48_1721",553,"54:15","FR_HBCN_44200",23,21,-1,2,2,4,0,2,28,24,"FR_HBCN_44200"
"FR-1-H_24_48_1721",554,"56:25","FR_USIHB_94200",21,25,-2,-4,-4,-4,0,0,24,28,"FR_HBCN_44200"
"FR-1-H_24_48_1722",555,"14:24","FR_BHBPP_64140",7,9,-3,-2,-2,-3,0,-1,23,35,"FR_PSGHB_75016"
"FR-1-H_24_48_1722",556,"27:12","FR_BHBPP_64140",9,15,-3,-6,-6,-8,0,-2,23,35,"FR_PSGHB_75016"
"FR-1-H_24_48_1722",557,"51:02","FR_BHBPP_64140",19,31,-1,-12,-12,-13,0,-1,23,35,"FR_PSGHB_75016"
"FR-1-H_24_49_1724",558,"07:36","FR_BHBPP_64140",1,4,1,-3,-3,-3,0,0,24,34,"FR_SRVHB_83700"
"FR-1-H_24_49_1724",559,"24:57","FR_BHBPP_64140",10,16,-2,-6,-6,-4,0,2,24,34,"FR_SRVHB_83700"
"FR-1-H_24_49_1724",560,"44:09","FR_BHBPP_64140",17,23,-3,-6,-6,-8,0,-2,24,34,"FR_SRVHB_83700"
"FR-1-H_24_49_1725",561,"11:39","FR_USCHB_94000",3,7,-3,-4,-4,-4,0,0,29,28,"FR_USCHB_94000"
"FR-1-H_24_49_1725",562,"15:32","FR_PAUC_13100",10,6,-1,4,4,2,0,-2,28,29,"FR_USCHB_94000"
"FR-1-H_24_49_1725",563,"44:54","FR_USCHB_94000",18,23,-2,-5,-5,-2,0,3,29,28,"FR_USCHB_94000"
"FR-1-H_24_49_1725",564,"52:04","FR_PAUC_13100",24,23,-1,1,1,1,0,0,28,29,"FR_USCHB_94000"
"FR-1-H_24_49_1725",565,"59:20","FR_PAUC_13100",27,28,-3,-1,-1,0,0,1,28,29,"FR_USCHB_94000"
"FR-1-H_24_49_1725",566,"59:55","FR_USCHB_94000",28,28,-1,0,0,1,0,1,29,28,"FR_USCHB_94000"
"FR-1-H_24_49_1726",567,"12:13","FR_DHBGL_59140",4,6,-2,-2,-2,-2,0,0,22,21,"FR_DHBGL_59140"
"FR-1-H_24_49_1726",568,"43:10","FR_CSMBHB_73000",18,19,-2,-1,-1,-2,0,-1,21,22,"FR_DHBGL_59140"
"FR-1-H_24_49_1726",569,"53:33","FR_DHBGL_59140",21,20,0,1,1,1,0,0,22,21,"FR_DHBGL_59140"
"FR-1-H_24_49_1726",570,"59:12","FR_DHBGL_59140",22,21,-1,1,1,1,0,0,22,21,"FR_DHBGL_59140"
"FR-1-H_24_49_1726",571,"59:32","FR_CSMBHB_73000",21,22,0,-1,-1,-1,0,0,21,22,"FR_DHBGL_59140"
"FR-1-H_24_49_1727",572,"28:19","FR_HBCN_44200",12,12,-2,0,0,1,0,1,25,25,"Egalité"
"FR-1-H_24_49_1727",573,"40:22","FR_HBCN_44200",15,17,-3,-2,-2,-3,0,-1,25,25,"Egalité"
"FR-1-H_24_49_1727",574,"55:33","FR_HBCN_44200",21,24,-2,-3,-3,-1,0,2,25,25,"Egalité"
"FR-1-H_24_49_1727",575,"58:46","FR_CRMHB_35510",25,24,-2,1,1,0,0,-1,25,25,"Egalité"
"FR-1-H_24_49_1729",576,"17:44","FR_FTHB_31000",12,9,-1,3,3,1,0,-2,34,36,"FR_PSGHB_75016"
"FR-1-H_24_49_1729",577,"23:46","FR_FTHB_31000",14,15,-5,-1,-1,-3,0,-2,34,36,"FR_PSGHB_75016"
"FR-1-H_24_49_1729",578,"53:34","FR_FTHB_31000",30,33,-2,-3,-3,-2,0,1,34,36,"FR_PSGHB_75016"
"FR-1-H_24_49_1729",579,"58:04","FR_PSGHB_75016",36,34,-1,2,2,2,0,0,36,34,"FR_PSGHB_75016"
"FR-1-H_24_50_1731",580,"05:56","FR_SAHB_80262",0,4,-4,-4,-4,-3,0,1,31,33,"FR_PAUC_13100"
"FR-1-H_24_50_1731",581,"23:43","FR_PAUC_13100",13,10,-3,3,3,0,0,-3,33,31,"FR_PAUC_13100"
"FR-1-H_24_50_1731",582,"49:34","FR_PAUC_13100",28,23,3,5,5,3,0,-2,33,31,"FR_PAUC_13100"
"FR-1-H_24_50_1731",583,"57:29","FR_SAHB_80262",28,31,-1,-3,-3,-2,0,1,31,33,"FR_PAUC_13100"
"FR-1-H_24_50_1732",584,"11:32","FR_FTHB_31000",5,5,-2,0,0,1,0,1,24,28,"FR_CRMHB_35510"
"FR-1-H_24_50_1732",585,"15:20","FR_CRMHB_35510",5,6,-1,-1,-1,1,0,2,28,24,"FR_CRMHB_35510"
"FR-1-H_24_50_1732",586,"49:22","FR_FTHB_31000",20,22,-2,-2,-2,-3,0,-1,24,28,"FR_CRMHB_35510"
"FR-1-H_24_50_1732",587,"52:15","FR_CRMHB_35510",23,20,1,3,3,5,0,2,28,24,"FR_CRMHB_35510"
"FR-1-H_24_50_1732",588,"57:44","FR_FTHB_31000",22,27,-2,-5,-5,-4,0,1,24,28,"FR_CRMHB_35510"
"FR-1-H_24_50_1733",589,"15:37","FR_USCHB_94000",7,9,-1,-2,-2,-3,0,-1,30,34,"FR_CSMBHB_73000"
"FR-1-H_24_50_1733",590,"28:19","FR_CSMBHB_73000",16,11,-1,5,5,7,0,2,34,30,"FR_CSMBHB_73000"
"FR-1-H_24_50_1733",591,"43:56","FR_CSMBHB_73000",26,21,-4,5,5,5,0,0,34,30,"FR_CSMBHB_73000"
"FR-1-H_24_50_1733",592,"58:28","FR_CSMBHB_73000",34,28,-1,6,6,4,0,-2,34,30,"FR_CSMBHB_73000"
"FR-1-H_24_50_1734",593,"10:25","FR_BHBPP_64140",1,5,-4,-4,-4,-4,0,0,21,32,"FR_USIHB_94200"
"FR-1-H_24_50_1734",594,"23:41","FR_USIHB_94200",13,10,-1,3,3,5,0,2,32,21,"FR_USIHB_94200"
"FR-1-H_24_50_1734",595,"26:32","FR_BHBPP_64140",11,16,-2,-5,-5,-6,0,-1,21,32,"FR_USIHB_94200"
"FR-1-H_24_50_1734",596,"36:41","FR_USIHB_94200",19,16,-2,3,3,6,0,3,32,21,"FR_USIHB_94200"
"FR-1-H_24_50_1734",597,"46:03","FR_BHBPP_64140",16,24,-3,-8,-8,-11,0,-3,21,32,"FR_USIHB_94200"
"FR-1-H_24_50_1736",598,"06:24","FR_TFHB_93290",2,5,-4,-3,-3,-4,0,-1,34,36,"FR_PSGHB_75016"
"FR-1-H_24_50_1736",599,"22:09","FR_PSGHB_75016",15,12,-2,3,3,1,0,-2,36,34,"FR_PSGHB_75016"
"FR-1-H_24_50_1736",600,"45:05","FR_TFHB_93290",22,27,-5,-5,-5,-4,0,1,34,36,"FR_PSGHB_75016"
"FR-1-H_24_50_1736",601,"50:42","FR_PSGHB_75016",31,28,-2,3,3,2,0,-1,36,34,"FR_PSGHB_75016"
"FR-1-H_24_50_1736",602,"57:40","FR_TFHB_93290",32,34,-1,-2,-2,-2,0,0,34,36,"FR_PSGHB_75016"
"FR-1-H_24_50_1737",603,"11:30","FR_DHBGL_59140",3,8,-3,-5,-5,-6,0,-1,26,25,"FR_DHBGL_59140"
"FR-1-H_24_50_1737",604,"46:04","FR_DHBGL_59140",20,21,1,-1,-1,1,0,2,26,25,"FR_DHBGL_59140"
"FR-1-H_24_50_1737",605,"54:41","FR_DHBGL_59140",24,23,-1,1,1,2,0,1,26,25,"FR_DHBGL_59140"
"FR-1-H_25_25_1864",606,"05:44","FR_FTHB_31000",2,5,-2,-3,-3,0,0,3,29,29,"Egalité"
"FR-1-H_25_25_1864",607,"29:20","FR_PSGHB_75016",16,16,1,0,0,-1,0,-1,29,29,"Egalité"
"FR-1-H_25_25_1864",608,"41:06","FR_PSGHB_75016",20,23,-3,-3,-3,-3,0,0,29,29,"Egalité"
"FR-1-H_25_25_1864",609,"48:08","FR_FTHB_31000",26,22,2,4,4,2,0,-2,29,29,"Egalité"
"FR-1-H_25_25_1864",610,"58:14","FR_FTHB_31000",29,28,-1,1,1,0,0,-1,29,29,"Egalité"
"FR-1-H_25_25_1864",611,"59:39","FR_PSGHB_75016",29,29,1,0,0,0,0,0,29,29,"Egalité"
"FR-1-H_25_25_1865",612,"09:36","FR_CRMHB_35510",3,5,-3,-2,-2,0,0,2,30,30,"Egalité"
"FR-1-H_25_25_1865",613,"29:45","FR_CSMBHB_73000",15,15,2,0,0,0,0,0,30,30,"Egalité"
"FR-1-H_25_25_1865",614,"50:26","FR_CRMHB_35510",24,25,-3,-1,-1,-2,0,-1,30,30,"Egalité"
"FR-1-H_25_25_1865",615,"54:15","FR_CSMBHB_73000",28,26,1,2,2,2,0,0,30,30,"Egalité"
"FR-1-H_25_25_1865",616,"57:15","FR_CRMHB_35510",27,29,-1,-2,-2,1,0,3,30,30,"Egalité"
"FR-1-H_25_25_1865",617,"59:11","FR_CSMBHB_73000",29,30,-3,-1,-1,0,0,1,30,30,"Egalité"
"FR-1-H_25_25_1866",618,"19:16","FR_USIHB_94200",2,8,-2,-6,-6,-6,0,0,24,29,"FR_HBCN_44200"
"FR-1-H_25_25_1866",619,"23:54","FR_HBCN_44200",10,4,-1,6,6,7,0,1,29,24,"FR_HBCN_44200"
"FR-1-H_25_25_1866",620,"50:35","FR_HBCN_44200",28,18,-1,10,10,6,0,-4,29,24,"FR_HBCN_44200"
"FR-1-H_25_25_1866",621,"58:08","FR_HBCN_44200",29,23,-1,6,6,5,0,-1,29,24,"FR_HBCN_44200"
"FR-1-H_25_25_1867",622,"21:19","FR_PAUC_13100",10,14,-3,-4,-4,-7,0,-3,28,40,"FR_MHB_34000"
"FR-1-H_25_25_1867",623,"24:16","FR_MHB_34000",17,11,-1,6,6,8,0,2,40,28,"FR_MHB_34000"
"FR-1-H_25_25_1867",624,"40:40","FR_PAUC_13100",16,28,-1,-12,-12,-10,0,2,28,40,"FR_MHB_34000"
"FR-1-H_25_25_1867",625,"46:10","FR_MHB_34000",30,21,-2,9,9,8,0,-1,40,28,"FR_MHB_34000"
"FR-1-H_25_25_1867",626,"48:57","FR_MHB_34000",32,24,-1,8,8,9,0,1,40,28,"FR_MHB_34000"
"FR-1-H_25_25_1868",627,"22:04","FR_USAMNG_30918",10,12,-1,-2,-2,-4,0,-2,33,35,"FR_SRVHB_83700"
"FR-1-H_25_25_1868",628,"52:15","FR_USAMNG_30918",30,32,-1,-2,-2,-1,0,1,33,35,"FR_SRVHB_83700"
"FR-1-H_25_25_1870",629,"17:57","FR_TFHB_93290",8,8,-1,0,0,-3,0,-3,26,30,"FR_DHBGL_59140"
"FR-1-H_25_25_1870",630,"25:21","FR_DHBGL_59140",13,11,-2,2,2,4,0,2,30,26,"FR_DHBGL_59140"
"FR-1-H_25_25_1870",631,"44:02","FR_TFHB_93290",17,23,-1,-6,-6,-5,0,1,26,30,"FR_DHBGL_59140"
"FR-1-H_25_25_1870",632,"48:01","FR_DHBGL_59140",24,19,1,5,5,7,0,2,30,26,"FR_DHBGL_59140"
"FR-1-H_25_25_1870",633,"52:31","FR_TFHB_93290",20,27,-1,-7,-7,-7,0,0,26,30,"FR_DHBGL_59140"
"FR-1-H_25_25_1870",634,"54:03","FR_DHBGL_59140",28,21,1,7,7,4,0,-3,30,26,"FR_DHBGL_59140"
"FR-1-H_25_26_1871",635,"14:54","FR_PSGHB_75016",7,10,-2,-3,-3,-4,0,-1,30,29,"FR_PSGHB_75016"
"FR-1-H_25_26_1871",636,"20:18","FR_CSMBHB_73000",14,10,1,4,4,4,0,0,29,30,"FR_PSGHB_75016"
"FR-1-H_25_26_1871",637,"52:59","FR_CSMBHB_73000",27,28,-1,-1,-1,0,0,1,29,30,"FR_PSGHB_75016"
"FR-1-H_25_26_1871",638,"59:39","FR_CSMBHB_73000",29,30,-2,-1,-1,-1,0,0,29,30,"FR_PSGHB_75016"
"FR-1-H_25_26_1872",639,"22:13","FR_MHB_34000",13,10,1,3,3,2,0,-1,26,22,"FR_MHB_34000"
"FR-1-H_25_26_1872",640,"37:28","FR_DMHB_21000",15,19,-1,-4,-4,-6,0,-2,22,26,"FR_MHB_34000"
"FR-1-H_25_26_1872",641,"48:51","FR_MHB_34000",26,20,-2,6,6,6,0,0,26,22,"FR_MHB_34000"
"FR-1-H_25_26_1872",642,"53:19","FR_DMHB_21000",20,26,1,-6,-6,-4,0,2,22,26,"FR_MHB_34000"
"FR-1-H_25_26_1872",643,"59:08","FR_MHB_34000",26,22,-2,4,4,4,0,0,26,22,"FR_MHB_34000"
"FR-1-H_25_26_1873",644,"19:23","FR_USAMNG_30918",6,7,1,-1,-1,-1,0,0,22,27,"FR_CRMHB_35510"
"FR-1-H_25_26_1873",645,"27:10","FR_CRMHB_35510",11,9,-1,2,2,2,0,0,27,22,"FR_CRMHB_35510"
"FR-1-H_25_26_1873",646,"46:36","FR_USAMNG_30918",17,21,1,-4,-4,-4,0,0,22,27,"FR_CRMHB_35510"
"FR-1-H_25_26_1873",647,"52:14","FR_CRMHB_35510",24,20,1,4,4,5,0,1,27,22,"FR_CRMHB_35510"
"FR-1-H_25_26_1874",648,"14:59","FR_FTHB_31000",6,7,-3,-1,-1,0,0,1,27,31,"FR_DHBGL_59140"
"FR-1-H_25_26_1874",649,"24:33","FR_FTHB_31000",10,12,-2,-2,-2,-3,0,-1,27,31,"FR_DHBGL_59140"
"FR-1-H_25_26_1874",650,"28:09","FR_DHBGL_59140",14,11,2,3,3,3,0,0,31,27,"FR_DHBGL_59140"
"FR-1-H_25_26_1874",651,"53:44","FR_FTHB_31000",23,29,-2,-6,-6,-6,0,0,27,31,"FR_DHBGL_59140"
"FR-1-H_25_26_1874",652,"56:55","FR_DHBGL_59140",31,25,-1,6,6,4,0,-2,31,27,"FR_DHBGL_59140"
"FR-1-H_25_26_1875",653,"14:26","FR_USIHB_94200",3,6,-2,-3,-3,-4,0,-1,20,20,"Egalité"
"FR-1-H_25_26_1875",654,"22:49","FR_PAUC_13100",8,3,1,5,5,4,0,-1,20,20,"Egalité"
"FR-1-H_25_26_1875",655,"36:20","FR_PAUC_13100",15,11,-2,4,4,4,0,0,20,20,"Egalité"
"FR-1-H_25_26_1875",656,"56:24","FR_PAUC_13100",20,20,-2,0,0,0,0,0,20,20,"Egalité"
"FR-1-H_25_26_1876",657,"26:45","FR_SAHB_80262",10,15,-1,-5,-5,-5,0,0,27,32,"FR_HBCN_44200"
"FR-1-H_25_26_1876",658,"29:50","FR_HBCN_44200",17,12,-1,5,5,5,0,0,32,27,"FR_HBCN_44200"
"FR-1-H_25_26_1876",659,"39:58","FR_HBCN_44200",21,17,-2,4,4,3,0,-1,32,27,"FR_HBCN_44200"
"FR-1-H_25_26_1876",660,"47:12","FR_SAHB_80262",20,26,-3,-6,-6,-5,0,1,27,32,"FR_HBCN_44200"
"FR-1-H_25_26_1876",661,"57:30","FR_HBCN_44200",30,26,-3,4,4,5,0,1,32,27,"FR_HBCN_44200"
"FR-1-H_25_26_1877",662,"18:03","FR_TFHB_93290",9,11,-3,-2,-2,-1,0,1,26,29,"FR_SRVHB_83700"
"FR-1-H_25_26_1877",663,"39:55","FR_TFHB_93290",17,21,-4,-4,-4,-3,0,1,26,29,"FR_SRVHB_83700"
"FR-1-H_25_26_1877",664,"53:57","FR_TFHB_93290",23,28,-2,-5,-5,-3,0,2,26,29,"FR_SRVHB_83700"
"FR-1-H_25_27_1878",665,"10:25","FR_HBCN_44200",4,6,-2,-2,-2,-3,0,-1,26,31,"FR_MHB_34000"
"FR-1-H_25_27_1878",666,"23:07","FR_MHB_34000",13,9,2,4,4,2,0,-2,31,26,"FR_MHB_34000"
"FR-1-H_25_27_1878",667,"46:19","FR_HBCN_44200",20,25,-2,-5,-5,-2,0,3,26,31,"FR_MHB_34000"
"FR-1-H_25_27_1878",668,"51:49","FR_MHB_34000",25,24,-4,1,1,2,0,1,31,26,"FR_MHB_34000"
"FR-1-H_25_27_1878",669,"53:52","FR_HBCN_44200",24,26,-1,-2,-2,-5,0,-3,26,31,"FR_MHB_34000"
"FR-1-H_25_27_1878",670,"56:38","FR_HBCN_44200",24,29,-3,-5,-5,-5,0,0,26,31,"FR_MHB_34000"
"FR-1-H_25_27_1879",671,"22:49","FR_PAUC_13100",11,12,-2,-1,-1,-1,0,0,26,25,"FR_PAUC_13100"
"FR-1-H_25_27_1879",672,"47:28","FR_PAUC_13100",20,22,1,-2,-2,-2,0,0,26,25,"FR_PAUC_13100"
"FR-1-H_25_27_1880",673,"06:52","FR_CRMHB_35510",4,7,-2,-3,-3,-1,0,2,28,41,"FR_PSGHB_75016"
"FR-1-H_25_27_1880",674,"16:16","FR_CRMHB_35510",8,11,-2,-3,-3,-5,0,-2,28,41,"FR_PSGHB_75016"
"FR-1-H_25_27_1880",675,"21:07","FR_PSGHB_75016",14,9,3,5,5,8,0,3,41,28,"FR_PSGHB_75016"
"FR-1-H_25_27_1881",676,"10:31","FR_DMHB_21000",6,9,-2,-3,-3,-2,0,1,30,35,"FR_CSMBHB_73000"
"FR-1-H_25_27_1881",677,"22:18","FR_CSMBHB_73000",17,14,-1,3,3,2,0,-1,35,30,"FR_CSMBHB_73000"
"FR-1-H_25_27_1881",678,"50:31","FR_DMHB_21000",25,32,-1,-7,-7,-7,0,0,30,35,"FR_CSMBHB_73000"
"FR-1-H_25_27_1883",679,"08:13","FR_USIHB_94200",0,4,-4,-4,-4,-3,0,1,24,25,"FR_FTHB_31000"
"FR-1-H_25_27_1883",680,"17:12","FR_FTHB_31000",7,7,-3,0,0,4,0,4,25,24,"FR_FTHB_31000"
"FR-1-H_25_27_1883",681,"34:23","FR_USIHB_94200",11,16,-1,-5,-5,-4,0,1,24,25,"FR_FTHB_31000"
"FR-1-H_25_27_1883",682,"39:37","FR_FTHB_31000",18,14,-3,4,4,5,0,1,25,24,"FR_FTHB_31000"
"FR-1-H_25_27_1883",683,"44:53","FR_USIHB_94200",16,22,-1,-6,-6,-4,0,2,24,25,"FR_FTHB_31000"
"FR-1-H_25_27_1883",684,"52:41","FR_FTHB_31000",23,21,-3,2,2,2,0,0,25,24,"FR_FTHB_31000"
"FR-1-H_25_27_1884",685,"22:55","FR_USAMNG_30918",11,13,-3,-2,-2,-2,0,0,26,27,"FR_TFHB_93290"
"FR-1-H_25_27_1884",686,"29:30","FR_TFHB_93290",15,13,-1,2,2,4,0,2,27,26,"FR_TFHB_93290"
"FR-1-H_25_27_1884",687,"39:46","FR_TFHB_93290",19,17,-3,2,2,3,0,1,27,26,"FR_TFHB_93290"
"FR-1-H_25_27_1884",688,"51:43","FR_TFHB_93290",23,25,-4,-2,-2,-1,0,1,27,26,"FR_TFHB_93290"
"FR-1-H_25_27_1884",689,"52:37","FR_USAMNG_30918",25,24,-1,1,1,-1,0,-2,26,27,"FR_TFHB_93290"
"FR-1-H_25_28_1885",690,"12:53","FR_MHB_34000",3,8,-2,-5,-5,-5,0,0,29,30,"FR_PSGHB_75016"
"FR-1-H_25_28_1885",691,"13:02","FR_MHB_34000",3,8,-1,-5,-5,-3,0,2,29,30,"FR_PSGHB_75016"
"FR-1-H_25_28_1885",692,"16:58","FR_PSGHB_75016",9,6,-2,3,3,6,0,3,30,29,"FR_PSGHB_75016"
"FR-1-H_25_28_1885",693,"23:21","FR_MHB_34000",7,14,-4,-7,-7,-6,0,1,29,30,"FR_PSGHB_75016"
"FR-1-H_25_28_1885",694,"41:46","FR_PSGHB_75016",24,19,-4,5,5,5,0,0,30,29,"FR_PSGHB_75016"
"FR-1-H_25_28_1885",695,"54:35","FR_MHB_34000",25,29,-1,-4,-4,-2,0,2,29,30,"FR_PSGHB_75016"
"FR-1-H_25_28_1885",696,"58:50","FR_PSGHB_75016",30,28,-1,2,2,1,0,-1,30,29,"FR_PSGHB_75016"
"FR-1-H_25_28_1886",697,"09:22","FR_DMHB_21000",1,3,-1,-2,-2,-4,0,-2,21,18,"FR_DMHB_21000"
"FR-1-H_25_28_1886",698,"20:16","FR_PAUC_13100",6,4,-3,2,2,1,0,-1,18,21,"FR_DMHB_21000"
"FR-1-H_25_28_1886",699,"43:49","FR_PAUC_13100",13,15,-4,-2,-2,-2,0,0,18,21,"FR_DMHB_21000"
"FR-1-H_25_28_1886",700,"50:09","FR_DMHB_21000",17,16,-2,1,1,1,0,0,21,18,"FR_DMHB_21000"
"FR-1-H_25_28_1886",701,"56:15","FR_PAUC_13100",17,19,-2,-2,-2,-3,0,-1,18,21,"FR_DMHB_21000"
"FR-1-H_25_28_1887",702,"07:38","FR_CRMHB_35510",0,4,-3,-4,-4,-4,0,0,18,24,"FR_HBCN_44200"
"FR-1-H_25_28_1887",703,"18:56","FR_HBCN_44200",7,5,-3,2,2,2,0,0,24,18,"FR_HBCN_44200"
"FR-1-H_25_28_1887",704,"36:18","FR_HBCN_44200",14,10,-1,4,4,5,0,1,24,18,"FR_HBCN_44200"
"FR-1-H_25_28_1887",705,"53:59","FR_HBCN_44200",22,16,-2,6,6,6,0,0,24,18,"FR_HBCN_44200"
"FR-1-H_25_28_1888",706,"14:44","FR_USIHB_94200",3,8,-3,-5,-5,-4,0,1,24,32,"FR_CSMBHB_73000"
"FR-1-H_25_28_1888",707,"47:19","FR_USIHB_94200",17,26,-1,-9,-9,-7,0,2,24,32,"FR_CSMBHB_73000"
"FR-1-H_25_28_1888",708,"53:34","FR_CSMBHB_73000",27,21,-3,6,6,7,0,1,32,24,"FR_CSMBHB_73000"
"FR-1-H_25_28_1888",709,"56:04","FR_USIHB_94200",22,29,-1,-7,-7,-8,0,-1,24,32,"FR_CSMBHB_73000"
"FR-1-H_25_28_1889",710,"22:38","FR_FTHB_31000",12,10,-2,2,2,1,0,-1,25,29,"FR_USAMNG_30918"
"FR-1-H_25_28_1889",711,"29:14","FR_USAMNG_30918",12,14,-2,-2,-2,-2,0,0,29,25,"FR_USAMNG_30918"
"FR-1-H_25_28_1889",712,"29:15","FR_FTHB_31000",14,12,0,2,2,-1,0,-3,25,29,"FR_USAMNG_30918"
"FR-1-H_25_28_1889",713,"32:49","FR_FTHB_31000",14,16,-3,-2,-2,-2,0,0,25,29,"FR_USAMNG_30918"
"FR-1-H_25_28_1889",714,"52:37","FR_FTHB_31000",20,27,-3,-7,-7,-4,0,3,25,29,"FR_USAMNG_30918"
"FR-1-H_25_28_1890",715,"14:53","FR_DHBGL_59140",3,6,-3,-3,-3,-3,0,0,23,25,"FR_SRVHB_83700"
"FR-1-H_25_28_1890",716,"38:17","FR_DHBGL_59140",12,17,-2,-5,-5,-6,0,-1,23,25,"FR_SRVHB_83700"
"FR-1-H_25_28_1890",717,"44:37","FR_DHBGL_59140",14,20,-1,-6,-6,-6,0,0,23,25,"FR_SRVHB_83700"
"FR-1-H_25_28_1891",718,"15:39","FR_TFHB_93290",6,8,1,-2,-2,-3,0,-1,23,31,"FR_SAHB_80262"
"FR-1-H_25_28_1891",719,"23:09","FR_SAHB_80262",11,9,-1,2,2,3,0,1,31,23,"FR_SAHB_80262"
"FR-1-H_25_28_1891",720,"33:13","FR_TFHB_93290",10,15,-2,-5,-5,-7,0,-2,23,31,"FR_SAHB_80262"
"FR-1-H_25_28_1891",721,"40:32","FR_TFHB_93290",12,20,-2,-8,-8,-11,0,-3,23,31,"FR_SAHB_80262"
"FR-1-H_25_28_1891",722,"48:50","FR_SAHB_80262",26,16,-1,10,10,10,0,0,31,23,"FR_SAHB_80262"
"FR-1-H_25_29_1892",723,"19:28","FR_DHBGL_59140",7,7,1,0,0,0,0,0,22,19,"FR_DHBGL_59140"
"FR-1-H_25_29_1892",724,"27:38","FR_HBCN_44200",10,10,-1,0,0,-1,0,-1,19,22,"FR_DHBGL_59140"
"FR-1-H_25_29_1892",725,"38:15","FR_HBCN_44200",12,14,-2,-2,-2,-1,0,1,19,22,"FR_DHBGL_59140"
"FR-1-H_25_29_1892",726,"49:25","FR_HBCN_44200",17,18,1,-1,-1,0,0,1,19,22,"FR_DHBGL_59140"
"FR-1-H_25_29_1892",727,"53:05","FR_DHBGL_59140",19,19,-2,0,0,1,0,1,22,19,"FR_DHBGL_59140"
"FR-1-H_25_29_1892",728,"58:22","FR_DHBGL_59140",20,19,1,1,1,3,0,2,22,19,"FR_DHBGL_59140"
"FR-1-H_25_29_1893",729,"20:07","FR_CSMBHB_73000",9,10,-1,-1,-1,2,0,3,30,27,"FR_CSMBHB_73000"
"FR-1-H_25_29_1893",730,"24:46","FR_PAUC_13100",11,13,-2,-2,-2,-2,0,0,27,30,"FR_CSMBHB_73000"
"FR-1-H_25_29_1893",731,"42:48","FR_PAUC_13100",18,20,-1,-2,-2,-5,0,-3,27,30,"FR_CSMBHB_73000"
"FR-1-H_25_29_1893",732,"47:37","FR_PAUC_13100",20,25,-3,-5,-5,-4,0,1,27,30,"FR_CSMBHB_73000"
"FR-1-H_25_29_1893",733,"54:48","FR_CSMBHB_73000",28,24,-1,4,4,4,0,0,30,27,"FR_CSMBHB_73000"
"FR-1-H_25_29_1893",734,"58:03","FR_CSMBHB_73000",30,26,-1,4,4,3,0,-1,30,27,"FR_CSMBHB_73000"
"FR-1-H_25_29_1894",735,"09:44","FR_DMHB_21000",1,6,-2,-5,-5,-4,0,1,22,24,"FR_USAMNG_30918"
"FR-1-H_25_29_1894",736,"27:25","FR_USAMNG_30918",15,7,-1,8,8,8,0,0,24,22,"FR_USAMNG_30918"
"FR-1-H_25_29_1894",737,"39:23","FR_USAMNG_30918",16,11,-2,5,5,3,0,-2,24,22,"FR_USAMNG_30918"
"FR-1-H_25_29_1894",738,"49:38","FR_DMHB_21000",18,19,-1,-1,-1,0,0,1,22,24,"FR_USAMNG_30918"
"FR-1-H_25_29_1894",739,"59:30","FR_USAMNG_30918",23,22,-1,1,1,2,0,1,24,22,"FR_USAMNG_30918"
"FR-1-H_25_29_1895",740,"06:23","FR_PSGHB_75016",0,4,-4,-4,-4,-3,0,1,26,23,"FR_PSGHB_75016"
"FR-1-H_25_29_1895",741,"18:30","FR_USIHB_94200",7,6,-3,1,1,0,0,-1,23,26,"FR_PSGHB_75016"
"FR-1-H_25_29_1895",742,"26:56","FR_USIHB_94200",9,12,-4,-3,-3,-1,0,2,23,26,"FR_PSGHB_75016"
"FR-1-H_25_29_1895",743,"52:53","FR_PSGHB_75016",23,21,-3,2,2,2,0,0,26,23,"FR_PSGHB_75016"
"FR-1-H_25_29_1896",744,"17:07","FR_MHB_34000",9,11,-4,-2,-2,-2,0,0,31,34,"FR_CRMHB_35510"
"FR-1-H_25_29_1896",745,"21:51","FR_CRMHB_35510",14,12,-3,2,2,0,0,-2,34,31,"FR_CRMHB_35510"
"FR-1-H_25_29_1896",746,"45:34","FR_MHB_34000",22,28,-1,-6,-6,-4,0,2,31,34,"FR_CRMHB_35510"
"FR-1-H_25_29_1896",747,"49:12","FR_CRMHB_35510",29,25,-2,4,4,6,0,2,34,31,"FR_CRMHB_35510"
"FR-1-H_25_29_1896",748,"57:42","FR_CRMHB_35510",34,31,-2,3,3,3,0,0,34,31,"FR_CRMHB_35510"
"FR-1-H_25_29_1897",749,"12:15","FR_SAHB_80262",5,8,-1,-3,-3,-4,0,-1,32,35,"FR_SRVHB_83700"
"FR-1-H_25_29_1897",750,"45:11","FR_SAHB_80262",26,29,-2,-3,-3,-4,0,-1,32,35,"FR_SRVHB_83700"
"FR-1-H_25_29_1898",751,"18:21","FR_TFHB_93290",6,9,-2,-3,-3,-3,0,0,25,29,"FR_FTHB_31000"
"FR-1-H_25_29_1898",752,"23:44","FR_FTHB_31000",11,8,1,3,3,4,0,1,29,25,"FR_FTHB_31000"
"FR-1-H_25_29_1898",753,"35:52","FR_TFHB_93290",12,17,-2,-5,-5,-5,0,0,25,29,"FR_FTHB_31000"
"FR-1-H_25_29_1898",754,"35:55","FR_FTHB_31000",17,12,0,5,5,2,0,-3,29,25,"FR_FTHB_31000"
"FR-1-H_25_29_1898",755,"39:52","FR_FTHB_31000",18,14,-1,4,4,5,0,1,29,25,"FR_FTHB_31000"
"FR-1-H_25_29_1898",756,"47:38","FR_TFHB_93290",18,24,-2,-6,-6,-6,0,0,25,29,"FR_FTHB_31000"
"FR-1-H_25_29_1898",757,"53:23","FR_FTHB_31000",27,21,-1,6,6,5,0,-1,29,25,"FR_FTHB_31000"
"FR-1-H_25_30_1899",758,"14:02","FR_CSMBHB_73000",7,12,-1,-5,-5,-5,0,0,30,31,"FR_FTHB_31000"
"FR-1-H_25_30_1899",759,"19:03","FR_FTHB_31000",13,8,-1,5,5,7,0,2,31,30,"FR_FTHB_31000"
"FR-1-H_25_30_1899",760,"34:03","FR_FTHB_31000",20,16,-3,4,4,6,0,2,31,30,"FR_FTHB_31000"
"FR-1-H_25_30_1899",761,"45:39","FR_FTHB_31000",24,22,-3,2,2,2,0,0,31,30,"FR_FTHB_31000"
"FR-1-H_25_30_1900",762,"12:52","FR_CRMHB_35510",6,4,-3,2,2,1,0,-1,31,27,"FR_CRMHB_35510"
"FR-1-H_25_30_1900",763,"49:18","FR_CRMHB_35510",25,24,-3,1,1,3,0,2,31,27,"FR_CRMHB_35510"
"FR-1-H_25_30_1901",764,"18:55","FR_HBCN_44200",8,10,-2,-2,-2,0,0,2,28,29,"FR_USAMNG_30918"
"FR-1-H_25_30_1901",765,"42:09","FR_HBCN_44200",19,21,1,-2,-2,-1,0,1,28,29,"FR_USAMNG_30918"
"FR-1-H_25_30_1901",766,"53:07","FR_HBCN_44200",25,27,-2,-2,-2,-2,0,0,28,29,"FR_USAMNG_30918"
"FR-1-H_25_30_1902",767,"18:39","FR_DHBGL_59140",6,9,-3,-3,-3,-2,0,1,25,22,"FR_DHBGL_59140"
"FR-1-H_25_30_1902",768,"24:25","FR_USIHB_94200",10,9,-3,1,1,1,0,0,22,25,"FR_DHBGL_59140"
"FR-1-H_25_30_1902",769,"33:24","FR_USIHB_94200",12,14,-4,-2,-2,-2,0,0,22,25,"FR_DHBGL_59140"
"FR-1-H_25_30_1902",770,"48:06","FR_USIHB_94200",16,20,-2,-4,-4,-4,0,0,22,25,"FR_DHBGL_59140"
"FR-1-H_25_30_1902",771,"53:47","FR_DHBGL_59140",23,20,-2,3,3,3,0,0,25,22,"FR_DHBGL_59140"
"FR-1-H_25_30_1902",772,"55:55","FR_DHBGL_59140",23,20,0,3,3,3,0,0,25,22,"FR_DHBGL_59140"
"FR-1-H_25_30_1903",773,"16:57","FR_PAUC_13100",8,13,-2,-5,-5,-5,0,0,30,38,"FR_PSGHB_75016"
"FR-1-H_25_30_1903",774,"45:14","FR_PAUC_13100",26,30,-2,-4,-4,-7,0,-3,30,38,"FR_PSGHB_75016"
"FR-1-H_25_30_1903",775,"51:03","FR_PAUC_13100",27,34,-1,-7,-7,-5,0,2,30,38,"FR_PSGHB_75016"
"FR-1-H_25_30_1903",776,"51:55","FR_PSGHB_75016",34,29,-2,5,5,8,0,3,38,30,"FR_PSGHB_75016"
"FR-1-H_25_30_1905",777,"19:33","FR_TFHB_93290",6,9,-2,-3,-3,-3,0,0,23,26,"FR_DMHB_21000"
"FR-1-H_25_30_1905",778,"27:22","FR_DMHB_21000",12,10,-1,2,2,4,0,2,26,23,"FR_DMHB_21000"
"FR-1-H_25_30_1905",779,"32:59","FR_TFHB_93290",11,16,-2,-5,-5,-6,0,-1,23,26,"FR_DMHB_21000"
"FR-1-H_25_30_1905",780,"39:40","FR_TFHB_93290",12,20,-3,-8,-8,-5,0,3,23,26,"FR_DMHB_21000"
"FR-1-H_25_30_1905",781,"44:03","FR_DMHB_21000",21,16,-3,5,5,3,0,-2,26,23,"FR_DMHB_21000"
"FR-1-H_25_30_1905",782,"57:31","FR_DMHB_21000",25,23,-1,2,2,3,0,1,26,23,"FR_DMHB_21000"
"FR-1-H_25_31_1906",783,"09:10","FR_CSMBHB_73000",1,7,-2,-6,-6,-5,0,1,30,40,"FR_MHB_34000"
"FR-1-H_25_31_1906",784,"15:47","FR_CSMBHB_73000",3,10,-3,-7,-7,-10,0,-3,30,40,"FR_MHB_34000"
"FR-1-H_25_31_1906",785,"23:22","FR_MHB_34000",14,6,1,8,8,8,0,0,40,30,"FR_MHB_34000"
"FR-1-H_25_31_1906",786,"44:17","FR_CSMBHB_73000",22,30,1,-8,-8,-10,0,-2,30,40,"FR_MHB_34000"
"FR-1-H_25_31_1906",787,"52:36","FR_MHB_34000",36,26,-1,10,10,10,0,0,40,30,"FR_MHB_34000"
"FR-1-H_25_31_1906",788,"53:11","FR_CSMBHB_73000",26,36,0,-10,-10,-11,0,-1,30,40,"FR_MHB_34000"
"FR-1-H_25_31_1907",789,"04:47","FR_PAUC_13100",1,5,-2,-4,-4,-3,0,1,25,25,"Egalité"
"FR-1-H_25_31_1907",790,"15:35","FR_CRMHB_35510",9,7,-2,2,2,3,0,1,25,25,"Egalité"
"FR-1-H_25_31_1907",791,"38:02","FR_CRMHB_35510",15,16,-2,-1,-1,-3,0,-2,25,25,"Egalité"
"FR-1-H_25_31_1907",792,"43:24","FR_CRMHB_35510",16,19,-3,-3,-3,-3,0,0,25,25,"Egalité"
"FR-1-H_25_31_1907",793,"44:13","FR_PAUC_13100",19,16,0,3,3,2,0,-1,25,25,"Egalité"
"FR-1-H_25_31_1907",794,"59:03","FR_PAUC_13100",25,25,1,0,0,0,0,0,25,25,"Egalité"
"FR-1-H_25_31_1908",795,"18:08","FR_DHBGL_59140",5,6,-3,-1,-1,-2,0,-1,25,23,"FR_DHBGL_59140"
"FR-1-H_25_31_1908",796,"24:13","FR_USAMNG_30918",8,8,-2,0,0,1,0,1,23,25,"FR_DHBGL_59140"
"FR-1-H_25_31_1908",797,"37:51","FR_USAMNG_30918",13,15,-4,-2,-2,1,0,3,23,25,"FR_DHBGL_59140"
"FR-1-H_25_31_1908",798,"41:45","FR_DHBGL_59140",16,17,-2,-1,-1,1,0,2,25,23,"FR_DHBGL_59140"
"FR-1-H_25_31_1908",799,"57:34","FR_DHBGL_59140",23,22,-2,1,1,2,0,1,25,23,"FR_DHBGL_59140"
"FR-1-H_25_31_1909",800,"21:17","FR_DMHB_21000",9,12,-3,-3,-3,-6,0,-3,24,25,"FR_USIHB_94200"
"FR-1-H_25_31_1909",801,"38:18","FR_USIHB_94200",18,13,-3,5,5,1,0,-4,25,24,"FR_USIHB_94200"
"FR-1-H_25_31_1909",802,"43:16","FR_USIHB_94200",19,17,-4,2,2,-2,0,-4,25,24,"FR_USIHB_94200"
"FR-1-H_25_31_1909",803,"54:01","FR_DMHB_21000",23,22,-1,1,1,-1,0,-2,24,25,"FR_USIHB_94200"
"FR-1-H_25_31_1909",804,"59:27","FR_DMHB_21000",24,25,-1,-1,-1,-1,0,0,24,25,"FR_USIHB_94200"
"FR-1-H_25_31_1910",805,"22:06","FR_TFHB_93290",10,13,-3,-3,-3,-1,0,2,25,34,"FR_HBCN_44200"
"FR-1-H_25_31_1910",806,"24:35","FR_HBCN_44200",13,12,-2,1,1,3,0,2,34,25,"FR_HBCN_44200"
"FR-1-H_25_31_1910",807,"32:32","FR_TFHB_93290",12,19,-4,-7,-7,-7,0,0,25,34,"FR_HBCN_44200"
"FR-1-H_25_31_1910",808,"38:21","FR_HBCN_44200",21,14,-1,7,7,8,0,1,34,25,"FR_HBCN_44200"
"FR-1-H_25_31_1910",809,"44:08","FR_TFHB_93290",16,24,-1,-8,-8,-11,0,-3,25,34,"FR_HBCN_44200"
"FR-1-H_25_31_1910",810,"52:36","FR_HBCN_44200",30,21,-3,9,9,11,0,2,34,25,"FR_HBCN_44200"
"FR-1-H_25_31_1911",811,"27:43","FR_PSGHB_75016",17,11,0,6,6,4,0,-2,36,31,"FR_PSGHB_75016"
"FR-1-H_25_31_1911",812,"54:34","FR_PSGHB_75016",30,26,-1,4,4,5,0,1,36,31,"FR_PSGHB_75016"
"FR-1-H_25_31_1912",813,"15:44","FR_FTHB_31000",6,7,-3,-1,-1,-3,0,-2,31,22,"FR_FTHB_31000"
"FR-1-H_25_31_1912",814,"26:25","FR_SAHB_80262",10,10,-3,0,0,1,0,1,22,31,"FR_FTHB_31000"
"FR-1-H_25_31_1912",815,"43:18","FR_SAHB_80262",16,19,-3,-3,-3,-4,0,-1,22,31,"FR_FTHB_31000"
"FR-1-H_25_31_1912",816,"49:26","FR_FTHB_31000",23,19,1,4,4,6,0,2,31,22,"FR_FTHB_31000"
"FR-1-H_25_31_1912",817,"56:39","FR_SAHB_80262",20,28,-3,-8,-8,-9,0,-1,22,31,"FR_FTHB_31000"
"FR-1-H_25_32_1913",818,"12:00","FR_HBCN_44200",2,6,-3,-4,-4,-3,0,1,28,32,"FR_CSMBHB_73000"
"FR-1-H_25_32_1913",819,"26:33","FR_CSMBHB_73000",14,11,1,3,3,4,0,1,32,28,"FR_CSMBHB_73000"
"FR-1-H_25_32_1913",820,"38:52","FR_HBCN_44200",16,23,-3,-7,-7,-7,0,0,28,32,"FR_CSMBHB_73000"
"FR-1-H_25_32_1913",821,"51:03","FR_HBCN_44200",22,29,-2,-7,-7,-5,0,2,28,32,"FR_CSMBHB_73000"
"FR-1-H_25_32_1913",822,"53:48","FR_CSMBHB_73000",30,25,-3,5,5,5,0,0,32,28,"FR_CSMBHB_73000"
"FR-1-H_25_32_1913",823,"59:52","FR_CSMBHB_73000",32,28,-1,4,4,4,0,0,32,28,"FR_CSMBHB_73000"
"FR-1-H_25_32_1914",824,"13:40","FR_PSGHB_75016",5,7,-3,-2,-2,-1,0,1,30,28,"FR_PSGHB_75016"
"FR-1-H_25_32_1914",825,"25:22","FR_DMHB_21000",10,12,-1,-2,-2,-5,0,-3,28,30,"FR_PSGHB_75016"
"FR-1-H_25_32_1914",826,"48:01","FR_DMHB_21000",21,25,-3,-4,-4,-4,0,0,28,30,"FR_PSGHB_75016"
"FR-1-H_25_32_1914",827,"53:27","FR_PSGHB_75016",28,24,1,4,4,3,0,-1,30,28,"FR_PSGHB_75016"
"FR-1-H_25_32_1915",828,"18:06","FR_CRMHB_35510",6,8,-1,-2,-2,-4,0,-2,25,30,"FR_DHBGL_59140"
"FR-1-H_25_32_1915",829,"26:12","FR_DHBGL_59140",13,11,-2,2,2,4,0,2,30,25,"FR_DHBGL_59140"
"FR-1-H_25_32_1915",830,"34:37","FR_DHBGL_59140",18,16,-2,2,2,4,0,2,30,25,"FR_DHBGL_59140"
"FR-1-H_25_32_1915",831,"40:52","FR_CRMHB_35510",17,21,-2,-4,-4,-2,0,2,25,30,"FR_DHBGL_59140"
"FR-1-H_25_32_1916",832,"21:23","FR_USIHB_94200",12,13,-3,-1,-1,-2,0,-1,31,35,"FR_MHB_34000"
"FR-1-H_25_32_1916",833,"28:07","FR_MHB_34000",17,16,-1,1,1,4,0,3,35,31,"FR_MHB_34000"
"FR-1-H_25_32_1916",834,"41:25","FR_USIHB_94200",20,27,-2,-7,-7,-5,0,2,31,35,"FR_MHB_34000"
"FR-1-H_25_32_1916",835,"44:16","FR_MHB_34000",28,23,-2,5,5,4,0,-1,35,31,"FR_MHB_34000"
"FR-1-H_25_32_1916",836,"57:20","FR_USIHB_94200",30,34,-1,-4,-4,-4,0,0,31,35,"FR_MHB_34000"
"FR-1-H_25_32_1916",837,"58:06","FR_MHB_34000",34,30,0,4,4,4,0,0,35,31,"FR_MHB_34000"
"FR-1-H_25_32_1917",838,"11:11","FR_USAMNG_30918",2,6,-2,-4,-4,-4,0,0,27,30,"FR_SAHB_80262"
"FR-1-H_25_32_1917",839,"49:17","FR_USAMNG_30918",20,24,-1,-4,-4,-4,0,0,27,30,"FR_SAHB_80262"
"FR-1-H_25_32_1918",840,"05:45","FR_FTHB_31000",1,3,-1,-2,-2,-2,0,0,30,22,"FR_FTHB_31000"
"FR-1-H_25_32_1918",841,"42:37","FR_FTHB_31000",21,13,-1,8,8,8,0,0,30,22,"FR_FTHB_31000"
"FR-1-H_25_32_1919",842,"15:41","FR_TFHB_93290",4,7,-2,-3,-3,-2,0,1,25,24,"FR_TFHB_93290"
"FR-1-H_25_32_1919",843,"26:31","FR_PAUC_13100",10,9,-2,1,1,3,0,2,24,25,"FR_TFHB_93290"
"FR-1-H_25_32_1919",844,"45:48","FR_TFHB_93290",16,20,-1,-4,-4,-2,0,2,25,24,"FR_TFHB_93290"
"FR-1-H_25_32_1919",845,"56:00","FR_TFHB_93290",23,24,1,-1,-1,1,0,2,25,24,"FR_TFHB_93290"
"FR-1-H_25_32_1919",846,"59:17","FR_PAUC_13100",24,25,-2,-1,-1,-1,0,0,24,25,"FR_TFHB_93290"
"FR-1-H_25_33_1920",847,"18:51","FR_MHB_34000",7,10,-4,-3,-3,0,0,3,25,25,"Egalité"
"FR-1-H_25_33_1920",848,"22:04","FR_DHBGL_59140",10,10,-3,0,0,1,0,1,25,25,"Egalité"
"FR-1-H_25_33_1920",849,"48:36","FR_MHB_34000",19,21,-3,-2,-2,0,0,2,25,25,"Egalité"
"FR-1-H_25_33_1920",850,"51:52","FR_DHBGL_59140",21,21,-2,0,0,0,0,0,25,25,"Egalité"
"FR-1-H_25_33_1920",851,"56:06","FR_DHBGL_59140",24,24,2,0,0,1,0,1,25,25,"Egalité"
"FR-1-H_25_33_1920",852,"59:39","FR_MHB_34000",24,25,-1,-1,-1,0,0,1,25,25,"Egalité"
"FR-1-H_25_33_1921",853,"10:22","FR_FTHB_31000",2,4,-2,-2,-2,-1,0,1,22,25,"FR_PAUC_13100"
"FR-1-H_25_33_1921",854,"21:45","FR_PAUC_13100",10,9,-2,1,1,4,0,3,25,22,"FR_PAUC_13100"
"FR-1-H_25_33_1921",855,"45:56","FR_PAUC_13100",18,17,-2,1,1,1,0,0,25,22,"FR_PAUC_13100"
"FR-1-H_25_33_1921",856,"48:54","FR_FTHB_31000",17,18,0,-1,-1,-3,0,-2,22,25,"FR_PAUC_13100"
"FR-1-H_25_33_1921",857,"54:38","FR_FTHB_31000",18,22,-4,-4,-4,-3,0,1,22,25,"FR_PAUC_13100"
"FR-1-H_25_33_1921",858,"57:52","FR_PAUC_13100",24,21,-1,3,3,3,0,0,25,22,"FR_PAUC_13100"
"FR-1-H_25_33_1922",859,"11:13","FR_CRMHB_35510",5,7,-2,-2,-2,-2,0,0,26,27,"FR_DMHB_21000"
"FR-1-H_25_33_1922",860,"22:17","FR_DMHB_21000",10,10,-2,0,0,-1,0,-1,27,26,"FR_DMHB_21000"
"FR-1-H_25_33_1922",861,"49:30","FR_DMHB_21000",25,21,2,4,4,4,0,0,27,26,"FR_DMHB_21000"
"FR-1-H_25_33_1922",862,"53:36","FR_DMHB_21000",26,22,1,4,4,2,0,-2,27,26,"FR_DMHB_21000"
"FR-1-H_25_33_1922",863,"58:50","FR_DMHB_21000",27,26,-5,1,1,1,0,0,27,26,"FR_DMHB_21000"
"FR-1-H_25_33_1923",864,"21:38","FR_TFHB_93290",9,10,-2,-1,-1,-1,0,0,29,26,"FR_TFHB_93290"
"FR-1-H_25_33_1923",865,"28:12","FR_CSMBHB_73000",12,13,-2,-1,-1,-2,0,-1,26,29,"FR_TFHB_93290"
"FR-1-H_25_33_1923",866,"43:41","FR_TFHB_93290",22,21,-2,1,1,1,0,0,29,26,"FR_TFHB_93290"
"FR-1-H_25_33_1923",867,"56:16","FR_CSMBHB_73000",25,28,-3,-3,-3,-2,0,1,26,29,"FR_TFHB_93290"
"FR-1-H_25_33_1923",868,"58:18","FR_TFHB_93290",28,26,-1,2,2,3,0,1,29,26,"FR_TFHB_93290"
"FR-1-H_25_33_1924",869,"07:04","FR_USAMNG_30918",0,5,-4,-5,-5,-4,0,1,23,29,"FR_USIHB_94200"
"FR-1-H_25_33_1924",870,"21:13","FR_USIHB_94200",9,7,-2,2,2,3,0,1,29,23,"FR_USIHB_94200"
"FR-1-H_25_33_1925",871,"21:33","FR_HBCN_44200",14,7,1,7,7,7,0,0,31,27,"FR_HBCN_44200"
"FR-1-H_25_33_1925",872,"47:02","FR_HBCN_44200",27,20,-1,7,7,4,0,-3,31,27,"FR_HBCN_44200"
"FR-1-H_25_33_1926",873,"13:23","FR_PSGHB_75016",8,10,-1,-2,-2,-3,0,-1,36,34,"FR_PSGHB_75016"
"FR-1-H_25_33_1926",874,"25:29","FR_SAHB_80262",16,14,-2,2,2,1,0,-1,34,36,"FR_PSGHB_75016"
"FR-1-H_25_33_1926",875,"58:03","FR_SAHB_80262",32,35,-3,-3,-3,-2,0,1,34,36,"FR_PSGHB_75016"
"FR-1-H_25_33_1926",876,"59:23","FR_PSGHB_75016",36,34,-1,2,2,2,0,0,36,34,"FR_PSGHB_75016"
"FR-1-H_25_34_1927",877,"14:48","FR_PSGHB_75016",6,8,-3,-2,-2,-3,0,-1,21,25,"FR_DHBGL_59140"
"FR-1-H_25_34_1927",878,"20:38","FR_DHBGL_59140",10,8,-2,2,2,2,0,0,25,21,"FR_DHBGL_59140"
"FR-1-H_25_34_1927",879,"40:10","FR_DHBGL_59140",16,16,-2,0,0,1,0,1,25,21,"FR_DHBGL_59140"
"FR-1-H_25_34_1927",880,"47:59","FR_PSGHB_75016",18,21,-3,-3,-3,-2,0,1,21,25,"FR_DHBGL_59140"
"FR-1-H_25_34_1927",881,"55:21","FR_DHBGL_59140",22,20,-1,2,2,4,0,2,25,21,"FR_DHBGL_59140"
"FR-1-H_25_34_1928",882,"08:40","FR_USIHB_94200",1,6,-3,-5,-5,-3,0,2,21,24,"FR_CRMHB_35510"
"FR-1-H_25_34_1928",883,"19:56","FR_USIHB_94200",5,11,-2,-6,-6,-6,0,0,21,24,"FR_CRMHB_35510"
"FR-1-H_25_34_1928",884,"25:26","FR_CRMHB_35510",11,6,-1,5,5,5,0,0,24,21,"FR_CRMHB_35510"
"FR-1-H_25_34_1928",885,"50:01","FR_USIHB_94200",17,21,-2,-4,-4,-5,0,-1,21,24,"FR_CRMHB_35510"
"FR-1-H_25_34_1928",886,"55:30","FR_CRMHB_35510",23,18,1,5,5,3,0,-2,24,21,"FR_CRMHB_35510"
"FR-1-H_25_34_1929",887,"21:59","FR_CSMBHB_73000",17,16,-2,1,1,-4,0,-5,29,34,"FR_USAMNG_30918"
"FR-1-H_25_34_1929",888,"34:41","FR_CSMBHB_73000",18,25,-3,-7,-7,-6,0,1,29,34,"FR_USAMNG_30918"
"FR-1-H_25_34_1929",889,"48:10","FR_USAMNG_30918",30,25,-2,5,5,4,0,-1,34,29,"FR_USAMNG_30918"
"FR-1-H_25_34_1930",890,"13:17","FR_DMHB_21000",4,6,-2,-2,-2,-3,0,-1,18,26,"FR_SRVHB_83700"
"FR-1-H_25_34_1930",891,"36:09","FR_DMHB_21000",11,18,-4,-7,-7,-7,0,0,18,26,"FR_SRVHB_83700"
"FR-1-H_25_34_1930",892,"55:38","FR_DMHB_21000",17,24,-1,-7,-7,-8,0,-1,18,26,"FR_SRVHB_83700"
"FR-1-H_25_34_1932",893,"11:51","FR_FTHB_31000",5,7,-2,-2,-2,-1,0,1,31,27,"FR_FTHB_31000"
"FR-1-H_25_34_1932",894,"25:09","FR_HBCN_44200",14,14,-1,0,0,2,0,2,27,31,"FR_FTHB_31000"
"FR-1-H_25_34_1932",895,"42:04","FR_FTHB_31000",20,23,-2,-3,-3,-1,0,2,31,27,"FR_FTHB_31000"
"FR-1-H_25_34_1932",896,"44:51","FR_HBCN_44200",23,22,-2,1,1,0,0,-1,27,31,"FR_FTHB_31000"
"FR-1-H_25_34_1932",897,"50:02","FR_HBCN_44200",24,25,-3,-1,-1,-2,0,-1,27,31,"FR_FTHB_31000"
"FR-1-H_25_34_1933",898,"11:22","FR_TFHB_93290",4,8,-2,-4,-4,-4,0,0,26,35,"FR_MHB_34000"
"FR-1-H_25_34_1933",899,"40:36","FR_TFHB_93290",18,24,-1,-6,-6,-5,0,1,26,35,"FR_MHB_34000"
"FR-1-H_25_34_1933",900,"45:05","FR_MHB_34000",26,21,-1,5,5,5,0,0,35,26,"FR_MHB_34000"
"FR-1-H_25_34_1933",901,"49:18","FR_MHB_34000",28,23,-2,5,5,7,0,2,35,26,"FR_MHB_34000"
"FR-1-H_25_34_1933",902,"50:30","FR_TFHB_93290",23,30,-2,-7,-7,-8,0,-1,26,35,"FR_MHB_34000"
"FR-1-H_25_35_1934",903,"10:26","FR_FTHB_31000",5,8,-2,-3,-3,-3,0,0,24,35,"FR_MHB_34000"
"FR-1-H_25_35_1934",904,"21:45","FR_MHB_34000",14,12,-2,2,2,4,0,2,35,24,"FR_MHB_34000"
"FR-1-H_25_35_1934",905,"38:58","FR_FTHB_31000",16,21,-2,-5,-5,-8,0,-3,24,35,"FR_MHB_34000"
"FR-1-H_25_35_1934",906,"44:12","FR_FTHB_31000",18,27,-2,-9,-9,-8,0,1,24,35,"FR_MHB_34000"
"FR-1-H_25_35_1934",907,"50:42","FR_MHB_34000",31,22,1,9,9,9,0,0,35,24,"FR_MHB_34000"
"FR-1-H_25_35_1934",908,"55:06","FR_MHB_34000",33,24,-2,9,9,11,0,2,35,24,"FR_MHB_34000"
"FR-1-H_25_35_1935",909,"11:13","FR_DHBGL_59140",4,5,-1,-1,-1,1,0,2,27,25,"FR_DHBGL_59140"
"FR-1-H_25_35_1935",910,"15:28","FR_PAUC_13100",6,7,-3,-1,-1,0,0,1,25,27,"FR_DHBGL_59140"
"FR-1-H_25_35_1935",911,"36:27","FR_PAUC_13100",16,16,-2,0,0,-3,0,-3,25,27,"FR_DHBGL_59140"
"FR-1-H_25_35_1935",912,"51:10","FR_DHBGL_59140",22,20,-2,2,2,1,0,-1,27,25,"FR_DHBGL_59140"
"FR-1-H_25_35_1935",913,"58:21","FR_PAUC_13100",25,26,-1,-1,-1,-1,0,0,25,27,"FR_DHBGL_59140"
"FR-1-H_25_35_1935",914,"59:24","FR_DHBGL_59140",26,25,0,1,1,2,0,1,27,25,"FR_DHBGL_59140"
"FR-1-H_25_35_1936",915,"17:17","FR_DMHB_21000",4,8,1,-4,-4,-4,0,0,19,27,"FR_HBCN_44200"
"FR-1-H_25_35_1936",916,"25:29","FR_HBCN_44200",12,9,-2,3,3,5,0,2,27,19,"FR_HBCN_44200"
"FR-1-H_25_35_1936",917,"42:24","FR_DMHB_21000",10,18,-1,-8,-8,-8,0,0,19,27,"FR_HBCN_44200"
"FR-1-H_25_35_1936",918,"48:28","FR_HBCN_44200",20,13,-1,7,7,9,0,2,27,19,"FR_HBCN_44200"
"FR-1-H_25_35_1937",919,"09:57","FR_CRMHB_35510",4,8,-3,-4,-4,-4,0,0,30,26,"FR_CRMHB_35510"
"FR-1-H_25_35_1937",920,"15:39","FR_TFHB_93290",10,7,-2,3,3,4,0,1,26,30,"FR_CRMHB_35510"
"FR-1-H_25_35_1937",921,"41:51","FR_TFHB_93290",22,23,-2,-1,-1,-2,0,-1,26,30,"FR_CRMHB_35510"
"FR-1-H_25_35_1937",922,"55:58","FR_TFHB_93290",25,28,-2,-3,-3,-4,0,-1,26,30,"FR_CRMHB_35510"
"FR-1-H_25_35_1938",923,"15:04","FR_CSMBHB_73000",8,11,-2,-3,-3,0,0,3,33,34,"FR_SRVHB_83700"
"FR-1-H_25_35_1939",924,"24:50","FR_SAHB_80262",9,11,-3,-2,-2,-3,0,-1,28,25,"FR_SAHB_80262"
"FR-1-H_25_35_1939",925,"35:56","FR_USIHB_94200",14,14,-3,0,0,-2,0,-2,25,28,"FR_SAHB_80262"
"FR-1-H_25_35_1939",926,"52:47","FR_SAHB_80262",23,22,2,1,1,2,0,1,28,25,"FR_SAHB_80262"
"FR-1-H_25_35_1939",927,"55:58","FR_USIHB_94200",24,26,-1,-2,-2,-3,0,-1,25,28,"FR_SAHB_80262"
"FR-1-H_25_35_1940",928,"17:35","FR_USAMNG_30918",9,13,-2,-4,-4,-4,0,0,32,35,"FR_PSGHB_75016"
"FR-1-H_25_35_1940",929,"45:18","FR_USAMNG_30918",24,28,-2,-4,-4,-5,0,-1,32,35,"FR_PSGHB_75016"
"FR-1-H_25_35_1940",930,"50:42","FR_PSGHB_75016",31,27,-1,4,4,6,0,2,35,32,"FR_PSGHB_75016"
"FR-1-H_25_35_1940",931,"57:41","FR_PSGHB_75016",34,30,-2,4,4,3,0,-1,35,32,"FR_PSGHB_75016"
"FR-1-H_25_36_1941",932,"18:59","FR_PSGHB_75016",8,10,-1,-2,-2,-3,0,-1,26,30,"FR_HBCN_44200"
"FR-1-H_25_36_1941",933,"25:11","FR_HBCN_44200",14,12,-1,2,2,4,0,2,30,26,"FR_HBCN_44200"
"FR-1-H_25_36_1941",934,"43:36","FR_HBCN_44200",22,20,-2,2,2,3,0,1,30,26,"FR_HBCN_44200"
"FR-1-H_25_36_1941",935,"51:11","FR_PSGHB_75016",21,26,-3,-5,-5,-8,0,-3,26,30,"FR_HBCN_44200"
"FR-1-H_25_36_1942",936,"16:07","FR_PAUC_13100",6,6,-1,0,0,0,0,0,25,24,"FR_PAUC_13100"
"FR-1-H_25_36_1942",937,"24:28","FR_USAMNG_30918",10,12,-2,-2,-2,0,0,2,24,25,"FR_PAUC_13100"
"FR-1-H_25_36_1942",938,"31:36","FR_USAMNG_30918",14,17,-3,-3,-3,-2,0,1,24,25,"FR_PAUC_13100"
"FR-1-H_25_36_1942",939,"58:50","FR_USAMNG_30918",24,25,-1,-1,-1,-1,0,0,24,25,"FR_PAUC_13100"
"FR-1-H_25_36_1943",940,"12:21","FR_DHBGL_59140",6,8,-1,-2,-2,0,0,2,26,25,"FR_DHBGL_59140"
"FR-1-H_25_36_1943",941,"25:01","FR_DMHB_21000",12,11,1,1,1,1,0,0,25,26,"FR_DHBGL_59140"
"FR-1-H_25_36_1943",942,"42:36","FR_DHBGL_59140",16,18,-1,-2,-2,-1,0,1,26,25,"FR_DHBGL_59140"
"FR-1-H_25_36_1943",943,"48:51","FR_DMHB_21000",20,20,-3,0,0,0,0,0,25,26,"FR_DHBGL_59140"
"FR-1-H_25_36_1944",944,"20:05","FR_MHB_34000",9,13,1,-4,-4,-5,0,-1,30,30,"Egalité"
"FR-1-H_25_36_1944",945,"40:19","FR_MHB_34000",14,22,-1,-8,-8,-7,0,1,30,30,"Egalité"
"FR-1-H_25_36_1944",946,"58:07","FR_MHB_34000",29,30,1,-1,-1,-1,0,0,30,30,"Egalité"
"FR-1-H_25_36_1945",947,"17:29","FR_CSMBHB_73000",7,9,-2,-2,-2,0,0,2,26,28,"FR_SAHB_80262"
"FR-1-H_25_36_1945",948,"24:00","FR_SAHB_80262",10,11,-4,-1,-1,4,0,5,28,26,"FR_SAHB_80262"
"FR-1-H_25_36_1945",949,"43:25","FR_CSMBHB_73000",17,23,-3,-6,-6,-5,0,1,26,28,"FR_SAHB_80262"
"FR-1-H_25_36_1945",950,"50:33","FR_SAHB_80262",25,22,-3,3,3,3,0,0,28,26,"FR_SAHB_80262"
"FR-1-H_25_36_1946",951,"12:32","FR_FTHB_31000",5,8,-2,-3,-3,-5,0,-2,34,30,"FR_FTHB_31000"
"FR-1-H_25_36_1946",952,"24:28","FR_CRMHB_35510",14,11,-3,3,3,4,0,1,30,34,"FR_FTHB_31000"
"FR-1-H_25_36_1946",953,"29:14","FR_FTHB_31000",14,18,-2,-4,-4,0,0,4,34,30,"FR_FTHB_31000"
"FR-1-H_25_36_1946",954,"34:27","FR_CRMHB_35510",18,18,-3,0,0,1,0,1,30,34,"FR_FTHB_31000"
"FR-1-H_25_36_1946",955,"59:07","FR_FTHB_31000",32,30,-1,2,2,4,0,2,34,30,"FR_FTHB_31000"
"FR-1-H_25_36_1947",956,"20:16","FR_USIHB_94200",6,9,-2,-3,-3,-3,0,0,23,23,"Egalité"
"FR-1-H_25_36_1947",957,"29:32","FR_TFHB_93290",12,10,-1,2,2,0,0,-2,23,23,"Egalité"
"FR-1-H_25_36_1947",958,"41:11","FR_USIHB_94200",14,17,-3,-3,-3,-3,0,0,23,23,"Egalité"
"FR-1-H_25_36_1947",959,"50:59","FR_TFHB_93290",20,20,-3,0,0,0,0,0,23,23,"Egalité"
"FR-1-H_25_36_1947",960,"58:00","FR_USIHB_94200",23,22,-1,1,1,0,0,-1,23,23,"Egalité"
"FR-1-H_25_37_1948",961,"21:14","FR_CSMBHB_73000",6,7,-1,-1,-1,0,0,1,21,17,"FR_CSMBHB_73000"
"FR-1-H_25_37_1948",962,"28:59","FR_DHBGL_59140",10,10,-1,0,0,0,0,0,17,21,"FR_CSMBHB_73000"
"FR-1-H_25_37_1948",963,"39:33","FR_DHBGL_59140",13,14,-2,-1,-1,-1,0,0,17,21,"FR_CSMBHB_73000"
"FR-1-H_25_37_1948",964,"50:59","FR_DHBGL_59140",14,17,-2,-3,-3,-2,0,1,17,21,"FR_CSMBHB_73000"
"FR-1-H_25_37_1948",965,"53:03","FR_CSMBHB_73000",17,15,-1,2,2,5,0,3,21,17,"FR_CSMBHB_73000"
"FR-1-H_25_37_1949",966,"05:28","FR_USAMNG_30918",1,6,-5,-5,-5,-5,0,0,26,27,"FR_MHB_34000"
"FR-1-H_25_37_1949",967,"22:50","FR_MHB_34000",13,8,-2,5,5,6,0,1,27,26,"FR_MHB_34000"
"FR-1-H_25_37_1949",968,"45:45","FR_MHB_34000",25,21,-2,4,4,2,0,-2,27,26,"FR_MHB_34000"
"FR-1-H_25_37_1949",969,"50:41","FR_USAMNG_30918",24,26,3,-2,-2,-2,0,0,26,27,"FR_MHB_34000"
"FR-1-H_25_37_1949",970,"58:45","FR_USAMNG_30918",26,27,1,-1,-1,-1,0,0,26,27,"FR_MHB_34000"
"FR-1-H_25_37_1950",971,"09:58","FR_PAUC_13100",1,4,-2,-3,-3,-2,0,1,22,27,"FR_HBCN_44200"
"FR-1-H_25_37_1950",972,"21:48","FR_HBCN_44200",8,6,-1,2,2,3,0,1,27,22,"FR_HBCN_44200"
"FR-1-H_25_37_1950",973,"45:21","FR_HBCN_44200",18,15,-2,3,3,3,0,0,27,22,"FR_HBCN_44200"
"FR-1-H_25_37_1950",974,"49:45","FR_PAUC_13100",17,20,-1,-3,-3,-4,0,-1,22,27,"FR_HBCN_44200"
"FR-1-H_25_37_1950",975,"55:09","FR_HBCN_44200",23,20,-1,3,3,5,0,2,27,22,"FR_HBCN_44200"
"FR-1-H_25_37_1951",976,"18:02","FR_FTHB_31000",9,6,-1,3,3,2,0,-1,26,23,"FR_FTHB_31000"
"FR-1-H_25_37_1951",977,"27:23","FR_DMHB_21000",8,10,0,-2,-2,0,0,2,23,26,"FR_FTHB_31000"
"FR-1-H_25_37_1951",978,"46:04","FR_FTHB_31000",19,18,-2,1,1,2,0,1,26,23,"FR_FTHB_31000"
"FR-1-H_25_37_1951",979,"52:08","FR_DMHB_21000",19,22,-2,-3,-3,-3,0,0,23,26,"FR_FTHB_31000"
"FR-1-H_25_37_1952",980,"25:18","FR_CRMHB_35510",15,14,-2,1,1,0,0,-1,29,26,"FR_CRMHB_35510"
"FR-1-H_25_37_1952",981,"40:33","FR_SAHB_80262",19,22,-2,-3,-3,-4,0,-1,26,29,"FR_CRMHB_35510"
"FR-1-H_25_37_1952",982,"48:10","FR_SAHB_80262",21,26,-2,-5,-5,-4,0,1,26,29,"FR_CRMHB_35510"
"FR-1-H_25_37_1952",983,"51:36","FR_CRMHB_35510",27,23,1,4,4,5,0,1,29,26,"FR_CRMHB_35510"
"FR-1-H_25_37_1953",984,"18:42","FR_USIHB_94200",8,11,-3,-3,-3,-2,0,1,28,29,"FR_SRVHB_83700"
"FR-1-H_25_37_1953",985,"36:14","FR_USIHB_94200",16,19,-3,-3,-3,-5,0,-2,28,29,"FR_SRVHB_83700"
"FR-1-H_25_37_1953",986,"38:44","FR_USIHB_94200",18,23,1,-5,-5,-4,0,1,28,29,"FR_SRVHB_83700"
"FR-1-H_25_37_1953",987,"49:28","FR_USIHB_94200",23,24,1,-1,-1,-3,0,-2,28,29,"FR_SRVHB_83700"
"FR-1-H_25_37_1954",988,"21:01","FR_PSGHB_75016",6,7,-2,-1,-1,-2,0,-1,29,23,"FR_PSGHB_75016"
"FR-1-H_25_37_1954",989,"41:10","FR_TFHB_93290",17,18,-4,-1,-1,0,0,1,23,29,"FR_PSGHB_75016"
"FR-1-H_25_38_1955",990,"26:37","FR_HBCN_44200",12,12,-1,0,0,0,0,0,29,29,"Egalité"
"FR-1-H_25_38_1955",991,"39:16","FR_MHB_34000",17,20,-2,-3,-3,0,0,3,29,29,"Egalité"
"FR-1-H_25_38_1955",992,"53:27","FR_HBCN_44200",26,25,-1,1,1,2,0,1,29,29,"Egalité"
"FR-1-H_25_38_1955",993,"58:39","FR_MHB_34000",27,29,-1,-2,-2,-1,0,1,29,29,"Egalité"
"FR-1-H_25_38_1955",994,"58:56","FR_HBCN_44200",29,28,-1,1,1,0,0,-1,29,29,"Egalité"
"FR-1-H_25_38_1956",995,"19:46","FR_PAUC_13100",6,10,-1,-4,-4,-5,0,-1,24,32,"FR_CSMBHB_73000"
"FR-1-H_25_38_1956",996,"27:39","FR_CSMBHB_73000",13,8,-1,5,5,5,0,0,32,24,"FR_CSMBHB_73000"
"FR-1-H_25_38_1956",997,"49:37","FR_PAUC_13100",19,25,-1,-6,-6,-6,0,0,24,32,"FR_CSMBHB_73000"
"FR-1-H_25_38_1957",998,"22:16","FR_DMHB_21000",9,11,-1,-2,-2,-2,0,0,24,31,"FR_USAMNG_30918"
"FR-1-H_25_38_1957",999,"25:39","FR_USAMNG_30918",12,10,1,2,2,5,0,3,31,24,"FR_USAMNG_30918"
"FR-1-H_25_38_1957",1000,"43:05","FR_DMHB_21000",15,22,-1,-7,-7,-7,0,0,24,31,"FR_USAMNG_30918"
"FR-1-H_25_38_1958",1001,"07:13","FR_SAHB_80262",1,5,-3,-4,-4,-5,0,-1,22,30,"FR_DHBGL_59140"
"FR-1-H_25_38_1958",1002,"14:16","FR_DHBGL_59140",8,5,-3,3,3,4,0,1,30,22,"FR_DHBGL_59140"
"FR-1-H_25_38_1958",1003,"23:26","FR_SAHB_80262",7,13,-2,-6,-6,-5,0,1,22,30,"FR_DHBGL_59140"
"FR-1-H_25_38_1958",1004,"49:06","FR_DHBGL_59140",24,17,-2,7,7,8,0,1,30,22,"FR_DHBGL_59140"
"FR-1-H_25_38_1958",1005,"56:36","FR_SAHB_80262",20,29,-1,-9,-9,-8,0,1,22,30,"FR_DHBGL_59140"
"FR-1-H_25_38_1959",1006,"21:09","FR_PSGHB_75016",11,12,-1,-1,-1,1,0,2,34,29,"FR_PSGHB_75016"
"FR-1-H_25_38_1959",1007,"26:20","FR_USIHB_94200",13,15,-3,-2,-2,-1,0,1,29,34,"FR_PSGHB_75016"
"FR-1-H_25_38_1959",1008,"34:48","FR_USIHB_94200",17,21,-3,-4,-4,-4,0,0,29,34,"FR_PSGHB_75016"
"FR-1-H_25_38_1959",1009,"52:00","FR_USIHB_94200",26,30,-2,-4,-4,-5,0,-1,29,34,"FR_PSGHB_75016"
"FR-1-H_25_38_1960",1010,"09:25","FR_CRMHB_35510",3,4,-2,-1,-1,-1,0,0,25,26,"FR_SRVHB_83700"
"FR-1-H_25_38_1960",1011,"47:56","FR_CRMHB_35510",20,23,-2,-3,-3,-2,0,1,25,26,"FR_SRVHB_83700"
"FR-1-H_25_38_1960",1012,"52:48","FR_CRMHB_35510",22,24,1,-2,-2,0,0,2,25,26,"FR_SRVHB_83700"
"FR-1-H_25_38_1961",1013,"12:46","FR_TFHB_93290",3,8,-4,-5,-5,-3,0,2,23,27,"FR_FTHB_31000"
"FR-1-H_25_38_1961",1014,"20:10","FR_FTHB_31000",10,8,-2,2,2,4,0,2,27,23,"FR_FTHB_31000"
"FR-1-H_25_38_1961",1015,"45:55","FR_FTHB_31000",20,18,1,2,2,5,0,3,27,23,"FR_FTHB_31000"
"FR-1-H_25_38_1961",1016,"49:57","FR_TFHB_93290",18,23,-3,-5,-5,-3,0,2,23,27,"FR_FTHB_31000"
"FR-1-H_25_39_1962",1017,"14:37","FR_FTHB_31000",7,8,-4,-1,-1,-2,0,-1,30,31,"FR_CSMBHB_73000"
"FR-1-H_25_39_1962",1018,"22:04","FR_FTHB_31000",10,14,-2,-4,-4,-2,0,2,30,31,"FR_CSMBHB_73000"
"FR-1-H_25_39_1962",1019,"58:07","FR_FTHB_31000",29,30,3,-1,-1,-1,0,0,30,31,"FR_CSMBHB_73000"
"FR-1-H_25_39_1963",1020,"26:16","FR_CRMHB_35510",14,8,-1,6,6,5,0,-1,31,26,"FR_CRMHB_35510"
"FR-1-H_25_39_1963",1021,"48:51","FR_CRMHB_35510",22,18,-1,4,4,5,0,1,31,26,"FR_CRMHB_35510"
"FR-1-H_25_39_1964",1022,"21:49","FR_USIHB_94200",7,10,-1,-3,-3,0,0,3,22,23,"FR_DHBGL_59140"
"FR-1-H_25_39_1964",1023,"26:30","FR_DHBGL_59140",10,10,-3,0,0,-1,0,-1,23,22,"FR_DHBGL_59140"
"FR-1-H_25_39_1964",1024,"40:16","FR_DHBGL_59140",12,15,-3,-3,-3,-3,0,0,23,22,"FR_DHBGL_59140"
"FR-1-H_25_39_1964",1025,"47:46","FR_USIHB_94200",19,18,-2,1,1,-1,0,-2,22,23,"FR_DHBGL_59140"
"FR-1-H_25_39_1964",1026,"54:17","FR_USIHB_94200",20,21,-1,-1,-1,-1,0,0,22,23,"FR_DHBGL_59140"
"FR-1-H_25_39_1965",1027,"13:49","FR_DMHB_21000",4,6,-3,-2,-2,-3,0,-1,21,27,"FR_MHB_34000"
"FR-1-H_25_39_1965",1028,"20:11","FR_MHB_34000",9,6,2,3,3,4,0,1,27,21,"FR_MHB_34000"
"FR-1-H_25_39_1965",1029,"53:27","FR_MHB_34000",25,19,-1,6,6,6,0,0,27,21,"FR_MHB_34000"
"FR-1-H_25_39_1966",1030,"07:40","FR_HBCN_44200",1,6,-4,-5,-5,-5,0,0,22,27,"FR_USAMNG_30918"
"FR-1-H_25_39_1966",1031,"43:49","FR_HBCN_44200",14,19,-3,-5,-5,-5,0,0,22,27,"FR_USAMNG_30918"
"FR-1-H_25_39_1966",1032,"52:48","FR_USAMNG_30918",23,20,-2,3,3,3,0,0,27,22,"FR_USAMNG_30918"
"FR-1-H_25_39_1966",1033,"57:07","FR_HBCN_44200",22,25,-1,-3,-3,-5,0,-2,22,27,"FR_USAMNG_30918"
"FR-1-H_25_40_1969",1034,"10:39","FR_FTHB_31000",4,7,-2,-3,-3,-3,0,0,28,32,"FR_PSGHB_75016"
"FR-1-H_25_40_1969",1035,"10:40","FR_PSGHB_75016",7,4,0,3,3,3,0,0,32,28,"FR_PSGHB_75016"
"FR-1-H_25_40_1969",1036,"44:48","FR_PSGHB_75016",27,21,-3,6,6,4,0,-2,32,28,"FR_PSGHB_75016"
"FR-1-H_25_40_1969",1037,"51:56","FR_FTHB_31000",26,31,-1,-5,-5,-4,0,1,28,32,"FR_PSGHB_75016"
"FR-1-H_25_40_1969",1038,"52:25","FR_PSGHB_75016",31,27,-1,4,4,4,0,0,32,28,"FR_PSGHB_75016"
"FR-1-H_25_40_1970",1039,"18:11","FR_SAHB_80262",5,8,-1,-3,-3,-3,0,0,28,28,"Egalité"
"FR-1-H_25_40_1970",1040,"23:51","FR_PAUC_13100",10,7,1,3,3,1,0,-2,28,28,"Egalité"
"FR-1-H_25_40_1970",1041,"50:29","FR_SAHB_80262",21,21,1,0,0,1,0,1,28,28,"Egalité"
"FR-1-H_25_40_1970",1042,"51:37","FR_PAUC_13100",21,22,-1,-1,-1,-1,0,0,28,28,"Egalité"
"FR-1-H_25_40_1970",1043,"59:01","FR_SAHB_80262",27,28,1,-1,-1,-1,0,0,28,28,"Egalité"
"FR-1-H_25_40_1970",1044,"59:30","FR_SAHB_80262",27,28,-1,-1,-1,0,0,1,28,28,"Egalité"
"FR-1-H_25_40_1970",1045,"59:58","FR_PAUC_13100",28,28,-1,0,0,0,0,0,28,28,"Egalité"
"FR-1-H_25_40_1971",1046,"42:33","FR_DMHB_21000",21,24,1,-3,-3,-2,0,1,28,32,"FR_CSMBHB_73000"
"FR-1-H_25_40_1972",1047,"16:17","FR_DHBGL_59140",6,6,-2,0,0,0,0,0,27,17,"FR_DHBGL_59140"
"FR-1-H_25_40_1972",1048,"18:53","FR_USAMNG_30918",6,6,0,0,0,0,0,0,17,27,"FR_DHBGL_59140"
"FR-1-H_25_40_1972",1049,"23:00","FR_DHBGL_59140",7,7,-1,0,0,2,0,2,27,17,"FR_DHBGL_59140"
"FR-1-H_25_40_1972",1050,"33:23","FR_USAMNG_30918",10,16,-3,-6,-6,-6,0,0,17,27,"FR_DHBGL_59140"
"FR-1-H_25_40_1973",1051,"17:28","FR_CRMHB_35510",7,10,-3,-3,-3,0,0,3,28,28,"Egalité"
"FR-1-H_25_40_1973",1052,"43:39","FR_USIHB_94200",20,21,-2,-1,-1,-2,0,-1,28,28,"Egalité"
"FR-1-H_25_40_1973",1053,"49:43","FR_USIHB_94200",23,26,1,-3,-3,-3,0,0,28,28,"Egalité"
"FR-1-H_25_40_1973",1054,"52:05","FR_CRMHB_35510",26,23,1,3,3,0,0,-3,28,28,"Egalité"
"FR-1-H_25_40_1973",1055,"58:51","FR_CRMHB_35510",28,28,1,0,0,0,0,0,28,28,"Egalité"
"FR-1-H_25_40_1974",1056,"09:01","FR_TFHB_93290",1,5,-4,-4,-4,-4,0,0,21,29,"FR_MHB_34000"
"FR-1-H_25_40_1974",1057,"22:56","FR_MHB_34000",13,8,2,5,5,5,0,0,29,21,"FR_MHB_34000"
"FR-1-H_25_40_1974",1058,"55:15","FR_MHB_34000",28,20,1,8,8,8,0,0,29,21,"FR_MHB_34000"
"FR-1-H_25_40_1975",1059,"07:33","FR_HBCN_44200",2,6,-3,-4,-4,-3,0,1,31,27,"FR_HBCN_44200"
"FR-1-H_25_40_1975",1060,"22:22","FR_HBCN_44200",10,14,-2,-4,-4,-3,0,1,31,27,"FR_HBCN_44200"
"FR-1-H_25_40_1975",1061,"54:59","FR_HBCN_44200",27,24,1,3,3,2,0,-1,31,27,"FR_HBCN_44200"
"FR-1-H_25_41_1976",1062,"18:27","FR_CSMBHB_73000",8,11,-3,-3,-3,-3,0,0,31,26,"FR_CSMBHB_73000"
"FR-1-H_25_41_1976",1063,"18:56","FR_PSGHB_75016",11,8,0,3,3,0,0,-3,26,31,"FR_CSMBHB_73000"
"FR-1-H_25_41_1976",1064,"40:26","FR_PSGHB_75016",17,20,-3,-3,-3,-4,0,-1,26,31,"FR_CSMBHB_73000"
"FR-1-H_25_41_1976",1065,"52:22","FR_CSMBHB_73000",25,22,-2,3,3,4,0,1,31,26,"FR_CSMBHB_73000"
"FR-1-H_25_41_1977",1066,"17:07","FR_CRMHB_35510",8,10,-1,-2,-2,-4,0,-2,27,32,"FR_MHB_34000"
"FR-1-H_25_41_1977",1067,"26:32","FR_MHB_34000",16,12,-1,4,4,7,0,3,32,27,"FR_MHB_34000"
"FR-1-H_25_41_1977",1068,"51:15","FR_MHB_34000",30,23,-2,7,7,6,0,-1,32,27,"FR_MHB_34000"
"FR-1-H_25_41_1977",1069,"56:59","FR_MHB_34000",31,25,-2,6,6,6,0,0,32,27,"FR_MHB_34000"
"FR-1-H_25_41_1977",1070,"59:21","FR_CRMHB_35510",26,32,1,-6,-6,-5,0,1,27,32,"FR_MHB_34000"
"FR-1-H_25_41_1978",1071,"19:16","FR_USAMNG_30918",7,11,-2,-4,-4,-2,0,2,37,26,"FR_USAMNG_30918"
"FR-1-H_25_41_1978",1072,"21:30","FR_TFHB_93290",12,10,-1,2,2,-1,0,-3,26,37,"FR_USAMNG_30918"
"FR-1-H_25_41_1978",1073,"47:17","FR_TFHB_93290",20,26,-2,-6,-6,-8,0,-2,26,37,"FR_USAMNG_30918"
"FR-1-H_25_41_1978",1074,"52:59","FR_TFHB_93290",22,31,-3,-9,-9,-12,0,-3,26,37,"FR_USAMNG_30918"
"FR-1-H_25_41_1979",1075,"26:39","FR_DMHB_21000",11,14,-1,-3,-3,-4,0,-1,25,34,"FR_HBCN_44200"
"FR-1-H_25_41_1979",1076,"29:36","FR_HBCN_44200",16,12,-1,4,4,3,0,-1,34,25,"FR_HBCN_44200"
"FR-1-H_25_41_1979",1077,"40:11","FR_HBCN_44200",21,17,-1,4,4,6,0,2,34,25,"FR_HBCN_44200"
"FR-1-H_25_41_1979",1078,"48:16","FR_DMHB_21000",21,28,-2,-7,-7,-5,0,2,25,34,"FR_HBCN_44200"
"FR-1-H_25_41_1979",1079,"56:37","FR_DMHB_21000",25,33,-3,-8,-8,-9,0,-1,25,34,"FR_HBCN_44200"
"FR-1-H_25_41_1980",1080,"28:51","FR_DHBGL_59140",12,9,1,3,3,4,0,1,30,21,"FR_DHBGL_59140"
"FR-1-H_25_41_1980",1081,"39:33","FR_DHBGL_59140",16,14,-1,2,2,4,0,2,30,21,"FR_DHBGL_59140"
"FR-1-H_25_41_1982",1082,"17:43","FR_FTHB_31000",8,6,-1,2,2,3,0,1,27,19,"FR_FTHB_31000"
"FR-1-H_25_41_1982",1083,"25:00","FR_PAUC_13100",8,12,-2,-4,-4,-4,0,0,19,27,"FR_FTHB_31000"
"FR-1-H_25_41_1982",1084,"39:33","FR_FTHB_31000",16,12,-2,4,4,6,0,2,27,19,"FR_FTHB_31000"
"FR-1-H_25_41_1982",1085,"53:13","FR_FTHB_31000",21,15,-1,6,6,9,0,3,27,19,"FR_FTHB_31000"
"FR-1-H_25_42_1983",1086,"11:59","FR_CSMBHB_73000",2,7,-2,-5,-5,-5,0,0,23,32,"FR_HBCN_44200"
"FR-1-H_25_42_1983",1087,"24:33","FR_HBCN_44200",12,5,-1,7,7,7,0,0,32,23,"FR_HBCN_44200"
"FR-1-H_25_42_1983",1088,"49:58","FR_HBCN_44200",25,17,-2,8,8,8,0,0,32,23,"FR_HBCN_44200"
"FR-1-H_25_42_1984",1089,"13:08","FR_USAMNG_30918",3,8,-2,-5,-5,-4,0,1,26,29,"FR_PAUC_13100"
"FR-1-H_25_42_1984",1090,"40:36","FR_PAUC_13100",20,16,-2,4,4,5,0,1,29,26,"FR_PAUC_13100"
"FR-1-H_25_42_1984",1091,"44:46","FR_USAMNG_30918",17,22,-1,-5,-5,-6,0,-1,26,29,"FR_PAUC_13100"
"FR-1-H_25_42_1984",1092,"58:46","FR_PAUC_13100",28,26,-3,2,2,3,0,1,29,26,"FR_PAUC_13100"
"FR-1-H_25_42_1985",1093,"20:43","FR_DHBGL_59140",4,6,-2,-2,-2,0,0,2,25,20,"FR_DHBGL_59140"
"FR-1-H_25_42_1985",1094,"24:08","FR_DMHB_21000",6,6,-2,0,0,-2,0,-2,20,25,"FR_DHBGL_59140"
"FR-1-H_25_42_1985",1095,"38:23","FR_DMHB_21000",10,14,-2,-4,-4,-4,0,0,20,25,"FR_DHBGL_59140"
"FR-1-H_25_42_1985",1096,"53:50","FR_DMHB_21000",18,21,-1,-3,-3,-6,0,-3,20,25,"FR_DHBGL_59140"
"FR-1-H_25_42_1986",1097,"12:57","FR_FTHB_31000",4,5,-1,-1,-1,0,0,1,29,28,"FR_FTHB_31000"
"FR-1-H_25_42_1986",1098,"27:00","FR_USIHB_94200",11,12,-3,-1,-1,-2,0,-1,28,29,"FR_FTHB_31000"
"FR-1-H_25_42_1986",1099,"40:33","FR_USIHB_94200",17,21,-2,-4,-4,-3,0,1,28,29,"FR_FTHB_31000"
"FR-1-H_25_42_1986",1100,"44:27","FR_FTHB_31000",22,19,-1,3,3,1,0,-2,29,28,"FR_FTHB_31000"
"FR-1-H_25_42_1986",1101,"53:48","FR_FTHB_31000",26,25,-2,1,1,2,0,1,29,28,"FR_FTHB_31000"
"FR-1-H_25_42_1986",1102,"57:25","FR_USIHB_94200",26,28,-2,-2,-2,-1,0,1,28,29,"FR_FTHB_31000"
"FR-1-H_25_42_1987",1103,"12:48","FR_SAHB_80262",6,11,-3,-5,-5,-7,0,-2,28,39,"FR_MHB_34000"
"FR-1-H_25_42_1987",1104,"20:31","FR_SAHB_80262",9,17,-1,-8,-8,-8,0,0,28,39,"FR_MHB_34000"
"FR-1-H_25_42_1987",1105,"27:22","FR_MHB_34000",21,13,1,8,8,10,0,2,39,28,"FR_MHB_34000"
"FR-1-H_25_42_1987",1106,"47:36","FR_MHB_34000",34,20,-2,14,14,13,0,-1,39,28,"FR_MHB_34000"
"FR-1-H_25_42_1988",1107,"19:49","FR_PSGHB_75016",10,8,-2,2,2,4,0,2,32,23,"FR_PSGHB_75016"
"FR-1-H_25_42_1989",1108,"16:45","FR_TFHB_93290",3,7,-2,-4,-4,-1,0,3,24,26,"FR_CRMHB_35510"
"FR-1-H_25_42_1989",1109,"20:37","FR_CRMHB_35510",7,6,-3,1,1,-2,0,-3,26,24,"FR_CRMHB_35510"
"FR-1-H_25_42_1989",1110,"50:13","FR_TFHB_93290",19,22,-2,-3,-3,-3,0,0,24,26,"FR_CRMHB_35510"
"FR-1-H_25_42_1989",1111,"50:14","FR_TFHB_93290",19,22,-1,-3,-3,-5,0,-2,24,26,"FR_CRMHB_35510"
"FR-1-H_25_42_1989",1112,"52:43","FR_CRMHB_35510",25,20,-1,5,5,5,0,0,26,24,"FR_CRMHB_35510"
"FR-1-H_25_43_1990",1113,"05:54","FR_DHBGL_59140",0,3,-3,-3,-3,-3,0,0,24,25,"FR_HBCN_44200"
"FR-1-H_25_43_1990",1114,"18:54","FR_HBCN_44200",8,7,-2,1,1,0,0,-1,25,24,"FR_HBCN_44200"
"FR-1-H_25_43_1990",1115,"44:40","FR_HBCN_44200",18,17,-2,1,1,0,0,-1,25,24,"FR_HBCN_44200"
"FR-1-H_25_43_1990",1116,"48:01","FR_DHBGL_59140",21,21,1,0,0,2,0,2,24,25,"FR_HBCN_44200"
"FR-1-H_25_43_1990",1117,"53:25","FR_HBCN_44200",21,23,-2,-2,-2,-1,0,1,25,24,"FR_HBCN_44200"
"FR-1-H_25_43_1990",1118,"56:57","FR_DHBGL_59140",23,22,-1,1,1,-1,0,-2,24,25,"FR_HBCN_44200"
"FR-1-H_25_43_1991",1119,"24:44","FR_MHB_34000",12,10,1,2,2,1,0,-1,29,28,"FR_MHB_34000"
"FR-1-H_25_43_1991",1120,"49:45","FR_PAUC_13100",23,24,-1,-1,-1,1,0,2,28,29,"FR_MHB_34000"
"FR-1-H_25_43_1991",1121,"54:23","FR_MHB_34000",25,26,-1,-1,-1,0,0,1,29,28,"FR_MHB_34000"
"FR-1-H_25_43_1992",1122,"10:22","FR_CRMHB_35510",3,6,-2,-3,-3,-2,0,1,31,25,"FR_CRMHB_35510"
"FR-1-H_25_43_1992",1123,"44:35","FR_CSMBHB_73000",20,22,-2,-2,-2,-1,0,1,25,31,"FR_CRMHB_35510"
"FR-1-H_25_43_1992",1124,"51:15","FR_CSMBHB_73000",22,25,-2,-3,-3,-5,0,-2,25,31,"FR_CRMHB_35510"
"FR-1-H_25_43_1992",1125,"53:58","FR_CRMHB_35510",27,22,2,5,5,6,0,1,31,25,"FR_CRMHB_35510"
"FR-1-H_25_43_1993",1126,"08:47","FR_PSGHB_75016",3,2,3,1,1,1,0,0,29,22,"FR_PSGHB_75016"
"FR-1-H_25_43_1993",1127,"15:35","FR_USAMNG_30918",6,8,-1,-2,-2,-3,0,-1,22,29,"FR_PSGHB_75016"
"FR-1-H_25_43_1993",1128,"38:48","FR_USAMNG_30918",13,17,-3,-4,-4,-4,0,0,22,29,"FR_PSGHB_75016"
"FR-1-H_25_43_1993",1129,"49:21","FR_USAMNG_30918",17,24,-3,-7,-7,-7,0,0,22,29,"FR_PSGHB_75016"
"FR-1-H_25_43_1993",1130,"53:58","FR_PSGHB_75016",26,19,-1,7,7,6,0,-1,29,22,"FR_PSGHB_75016"
"FR-1-H_25_43_1994",1131,"18:34","FR_USIHB_94200",6,7,-2,-1,-1,2,0,3,23,31,"FR_SRVHB_83700"
"FR-1-H_25_43_1994",1132,"36:28","FR_USIHB_94200",14,15,-3,-1,-1,-3,0,-2,23,31,"FR_SRVHB_83700"
"FR-1-H_25_43_1994",1133,"41:44","FR_USIHB_94200",16,19,-3,-3,-3,-5,0,-2,23,31,"FR_SRVHB_83700"
"FR-1-H_25_43_1996",1134,"07:18","FR_DMHB_21000",2,6,-3,-4,-4,-2,0,2,26,30,"FR_FTHB_31000"
"FR-1-H_25_43_1996",1135,"12:01","FR_FTHB_31000",8,6,-4,2,2,2,0,0,30,26,"FR_FTHB_31000"
"FR-1-H_25_43_1996",1136,"43:35","FR_DMHB_21000",18,22,-2,-4,-4,-1,0,3,26,30,"FR_FTHB_31000"
"FR-1-H_25_43_1996",1137,"47:20","FR_FTHB_31000",22,21,-3,1,1,2,0,1,30,26,"FR_FTHB_31000"
"FR-1-H_25_43_1996",1138,"55:02","FR_DMHB_21000",24,28,-1,-4,-4,-4,0,0,26,30,"FR_FTHB_31000"
"FR-1-H_25_43_1996",1139,"56:48","FR_FTHB_31000",28,24,0,4,4,4,0,0,30,26,"FR_FTHB_31000"
"FR-1-H_25_44_1997",1140,"21:21","FR_PSGHB_75016",9,12,-3,-3,-3,-4,0,-1,25,26,"FR_DHBGL_59140"
"FR-1-H_25_44_1997",1141,"28:55","FR_DHBGL_59140",15,12,-1,3,3,1,0,-2,26,25,"FR_DHBGL_59140"
"FR-1-H_25_44_1997",1142,"42:47","FR_DHBGL_59140",19,16,-2,3,3,3,0,0,26,25,"FR_DHBGL_59140"
"FR-1-H_25_44_1997",1143,"51:02","FR_DHBGL_59140",22,19,1,3,3,2,0,-1,26,25,"FR_DHBGL_59140"
"FR-1-H_25_44_1999",1144,"20:43","FR_CRMHB_35510",10,9,-3,1,1,1,0,0,24,22,"FR_CRMHB_35510"
"FR-1-H_25_44_1999",1145,"29:37","FR_USAMNG_30918",14,14,1,0,0,0,0,0,22,24,"FR_CRMHB_35510"
"FR-1-H_25_44_1999",1146,"32:51","FR_USAMNG_30918",15,15,1,0,0,0,0,0,22,24,"FR_CRMHB_35510"
"FR-1-H_25_44_1999",1147,"40:36","FR_CRMHB_35510",17,17,1,0,0,0,0,0,24,22,"FR_CRMHB_35510"
"FR-1-H_25_44_1999",1148,"59:11","FR_USAMNG_30918",22,23,1,-1,-1,-1,0,0,22,24,"FR_CRMHB_35510"
"FR-1-H_25_44_1999",1149,"59:31","FR_CRMHB_35510",23,22,0,1,1,2,0,1,24,22,"FR_CRMHB_35510"
"FR-1-H_25_44_2000",1150,"16:16","FR_MHB_34000",8,11,0,-3,-3,-1,0,2,35,31,"FR_MHB_34000"
"FR-1-H_25_44_2000",1151,"35:56","FR_MHB_34000",19,22,-2,-3,-3,-1,0,2,35,31,"FR_MHB_34000"
"FR-1-H_25_44_2001",1152,"28:27","FR_HBCN_44200",14,10,-2,4,4,3,0,-1,26,25,"FR_HBCN_44200"
"FR-1-H_25_44_2001",1153,"50:31","FR_HBCN_44200",22,21,-1,1,1,0,0,-1,26,25,"FR_HBCN_44200"
"FR-1-H_25_44_2001",1154,"59:06","FR_HBCN_44200",25,25,-2,0,0,1,0,1,26,25,"FR_HBCN_44200"
"FR-1-H_25_44_2003",1155,"18:05","FR_TFHB_93290",7,12,-3,-5,-5,-6,0,-1,28,27,"FR_TFHB_93290"
"FR-1-H_25_44_2003",1156,"23:00","FR_CSMBHB_73000",13,7,1,6,6,7,0,1,27,28,"FR_TFHB_93290"
"FR-1-H_25_44_2003",1157,"49:38","FR_CSMBHB_73000",22,24,-2,-2,-2,-1,0,1,27,28,"FR_TFHB_93290"
"FR-1-H_25_44_2003",1158,"52:45","FR_TFHB_93290",25,24,-1,1,1,0,0,-1,28,27,"FR_TFHB_93290"
"FR-1-H_25_44_2003",1159,"59:18","FR_TFHB_93290",28,27,1,1,1,1,0,0,28,27,"FR_TFHB_93290"
"FR-1-H_25_45_2004",1160,"13:52","FR_HBCN_44200",7,9,-2,-2,-2,0,0,2,28,30,"FR_PSGHB_75016"
"FR-1-H_25_45_2004",1161,"17:47","FR_PSGHB_75016",9,9,-2,0,0,2,0,2,30,28,"FR_PSGHB_75016"
"FR-1-H_25_45_2004",1162,"44:43","FR_HBCN_44200",22,22,-1,0,0,-1,0,-1,28,30,"FR_PSGHB_75016"
"FR-1-H_25_45_2004",1163,"57:31","FR_HBCN_44200",27,28,-1,-1,-1,-2,0,-1,28,30,"FR_PSGHB_75016"
"FR-1-H_25_45_2005",1164,"40:29","FR_DMHB_21000",21,24,-5,-3,-3,-1,0,2,33,33,"Egalité"
"FR-1-H_25_45_2005",1165,"50:31","FR_PAUC_13100",27,28,-2,-1,-1,1,0,2,33,33,"Egalité"
"FR-1-H_25_45_2005",1166,"58:01","FR_DMHB_21000",31,33,-2,-2,-2,-1,0,1,33,33,"Egalité"
"FR-1-H_25_45_2005",1167,"59:47","FR_PAUC_13100",33,33,-1,0,0,0,0,0,33,33,"Egalité"
"FR-1-H_25_45_2006",1168,"20:54","FR_SAHB_80262",11,10,-2,1,1,1,0,0,30,31,"FR_USAMNG_30918"
"FR-1-H_25_45_2006",1169,"46:07","FR_SAHB_80262",22,26,-2,-4,-4,-2,0,2,30,31,"FR_USAMNG_30918"
"FR-1-H_25_45_2006",1170,"52:41","FR_USAMNG_30918",28,27,-2,1,1,1,0,0,31,30,"FR_USAMNG_30918"
"FR-1-H_25_45_2006",1171,"59:06","FR_SAHB_80262",29,31,2,-2,-2,-2,0,0,30,31,"FR_USAMNG_30918"
"FR-1-H_25_45_2006",1172,"59:34","FR_SAHB_80262",29,31,0,-2,-2,-1,0,1,30,31,"FR_USAMNG_30918"
"FR-1-H_25_45_2006",1173,"59:47","FR_USAMNG_30918",31,30,-1,1,1,1,0,0,31,30,"FR_USAMNG_30918"
"FR-1-H_25_45_2007",1174,"12:49","FR_CRMHB_35510",4,7,-3,-3,-3,-2,0,1,22,26,"FR_DHBGL_59140"
"FR-1-H_25_45_2007",1175,"23:10","FR_DHBGL_59140",12,10,-1,2,2,3,0,1,26,22,"FR_DHBGL_59140"
"FR-1-H_25_45_2007",1176,"40:49","FR_DHBGL_59140",16,15,-2,1,1,2,0,1,26,22,"FR_DHBGL_59140"
"FR-1-H_25_45_2007",1177,"47:01","FR_CRMHB_35510",18,21,-2,-3,-3,-2,0,1,22,26,"FR_DHBGL_59140"
"FR-1-H_25_45_2007",1178,"54:35","FR_CRMHB_35510",20,24,-2,-4,-4,-3,0,1,22,26,"FR_DHBGL_59140"
"FR-1-H_25_45_2007",1179,"58:40","FR_DHBGL_59140",25,22,-1,3,3,4,0,1,26,22,"FR_DHBGL_59140"
"FR-1-H_25_45_2008",1180,"13:52","FR_TFHB_93290",7,7,-2,0,0,1,0,1,25,25,"Egalité"
"FR-1-H_25_45_2008",1181,"23:28","FR_USIHB_94200",10,12,-1,-2,-2,1,0,3,25,25,"Egalité"
"FR-1-H_25_45_2008",1182,"46:58","FR_USIHB_94200",22,20,-1,2,2,1,0,-1,25,25,"Egalité"
"FR-1-H_25_45_2008",1183,"58:57","FR_USIHB_94200",25,25,2,0,0,0,0,0,25,25,"Egalité"
"FR-1-H_25_45_2008",1184,"60:00","FR_TFHB_93290",25,25,1,0,0,0,0,0,25,25,"Egalité"
"FR-1-H_25_45_2009",1185,"27:56","FR_CSMBHB_73000",13,11,1,2,2,-1,0,-3,27,28,"FR_SRVHB_83700"
"FR-1-H_25_45_2009",1186,"51:33","FR_CSMBHB_73000",24,23,1,1,1,0,0,-1,27,28,"FR_SRVHB_83700"
"FR-1-H_25_45_2009",1187,"59:15","FR_CSMBHB_73000",27,27,1,0,0,-1,0,-1,27,28,"FR_SRVHB_83700"
"FR-1-H_25_45_2010",1188,"09:08","FR_FTHB_31000",1,3,-2,-2,-2,-3,0,-1,23,28,"FR_MHB_34000"
"FR-1-H_25_45_2010",1189,"22:10","FR_FTHB_31000",4,9,-3,-5,-5,-5,0,0,23,28,"FR_MHB_34000"
"FR-1-H_25_45_2010",1190,"27:20","FR_MHB_34000",11,6,1,5,5,7,0,2,28,23,"FR_MHB_34000"
"FR-1-H_25_45_2010",1191,"45:14","FR_MHB_34000",20,16,-3,4,4,5,0,1,28,23,"FR_MHB_34000"
"FR-1-H_25_45_2010",1192,"57:22","FR_MHB_34000",25,23,-1,2,2,5,0,3,28,23,"FR_MHB_34000"
"FR-1-H_25_46_2011",1193,"17:45","FR_DHBGL_59140",7,10,-2,-3,-3,-4,0,-1,26,25,"FR_DHBGL_59140"
"FR-1-H_25_46_2011",1194,"21:33","FR_MHB_34000",13,9,-1,4,4,6,0,2,25,26,"FR_DHBGL_59140"
"FR-1-H_25_46_2011",1195,"36:03","FR_DHBGL_59140",15,21,-2,-6,-6,-2,0,4,26,25,"FR_DHBGL_59140"
"FR-1-H_25_46_2011",1196,"46:16","FR_MHB_34000",22,21,-2,1,1,0,0,-1,25,26,"FR_DHBGL_59140"
"FR-1-H_25_46_2011",1197,"56:21","FR_DHBGL_59140",24,24,-1,0,0,1,0,1,26,25,"FR_DHBGL_59140"
"FR-1-H_25_46_2012",1198,"11:12","FR_PAUC_13100",5,6,-1,-1,-1,1,0,2,24,40,"FR_PSGHB_75016"
"FR-1-H_25_46_2013",1199,"26:33","FR_DMHB_21000",12,12,-1,0,0,-2,0,-2,26,29,"FR_TFHB_93290"
"FR-1-H_25_46_2013",1200,"48:06","FR_DMHB_21000",19,24,-1,-5,-5,-2,0,3,26,29,"FR_TFHB_93290"
"FR-1-H_25_46_2013",1201,"54:05","FR_TFHB_93290",26,24,-4,2,2,2,0,0,29,26,"FR_TFHB_93290"
"FR-1-H_25_46_2014",1202,"10:38","FR_FTHB_31000",3,5,-1,-2,-2,0,0,2,27,28,"FR_CRMHB_35510"
"FR-1-H_25_46_2014",1203,"17:18","FR_CRMHB_35510",6,7,-2,-1,-1,-2,0,-1,28,27,"FR_CRMHB_35510"
"FR-1-H_25_46_2014",1204,"38:26","FR_FTHB_31000",18,17,-2,1,1,0,0,-1,27,28,"FR_CRMHB_35510"
"FR-1-H_25_46_2014",1205,"45:50","FR_CRMHB_35510",21,23,-2,-2,-2,-1,0,1,28,27,"FR_CRMHB_35510"
"FR-1-H_25_46_2014",1206,"57:34","FR_CRMHB_35510",27,27,-1,0,0,1,0,1,28,27,"FR_CRMHB_35510"
"FR-1-H_25_46_2014",1207,"59:11","FR_FTHB_31000",27,28,-1,-1,-1,-1,0,0,27,28,"FR_CRMHB_35510"
"FR-1-H_25_46_2015",1208,"28:47","FR_USAMNG_30918",12,14,-1,-2,-2,-6,0,-4,25,35,"FR_CSMBHB_73000"
"FR-1-H_25_46_2015",1209,"45:46","FR_USAMNG_30918",17,26,-2,-9,-9,-11,0,-2,25,35,"FR_CSMBHB_73000"
"FR-1-H_25_46_2016",1210,"12:17","FR_USIHB_94200",5,9,-3,-4,-4,-4,0,0,24,32,"FR_HBCN_44200"
"FR-1-H_25_46_2016",1211,"25:27","FR_HBCN_44200",13,9,1,4,4,6,0,2,32,24,"FR_HBCN_44200"
"FR-1-H_25_46_2016",1212,"40:05","FR_HBCN_44200",23,17,-1,6,6,5,0,-1,32,24,"FR_HBCN_44200"
"FR-1-H_25_46_2016",1213,"48:56","FR_USIHB_94200",19,28,-4,-9,-9,-8,0,1,24,32,"FR_HBCN_44200"
"FR-1-H_25_46_2017",1214,"08:06","FR_SAHB_80262",1,5,-4,-4,-4,-4,0,0,26,30,"FR_SRVHB_83700"
"FR-1-H_25_47_2018",1215,"20:48","FR_MHB_34000",10,8,1,2,2,3,0,1,27,23,"FR_MHB_34000"
"FR-1-H_25_47_2018",1216,"29:24","FR_USAMNG_30918",12,14,1,-2,-2,-4,0,-2,23,27,"FR_MHB_34000"
"FR-1-H_25_47_2018",1217,"53:54","FR_MHB_34000",26,23,-1,3,3,4,0,1,27,23,"FR_MHB_34000"
"FR-1-H_25_47_2019",1218,"24:17","FR_PAUC_13100",6,11,-2,-5,-5,-3,0,2,20,27,"FR_DHBGL_59140"
"FR-1-H_25_47_2019",1219,"26:55","FR_DHBGL_59140",11,8,-2,3,3,3,0,0,27,20,"FR_DHBGL_59140"
"FR-1-H_25_47_2019",1220,"49:45","FR_PAUC_13100",17,22,-2,-5,-5,-5,0,0,20,27,"FR_DHBGL_59140"
"FR-1-H_25_47_2019",1221,"51:44","FR_DHBGL_59140",22,17,0,5,5,6,0,1,27,20,"FR_DHBGL_59140"
"FR-1-H_25_47_2020",1222,"18:32","FR_CSMBHB_73000",4,7,-2,-3,-3,-2,0,1,22,24,"FR_USIHB_94200"
"FR-1-H_25_47_2020",1223,"27:19","FR_USIHB_94200",10,9,-1,1,1,1,0,0,24,22,"FR_USIHB_94200"
"FR-1-H_25_47_2021",1224,"14:23","FR_DMHB_21000",3,8,-3,-5,-5,-7,0,-2,22,41,"FR_PSGHB_75016"
"FR-1-H_25_47_2021",1225,"37:29","FR_DMHB_21000",11,27,-6,-16,-16,-17,0,-1,22,41,"FR_PSGHB_75016"
"FR-1-H_25_47_2022",1226,"14:44","FR_FTHB_31000",8,6,-1,2,2,4,0,2,29,28,"FR_FTHB_31000"
"FR-1-H_25_47_2022",1227,"41:41","FR_FTHB_31000",21,19,-2,2,2,3,0,1,29,28,"FR_FTHB_31000"
"FR-1-H_25_47_2022",1228,"59:08","FR_FTHB_31000",28,28,-2,0,0,1,0,1,29,28,"FR_FTHB_31000"
"FR-1-H_25_47_2023",1229,"14:01","FR_CRMHB_35510",5,6,-1,-1,-1,1,0,2,20,28,"FR_SAHB_80262"
"FR-1-H_25_47_2023",1230,"19:30","FR_SAHB_80262",8,10,-2,-2,-2,1,0,3,28,20,"FR_SAHB_80262"
"FR-1-H_25_47_2023",1231,"39:41","FR_CRMHB_35510",12,18,-2,-6,-6,-7,0,-1,20,28,"FR_SAHB_80262"
"FR-1-H_25_47_2023",1232,"50:30","FR_SAHB_80262",23,16,-1,7,7,5,0,-2,28,20,"FR_SAHB_80262"
"FR-1-H_25_47_2024",1233,"18:42","FR_TFHB_93290",9,11,1,-2,-2,-2,0,0,25,30,"FR_HBCN_44200"
"FR-1-H_25_47_2024",1234,"26:55","FR_HBCN_44200",15,15,-2,0,0,2,0,2,30,25,"FR_HBCN_44200"
"FR-1-H_25_47_2024",1235,"42:05","FR_TFHB_93290",19,24,-1,-5,-5,-4,0,1,25,30,"FR_HBCN_44200"
"FR-1-H_25_47_2024",1236,"47:16","FR_HBCN_44200",25,21,-2,4,4,4,0,0,30,25,"FR_HBCN_44200"
"FR-1-H_25_47_2024",1237,"55:57","FR_HBCN_44200",28,24,-1,4,4,5,0,1,30,25,"FR_HBCN_44200"
"FR-1-H_25_48_2025",1238,"17:48","FR_PSGHB_75016",8,11,-3,-3,-3,-3,0,0,28,36,"FR_MHB_34000"
"FR-1-H_25_48_2025",1239,"24:54","FR_MHB_34000",17,13,-1,4,4,3,0,-1,36,28,"FR_MHB_34000"
"FR-1-H_25_48_2025",1240,"51:22","FR_PSGHB_75016",24,30,-2,-6,-6,-5,0,1,28,36,"FR_MHB_34000"
"FR-1-H_25_48_2026",1241,"22:03","FR_PAUC_13100",10,12,-1,-2,-2,-2,0,0,30,28,"FR_PAUC_13100"
"FR-1-H_25_48_2026",1242,"28:05","FR_TFHB_93290",14,14,-3,0,0,-1,0,-1,28,30,"FR_PAUC_13100"
"FR-1-H_25_48_2026",1243,"40:35","FR_TFHB_93290",17,21,-2,-4,-4,-3,0,1,28,30,"FR_PAUC_13100"
"FR-1-H_25_48_2026",1244,"56:53","FR_TFHB_93290",25,28,-3,-3,-3,-2,0,1,28,30,"FR_PAUC_13100"
"FR-1-H_25_48_2026",1245,"59:12","FR_PAUC_13100",30,28,-1,2,2,2,0,0,30,28,"FR_PAUC_13100"
"FR-1-H_25_48_2027",1246,"25:15","FR_DMHB_21000",8,10,-2,-2,-2,0,0,2,25,25,"Egalité"
"FR-1-H_25_48_2027",1247,"58:44","FR_DMHB_21000",25,23,0,2,2,0,0,-2,25,25,"Egalité"
"FR-1-H_25_48_2028",1248,"10:18","FR_CSMBHB_73000",5,8,-2,-3,-3,-2,0,1,31,30,"FR_CSMBHB_73000"
"FR-1-H_25_48_2028",1249,"21:16","FR_SAHB_80262",12,14,-2,-2,-2,-1,0,1,30,31,"FR_CSMBHB_73000"
"FR-1-H_25_48_2028",1250,"44:23","FR_SAHB_80262",23,25,-3,-2,-2,0,0,2,30,31,"FR_CSMBHB_73000"
"FR-1-H_25_48_2028",1251,"53:42","FR_CSMBHB_73000",29,30,-2,-1,-1,0,0,1,31,30,"FR_CSMBHB_73000"
"FR-1-H_25_48_2028",1252,"57:56","FR_SAHB_80262",30,30,-1,0,0,-1,0,-1,30,31,"FR_CSMBHB_73000"
"FR-1-H_25_48_2029",1253,"20:56","FR_USAMNG_30918",11,12,-2,-1,-1,-2,0,-1,29,27,"FR_USAMNG_30918"
"FR-1-H_25_48_2029",1254,"27:39","FR_USIHB_94200",14,13,-2,1,1,-2,0,-3,27,29,"FR_USAMNG_30918"
"FR-1-H_25_48_2029",1255,"37:43","FR_USIHB_94200",16,19,-1,-3,-3,-2,0,1,27,29,"FR_USAMNG_30918"
"FR-1-H_25_48_2029",1256,"54:18","FR_USAMNG_30918",26,25,1,1,1,2,0,1,29,27,"FR_USAMNG_30918"
"FR-1-H_25_48_2029",1257,"57:05","FR_USIHB_94200",26,28,-1,-2,-2,-1,0,1,27,29,"FR_USAMNG_30918"
"FR-1-H_25_48_2029",1258,"59:18","FR_USIHB_94200",27,28,1,-1,-1,-2,0,-1,27,29,"FR_USAMNG_30918"
"FR-1-H_25_48_2030",1259,"09:55","FR_CRMHB_35510",2,5,-3,-3,-3,-2,0,1,16,23,"FR_HBCN_44200"
"FR-1-H_25_48_2030",1260,"20:32","FR_CRMHB_35510",6,10,-3,-4,-4,-5,0,-1,16,23,"FR_HBCN_44200"
"FR-1-H_25_48_2030",1261,"26:33","FR_HBCN_44200",12,7,2,5,5,8,0,3,23,16,"FR_HBCN_44200"
"FR-1-H_25_48_2031",1262,"19:16","FR_FTHB_31000",5,8,-2,-3,-3,-3,0,0,21,24,"FR_DHBGL_59140"
"FR-1-H_25_48_2031",1263,"28:38","FR_DHBGL_59140",12,9,-1,3,3,3,0,0,24,21,"FR_DHBGL_59140"
"FR-1-H_25_48_2031",1264,"36:29","FR_FTHB_31000",12,17,-3,-5,-5,-6,0,-1,21,24,"FR_DHBGL_59140"
"FR-1-H_25_48_2031",1265,"44:32","FR_DHBGL_59140",19,15,-2,4,4,3,0,-1,24,21,"FR_DHBGL_59140"
"FR-1-H_25_48_2031",1266,"58:36","FR_DHBGL_59140",24,21,-2,3,3,3,0,0,24,21,"FR_DHBGL_59140"
"FR-1-H_25_49_2032",1267,"20:50","FR_DHBGL_59140",9,13,-2,-4,-4,-3,0,1,25,32,"FR_CSMBHB_73000"
"FR-1-H_25_49_2032",1268,"41:08","FR_DHBGL_59140",17,24,-2,-7,-7,-9,0,-2,25,32,"FR_CSMBHB_73000"
"FR-1-H_25_49_2032",1269,"45:48","FR_DHBGL_59140",18,27,-2,-9,-9,-11,0,-2,25,32,"FR_CSMBHB_73000"
"FR-1-H_25_49_2033",1270,"15:18","FR_CRMHB_35510",4,6,-1,-2,-2,-1,0,1,28,27,"FR_CRMHB_35510"
"FR-1-H_25_49_2033",1271,"24:01","FR_DMHB_21000",9,10,-2,-1,-1,3,0,4,27,28,"FR_CRMHB_35510"
"FR-1-H_25_49_2033",1272,"43:28","FR_DMHB_21000",20,22,-2,-2,-2,-1,0,1,27,28,"FR_CRMHB_35510"
"FR-1-H_25_49_2033",1273,"59:40","FR_CRMHB_35510",27,26,2,1,1,1,0,0,28,27,"FR_CRMHB_35510"
"FR-1-H_25_49_2034",1274,"17:06","FR_MHB_34000",8,9,-2,-1,-1,-1,0,0,30,24,"FR_MHB_34000"
"FR-1-H_25_49_2034",1275,"24:15","FR_USIHB_94200",12,12,-2,0,0,1,0,1,24,30,"FR_MHB_34000"
"FR-1-H_25_49_2034",1276,"36:32","FR_USIHB_94200",15,19,-2,-4,-4,-5,0,-1,24,30,"FR_MHB_34000"
"FR-1-H_25_49_2034",1277,"46:51","FR_MHB_34000",24,19,1,5,5,7,0,2,30,24,"FR_MHB_34000"
"FR-1-H_25_49_2034",1278,"51:23","FR_USIHB_94200",20,27,-1,-7,-7,-6,0,1,24,30,"FR_MHB_34000"
"FR-1-H_25_49_2034",1279,"55:39","FR_MHB_34000",29,23,-1,6,6,6,0,0,30,24,"FR_MHB_34000"
"FR-1-H_25_49_2035",1280,"12:26","FR_PAUC_13100",5,9,-3,-4,-4,-4,0,0,32,41,"FR_SRVHB_83700"
"FR-1-H_25_49_2036",1281,"12:51","FR_SAHB_80262",3,7,-4,-4,-4,-2,0,2,23,32,"FR_HBCN_44200"
"FR-1-H_25_49_2036",1282,"27:12","FR_HBCN_44200",12,12,-2,0,0,4,0,4,32,23,"FR_HBCN_44200"
"FR-1-H_25_49_2037",1283,"03:39","FR_USAMNG_30918",1,4,-3,-3,-3,-4,0,-1,26,34,"FR_FTHB_31000"
"FR-1-H_25_49_2037",1284,"11:05","FR_FTHB_31000",7,4,-2,3,3,4,0,1,34,26,"FR_FTHB_31000"
"FR-1-H_25_49_2037",1285,"34:51","FR_FTHB_31000",16,12,-1,4,4,6,0,2,34,26,"FR_FTHB_31000"
"FR-1-H_25_49_2037",1286,"53:40","FR_USAMNG_30918",22,31,-2,-9,-9,-8,0,1,26,34,"FR_FTHB_31000"
"FR-1-H_25_49_2038",1287,"12:15","FR_TFHB_93290",4,8,-1,-4,-4,-4,0,0,29,33,"FR_PSGHB_75016"
"FR-1-H_25_49_2038",1288,"18:15","FR_PSGHB_75016",10,6,-1,4,4,3,0,-1,33,29,"FR_PSGHB_75016"
"FR-1-H_25_49_2038",1289,"37:09","FR_PSGHB_75016",18,18,-3,0,0,3,0,3,33,29,"FR_PSGHB_75016"
"FR-1-H_25_49_2038",1290,"50:36","FR_TFHB_93290",23,29,-3,-6,-6,-3,0,3,29,33,"FR_PSGHB_75016"
"FR-1-H_25_50_2039",1291,"17:53","FR_CSMBHB_73000",9,7,1,2,2,0,0,-2,33,30,"FR_CSMBHB_73000"
"FR-1-H_25_50_2039",1292,"25:03","FR_MHB_34000",12,13,-1,-1,-1,1,0,2,30,33,"FR_CSMBHB_73000"
"FR-1-H_25_50_2039",1293,"42:21","FR_CSMBHB_73000",23,21,-1,2,2,2,0,0,33,30,"FR_CSMBHB_73000"
"FR-1-H_25_50_2039",1294,"52:24","FR_MHB_34000",26,27,1,-1,-1,-2,0,-1,30,33,"FR_CSMBHB_73000"
"FR-1-H_25_50_2039",1295,"57:50","FR_MHB_34000",29,31,-1,-2,-2,-3,0,-1,30,33,"FR_CSMBHB_73000"
"FR-1-H_25_50_2040",1296,"12:04","FR_USIHB_94200",3,7,-2,-4,-4,-4,0,0,28,35,"FR_PAUC_13100"
"FR-1-H_25_50_2040",1297,"41:12","FR_USIHB_94200",19,22,-4,-3,-3,-5,0,-2,28,35,"FR_PAUC_13100"
"FR-1-H_25_50_2040",1298,"51:42","FR_USIHB_94200",23,32,-3,-9,-9,-8,0,1,28,35,"FR_PAUC_13100"
"FR-1-H_25_50_2040",1299,"55:08","FR_PAUC_13100",33,25,-1,8,8,7,0,-1,35,28,"FR_PAUC_13100"
"FR-1-H_25_50_2041",1300,"08:31","FR_DMHB_21000",3,6,-2,-3,-3,-3,0,0,26,31,"FR_SAHB_80262"
"FR-1-H_25_50_2041",1301,"22:58","FR_SAHB_80262",13,11,-1,2,2,3,0,1,31,26,"FR_SAHB_80262"
"FR-1-H_25_50_2041",1302,"37:05","FR_SAHB_80262",20,18,-3,2,2,4,0,2,31,26,"FR_SAHB_80262"
"FR-1-H_25_50_2042",1303,"48:29","FR_USAMNG_30918",22,26,1,-4,-4,-4,0,0,25,30,"FR_SRVHB_83700"
"FR-1-H_25_50_2043",1304,"20:49","FR_DHBGL_59140",10,10,-3,0,0,1,0,1,30,24,"FR_DHBGL_59140"
"FR-1-H_25_50_2043",1305,"22:44","FR_TFHB_93290",10,11,-1,-1,-1,0,0,1,24,30,"FR_DHBGL_59140"
"FR-1-H_25_50_2043",1306,"37:46","FR_TFHB_93290",16,17,-4,-1,-1,0,0,1,24,30,"FR_DHBGL_59140"
"FR-1-H_25_50_2043",1307,"45:24","FR_TFHB_93290",19,21,-3,-2,-2,-3,0,-1,24,30,"FR_DHBGL_59140"
"FR-1-H_25_50_2043",1308,"51:12","FR_DHBGL_59140",24,21,-1,3,3,4,0,1,30,24,"FR_DHBGL_59140"
"FR-1-H_25_50_2043",1309,"58:03","FR_DHBGL_59140",27,24,-1,3,3,6,0,3,30,24,"FR_DHBGL_59140"
"FR-1-H_25_50_2044",1310,"12:59","FR_FTHB_31000",8,10,-1,-2,-2,1,0,3,30,28,"FR_FTHB_31000"
"FR-1-H_25_50_2044",1311,"27:23","FR_HBCN_44200",14,14,-1,0,0,-3,0,-3,28,30,"FR_FTHB_31000"
"FR-1-H_25_50_2044",1312,"38:19","FR_HBCN_44200",17,20,-1,-3,-3,-5,0,-2,28,30,"FR_FTHB_31000"
"FR-1-H_25_50_2044",1313,"44:45","FR_FTHB_31000",24,20,-2,4,4,5,0,1,30,28,"FR_FTHB_31000"
"FR-1-H_25_50_2044",1314,"55:22","FR_HBCN_44200",25,29,1,-4,-4,-2,0,2,28,30,"FR_FTHB_31000"
"FR-1-H_25_50_2045",1315,"10:17","FR_CRMHB_35510",2,6,-1,-4,-4,-8,0,-4,27,34,"FR_PSGHB_75016"
"FR-1-H_25_50_2045",1316,"16:07","FR_PSGHB_75016",10,3,-1,7,7,8,0,1,34,27,"FR_PSGHB_75016"
"FR-1-H_25_50_2045",1317,"23:21","FR_CRMHB_35510",5,14,-3,-9,-9,-7,0,2,27,34,"FR_PSGHB_75016"
"FR-1-H_25_50_2045",1318,"44:01","FR_PSGHB_75016",25,19,-1,6,6,6,0,0,34,27,"FR_PSGHB_75016"
"FR-1-H_26_25_2532",1319,"13:25","FR_CSMBHB_73000",4,7,-3,-3,-3,-2,0,1,23,26,"FR_FTHB_31000"
"FR-1-H_26_25_2532",1320,"29:35","FR_FTHB_31000",13,12,-1,1,1,4,0,3,26,23,"FR_FTHB_31000"
"FR-1-H_26_25_2532",1321,"46:10","FR_CSMBHB_73000",17,22,-2,-5,-5,-5,0,0,23,26,"FR_FTHB_31000"
"FR-1-H_26_25_2532",1322,"55:31","FR_CSMBHB_73000",20,25,-1,-5,-5,-3,0,2,23,26,"FR_FTHB_31000"
"FR-1-H_26_25_2533",1323,"07:51","FR_SAHB_80262",2,6,-2,-4,-4,-5,0,-1,31,41,"FR_USCHB_94000"
"FR-1-H_26_25_2533",1324,"22:18","FR_USCHB_94000",12,9,-2,3,3,7,0,4,41,31,"FR_USCHB_94000"
"FR-1-H_26_25_2533",1325,"34:56","FR_SAHB_80262",16,24,-1,-8,-8,-8,0,0,31,41,"FR_USCHB_94000"
"FR-1-H_26_25_2533",1326,"45:04","FR_SAHB_80262",19,28,-2,-9,-9,-11,0,-2,31,41,"FR_USCHB_94000"
"FR-1-H_26_25_2534",1327,"08:08","FR_TFHB_93290",2,6,-4,-4,-4,-6,0,-2,21,29,"FR_USAMNG_30918"
"FR-1-H_26_25_2534",1328,"17:46","FR_USAMNG_30918",10,7,-3,3,3,4,0,1,29,21,"FR_USAMNG_30918"
"FR-1-H_26_25_2534",1329,"37:05","FR_TFHB_93290",10,16,-2,-6,-6,-6,0,0,21,29,"FR_USAMNG_30918"
"FR-1-H_26_25_2534",1330,"46:33","FR_USAMNG_30918",22,17,-1,5,5,7,0,2,29,21,"FR_USAMNG_30918"
"FR-1-H_26_25_2534",1331,"49:09","FR_TFHB_93290",17,24,-2,-7,-7,-10,0,-3,21,29,"FR_USAMNG_30918"
"FR-1-H_26_25_2535",1332,"12:09","FR_CRMHB_35510",3,7,-3,-4,-4,-5,0,-1,22,21,"FR_CRMHB_35510"
"FR-1-H_26_25_2535",1333,"23:16","FR_DHBGL_59140",9,7,-3,2,2,5,0,3,21,22,"FR_CRMHB_35510"
"FR-1-H_26_25_2535",1334,"40:12","FR_DHBGL_59140",15,13,-3,2,2,2,0,0,21,22,"FR_CRMHB_35510"
"FR-1-H_26_25_2535",1335,"51:46","FR_CRMHB_35510",18,17,2,1,1,2,0,1,22,21,"FR_CRMHB_35510"
"FR-1-H_26_25_2535",1336,"55:39","FR_DHBGL_59140",18,20,-1,-2,-2,-1,0,1,21,22,"FR_CRMHB_35510"
"FR-1-H_26_25_2536",1337,"15:45","FR_MHB_34000",7,8,-1,-1,-1,-1,0,0,32,26,"FR_MHB_34000"
"FR-1-H_26_25_2536",1338,"25:59","FR_IPHB_13806",12,12,-1,0,0,-1,0,-1,26,32,"FR_MHB_34000"
"FR-1-H_26_25_2536",1339,"46:51","FR_IPHB_13806",20,25,-2,-5,-5,-5,0,0,26,32,"FR_MHB_34000"
"FR-1-H_26_25_2536",1340,"54:07","FR_IPHB_13806",23,30,-3,-7,-7,-6,0,1,26,32,"FR_MHB_34000"
"FR-1-H_26_25_2536",1341,"55:59","FR_MHB_34000",30,24,-1,6,6,6,0,0,32,26,"FR_MHB_34000"
"FR-1-H_26_25_2537",1342,"29:42","FR_HBCN_44200",17,13,-1,4,4,3,0,-1,29,24,"FR_HBCN_44200"
"FR-1-H_26_25_2537",1343,"39:19","FR_HBCN_44200",19,18,-2,1,1,1,0,0,29,24,"FR_HBCN_44200"
"FR-1-H_26_25_2537",1344,"58:25","FR_HBCN_44200",28,24,2,4,4,5,0,1,29,24,"FR_HBCN_44200"
"FR-1-H_26_25_2538",1345,"24:49","FR_PSGHB_75016",11,11,-2,0,0,2,0,2,31,27,"FR_PSGHB_75016"
"FR-1-H_26_25_2538",1346,"29:22","FR_PAUC_13100",14,16,-2,-2,-2,-1,0,1,27,31,"FR_PSGHB_75016"
"FR-1-H_26_25_2538",1347,"46:08","FR_PAUC_13100",23,28,-2,-5,-5,-6,0,-1,27,31,"FR_PSGHB_75016"
"FR-1-H_26_26_2539",1348,"14:35","FR_CSMBHB_73000",5,8,-2,-3,-3,-2,0,1,22,32,"FR_MHB_34000"
"FR-1-H_26_26_2539",1349,"20:02","FR_MHB_34000",10,9,-2,1,1,3,0,2,32,22,"FR_MHB_34000"
"FR-1-H_26_26_2539",1350,"43:57","FR_CSMBHB_73000",16,25,-3,-9,-9,-9,0,0,22,32,"FR_MHB_34000"
"FR-1-H_26_26_2539",1351,"50:28","FR_CSMBHB_73000",18,28,-2,-10,-10,-12,0,-2,22,32,"FR_MHB_34000"
"FR-1-H_26_26_2540",1352,"19:04","FR_USCHB_94000",10,11,-1,-1,-1,0,0,1,26,29,"FR_PAUC_13100"
"FR-1-H_26_26_2540",1353,"29:38","FR_PAUC_13100",16,18,-1,-2,-2,0,0,2,29,26,"FR_PAUC_13100"
"FR-1-H_26_26_2540",1354,"37:42","FR_USCHB_94000",19,22,-4,-3,-3,-2,0,1,26,29,"FR_PAUC_13100"
"FR-1-H_26_26_2540",1355,"49:41","FR_USCHB_94000",23,26,-1,-3,-3,-3,0,0,26,29,"FR_PAUC_13100"
"FR-1-H_26_26_2541",1356,"18:36","FR_CRMHB_35510",6,7,-3,-1,-1,-1,0,0,25,24,"FR_CRMHB_35510"
"FR-1-H_26_26_2541",1357,"26:59","FR_FTHB_31000",9,11,-3,-2,-2,-4,0,-2,24,25,"FR_CRMHB_35510"
"FR-1-H_26_26_2541",1358,"49:24","FR_FTHB_31000",17,23,-2,-6,-6,-4,0,2,24,25,"FR_CRMHB_35510"
"FR-1-H_26_26_2541",1359,"51:43","FR_CRMHB_35510",23,19,-2,4,4,2,0,-2,25,24,"FR_CRMHB_35510"
"FR-1-H_26_26_2541",1360,"58:59","FR_CRMHB_35510",25,23,-1,2,2,1,0,-1,25,24,"FR_CRMHB_35510"
"FR-1-H_26_26_2542",1361,"07:56","FR_USAMNG_30918",2,6,-4,-4,-4,-4,0,0,25,27,"FR_DHBGL_59140"
"FR-1-H_26_26_2542",1362,"18:32","FR_DHBGL_59140",10,7,-3,3,3,4,0,1,27,25,"FR_DHBGL_59140"
"FR-1-H_26_26_2542",1363,"32:24","FR_DHBGL_59140",16,14,-3,2,2,0,0,-2,27,25,"FR_DHBGL_59140"
"FR-1-H_26_26_2542",1364,"42:14","FR_USAMNG_30918",18,21,-3,-3,-3,-3,0,0,25,27,"FR_DHBGL_59140"
"FR-1-H_26_26_2542",1365,"48:28","FR_USAMNG_30918",19,24,-3,-5,-5,-3,0,2,25,27,"FR_DHBGL_59140"
"FR-1-H_26_26_2542",1366,"58:14","FR_DHBGL_59140",26,25,-2,1,1,2,0,1,27,25,"FR_DHBGL_59140"
"FR-1-H_26_26_2543",1367,"21:46","FR_PSGHB_75016",12,13,-4,-1,-1,-1,0,0,31,32,"FR_SRVHB_83700"
"FR-1-H_26_26_2543",1368,"57:24","FR_PSGHB_75016",28,32,-1,-4,-4,-1,0,3,31,32,"FR_SRVHB_83700"
"FR-1-H_26_26_2545",1369,"20:56","FR_HBCN_44200",9,11,-3,-2,-2,-3,0,-1,24,23,"FR_HBCN_44200"
"FR-1-H_26_26_2545",1370,"23:37","FR_TFHB_93290",12,9,1,3,3,2,0,-1,23,24,"FR_HBCN_44200"
"FR-1-H_26_26_2545",1371,"67:43","FR_TFHB_93290",14,15,-1,-1,-1,0,0,1,23,24,"FR_HBCN_44200"
"FR-1-H_26_26_2545",1372,"73:01","FR_HBCN_44200",16,17,-2,-1,-1,1,0,2,24,23,"FR_HBCN_44200"
"FR-1-H_26_26_2545",1373,"82:19","FR_HBCN_44200",21,20,-1,1,1,2,0,1,24,23,"FR_HBCN_44200"
"FR-1-H_26_26_2545",1374,"85:01","FR_TFHB_93290",21,23,-1,-2,-2,-1,0,1,23,24,"FR_HBCN_44200"
"FR-1-H_26_27_2546",1375,"13:32","FR_FTHB_31000",6,9,-4,-3,-3,-2,0,1,33,25,"FR_FTHB_31000"
"FR-1-H_26_27_2546",1376,"20:45","FR_DHBGL_59140",10,10,-3,0,0,0,0,0,25,33,"FR_FTHB_31000"
"FR-1-H_26_27_2546",1377,"41:31","FR_DHBGL_59140",18,22,-4,-4,-4,-5,0,-1,25,33,"FR_FTHB_31000"
"FR-1-H_26_27_2547",1378,"24:48","FR_PAUC_13100",11,13,-2,-2,-2,-5,0,-3,29,35,"FR_SRVHB_83700"
"FR-1-H_26_27_2547",1379,"36:29","FR_PAUC_13100",15,23,1,-8,-8,-7,0,1,29,35,"FR_SRVHB_83700"
"FR-1-H_26_27_2548",1380,"16:26","FR_USCHB_94000",7,10,-4,-3,-3,-3,0,0,25,28,"FR_HBCN_44200"
"FR-1-H_26_27_2548",1381,"19:35","FR_HBCN_44200",10,7,0,3,3,1,0,-2,28,25,"FR_HBCN_44200"
"FR-1-H_26_27_2548",1382,"38:39","FR_USCHB_94000",14,19,-2,-5,-5,-3,0,2,25,28,"FR_HBCN_44200"
"FR-1-H_26_27_2548",1383,"45:04","FR_HBCN_44200",21,20,-3,1,1,2,0,1,28,25,"FR_HBCN_44200"
"FR-1-H_26_27_2548",1384,"57:02","FR_USCHB_94000",24,27,-1,-3,-3,-3,0,0,25,28,"FR_HBCN_44200"
"FR-1-H_26_27_2548",1385,"59:22","FR_HBCN_44200",28,25,1,3,3,3,0,0,28,25,"FR_HBCN_44200"
"FR-1-H_26_27_2549",1386,"11:47","FR_USAMNG_30918",3,7,-2,-4,-4,-5,0,-1,12,11,"FR_USAMNG_30918"
"FR-1-H_26_27_2549",1387,"26:37","FR_CSMBHB_73000",15,9,2,6,6,0,0,-6,11,12,"FR_USAMNG_30918"
"FR-1-H_26_27_2549",1388,"40:58","FR_CSMBHB_73000",2,5,-2,-3,-3,-2,0,1,11,12,"FR_USAMNG_30918"
"FR-1-H_26_27_2549",1389,"51:36","FR_USAMNG_30918",8,8,-1,0,0,0,0,0,12,11,"FR_USAMNG_30918"
"FR-1-H_26_27_2550",1390,"25:32","FR_TFHB_93290",12,12,-2,0,0,1,0,1,30,26,"FR_TFHB_93290"
"FR-1-H_26_27_2550",1391,"26:34","FR_IPHB_13806",12,13,-1,-1,-1,0,0,1,26,30,"FR_TFHB_93290"
"FR-1-H_26_27_2550",1392,"43:42","FR_IPHB_13806",20,20,-1,0,0,-1,0,-1,26,30,"FR_TFHB_93290"
"FR-1-H_26_27_2550",1393,"54:35","FR_TFHB_93290",26,23,-2,3,3,3,0,0,30,26,"FR_TFHB_93290"
"FR-1-H_26_27_2550",1394,"56:18","FR_IPHB_13806",24,27,1,-3,-3,-4,0,-1,26,30,"FR_TFHB_93290"
"FR-1-H_26_27_2551",1395,"20:46","FR_MHB_34000",10,13,-2,-3,-3,-2,0,1,34,24,"FR_MHB_34000"
"FR-1-H_26_27_2551",1396,"27:05","FR_SAHB_80262",15,15,-2,0,0,0,0,0,24,34,"FR_MHB_34000"
"FR-1-H_26_27_2551",1397,"41:06","FR_SAHB_80262",16,21,-3,-5,-5,-5,0,0,24,34,"FR_MHB_34000"
"FR-1-H_26_27_2551",1398,"52:02","FR_MHB_34000",28,22,-1,6,6,8,0,2,34,24,"FR_MHB_34000"
"FR-1-H_26_27_2552",1399,"28:34","FR_PSGHB_75016",15,10,0,5,5,5,0,0,35,17,"FR_PSGHB_75016"
"FR-1-H_26_27_2552",1400,"39:11","FR_CRMHB_35510",14,22,0,-8,-8,-12,0,-4,17,35,"FR_PSGHB_75016"
"FR-1-H_26_27_2552",1401,"51:45","FR_CRMHB_35510",16,34,0,-18,-18,-17,0,1,17,35,"FR_PSGHB_75016"
"FR-1-H_26_28_2553",1402,"19:56","FR_MHB_34000",8,11,-1,-3,-3,-3,0,0,27,27,"Egalité"
"FR-1-H_26_28_2553",1403,"24:43","FR_HBCN_44200",13,10,1,3,3,4,0,1,27,27,"Egalité"
"FR-1-H_26_28_2553",1404,"40:05","FR_HBCN_44200",20,16,-1,4,4,1,0,-3,27,27,"Egalité"
"FR-1-H_26_28_2553",1405,"43:16","FR_HBCN_44200",20,19,-4,1,1,3,0,2,27,27,"Egalité"
"FR-1-H_26_28_2553",1406,"47:40","FR_MHB_34000",20,23,-2,-3,-3,0,0,3,27,27,"Egalité"
"FR-1-H_26_28_2554",1407,"18:56","FR_CSMBHB_73000",5,7,-1,-2,-2,0,0,2,22,22,"Egalité"
"FR-1-H_26_28_2554",1408,"23:39","FR_IPHB_13806",8,8,-2,0,0,2,0,2,22,22,"Egalité"
"FR-1-H_26_28_2554",1409,"37:41","FR_CSMBHB_73000",13,13,-2,0,0,0,0,0,22,22,"Egalité"
"FR-1-H_26_28_2554",1410,"54:27","FR_IPHB_13806",21,21,2,0,0,0,0,0,22,22,"Egalité"
"FR-1-H_26_28_2554",1411,"59:04","FR_CSMBHB_73000",22,22,-1,0,0,0,0,0,22,22,"Egalité"
"FR-1-H_26_28_2555",1412,"12:58","FR_USAMNG_30918",4,9,-4,-5,-5,-4,0,1,30,35,"FR_PSGHB_75016"
"FR-1-H_26_28_2555",1413,"27:13","FR_PSGHB_75016",14,10,-1,4,4,6,0,2,35,30,"FR_PSGHB_75016"
"FR-1-H_26_28_2555",1414,"43:29","FR_USAMNG_30918",18,27,-2,-9,-9,-9,0,0,30,35,"FR_PSGHB_75016"
"FR-1-H_26_28_2555",1415,"52:47","FR_PSGHB_75016",32,26,-3,6,6,5,0,-1,35,30,"FR_PSGHB_75016"
"FR-1-H_26_28_2556",1416,"16:22","FR_DHBGL_59140",9,9,-2,0,0,1,0,1,27,26,"FR_DHBGL_59140"
"FR-1-H_26_28_2556",1417,"23:32","FR_USCHB_94000",12,12,2,0,0,-2,0,-2,26,27,"FR_DHBGL_59140"
"FR-1-H_26_28_2556",1418,"45:03","FR_USCHB_94000",19,22,-3,-3,-3,-7,0,-4,26,27,"FR_DHBGL_59140"
"FR-1-H_26_28_2556",1419,"52:16","FR_DHBGL_59140",26,20,-1,6,6,3,0,-3,27,26,"FR_DHBGL_59140"
"FR-1-H_26_28_2556",1420,"57:27","FR_DHBGL_59140",27,24,-4,3,3,1,0,-2,27,26,"FR_DHBGL_59140"
"FR-1-H_26_28_2557",1421,"23:38","FR_FTHB_31000",14,13,-1,1,1,1,0,0,28,33,"FR_SRVHB_83700"
"FR-1-H_26_28_2557",1422,"44:55","FR_FTHB_31000",23,24,-2,-1,-1,-2,0,-1,28,33,"FR_SRVHB_83700"
"FR-1-H_26_28_2557",1423,"53:47","FR_FTHB_31000",27,31,-1,-4,-4,-5,0,-1,28,33,"FR_SRVHB_83700"
"FR-1-H_26_28_2559",1424,"09:43","FR_PAUC_13100",5,5,2,0,0,-1,0,-1,27,27,"Egalité"
"FR-1-H_26_28_2559",1425,"13:06","FR_TFHB_93290",6,5,1,1,1,0,0,-1,27,27,"Egalité"
"FR-1-H_26_28_2559",1426,"29:33","FR_PAUC_13100",11,11,3,0,0,3,0,3,27,27,"Egalité"
"FR-1-H_26_28_2559",1427,"44:17","FR_PAUC_13100",17,19,-4,-2,-2,-1,0,1,27,27,"Egalité"
"FR-1-H_26_28_2559",1428,"44:38","FR_TFHB_93290",19,18,-1,1,1,1,0,0,27,27,"Egalité"
"FR-1-H_26_28_2559",1429,"59:18","FR_TFHB_93290",26,27,-1,-1,-1,0,0,1,27,27,"Egalité"
"FR-1-H_26_29_2560",1430,"20:37","FR_CRMHB_35510",9,9,-2,0,0,0,0,0,25,30,"FR_HBCN_44200"
"FR-1-H_26_29_2560",1431,"26:12","FR_HBCN_44200",11,11,-1,0,0,2,0,2,30,25,"FR_HBCN_44200"
"FR-1-H_26_29_2560",1432,"40:22","FR_HBCN_44200",20,20,-2,0,0,2,0,2,30,25,"FR_HBCN_44200"
"FR-1-H_26_29_2560",1433,"45:55","FR_CRMHB_35510",20,23,-2,-3,-3,-4,0,-1,25,30,"FR_HBCN_44200"
"FR-1-H_26_29_2561",1434,"11:28","FR_FTHB_31000",6,7,-3,-1,-1,0,0,1,30,31,"FR_MHB_34000"
"FR-1-H_26_29_2561",1435,"36:55","FR_FTHB_31000",17,19,-2,-2,-2,0,0,2,30,31,"FR_MHB_34000"
"FR-1-H_26_29_2561",1436,"55:47","FR_FTHB_31000",28,30,-2,-2,-2,-1,0,1,30,31,"FR_MHB_34000"
"FR-1-H_26_29_2562",1437,"18:07","FR_DHBGL_59140",5,6,-1,-1,-1,0,0,1,27,20,"FR_DHBGL_59140"
"FR-1-H_26_29_2562",1438,"20:44","FR_PAUC_13100",6,6,-1,0,0,-1,0,-1,20,27,"FR_DHBGL_59140"
"FR-1-H_26_29_2562",1439,"35:23","FR_PAUC_13100",10,16,-4,-6,-6,-7,0,-1,20,27,"FR_DHBGL_59140"
"FR-1-H_26_29_2562",1440,"41:09","FR_PAUC_13100",10,18,-2,-8,-8,-8,0,0,20,27,"FR_DHBGL_59140"
"FR-1-H_26_29_2562",1441,"50:38","FR_DHBGL_59140",22,12,1,10,10,11,0,1,27,20,"FR_DHBGL_59140"
"FR-1-H_26_29_2563",1442,"28:20","FR_USCHB_94000",18,12,-2,6,6,5,0,-1,35,35,"Egalité"
"FR-1-H_26_29_2563",1443,"47:29","FR_USCHB_94000",29,25,-2,4,4,2,0,-2,35,35,"Egalité"
"FR-1-H_26_29_2563",1444,"59:17","FR_USCHB_94000",35,35,-1,0,0,0,0,0,35,35,"Egalité"
"FR-1-H_26_29_2564",1445,"12:59","FR_IPHB_13806",4,8,-1,-4,-4,-7,0,-3,27,35,"FR_USAMNG_30918"
"FR-1-H_26_29_2564",1446,"27:25","FR_USAMNG_30918",17,6,3,11,11,9,0,-2,35,27,"FR_USAMNG_30918"
"FR-1-H_26_29_2564",1447,"40:05","FR_USAMNG_30918",21,14,-2,7,7,8,0,1,35,27,"FR_USAMNG_30918"
"FR-1-H_26_29_2564",1448,"56:39","FR_USAMNG_30918",33,27,1,6,6,8,0,2,35,27,"FR_USAMNG_30918"
"FR-1-H_26_29_2565",1449,"09:03","FR_TFHB_93290",2,5,0,-3,-3,-3,0,0,25,35,"FR_PSGHB_75016"
"FR-1-H_26_29_2565",1450,"22:13","FR_PSGHB_75016",10,11,0,-1,-1,0,0,1,35,25,"FR_PSGHB_75016"
"FR-1-H_26_29_2565",1451,"39:21","FR_TFHB_93290",17,23,0,-6,-6,-8,0,-2,25,35,"FR_PSGHB_75016"
"FR-1-H_26_29_2565",1452,"58:41","FR_TFHB_93290",25,35,0,-10,-10,-10,0,0,25,35,"FR_PSGHB_75016"
"FR-1-H_26_30_2567",1453,"18:43","FR_PSGHB_75016",6,11,-3,-5,-5,-3,0,2,32,33,"FR_CSMBHB_73000"
"FR-1-H_26_30_2567",1454,"44:07","FR_CSMBHB_73000",26,20,-5,6,6,3,0,-3,33,32,"FR_CSMBHB_73000"
"FR-1-H_26_30_2567",1455,"56:44","FR_CSMBHB_73000",31,30,-4,1,1,1,0,0,33,32,"FR_CSMBHB_73000"
"FR-1-H_26_30_2568",1456,"11:45","FR_USAMNG_30918",5,8,2,-3,-3,-4,0,-1,26,32,"FR_SAHB_80262"
"FR-1-H_26_30_2568",1457,"20:07","FR_SAHB_80262",10,8,-3,2,2,3,0,1,32,26,"FR_SAHB_80262"
"FR-1-H_26_30_2568",1458,"34:47","FR_USAMNG_30918",14,22,-4,-8,-8,-9,0,-1,26,32,"FR_SAHB_80262"
"FR-1-H_26_30_2569",1459,"21:00","FR_IPHB_13806",9,8,-1,1,1,3,0,2,25,30,"FR_DHBGL_59140"
"FR-1-H_26_30_2569",1460,"28:28","FR_DHBGL_59140",11,14,-1,-3,-3,-2,0,1,30,25,"FR_DHBGL_59140"
"FR-1-H_26_30_2569",1461,"43:19","FR_DHBGL_59140",20,21,-1,-1,-1,2,0,3,30,25,"FR_DHBGL_59140"
"FR-1-H_26_30_2569",1462,"47:21","FR_IPHB_13806",21,23,-3,-2,-2,-5,0,-3,25,30,"FR_DHBGL_59140"
"FR-1-H_26_30_2569",1463,"50:46","FR_IPHB_13806",21,26,-3,-5,-5,-3,0,2,25,30,"FR_DHBGL_59140"
"FR-1-H_26_30_2569",1464,"55:08","FR_DHBGL_59140",26,23,-2,3,3,5,0,2,30,25,"FR_DHBGL_59140"
"FR-1-H_26_30_2570",1465,"24:45","FR_PAUC_13100",6,11,-3,-5,-5,-6,0,-1,25,33,"FR_HBCN_44200"
"FR-1-H_26_30_2570",1466,"28:55","FR_HBCN_44200",14,8,1,6,6,5,0,-1,33,25,"FR_HBCN_44200"
"FR-1-H_26_30_2570",1467,"43:15","FR_HBCN_44200",23,18,1,5,5,7,0,2,33,25,"FR_HBCN_44200"
"FR-1-H_26_30_2571",1468,"15:51","FR_MHB_34000",8,10,-2,-2,-2,-1,0,1,34,27,"FR_MHB_34000"
"FR-1-H_26_30_2571",1469,"50:03","FR_MHB_34000",29,24,1,5,5,7,0,2,34,27,"FR_MHB_34000"
"FR-1-H_26_30_2571",1470,"54:55","FR_MHB_34000",33,26,-1,7,7,7,0,0,34,27,"FR_MHB_34000"
"FR-1-H_26_30_2572",1471,"05:35","FR_USCHB_94000",0,4,-4,-4,-4,-8,0,-4,26,40,"FR_FTHB_31000"
"FR-1-H_26_30_2572",1472,"19:30","FR_FTHB_31000",13,7,-3,6,6,10,0,4,40,26,"FR_FTHB_31000"
"FR-1-H_26_30_2572",1473,"42:43","FR_USCHB_94000",15,30,-3,-15,-15,-14,0,1,26,40,"FR_FTHB_31000"
"FR-1-H_26_30_2573",1474,"15:05","FR_CRMHB_35510",4,6,-1,-2,-2,1,0,3,19,22,"FR_TFHB_93290"
"FR-1-H_26_30_2573",1475,"18:20","FR_TFHB_93290",6,7,-3,-1,-1,0,0,1,22,19,"FR_TFHB_93290"
"FR-1-H_26_30_2573",1476,"51:41","FR_CRMHB_35510",18,20,-2,-2,-2,-1,0,1,19,22,"FR_TFHB_93290"
"FR-1-H_26_30_2573",1477,"54:20","FR_TFHB_93290",20,19,-1,1,1,1,0,0,22,19,"FR_TFHB_93290"
"FR-1-H_26_30_2573",1478,"57:30","FR_CRMHB_35510",19,20,0,-1,-1,-2,0,-1,19,22,"FR_TFHB_93290"
"FR-1-H_26_30_2573",1479,"59:16","FR_TFHB_93290",21,19,0,2,2,3,0,1,22,19,"FR_TFHB_93290"
"FR-1-H_26_31_2574",1480,"13:52","FR_USAMNG_30918",4,7,-4,-3,-3,-4,0,-1,26,34,"FR_MHB_34000"
"FR-1-H_26_31_2574",1481,"23:57","FR_MHB_34000",16,10,-1,6,6,6,0,0,34,26,"FR_MHB_34000"
"FR-1-H_26_31_2574",1482,"40:30","FR_USAMNG_30918",16,25,-3,-9,-9,-9,0,0,26,34,"FR_MHB_34000"
"FR-1-H_26_31_2574",1483,"52:09","FR_MHB_34000",29,22,-2,7,7,7,0,0,34,26,"FR_MHB_34000"
"FR-1-H_26_31_2574",1484,"58:07","FR_MHB_34000",32,26,-3,6,6,8,0,2,34,26,"FR_MHB_34000"
"FR-1-H_26_31_2575",1485,"07:35","FR_PSGHB_75016",1,4,-3,-3,-3,-2,0,1,33,21,"FR_PSGHB_75016"
"FR-1-H_26_31_2575",1486,"23:49","FR_HBCN_44200",12,12,-2,0,0,-1,0,-1,21,33,"FR_PSGHB_75016"
"FR-1-H_26_31_2575",1487,"35:51","FR_HBCN_44200",15,19,-3,-4,-4,-6,0,-2,21,33,"FR_PSGHB_75016"
"FR-1-H_26_31_2575",1488,"50:34","FR_HBCN_44200",19,27,1,-8,-8,-11,0,-3,21,33,"FR_PSGHB_75016"
"FR-1-H_26_31_2576",1489,"21:44","FR_CSMBHB_73000",12,15,-1,-3,-3,-1,0,2,31,35,"FR_USCHB_94000"
"FR-1-H_26_31_2576",1490,"29:08","FR_USCHB_94000",17,17,-1,0,0,0,0,0,35,31,"FR_USCHB_94000"
"FR-1-H_26_31_2576",1491,"46:17","FR_CSMBHB_73000",24,27,-4,-3,-3,-2,0,1,31,35,"FR_USCHB_94000"
"FR-1-H_26_31_2576",1492,"58:31","FR_USCHB_94000",34,31,-2,3,3,4,0,1,35,31,"FR_USCHB_94000"
"FR-1-H_26_31_2577",1493,"26:21","FR_PAUC_13100",3,6,-2,-3,-3,0,0,3,24,24,"Egalité"
"FR-1-H_26_31_2577",1494,"44:29","FR_CRMHB_35510",18,21,-3,-3,-3,-3,0,0,24,24,"Egalité"
"FR-1-H_26_31_2577",1495,"52:11","FR_PAUC_13100",23,22,-3,1,1,1,0,0,24,24,"Egalité"
"FR-1-H_26_31_2577",1496,"58:07","FR_CRMHB_35510",24,24,1,0,0,0,0,0,24,24,"Egalité"
"FR-1-H_26_31_2578",1497,"35:33","FR_IPHB_13806",21,25,-2,-4,-4,-3,0,1,32,33,"FR_SRVHB_83700"
"FR-1-H_26_31_2578",1498,"42:17","FR_IPHB_13806",25,29,1,-4,-4,-1,0,3,32,33,"FR_SRVHB_83700"
"FR-1-H_26_31_2580",1499,"03:06","FR_TFHB_93290",0,2,-2,-2,-2,-4,0,-2,34,32,"FR_TFHB_93290"
"FR-1-H_26_31_2580",1500,"23:57","FR_FTHB_31000",15,13,-2,2,2,2,0,0,32,34,"FR_TFHB_93290"
"FR-1-H_26_31_2580",1501,"41:49","FR_FTHB_31000",24,24,-3,0,0,0,0,0,32,34,"FR_TFHB_93290"
"FR-1-H_26_31_2580",1502,"48:52","FR_TFHB_93290",27,29,-2,-2,-2,-2,0,0,34,32,"FR_TFHB_93290"
"FR-1-H_26_31_2580",1503,"58:44","FR_FTHB_31000",31,33,-4,-2,-2,-2,0,0,32,34,"FR_TFHB_93290"
"FR-1-H_26_32_2581",1504,"23:34","FR_DHBGL_59140",10,11,-1,-1,-1,-1,0,0,27,26,"FR_DHBGL_59140"
"FR-1-H_26_32_2581",1505,"49:56","FR_DHBGL_59140",23,21,-2,2,2,2,0,0,27,26,"FR_DHBGL_59140"
"FR-1-H_26_32_2581",1506,"58:26","FR_PSGHB_75016",26,26,2,0,0,0,0,0,26,27,"FR_DHBGL_59140"
"FR-1-H_26_32_2581",1507,"59:14","FR_DHBGL_59140",26,26,0,0,0,1,0,1,27,26,"FR_DHBGL_59140"
"FR-1-H_26_32_2582",1508,"22:17","FR_HBCN_44200",11,9,-3,2,2,2,0,0,29,30,"FR_CSMBHB_73000"
"FR-1-H_26_32_2582",1509,"45:16","FR_HBCN_44200",24,25,-3,-1,-1,1,0,2,29,30,"FR_CSMBHB_73000"
"FR-1-H_26_32_2582",1510,"55:41","FR_HBCN_44200",27,28,-2,-1,-1,-1,0,0,29,30,"FR_CSMBHB_73000"
"FR-1-H_26_32_2583",1511,"04:57","FR_IPHB_13806",1,5,-2,-4,-4,-3,0,1,31,30,"FR_IPHB_13806"
"FR-1-H_26_32_2583",1512,"26:11","FR_PAUC_13100",15,15,-3,0,0,1,0,1,30,31,"FR_IPHB_13806"
"FR-1-H_26_32_2583",1513,"48:34","FR_IPHB_13806",27,25,-2,2,2,-1,0,-3,31,30,"FR_IPHB_13806"
"FR-1-H_26_32_2583",1514,"54:00","FR_PAUC_13100",29,28,4,1,1,-1,0,-2,30,31,"FR_IPHB_13806"
"FR-1-H_26_32_2583",1515,"58:38","FR_PAUC_13100",30,31,-2,-1,-1,-1,0,0,30,31,"FR_IPHB_13806"
"FR-1-H_26_32_2584",1516,"15:21","FR_CRMHB_35510",3,8,-4,-5,-5,-4,0,1,27,27,"Egalité"
"FR-1-H_26_32_2584",1517,"26:18","FR_MHB_34000",13,9,-1,4,4,4,0,0,27,27,"Egalité"
"FR-1-H_26_32_2584",1518,"47:14","FR_MHB_34000",23,19,-3,4,4,1,0,-3,27,27,"Egalité"
"FR-1-H_26_32_2584",1519,"52:50","FR_MHB_34000",24,24,-5,0,0,-1,0,-1,27,27,"Egalité"
"FR-1-H_26_32_2584",1520,"58:34","FR_CRMHB_35510",27,27,-1,0,0,0,0,0,27,27,"Egalité"
"FR-1-H_26_32_2585",1521,"09:00","FR_USAMNG_30918",3,7,-5,-4,-4,-3,0,1,33,33,"Egalité"
"FR-1-H_26_32_2585",1522,"22:41","FR_FTHB_31000",14,13,-3,1,1,0,0,-1,33,33,"Egalité"
"FR-1-H_26_32_2585",1523,"53:32","FR_FTHB_31000",30,30,1,0,0,0,0,0,33,33,"Egalité"
"FR-1-H_26_32_2585",1524,"58:41","FR_FTHB_31000",33,33,-1,0,0,0,0,0,33,33,"Egalité"
"FR-1-H_26_32_2585",1525,"59:26","FR_USAMNG_30918",33,33,0,0,0,0,0,0,33,33,"Egalité"
"FR-1-H_26_32_2586",1526,"05:50","FR_SAHB_80262",2,6,-5,-4,-4,-4,0,0,22,31,"FR_SRVHB_83700"
"FR-1-H_26_32_2586",1527,"37:01","FR_SAHB_80262",13,21,-2,-8,-8,-8,0,0,22,31,"FR_SRVHB_83700"
"FR-1-H_26_32_2586",1528,"51:15","FR_SAHB_80262",19,28,-2,-9,-9,-9,0,0,22,31,"FR_SRVHB_83700"
"FR-1-H_26_32_2587",1529,"18:40","FR_USCHB_94000",6,7,-3,-1,-1,-2,0,-1,22,23,"FR_TFHB_93290"
"FR-1-H_26_32_2587",1530,"21:40","FR_TFHB_93290",10,8,2,2,2,2,0,0,23,22,"FR_TFHB_93290"
"FR-1-H_26_32_2587",1531,"50:38","FR_USCHB_94000",18,20,-2,-2,-2,-2,0,0,22,23,"FR_TFHB_93290"
"FR-1-H_26_32_2587",1532,"51:35","FR_TFHB_93290",20,18,0,2,2,1,0,-1,23,22,"FR_TFHB_93290"
"FR-1-H_26_32_2587",1533,"59:07","FR_USCHB_94000",21,23,-1,-2,-2,-1,0,1,22,23,"FR_TFHB_93290"
"FR-1-H_26_32_2587",1534,"59:24","FR_TFHB_93290",23,22,-1,1,1,1,0,0,23,22,"FR_TFHB_93290"
"FR-1-H_26_33_2588",1535,"19:30","FR_DHBGL_59140",7,10,1,-3,-3,-4,0,-1,24,25,"FR_CSMBHB_73000"
"FR-1-H_26_33_2588",1536,"43:34","FR_DHBGL_59140",16,19,-1,-3,-3,-3,0,0,24,25,"FR_CSMBHB_73000"
"FR-1-H_26_33_2588",1537,"54:46","FR_CSMBHB_73000",24,22,-1,2,2,1,0,-1,25,24,"FR_CSMBHB_73000"
"FR-1-H_26_33_2588",1538,"58:12","FR_DHBGL_59140",23,24,1,-1,-1,0,0,1,24,25,"FR_CSMBHB_73000"
"FR-1-H_26_33_2588",1539,"58:53","FR_CSMBHB_73000",24,24,-1,0,0,1,0,1,25,24,"FR_CSMBHB_73000"
"FR-1-H_26_33_2589",1540,"26:45","FR_FTHB_31000",10,12,-2,-2,-2,-1,0,1,24,25,"FR_HBCN_44200"
"FR-1-H_26_33_2589",1541,"29:35","FR_HBCN_44200",12,11,-1,1,1,3,0,2,25,24,"FR_HBCN_44200"
"FR-1-H_26_33_2589",1542,"40:41","FR_FTHB_31000",14,19,-2,-5,-5,-3,0,2,24,25,"FR_HBCN_44200"
"FR-1-H_26_33_2589",1543,"46:30","FR_HBCN_44200",21,18,-1,3,3,5,0,2,25,24,"FR_HBCN_44200"
"FR-1-H_26_33_2589",1544,"53:36","FR_HBCN_44200",25,22,-2,3,3,3,0,0,25,24,"FR_HBCN_44200"
"FR-1-H_26_33_2589",1545,"56:29","FR_FTHB_31000",22,25,0,-3,-3,-1,0,2,24,25,"FR_HBCN_44200"
"FR-1-H_26_33_2590",1546,"09:23","FR_USAMNG_30918",1,5,-3,-4,-4,-3,0,1,25,25,"Egalité"
"FR-1-H_26_33_2590",1547,"18:32","FR_CRMHB_35510",9,7,-1,2,2,3,0,1,25,25,"Egalité"
"FR-1-H_26_33_2590",1548,"40:45","FR_CRMHB_35510",19,19,-4,0,0,1,0,1,25,25,"Egalité"
"FR-1-H_26_33_2590",1549,"54:08","FR_USAMNG_30918",23,23,-1,0,0,-1,0,-1,25,25,"Egalité"
"FR-1-H_26_33_2590",1550,"56:39","FR_CRMHB_35510",24,23,1,1,1,0,0,-1,25,25,"Egalité"
"FR-1-H_26_33_2591",1551,"18:54","FR_IPHB_13806",6,9,-1,-3,-3,-1,0,2,24,28,"FR_PSGHB_75016"
"FR-1-H_26_33_2591",1552,"25:24","FR_PSGHB_75016",10,10,-1,0,0,3,0,3,28,24,"FR_PSGHB_75016"
"FR-1-H_26_33_2591",1553,"54:49","FR_PSGHB_75016",24,22,-1,2,2,2,0,0,28,24,"FR_PSGHB_75016"
"FR-1-H_26_33_2591",1554,"56:11","FR_IPHB_13806",23,25,-1,-2,-2,-4,0,-2,24,28,"FR_PSGHB_75016"
"FR-1-H_26_33_2592",1555,"19:26","FR_USCHB_94000",9,10,-3,-1,-1,0,0,1,24,30,"FR_MHB_34000"
"FR-1-H_26_33_2592",1556,"22:05","FR_MHB_34000",11,11,-2,0,0,0,0,0,30,24,"FR_MHB_34000"
"FR-1-H_26_33_2592",1557,"50:54","FR_USCHB_94000",23,27,-4,-4,-4,-4,0,0,24,30,"FR_MHB_34000"
"FR-1-H_26_33_2592",1558,"54:21","FR_MHB_34000",28,24,-1,4,4,6,0,2,30,24,"FR_MHB_34000"
"FR-1-H_26_33_2593",1559,"03:03","FR_TFHB_93290",0,3,-3,-3,-3,-2,0,1,30,32,"FR_SRVHB_83700"
"FR-1-H_26_33_2593",1560,"43:48","FR_TFHB_93290",22,24,-1,-2,-2,-2,0,0,30,32,"FR_SRVHB_83700"
"FR-1-H_26_34_2595",1561,"18:23","FR_FTHB_31000",9,13,-3,-4,-4,-6,0,-2,31,34,"FR_PSGHB_75016"
"FR-1-H_26_34_2595",1562,"33:26","FR_FTHB_31000",14,24,-4,-10,-10,-8,0,2,31,34,"FR_PSGHB_75016"
"FR-1-H_26_34_2595",1563,"40:02","FR_PSGHB_75016",25,18,-2,7,7,7,0,0,34,31,"FR_PSGHB_75016"
"FR-1-H_26_34_2595",1564,"56:47","FR_PSGHB_75016",33,29,-2,4,4,3,0,-1,34,31,"FR_PSGHB_75016"
"FR-1-H_26_34_2596",1565,"21:02","FR_MHB_34000",11,8,-1,3,3,4,0,1,33,22,"FR_MHB_34000"
"FR-1-H_26_34_2596",1566,"54:23","FR_MHB_34000",29,22,-1,7,7,11,0,4,33,22,"FR_MHB_34000"
"FR-1-H_26_34_2597",1567,"22:03","FR_USAMNG_30918",7,8,-1,-1,-1,-1,0,0,27,28,"FR_USCHB_94000"
"FR-1-H_26_34_2597",1568,"27:56","FR_USCHB_94000",11,11,-1,0,0,3,0,3,28,27,"FR_USCHB_94000"
"FR-1-H_26_34_2597",1569,"42:15","FR_USCHB_94000",17,20,-3,-3,-3,-2,0,1,28,27,"FR_USCHB_94000"
"FR-1-H_26_34_2597",1570,"58:41","FR_USCHB_94000",27,27,1,0,0,1,0,1,28,27,"FR_USCHB_94000"
"FR-1-H_26_34_2597",1571,"59:25","FR_USAMNG_30918",27,28,-1,-1,-1,-1,0,0,27,28,"FR_USCHB_94000"
"FR-1-H_26_34_2598",1572,"27:09","FR_CSMBHB_73000",11,9,-1,2,2,4,0,2,21,23,"FR_CRMHB_35510"
"FR-1-H_26_34_2598",1573,"28:51","FR_CRMHB_35510",9,13,-2,-4,-4,-3,0,1,23,21,"FR_CRMHB_35510"
"FR-1-H_26_34_2598",1574,"51:14","FR_CRMHB_35510",20,20,2,0,0,1,0,1,23,21,"FR_CRMHB_35510"
"FR-1-H_26_34_2598",1575,"54:55","FR_CSMBHB_73000",20,21,-1,-1,-1,-2,0,-1,21,23,"FR_CRMHB_35510"
"FR-1-H_26_34_2598",1576,"57:36","FR_CSMBHB_73000",20,22,-1,-2,-2,-2,0,0,21,23,"FR_CRMHB_35510"
"FR-1-H_26_34_2598",1577,"59:28","FR_CRMHB_35510",23,21,1,2,2,2,0,0,23,21,"FR_CRMHB_35510"
"FR-1-H_26_34_2599",1578,"20:19","FR_DHBGL_59140",13,11,-1,2,2,3,0,1,33,36,"FR_SRVHB_83700"
"FR-1-H_26_34_2599",1579,"42:47","FR_DHBGL_59140",25,26,-3,-1,-1,0,0,1,33,36,"FR_SRVHB_83700"
"FR-1-H_26_34_2599",1580,"53:08","FR_DHBGL_59140",29,30,-1,-1,-1,-3,0,-2,33,36,"FR_SRVHB_83700"
"FR-1-H_26_34_2600",1581,"21:36","FR_IPHB_13806",11,12,-2,-1,-1,-1,0,0,24,33,"FR_HBCN_44200"
"FR-1-H_26_34_2600",1582,"29:23","FR_HBCN_44200",15,13,2,2,2,6,0,4,33,24,"FR_HBCN_44200"
"FR-1-H_26_34_2600",1583,"34:28","FR_IPHB_13806",14,20,-3,-6,-6,-6,0,0,24,33,"FR_HBCN_44200"
"FR-1-H_26_34_2600",1584,"44:17","FR_HBCN_44200",25,20,-1,5,5,8,0,3,33,24,"FR_HBCN_44200"
"FR-1-H_26_34_2601",1585,"12:15","FR_TFHB_93290",4,4,1,0,0,1,0,1,23,25,"FR_SAHB_80262"
"FR-1-H_26_34_2601",1586,"19:00","FR_SAHB_80262",6,5,2,1,1,0,0,-1,25,23,"FR_SAHB_80262"
"FR-1-H_26_34_2601",1587,"37:48","FR_TFHB_93290",13,15,-2,-2,-2,0,0,2,23,25,"FR_SAHB_80262"
"FR-1-H_26_34_2601",1588,"49:25","FR_SAHB_80262",21,19,-1,2,2,3,0,1,25,23,"FR_SAHB_80262"
"FR-1-H_26_34_2601",1589,"51:30","FR_TFHB_93290",19,22,-1,-3,-3,-3,0,0,23,25,"FR_SAHB_80262"
"FR-1-H_26_34_2601",1590,"59:40","FR_SAHB_80262",25,23,-2,2,2,2,0,0,25,23,"FR_SAHB_80262"
"FR-1-H_26_35_2602",1591,"06:45","FR_DHBGL_59140",2,5,-1,-3,-3,-2,0,1,27,25,"FR_DHBGL_59140"
"FR-1-H_26_35_2602",1592,"19:45","FR_HBCN_44200",10,7,-1,3,3,4,0,1,25,27,"FR_DHBGL_59140"
"FR-1-H_26_35_2602",1593,"45:37","FR_HBCN_44200",20,20,-1,0,0,0,0,0,25,27,"FR_DHBGL_59140"
"FR-1-H_26_35_2602",1594,"52:30","FR_DHBGL_59140",22,22,1,0,0,2,0,2,27,25,"FR_DHBGL_59140"
"FR-1-H_26_35_2602",1595,"54:42","FR_HBCN_44200",22,24,-2,-2,-2,-2,0,0,25,27,"FR_DHBGL_59140"
"FR-1-H_26_35_2602",1596,"59:09","FR_DHBGL_59140",26,24,-1,2,2,2,0,0,27,25,"FR_DHBGL_59140"
"FR-1-H_26_35_2603",1597,"16:03","FR_USCHB_94000",5,8,-1,-3,-3,-4,0,-1,21,29,"FR_PSGHB_75016"
"FR-1-H_26_35_2603",1598,"20:50","FR_PSGHB_75016",10,6,1,4,4,5,0,1,29,21,"FR_PSGHB_75016"
"FR-1-H_26_35_2603",1599,"40:23","FR_USCHB_94000",12,21,-3,-9,-9,-9,0,0,21,29,"FR_PSGHB_75016"
"FR-1-H_26_35_2603",1600,"50:19","FR_USCHB_94000",16,26,-1,-10,-10,-9,0,1,21,29,"FR_PSGHB_75016"
"FR-1-H_26_35_2604",1601,"21:50","FR_CSMBHB_73000",12,11,-1,1,1,1,0,0,29,26,"FR_CSMBHB_73000"
"FR-1-H_26_35_2604",1602,"53:29","FR_CSMBHB_73000",25,24,-2,1,1,3,0,2,29,26,"FR_CSMBHB_73000"
"FR-1-H_26_35_2605",1603,"03:25","FR_USAMNG_30918",0,3,-2,-3,-3,-5,0,-2,24,28,"FR_PAUC_13100"
"FR-1-H_26_35_2605",1604,"16:38","FR_PAUC_13100",10,3,-1,7,7,6,0,-1,28,24,"FR_PAUC_13100"
"FR-1-H_26_35_2605",1605,"50:46","FR_USAMNG_30918",19,25,1,-6,-6,-3,0,3,24,28,"FR_PAUC_13100"
"FR-1-H_26_35_2605",1606,"54:29","FR_PAUC_13100",25,22,-3,3,3,4,0,1,28,24,"FR_PAUC_13100"
"FR-1-H_26_35_2606",1607,"13:23","FR_IPHB_13806",8,7,3,1,1,1,0,0,22,26,"FR_CRMHB_35510"
"FR-1-H_26_35_2606",1608,"38:40","FR_IPHB_13806",13,16,1,-3,-3,-3,0,0,22,26,"FR_CRMHB_35510"
"FR-1-H_26_35_2606",1609,"42:25","FR_CRMHB_35510",18,17,-1,1,1,2,0,1,26,22,"FR_CRMHB_35510"
"FR-1-H_26_35_2606",1610,"52:38","FR_IPHB_13806",22,24,-1,-2,-2,-4,0,-2,22,26,"FR_CRMHB_35510"
"FR-1-H_26_35_2607",1611,"17:54","FR_MHB_34000",8,7,-3,1,1,2,0,1,31,30,"FR_MHB_34000"
"FR-1-H_26_35_2607",1612,"21:50","FR_TFHB_93290",9,11,-1,-2,-2,-3,0,-1,30,31,"FR_MHB_34000"
"FR-1-H_26_35_2607",1613,"47:49","FR_MHB_34000",23,20,1,3,3,3,0,0,31,30,"FR_MHB_34000"
"FR-1-H_26_35_2607",1614,"55:16","FR_MHB_34000",28,27,-2,1,1,1,0,0,31,30,"FR_MHB_34000"
"FR-1-H_26_35_2607",1615,"57:13","FR_TFHB_93290",28,29,-1,-1,-1,-1,0,0,30,31,"FR_MHB_34000"
"FR-1-H_26_36_2609",1616,"11:23","FR_MHB_34000",4,9,-3,-5,-5,-6,0,-1,20,36,"FR_PSGHB_75016"
"FR-1-H_26_36_2609",1617,"24:03","FR_MHB_34000",8,15,-2,-7,-7,-9,0,-2,20,36,"FR_PSGHB_75016"
"FR-1-H_26_36_2609",1618,"29:37","FR_PSGHB_75016",18,9,2,9,9,10,0,1,36,20,"FR_PSGHB_75016"
"FR-1-H_26_36_2609",1619,"42:19","FR_MHB_34000",13,26,-1,-13,-13,-11,0,2,20,36,"FR_PSGHB_75016"
"FR-1-H_26_36_2609",1620,"46:23","FR_PSGHB_75016",27,16,-2,11,11,14,0,3,36,20,"FR_PSGHB_75016"
"FR-1-H_26_36_2610",1621,"24:56","FR_PAUC_13100",9,9,-1,0,0,-1,0,-1,26,31,"FR_CSMBHB_73000"
"FR-1-H_26_36_2610",1622,"29:01","FR_CSMBHB_73000",11,10,1,1,1,2,0,1,31,26,"FR_CSMBHB_73000"
"FR-1-H_26_36_2610",1623,"53:14","FR_CSMBHB_73000",25,23,1,2,2,4,0,2,31,26,"FR_CSMBHB_73000"
"FR-1-H_26_36_2610",1624,"54:36","FR_PAUC_13100",23,27,-1,-4,-4,-5,0,-1,26,31,"FR_CSMBHB_73000"
"FR-1-H_26_36_2611",1625,"19:13","FR_CRMHB_35510",7,8,-2,-1,-1,2,0,3,26,23,"FR_CRMHB_35510"
"FR-1-H_26_36_2611",1626,"22:41","FR_USCHB_94000",8,10,-3,-2,-2,-2,0,0,23,26,"FR_CRMHB_35510"
"FR-1-H_26_36_2611",1627,"47:47","FR_USCHB_94000",20,23,-3,-3,-3,-3,0,0,23,26,"FR_CRMHB_35510"
"FR-1-H_26_36_2611",1628,"50:35","FR_CRMHB_35510",24,21,-1,3,3,3,0,0,26,23,"FR_CRMHB_35510"
"FR-1-H_26_36_2611",1629,"55:05","FR_USCHB_94000",22,25,-1,-3,-3,-3,0,0,23,26,"FR_CRMHB_35510"
"FR-1-H_26_36_2611",1630,"56:49","FR_CRMHB_35510",25,22,0,3,3,3,0,0,26,23,"FR_CRMHB_35510"
"FR-1-H_26_36_2612",1631,"20:01","FR_HBCN_44200",9,7,-1,2,2,3,0,1,30,23,"FR_HBCN_44200"
"FR-1-H_26_36_2612",1632,"20:58","FR_SAHB_80262",7,10,-1,-3,-3,-2,0,1,23,30,"FR_HBCN_44200"
"FR-1-H_26_36_2612",1633,"34:29","FR_SAHB_80262",13,18,-3,-5,-5,-6,0,-1,23,30,"FR_HBCN_44200"
"FR-1-H_26_36_2612",1634,"48:31","FR_HBCN_44200",25,19,-2,6,6,7,0,1,30,23,"FR_HBCN_44200"
"FR-1-H_26_36_2612",1635,"50:34","FR_SAHB_80262",19,26,-1,-7,-7,-7,0,0,23,30,"FR_HBCN_44200"
"FR-1-H_26_36_2613",1636,"16:16","FR_USAMNG_30918",8,11,-2,-3,-3,-2,0,1,34,37,"FR_SRVHB_83700"
"FR-1-H_26_36_2613",1637,"36:18","FR_USAMNG_30918",19,24,-2,-5,-5,-3,0,2,34,37,"FR_SRVHB_83700"
"FR-1-H_26_36_2613",1638,"56:13","FR_USAMNG_30918",32,35,-1,-3,-3,-3,0,0,34,37,"FR_SRVHB_83700"
"FR-1-H_26_36_2614",1639,"12:28","FR_FTHB_31000",5,8,-3,-3,-3,-2,0,1,29,30,"FR_IPHB_13806"
"FR-1-H_26_36_2614",1640,"25:21","FR_IPHB_13806",16,13,-1,3,3,3,0,0,30,29,"FR_IPHB_13806"
"FR-1-H_26_36_2614",1641,"39:26","FR_FTHB_31000",20,24,-1,-4,-4,-2,0,2,29,30,"FR_IPHB_13806"
"FR-1-H_26_36_2614",1642,"46:09","FR_IPHB_13806",25,24,-3,1,1,0,0,-1,30,29,"FR_IPHB_13806"
"FR-1-H_26_36_2614",1643,"53:45","FR_IPHB_13806",27,27,1,0,0,2,0,2,30,29,"FR_IPHB_13806"
"FR-1-H_26_36_2614",1644,"57:30","FR_FTHB_31000",27,29,-2,-2,-2,-1,0,1,29,30,"FR_IPHB_13806"
"FR-1-H_26_36_2615",1645,"20:28","FR_TFHB_93290",9,10,1,-1,-1,1,0,2,27,24,"FR_TFHB_93290"
"FR-1-H_26_36_2615",1646,"27:32","FR_DHBGL_59140",12,14,-3,-2,-2,-4,0,-2,24,27,"FR_TFHB_93290"
"FR-1-H_26_36_2615",1647,"37:47","FR_DHBGL_59140",16,18,1,-2,-2,0,0,2,24,27,"FR_TFHB_93290"
"FR-1-H_26_36_2615",1648,"40:44","FR_TFHB_93290",18,18,-2,0,0,-2,0,-2,27,24,"FR_TFHB_93290"
"FR-1-H_26_36_2615",1649,"54:39","FR_DHBGL_59140",23,24,-1,-1,-1,-2,0,-1,24,27,"FR_TFHB_93290"
"FR-1-H_26_36_2615",1650,"58:59","FR_TFHB_93290",26,24,1,2,2,3,0,1,27,24,"FR_TFHB_93290"
"FR-1-H_26_37_2616",1651,"24:41","FR_DHBGL_59140",9,11,-1,-2,-2,-1,0,1,21,28,"FR_MHB_34000"
"FR-1-H_26_37_2616",1652,"27:17","FR_MHB_34000",11,10,-1,1,1,2,0,1,28,21,"FR_MHB_34000"
"FR-1-H_26_37_2616",1653,"40:34","FR_DHBGL_59140",13,17,-2,-4,-4,-6,0,-2,21,28,"FR_MHB_34000"
"FR-1-H_26_37_2616",1654,"44:58","FR_DHBGL_59140",14,20,-3,-6,-6,-4,0,2,21,28,"FR_MHB_34000"
"FR-1-H_26_37_2616",1655,"46:53","FR_MHB_34000",20,16,-2,4,4,5,0,1,28,21,"FR_MHB_34000"
"FR-1-H_26_37_2616",1656,"55:21","FR_MHB_34000",25,19,1,6,6,7,0,1,28,21,"FR_MHB_34000"
"FR-1-H_26_37_2617",1657,"13:41","FR_PAUC_13100",6,10,-3,-4,-4,-3,0,1,27,27,"Egalité"
"FR-1-H_26_37_2617",1658,"20:21","FR_FTHB_31000",13,11,-1,2,2,2,0,0,27,27,"Egalité"
"FR-1-H_26_37_2617",1659,"43:36","FR_FTHB_31000",23,22,-1,1,1,1,0,0,27,27,"Egalité"
"FR-1-H_26_37_2617",1660,"54:11","FR_PAUC_13100",25,25,-1,0,0,-1,0,-1,27,27,"Egalité"
"FR-1-H_26_37_2617",1661,"57:17","FR_FTHB_31000",27,26,-1,1,1,0,0,-1,27,27,"Egalité"
"FR-1-H_26_37_2618",1662,"22:04","FR_IPHB_13806",8,9,-1,-1,-1,-3,0,-2,24,24,"Egalité"
"FR-1-H_26_37_2618",1663,"26:41","FR_USCHB_94000",12,9,1,3,3,4,0,1,24,24,"Egalité"
"FR-1-H_26_37_2618",1664,"46:46","FR_IPHB_13806",18,20,1,-2,-2,0,0,2,24,24,"Egalité"
"FR-1-H_26_37_2618",1665,"50:45","FR_USCHB_94000",20,20,-2,0,0,0,0,0,24,24,"Egalité"
"FR-1-H_26_37_2618",1666,"57:03","FR_IPHB_13806",22,22,-1,0,0,0,0,0,24,24,"Egalité"
"FR-1-H_26_37_2618",1667,"58:47","FR_USCHB_94000",23,23,-1,0,0,0,0,0,24,24,"Egalité"
"FR-1-H_26_37_2619",1668,"22:35","FR_CSMBHB_73000",8,10,-3,-2,-2,-2,0,0,29,30,"FR_TFHB_93290"
"FR-1-H_26_37_2619",1669,"27:20","FR_TFHB_93290",12,10,-1,2,2,0,0,-2,30,29,"FR_TFHB_93290"
"FR-1-H_26_37_2619",1670,"37:11","FR_CSMBHB_73000",14,18,-5,-4,-4,-5,0,-1,29,30,"FR_TFHB_93290"
"FR-1-H_26_37_2619",1671,"45:24","FR_TFHB_93290",22,19,-3,3,3,3,0,0,30,29,"FR_TFHB_93290"
"FR-1-H_26_37_2619",1672,"56:21","FR_TFHB_93290",27,26,-3,1,1,1,0,0,30,29,"FR_TFHB_93290"
"FR-1-H_26_37_2619",1673,"59:47","FR_CSMBHB_73000",28,29,1,-1,-1,-1,0,0,29,30,"FR_TFHB_93290"
"FR-1-H_26_37_2620",1674,"19:16","FR_HBCN_44200",8,9,-2,-1,-1,-1,0,0,31,33,"FR_USAMNG_30918"
"FR-1-H_26_37_2620",1675,"45:18","FR_USAMNG_30918",23,25,-2,-2,-2,-2,0,0,33,31,"FR_USAMNG_30918"
"FR-1-H_26_37_2620",1676,"51:59","FR_HBCN_44200",28,27,-2,1,1,0,0,-1,31,33,"FR_USAMNG_30918"
"FR-1-H_26_37_2620",1677,"57:47","FR_HBCN_44200",31,31,-2,0,0,-2,0,-2,31,33,"FR_USAMNG_30918"
"FR-1-H_26_37_2621",1678,"35:56","FR_CRMHB_35510",14,19,-5,-5,-5,-5,0,0,29,31,"FR_SRVHB_83700"
"FR-1-H_26_37_2621",1679,"58:25","FR_CRMHB_35510",27,31,-1,-4,-4,-2,0,2,29,31,"FR_SRVHB_83700"
"FR-1-H_26_38_2623",1680,"25:38","FR_HBCN_44200",10,11,1,-1,-1,0,0,1,26,27,"FR_PSGHB_75016"
"FR-1-H_26_38_2623",1681,"49:39","FR_HBCN_44200",21,22,-1,-1,-1,1,0,2,26,27,"FR_PSGHB_75016"
"FR-1-H_26_38_2623",1682,"56:04","FR_HBCN_44200",24,25,-2,-1,-1,-1,0,0,26,27,"FR_PSGHB_75016"
"FR-1-H_26_38_2623",1683,"59:29","FR_PSGHB_75016",27,26,2,1,1,1,0,0,27,26,"FR_PSGHB_75016"
"FR-1-H_26_38_2624",1684,"23:23","FR_PAUC_13100",11,13,-1,-2,-2,-1,0,1,35,28,"FR_PAUC_13100"
"FR-1-H_26_38_2624",1685,"25:21","FR_IPHB_13806",13,12,-1,1,1,0,0,-1,28,35,"FR_PAUC_13100"
"FR-1-H_26_38_2624",1686,"51:59","FR_IPHB_13806",26,29,-4,-3,-3,-4,0,-1,28,35,"FR_PAUC_13100"
"FR-1-H_26_38_2624",1687,"52:43","FR_IPHB_13806",26,30,-1,-4,-4,-5,0,-1,28,35,"FR_PAUC_13100"
"FR-1-H_26_38_2624",1688,"54:46","FR_PAUC_13100",31,26,1,5,5,7,0,2,35,28,"FR_PAUC_13100"
"FR-1-H_26_38_2625",1689,"03:02","FR_SAHB_80262",0,4,-3,-4,-4,-5,0,-1,31,27,"FR_SAHB_80262"
"FR-1-H_26_38_2625",1690,"16:45","FR_CRMHB_35510",10,7,-3,3,3,3,0,0,27,31,"FR_SAHB_80262"
"FR-1-H_26_38_2625",1691,"40:24","FR_CRMHB_35510",21,21,-2,0,0,-1,0,-1,27,31,"FR_SAHB_80262"
"FR-1-H_26_38_2625",1692,"51:11","FR_SAHB_80262",27,25,1,2,2,4,0,2,31,27,"FR_SAHB_80262"
"FR-1-H_26_38_2626",1693,"22:51","FR_DHBGL_59140",6,9,-2,-3,-3,-3,0,0,17,21,"FR_CSMBHB_73000"
"FR-1-H_26_38_2626",1694,"24:42","FR_CSMBHB_73000",9,6,0,3,3,2,0,-1,21,17,"FR_CSMBHB_73000"
"FR-1-H_26_38_2626",1695,"50:46","FR_DHBGL_59140",15,17,-2,-2,-2,-3,0,-1,17,21,"FR_CSMBHB_73000"
"FR-1-H_26_38_2626",1696,"52:45","FR_DHBGL_59140",16,19,-1,-3,-3,-4,0,-1,17,21,"FR_CSMBHB_73000"
"FR-1-H_26_38_2626",1697,"57:10","FR_CSMBHB_73000",21,17,2,4,4,4,0,0,21,17,"FR_CSMBHB_73000"
"FR-1-H_26_38_2627",1698,"23:57","FR_USAMNG_30918",8,10,1,-2,-2,0,0,2,27,27,"Egalité"
"FR-1-H_26_38_2627",1699,"29:38","FR_USCHB_94000",11,11,-2,0,0,0,0,0,27,27,"Egalité"
"FR-1-H_26_38_2627",1700,"45:14","FR_USCHB_94000",19,21,-2,-2,-2,0,0,2,27,27,"Egalité"
"FR-1-H_26_38_2627",1701,"53:12","FR_USAMNG_30918",24,24,-1,0,0,1,0,1,27,27,"Egalité"
"FR-1-H_26_38_2627",1702,"57:54","FR_USCHB_94000",26,27,-1,-1,-1,0,0,1,27,27,"Egalité"
"FR-1-H_26_38_2627",1703,"59:45","FR_USAMNG_30918",27,27,0,0,0,0,0,0,27,27,"Egalité"
"FR-1-H_26_38_2628",1704,"23:48","FR_TFHB_93290",11,12,-2,-1,-1,0,0,1,28,28,"Egalité"
"FR-1-H_26_38_2628",1705,"48:04","FR_TFHB_93290",21,22,-2,-1,-1,2,0,3,28,28,"Egalité"
"FR-1-H_26_38_2628",1706,"59:56","FR_TFHB_93290",27,28,-1,-1,-1,0,0,1,28,28,"Egalité"
"FR-1-H_26_38_2629",1707,"22:27","FR_MHB_34000",12,12,-2,0,0,2,0,2,34,28,"FR_MHB_34000"
"FR-1-H_26_38_2629",1708,"24:36","FR_FTHB_31000",12,14,-2,-2,-2,-4,0,-2,28,34,"FR_MHB_34000"
"FR-1-H_26_38_2629",1709,"38:01","FR_FTHB_31000",17,25,-1,-8,-8,-8,0,0,28,34,"FR_MHB_34000"
"FR-1-H_26_38_2629",1710,"47:21","FR_MHB_34000",28,23,-3,5,5,6,0,1,34,28,"FR_MHB_34000"
"FR-1-H_26_38_2629",1711,"56:12","FR_MHB_34000",33,27,-1,6,6,6,0,0,34,28,"FR_MHB_34000"
"FR-1-H_26_39_2630",1712,"28:21","FR_HBCN_44200",10,12,-2,-2,-2,-1,0,1,25,26,"FR_DHBGL_59140"
"FR-1-H_26_39_2630",1713,"29:09","FR_DHBGL_59140",12,11,-1,1,1,0,0,-1,26,25,"FR_DHBGL_59140"
"FR-1-H_26_39_2630",1714,"45:54","FR_HBCN_44200",18,21,-3,-3,-3,-2,0,1,25,26,"FR_DHBGL_59140"
"FR-1-H_26_39_2630",1715,"57:52","FR_DHBGL_59140",25,25,-2,0,0,1,0,1,26,25,"FR_DHBGL_59140"
"FR-1-H_26_39_2630",1716,"58:58","FR_HBCN_44200",25,26,-1,-1,-1,-1,0,0,25,26,"FR_DHBGL_59140"
"FR-1-H_26_39_2631",1717,"09:57","FR_CRMHB_35510",4,4,-2,0,0,1,0,1,29,32,"FR_PAUC_13100"
"FR-1-H_26_39_2631",1718,"24:33","FR_PAUC_13100",10,12,-2,-2,-2,2,0,4,32,29,"FR_PAUC_13100"
"FR-1-H_26_39_2631",1719,"37:09","FR_CRMHB_35510",15,20,-3,-5,-5,-5,0,0,29,32,"FR_PAUC_13100"
"FR-1-H_26_39_2631",1720,"47:57","FR_PAUC_13100",26,22,-1,4,4,5,0,1,32,29,"FR_PAUC_13100"
"FR-1-H_26_39_2631",1721,"58:29","FR_PAUC_13100",31,28,-2,3,3,3,0,0,32,29,"FR_PAUC_13100"
"FR-1-H_26_39_2632",1722,"12:15","FR_USCHB_94000",2,7,-3,-5,-5,-5,0,0,31,28,"FR_USCHB_94000"
"FR-1-H_26_39_2632",1723,"23:20","FR_FTHB_31000",11,8,-3,3,3,4,0,1,28,31,"FR_USCHB_94000"
"FR-1-H_26_39_2632",1724,"49:47","FR_FTHB_31000",25,24,-2,1,1,-1,0,-2,28,31,"FR_USCHB_94000"
"FR-1-H_26_39_2632",1725,"52:59","FR_FTHB_31000",26,27,-3,-1,-1,-1,0,0,28,31,"FR_USCHB_94000"
"FR-1-H_26_39_2632",1726,"54:32","FR_USCHB_94000",27,26,0,1,1,4,0,3,31,28,"FR_USCHB_94000"
"FR-1-H_26_39_2633",1727,"16:47","FR_SAHB_80262",7,9,-1,-2,-2,-3,0,-1,24,30,"FR_CSMBHB_73000"
"FR-1-H_26_39_2633",1728,"27:02","FR_CSMBHB_73000",12,10,-2,2,2,6,0,4,30,24,"FR_CSMBHB_73000"
"FR-1-H_26_39_2633",1729,"36:19","FR_SAHB_80262",14,19,-1,-5,-5,-6,0,-1,24,30,"FR_CSMBHB_73000"
"FR-1-H_26_39_2633",1730,"52:14","FR_CSMBHB_73000",27,21,1,6,6,7,0,1,30,24,"FR_CSMBHB_73000"
"FR-1-H_26_39_2633",1731,"55:17","FR_SAHB_80262",22,29,1,-7,-7,-6,0,1,24,30,"FR_CSMBHB_73000"
"FR-1-H_26_39_2634",1732,"21:08","FR_MHB_34000",11,13,-1,-2,-2,-2,0,0,32,28,"FR_MHB_34000"
"FR-1-H_26_39_2635",1733,"12:05","FR_IPHB_13806",3,8,-6,-5,-5,-7,0,-2,20,41,"FR_PSGHB_75016"
"FR-1-H_26_39_2635",1734,"46:11","FR_IPHB_13806",12,31,-2,-19,-19,-18,0,1,20,41,"FR_PSGHB_75016"
"FR-1-H_26_39_2636",1735,"16:54","FR_TFHB_93290",9,10,-3,-1,-1,-2,0,-1,32,38,"FR_USAMNG_30918"
"FR-1-H_26_39_2636",1736,"27:00","FR_USAMNG_30918",16,14,-1,2,2,3,0,1,38,32,"FR_USAMNG_30918"
"FR-1-H_26_39_2636",1737,"42:24","FR_USAMNG_30918",25,22,-2,3,3,6,0,3,38,32,"FR_USAMNG_30918"
"FR-1-H_26_39_2636",1738,"47:15","FR_TFHB_93290",23,30,1,-7,-7,-7,0,0,32,38,"FR_USAMNG_30918"
"FR-1-H_26_39_2636",1739,"50:57","FR_TFHB_93290",26,33,-1,-7,-7,-5,0,2,32,38,"FR_USAMNG_30918"
"FR-1-H_26_39_2636",1740,"53:21","FR_USAMNG_30918",34,29,-3,5,5,7,0,2,38,32,"FR_USAMNG_30918"
"FR-1-H_26_40_2637",1741,"13:29","FR_CSMBHB_73000",4,8,-3,-4,-4,-4,0,0,23,35,"FR_PSGHB_75016"
"FR-1-H_26_40_2637",1742,"41:20","FR_CSMBHB_73000",16,26,-4,-10,-10,-10,0,0,23,35,"FR_PSGHB_75016"
"FR-1-H_26_40_2638",1743,"19:48","FR_TFHB_93290",7,9,-3,-2,-2,-1,0,1,29,25,"FR_TFHB_93290"
"FR-1-H_26_40_2638",1744,"21:17","FR_CRMHB_35510",9,8,-1,1,1,-1,0,-2,25,29,"FR_TFHB_93290"
"FR-1-H_26_40_2638",1745,"35:44","FR_CRMHB_35510",13,18,-5,-5,-5,-5,0,0,25,29,"FR_TFHB_93290"
"FR-1-H_26_40_2638",1746,"47:09","FR_TFHB_93290",25,21,-3,4,4,2,0,-2,29,25,"FR_TFHB_93290"
"FR-1-H_26_40_2638",1747,"57:35","FR_CRMHB_35510",25,27,-1,-2,-2,-4,0,-2,25,29,"FR_TFHB_93290"
"FR-1-H_26_40_2639",1748,"16:30","FR_DHBGL_59140",3,7,-3,-4,-4,-3,0,1,31,23,"FR_DHBGL_59140"
"FR-1-H_26_40_2639",1749,"29:23","FR_PAUC_13100",14,11,-1,3,3,2,0,-1,23,31,"FR_DHBGL_59140"
"FR-1-H_26_40_2639",1750,"42:41","FR_PAUC_13100",18,19,-2,-1,-1,-4,0,-3,23,31,"FR_DHBGL_59140"
"FR-1-H_26_40_2639",1751,"52:36","FR_PAUC_13100",20,26,-2,-6,-6,-7,0,-1,23,31,"FR_DHBGL_59140"
"FR-1-H_26_40_2639",1752,"53:42","FR_DHBGL_59140",27,20,1,7,7,9,0,2,31,23,"FR_DHBGL_59140"
"FR-1-H_26_40_2640",1753,"17:52","FR_IPHB_13806",11,11,1,0,0,2,0,2,29,32,"FR_HBCN_44200"
"FR-1-H_26_40_2640",1754,"20:39","FR_HBCN_44200",11,13,-2,-2,-2,-1,0,1,32,29,"FR_HBCN_44200"
"FR-1-H_26_40_2640",1755,"38:00","FR_IPHB_13806",19,23,-1,-4,-4,-1,0,3,29,32,"FR_HBCN_44200"
"FR-1-H_26_40_2640",1756,"47:17","FR_HBCN_44200",26,25,-1,1,1,2,0,1,32,29,"FR_HBCN_44200"
"FR-1-H_26_40_2640",1757,"58:17","FR_IPHB_13806",28,31,-1,-3,-3,-3,0,0,29,32,"FR_HBCN_44200"
"FR-1-H_26_40_2641",1758,"26:43","FR_USCHB_94000",15,15,-1,0,0,0,0,0,29,25,"FR_USCHB_94000"
"FR-1-H_26_40_2641",1759,"51:17","FR_USCHB_94000",25,22,-2,3,3,4,0,1,29,25,"FR_USCHB_94000"
"FR-1-H_26_40_2642",1760,"53:18","FR_MHB_34000",24,17,2,7,7,7,0,0,27,21,"FR_MHB_34000"
"FR-1-H_26_40_2642",1761,"55:34","FR_MHB_34000",25,19,-2,6,6,6,0,0,27,21,"FR_MHB_34000"
"FR-1-H_26_40_2643",1762,"14:06","FR_FTHB_31000",5,6,-1,-1,-1,-3,0,-2,26,30,"FR_USAMNG_30918"
"FR-1-H_26_40_2643",1763,"21:45","FR_USAMNG_30918",10,9,-3,1,1,1,0,0,30,26,"FR_USAMNG_30918"
"FR-1-H_26_40_2643",1764,"43:09","FR_FTHB_31000",18,23,-1,-5,-5,-5,0,0,26,30,"FR_USAMNG_30918"
"FR-1-H_26_40_2643",1765,"49:26","FR_USAMNG_30918",26,22,-2,4,4,2,0,-2,30,26,"FR_USAMNG_30918"
"FR-1-H_26_41_2644",1766,"08:38","FR_HBCN_44200",1,6,-3,-5,-5,-5,0,0,24,25,"FR_CSMBHB_73000"
"FR-1-H_26_41_2644",1767,"23:28","FR_CSMBHB_73000",9,6,0,3,3,2,0,-1,25,24,"FR_CSMBHB_73000"
"FR-1-H_26_41_2644",1768,"36:33","FR_HBCN_44200",11,17,-4,-6,-6,-5,0,1,24,25,"FR_CSMBHB_73000"
"FR-1-H_26_41_2644",1769,"51:34","FR_CSMBHB_73000",22,22,-4,0,0,1,0,1,25,24,"FR_CSMBHB_73000"
"FR-1-H_26_41_2644",1770,"59:37","FR_HBCN_44200",23,25,-2,-2,-2,-1,0,1,24,25,"FR_CSMBHB_73000"
"FR-1-H_26_41_2644",1771,"59:55","FR_CSMBHB_73000",25,24,-1,1,1,1,0,0,25,24,"FR_CSMBHB_73000"
"FR-1-H_26_41_2645",1772,"21:11","FR_PSGHB_75016",10,12,-2,-2,-2,-3,0,-1,29,29,"Egalité"
"FR-1-H_26_41_2645",1773,"27:52","FR_FTHB_31000",15,14,-3,1,1,5,0,4,29,29,"Egalité"
"FR-1-H_26_41_2645",1774,"42:56","FR_FTHB_31000",20,21,-3,-1,-1,0,0,1,29,29,"Egalité"
"FR-1-H_26_41_2645",1775,"58:25","FR_FTHB_31000",29,29,-2,0,0,0,0,0,29,29,"Egalité"
"FR-1-H_26_41_2646",1776,"12:18","FR_TFHB_93290",4,5,-3,-1,-1,-2,0,-1,28,33,"FR_PAUC_13100"
"FR-1-H_26_41_2646",1777,"24:17","FR_PAUC_13100",13,9,-1,4,4,3,0,-1,33,28,"FR_PAUC_13100"
"FR-1-H_26_41_2646",1778,"33:13","FR_TFHB_93290",12,17,-2,-5,-5,-7,0,-2,28,33,"FR_PAUC_13100"
"FR-1-H_26_41_2646",1779,"48:19","FR_TFHB_93290",19,25,-1,-6,-6,-4,0,2,28,33,"FR_PAUC_13100"
"FR-1-H_26_41_2647",1780,"18:55","FR_USAMNG_30918",7,12,-2,-5,-5,-4,0,1,24,25,"FR_DHBGL_59140"
"FR-1-H_26_41_2647",1781,"20:40","FR_DHBGL_59140",12,8,-1,4,4,2,0,-2,25,24,"FR_DHBGL_59140"
"FR-1-H_26_41_2647",1782,"27:44","FR_DHBGL_59140",13,12,-4,1,1,2,0,1,25,24,"FR_DHBGL_59140"
"FR-1-H_26_41_2647",1783,"45:06","FR_USAMNG_30918",20,19,2,1,1,1,0,0,24,25,"FR_DHBGL_59140"
"FR-1-H_26_41_2647",1784,"50:05","FR_DHBGL_59140",21,22,-2,-1,-1,-2,0,-1,25,24,"FR_DHBGL_59140"
"FR-1-H_26_41_2647",1785,"58:56","FR_USAMNG_30918",24,24,-2,0,0,-1,0,-1,24,25,"FR_DHBGL_59140"
"FR-1-H_26_41_2648",1786,"12:37","FR_IPHB_13806",1,6,-4,-5,-5,-5,0,0,26,30,"FR_USCHB_94000"
"FR-1-H_26_41_2648",1787,"19:11","FR_USCHB_94000",8,6,-4,2,2,5,0,3,30,26,"FR_USCHB_94000"
"FR-1-H_26_41_2648",1788,"34:36","FR_IPHB_13806",13,18,-2,-5,-5,-7,0,-2,26,30,"FR_USCHB_94000"
"FR-1-H_26_41_2648",1789,"50:54","FR_IPHB_13806",21,29,-1,-8,-8,-8,0,0,26,30,"FR_USCHB_94000"
"FR-1-H_26_41_2649",1790,"12:04","FR_CRMHB_35510",6,10,-3,-4,-4,-3,0,1,27,36,"FR_MHB_34000"
"FR-1-H_26_41_2649",1791,"23:20","FR_MHB_34000",16,11,2,5,5,5,0,0,36,27,"FR_MHB_34000"
"FR-1-H_26_41_2649",1792,"52:00","FR_MHB_34000",32,24,1,8,8,8,0,0,36,27,"FR_MHB_34000"
"FR-1-H_26_41_2649",1793,"54:24","FR_MHB_34000",33,25,-1,8,8,8,0,0,36,27,"FR_MHB_34000"
"FR-1-H_26_41_2650",1794,"13:42","FR_SAHB_80262",8,9,-2,-1,-1,-1,0,0,27,31,"FR_SRVHB_83700"
"FR-1-H_26_41_2650",1795,"47:57","FR_SAHB_80262",23,26,-1,-3,-3,-3,0,0,27,31,"FR_SRVHB_83700"
"FR-1-H_26_42_2651",1796,"21:47","FR_HBCN_44200",12,11,-2,1,1,1,0,0,31,29,"FR_HBCN_44200"
"FR-1-H_26_42_2651",1797,"43:41","FR_FTHB_31000",22,24,-2,-2,-2,-2,0,0,29,31,"FR_HBCN_44200"
"FR-1-H_26_42_2651",1798,"56:58","FR_FTHB_31000",27,29,-1,-2,-2,-2,0,0,29,31,"FR_HBCN_44200"
"FR-1-H_26_42_2651",1799,"58:58","FR_HBCN_44200",30,28,-1,2,2,2,0,0,31,29,"FR_HBCN_44200"
"FR-1-H_26_42_2652",1800,"22:58","FR_PAUC_13100",10,8,-1,2,2,4,0,2,29,31,"FR_USCHB_94000"
"FR-1-H_26_42_2652",1801,"26:24","FR_USCHB_94000",9,13,-2,-4,-4,-1,0,3,31,29,"FR_USCHB_94000"
"FR-1-H_26_42_2652",1802,"44:23","FR_USCHB_94000",20,23,-2,-3,-3,1,0,4,31,29,"FR_USCHB_94000"
"FR-1-H_26_42_2652",1803,"49:53","FR_PAUC_13100",24,25,-4,-1,-1,-3,0,-2,29,31,"FR_USCHB_94000"
"FR-1-H_26_42_2652",1804,"58:24","FR_USCHB_94000",30,28,1,2,2,2,0,0,31,29,"FR_USCHB_94000"
"FR-1-H_26_42_2653",1805,"15:35","FR_IPHB_13806",4,8,1,-4,-4,-4,0,0,21,29,"FR_CRMHB_35510"
"FR-1-H_26_42_2653",1806,"17:18","FR_IPHB_13806",5,9,1,-4,-4,-6,0,-2,21,29,"FR_CRMHB_35510"
"FR-1-H_26_42_2653",1807,"46:37","FR_CRMHB_35510",22,15,1,7,7,10,0,3,29,21,"FR_CRMHB_35510"
"FR-1-H_26_42_2653",1808,"56:56","FR_CRMHB_35510",28,20,-1,8,8,8,0,0,29,21,"FR_CRMHB_35510"
"FR-1-H_26_42_2654",1809,"14:21","FR_SAHB_80262",5,5,-2,0,0,-1,0,-1,19,24,"FR_DHBGL_59140"
"FR-1-H_26_42_2654",1810,"25:50","FR_DHBGL_59140",11,7,3,4,4,3,0,-1,24,19,"FR_DHBGL_59140"
"FR-1-H_26_42_2654",1811,"45:04","FR_DHBGL_59140",19,15,-2,4,4,6,0,2,24,19,"FR_DHBGL_59140"
"FR-1-H_26_42_2654",1812,"54:47","FR_SAHB_80262",18,23,-1,-5,-5,-5,0,0,19,24,"FR_DHBGL_59140"
"FR-1-H_26_42_2654",1813,"59:06","FR_SAHB_80262",19,24,-1,-5,-5,-5,0,0,19,24,"FR_DHBGL_59140"
"FR-1-H_26_42_2655",1814,"29:18","FR_CSMBHB_73000",11,13,1,-2,-2,0,0,2,25,26,"FR_SRVHB_83700"
"FR-1-H_26_42_2655",1815,"54:15","FR_CSMBHB_73000",24,21,0,3,3,0,0,-3,25,26,"FR_SRVHB_83700"
"FR-1-H_26_42_2655",1816,"58:54","FR_CSMBHB_73000",25,25,-2,0,0,0,0,0,25,26,"FR_SRVHB_83700"
"FR-1-H_26_42_2656",1817,"19:29","FR_TFHB_93290",7,12,-2,-5,-5,-5,0,0,28,33,"FR_MHB_34000"
"FR-1-H_26_42_2656",1818,"26:06","FR_MHB_34000",15,11,-1,4,4,5,0,1,33,28,"FR_MHB_34000"
"FR-1-H_26_42_2656",1819,"40:48","FR_TFHB_93290",18,24,-3,-6,-6,-4,0,2,28,33,"FR_MHB_34000"
"FR-1-H_26_42_2656",1820,"47:20","FR_MHB_34000",25,22,-3,3,3,4,0,1,33,28,"FR_MHB_34000"
"FR-1-H_26_42_2656",1821,"56:20","FR_MHB_34000",31,27,2,4,4,5,0,1,33,28,"FR_MHB_34000"
"FR-1-H_26_42_2657",1822,"12:27","FR_PSGHB_75016",6,6,-2,0,0,-1,0,-1,37,27,"FR_PSGHB_75016"
"FR-1-H_26_42_2657",1823,"25:03","FR_USAMNG_30918",11,13,-2,-2,-2,-1,0,1,27,37,"FR_PSGHB_75016"
"FR-1-H_26_42_2657",1824,"33:18","FR_USAMNG_30918",15,20,-4,-5,-5,-5,0,0,27,37,"FR_PSGHB_75016"
"FR-1-H_26_42_2657",1825,"47:07","FR_USAMNG_30918",19,27,-1,-8,-8,-6,0,2,27,37,"FR_PSGHB_75016"
"FR-1-H_26_43_2658",1826,"20:47","FR_HBCN_44200",8,9,-2,-1,-1,-1,0,0,21,30,"FR_MHB_34000"
"FR-1-H_26_43_2658",1827,"26:31","FR_MHB_34000",12,11,-1,1,1,3,0,2,30,21,"FR_MHB_34000"
"FR-1-H_26_43_2658",1828,"35:32","FR_HBCN_44200",13,18,-3,-5,-5,-3,0,2,21,30,"FR_MHB_34000"
"FR-1-H_26_43_2658",1829,"41:20","FR_MHB_34000",20,18,-4,2,2,1,0,-1,30,21,"FR_MHB_34000"
"FR-1-H_26_43_2658",1830,"50:21","FR_HBCN_44200",21,24,-2,-3,-3,-6,0,-3,21,30,"FR_MHB_34000"
"FR-1-H_26_43_2658",1831,"56:10","FR_MHB_34000",27,21,3,6,6,9,0,3,30,21,"FR_MHB_34000"
"FR-1-H_26_43_2659",1832,"10:12","FR_PSGHB_75016",3,6,-2,-3,-3,-1,0,2,30,29,"FR_PSGHB_75016"
"FR-1-H_26_43_2659",1833,"27:37","FR_PAUC_13100",13,14,-2,-1,-1,-2,0,-1,29,30,"FR_PSGHB_75016"
"FR-1-H_26_43_2659",1834,"49:15","FR_PSGHB_75016",24,23,-1,1,1,-1,0,-2,30,29,"FR_PSGHB_75016"
"FR-1-H_26_43_2659",1835,"56:16","FR_PAUC_13100",28,29,-2,-1,-1,0,0,1,29,30,"FR_PSGHB_75016"
"FR-1-H_26_43_2659",1836,"59:25","FR_PSGHB_75016",29,29,-1,0,0,1,0,1,30,29,"FR_PSGHB_75016"
"FR-1-H_26_43_2660",1837,"12:41","FR_USCHB_94000",6,9,-3,-3,-3,-3,0,0,26,28,"FR_CSMBHB_73000"
"FR-1-H_26_43_2660",1838,"27:55","FR_CSMBHB_73000",17,11,-1,6,6,8,0,2,28,26,"FR_CSMBHB_73000"
"FR-1-H_26_43_2660",1839,"50:54","FR_USCHB_94000",18,25,-1,-7,-7,-4,0,3,26,28,"FR_CSMBHB_73000"
"FR-1-H_26_43_2660",1840,"53:59","FR_CSMBHB_73000",26,22,-2,4,4,3,0,-1,28,26,"FR_CSMBHB_73000"
"FR-1-H_26_43_2661",1841,"18:57","FR_USAMNG_30918",8,10,-1,-2,-2,0,0,2,30,28,"FR_USAMNG_30918"
"FR-1-H_26_43_2661",1842,"45:58","FR_USAMNG_30918",23,22,-2,1,1,0,0,-1,30,28,"FR_USAMNG_30918"
"FR-1-H_26_43_2661",1843,"59:00","FR_USAMNG_30918",29,28,1,1,1,2,0,1,30,28,"FR_USAMNG_30918"
"FR-1-H_26_43_2662",1844,"24:09","FR_DHBGL_59140",16,11,1,5,5,6,0,1,32,25,"FR_DHBGL_59140"
"FR-1-H_26_43_2663",1845,"21:04","FR_TFHB_93290",8,11,-2,-3,-3,-1,0,2,31,32,"FR_SAHB_80262"
"FR-1-H_26_43_2663",1846,"22:17","FR_SAHB_80262",11,10,-2,1,1,4,0,3,32,31,"FR_SAHB_80262"
"FR-1-H_26_43_2663",1847,"47:32","FR_TFHB_93290",23,28,-1,-5,-5,-3,0,2,31,32,"FR_SAHB_80262"
"FR-1-H_26_43_2663",1848,"59:44","FR_SAHB_80262",32,31,1,1,1,1,0,0,32,31,"FR_SAHB_80262"
"FR-1-H_26_43_2664",1849,"16:19","FR_FTHB_31000",5,7,-2,-2,-2,-1,0,1,27,25,"FR_FTHB_31000"
"FR-1-H_26_43_2664",1850,"53:22","FR_CRMHB_35510",21,22,-3,-1,-1,-2,0,-1,25,27,"FR_FTHB_31000"
"FR-1-H_26_44_2665",1851,"09:04","FR_DHBGL_59140",2,6,-1,-4,-4,-2,0,2,27,24,"FR_DHBGL_59140"
"FR-1-H_26_44_2665",1852,"22:41","FR_FTHB_31000",11,9,-2,2,2,1,0,-1,24,27,"FR_DHBGL_59140"
"FR-1-H_26_44_2665",1853,"38:50","FR_FTHB_31000",15,18,-2,-3,-3,-4,0,-1,24,27,"FR_DHBGL_59140"
"FR-1-H_26_44_2665",1854,"50:19","FR_DHBGL_59140",22,20,-4,2,2,3,0,1,27,24,"FR_DHBGL_59140"
"FR-1-H_26_44_2666",1855,"19:19","FR_MHB_34000",7,9,-4,-2,-2,1,0,3,34,30,"FR_MHB_34000"
"FR-1-H_26_44_2666",1856,"28:49","FR_USCHB_94000",14,14,1,0,0,-2,0,-2,30,34,"FR_MHB_34000"
"FR-1-H_26_44_2666",1857,"51:22","FR_MHB_34000",30,28,-3,2,2,2,0,0,34,30,"FR_MHB_34000"
"FR-1-H_26_44_2666",1858,"56:44","FR_MHB_34000",32,30,-1,2,2,4,0,2,34,30,"FR_MHB_34000"
"FR-1-H_26_44_2667",1859,"09:59","FR_CRMHB_35510",1,3,-1,-2,-2,-2,0,0,18,17,"FR_CRMHB_35510"
"FR-1-H_26_44_2667",1860,"29:02","FR_CSMBHB_73000",9,8,1,1,1,0,0,-1,17,18,"FR_CRMHB_35510"
"FR-1-H_26_44_2667",1861,"47:57","FR_CRMHB_35510",14,15,-2,-1,-1,0,0,1,18,17,"FR_CRMHB_35510"
"FR-1-H_26_44_2667",1862,"53:44","FR_CSMBHB_73000",16,17,-3,-1,-1,0,0,1,17,18,"FR_CRMHB_35510"
"FR-1-H_26_44_2667",1863,"58:44","FR_CSMBHB_73000",17,18,1,-1,-1,-1,0,0,17,18,"FR_CRMHB_35510"
"FR-1-H_26_44_2668",1864,"22:48","FR_USAMNG_30918",9,13,-2,-4,-4,-5,0,-1,27,31,"FR_HBCN_44200"
"FR-1-H_26_44_2668",1865,"26:52","FR_HBCN_44200",16,11,-1,5,5,4,0,-1,31,27,"FR_HBCN_44200"
"FR-1-H_26_44_2668",1866,"42:30","FR_USAMNG_30918",20,23,-2,-3,-3,-3,0,0,27,31,"FR_HBCN_44200"
"FR-1-H_26_44_2668",1867,"49:13","FR_USAMNG_30918",22,27,-2,-5,-5,-3,0,2,27,31,"FR_HBCN_44200"
"FR-1-H_26_44_2668",1868,"51:13","FR_HBCN_44200",27,24,-2,3,3,3,0,0,31,27,"FR_HBCN_44200"
"FR-1-H_26_44_2668",1869,"59:05","FR_HBCN_44200",29,27,-1,2,2,4,0,2,31,27,"FR_HBCN_44200"
"FR-1-H_26_44_2669",1870,"15:10","FR_SAHB_80262",4,11,-3,-7,-7,-8,0,-1,26,36,"FR_PSGHB_75016"
"FR-1-H_26_44_2669",1871,"45:06","FR_SAHB_80262",17,27,-3,-10,-10,-9,0,1,26,36,"FR_PSGHB_75016"
"FR-1-H_26_44_2669",1872,"53:46","FR_SAHB_80262",23,33,-1,-10,-10,-9,0,1,26,36,"FR_PSGHB_75016"
"FR-1-H_26_44_2670",1873,"06:29","FR_PAUC_13100",0,4,-3,-4,-4,-2,0,2,33,36,"FR_SRVHB_83700"
"FR-1-H_26_44_2670",1874,"53:04","FR_PAUC_13100",29,34,-1,-5,-5,-3,0,2,33,36,"FR_SRVHB_83700"
"FR-1-H_26_44_2671",1875,"19:35","FR_IPHB_13806",10,10,-1,0,0,1,0,1,29,37,"FR_TFHB_93290"
"FR-1-H_26_44_2671",1876,"24:23","FR_TFHB_93290",12,13,-2,-1,-1,-2,0,-1,37,29,"FR_TFHB_93290"
"FR-1-H_26_44_2671",1877,"43:27","FR_IPHB_13806",21,24,-3,-3,-3,-4,0,-1,29,37,"FR_TFHB_93290"
"FR-1-H_26_44_2671",1878,"46:24","FR_IPHB_13806",23,29,1,-6,-6,-5,0,1,29,37,"FR_TFHB_93290"
"FR-1-H_26_44_2671",1879,"49:34","FR_TFHB_93290",29,24,-1,5,5,6,0,1,37,29,"FR_TFHB_93290"
"FR-1-H_26_45_2672",1880,"12:53","FR_USAMNG_30918",3,7,-3,-4,-4,-5,0,-1,19,24,"FR_MHB_34000"
"FR-1-H_26_45_2672",1881,"20:14","FR_MHB_34000",9,6,-2,3,3,2,0,-1,24,19,"FR_MHB_34000"
"FR-1-H_26_45_2672",1882,"35:03","FR_USAMNG_30918",11,16,-4,-5,-5,-4,0,1,19,24,"FR_MHB_34000"
"FR-1-H_26_45_2672",1883,"42:52","FR_MHB_34000",18,16,-3,2,2,5,0,3,24,19,"FR_MHB_34000"
"FR-1-H_26_45_2672",1884,"47:35","FR_USAMNG_30918",16,21,-3,-5,-5,-4,0,1,19,24,"FR_MHB_34000"
"FR-1-H_26_45_2672",1885,"57:54","FR_MHB_34000",24,19,1,5,5,5,0,0,24,19,"FR_MHB_34000"
"FR-1-H_26_45_2673",1886,"18:59","FR_SAHB_80262",8,9,-2,-1,-1,-1,0,0,27,33,"FR_PAUC_13100"
"FR-1-H_26_45_2673",1887,"25:32","FR_PAUC_13100",15,12,2,3,3,2,0,-1,33,27,"FR_PAUC_13100"
"FR-1-H_26_45_2673",1888,"41:53","FR_SAHB_80262",21,24,-1,-3,-3,-4,0,-1,27,33,"FR_PAUC_13100"
"FR-1-H_26_45_2673",1889,"47:48","FR_PAUC_13100",25,21,1,4,4,6,0,2,33,27,"FR_PAUC_13100"
"FR-1-H_26_45_2673",1890,"48:58","FR_SAHB_80262",21,27,-2,-6,-6,-5,0,1,27,33,"FR_PAUC_13100"
"FR-1-H_26_45_2673",1891,"54:23","FR_PAUC_13100",29,24,-2,5,5,7,0,2,33,27,"FR_PAUC_13100"
"FR-1-H_26_45_2674",1892,"04:47","FR_DHBGL_59140",1,4,-3,-3,-3,-4,0,-1,22,21,"FR_DHBGL_59140"
"FR-1-H_26_45_2674",1893,"17:42","FR_CRMHB_35510",7,5,-1,2,2,3,0,1,21,22,"FR_DHBGL_59140"
"FR-1-H_26_45_2674",1894,"36:48","FR_CRMHB_35510",13,13,-4,0,0,-1,0,-1,21,22,"FR_DHBGL_59140"
"FR-1-H_26_45_2674",1895,"52:26","FR_DHBGL_59140",21,17,-1,4,4,2,0,-2,22,21,"FR_DHBGL_59140"
"FR-1-H_26_45_2674",1896,"56:59","FR_DHBGL_59140",22,20,-3,2,2,1,0,-1,22,21,"FR_DHBGL_59140"
"FR-1-H_26_45_2675",1897,"30:00","FR_CSMBHB_73000",16,12,2,4,4,5,0,1,34,26,"FR_CSMBHB_73000"
"FR-1-H_26_45_2675",1898,"45:00","FR_IPHB_13806",16,26,-2,-10,-10,-10,0,0,26,34,"FR_CSMBHB_73000"
"FR-1-H_26_45_2676",1899,"16:26","FR_TFHB_93290",6,8,-3,-2,-2,-1,0,1,28,24,"FR_TFHB_93290"
"FR-1-H_26_45_2676",1900,"21:05","FR_HBCN_44200",8,7,-1,1,1,1,0,0,24,28,"FR_TFHB_93290"
"FR-1-H_26_45_2676",1901,"42:30","FR_TFHB_93290",17,16,-2,1,1,2,0,1,28,24,"FR_TFHB_93290"
"FR-1-H_26_45_2676",1902,"55:17","FR_HBCN_44200",21,25,-1,-4,-4,-4,0,0,24,28,"FR_TFHB_93290"
"FR-1-H_26_45_2676",1903,"57:24","FR_TFHB_93290",26,22,-1,4,4,4,0,0,28,24,"FR_TFHB_93290"
"FR-1-H_26_45_2677",1904,"15:53","FR_PSGHB_75016",5,9,-2,-4,-4,-4,0,0,35,31,"FR_PSGHB_75016"
"FR-1-H_26_45_2677",1905,"27:33","FR_USCHB_94000",14,12,-2,2,2,0,0,-2,31,35,"FR_PSGHB_75016"
"FR-1-H_26_45_2677",1906,"55:07","FR_USCHB_94000",28,31,-3,-3,-3,-2,0,1,31,35,"FR_PSGHB_75016"
"FR-1-H_26_45_2677",1907,"58:39","FR_PSGHB_75016",33,31,-1,2,2,4,0,2,35,31,"FR_PSGHB_75016"
"FR-1-H_26_45_2678",1908,"16:03","FR_FTHB_31000",7,9,-3,-2,-2,-2,0,0,27,28,"FR_SRVHB_83700"
"FR-1-H_26_45_2678",1909,"42:10","FR_FTHB_31000",16,20,-3,-4,-4,-4,0,0,27,28,"FR_SRVHB_83700"
"FR-1-H_26_45_2678",1910,"54:25","FR_FTHB_31000",24,25,1,-1,-1,0,0,1,27,28,"FR_SRVHB_83700"
"FR-1-H_26_46_2679",1911,"18:42","FR_MHB_34000",9,12,-2,-3,-3,-5,0,-2,28,32,"FR_PSGHB_75016"
"FR-1-H_26_46_2679",1912,"24:37","FR_PSGHB_75016",15,11,-1,4,4,5,0,1,32,28,"FR_PSGHB_75016"
"FR-1-H_26_46_2679",1913,"44:52","FR_PSGHB_75016",22,22,-1,0,0,1,0,1,32,28,"FR_PSGHB_75016"
"FR-1-H_26_46_2679",1914,"49:18","FR_MHB_34000",23,24,-1,-1,-1,-3,0,-2,28,32,"FR_PSGHB_75016"
"FR-1-H_26_46_2679",1915,"56:31","FR_MHB_34000",26,30,-1,-4,-4,-4,0,0,28,32,"FR_PSGHB_75016"
"FR-1-H_26_46_2680",1916,"21:16","FR_CRMHB_35510",9,11,-3,-2,-2,2,0,4,26,25,"FR_CRMHB_35510"
"FR-1-H_26_46_2680",1917,"26:06","FR_USCHB_94000",12,14,-1,-2,-2,-1,0,1,25,26,"FR_CRMHB_35510"
"FR-1-H_26_46_2680",1918,"41:53","FR_USCHB_94000",16,20,-2,-4,-4,-2,0,2,25,26,"FR_CRMHB_35510"
"FR-1-H_26_46_2680",1919,"51:08","FR_CRMHB_35510",23,23,-3,0,0,-1,0,-1,26,25,"FR_CRMHB_35510"
"FR-1-H_26_46_2680",1920,"59:17","FR_USCHB_94000",25,25,-1,0,0,-1,0,-1,25,26,"FR_CRMHB_35510"
"FR-1-H_26_46_2681",1921,"14:54","FR_PAUC_13100",2,8,-4,-6,-6,-2,0,4,28,29,"FR_CSMBHB_73000"
"FR-1-H_26_46_2681",1922,"20:48","FR_CSMBHB_73000",8,7,-4,1,1,0,0,-1,29,28,"FR_CSMBHB_73000"
"FR-1-H_26_46_2681",1923,"48:58","FR_PAUC_13100",23,24,-1,-1,-1,-2,0,-1,28,29,"FR_CSMBHB_73000"
"FR-1-H_26_46_2681",1924,"54:49","FR_CSMBHB_73000",26,25,-1,1,1,1,0,0,29,28,"FR_CSMBHB_73000"
"FR-1-H_26_46_2681",1925,"59:15","FR_CSMBHB_73000",29,28,-1,1,1,1,0,0,29,28,"FR_CSMBHB_73000"
"FR-1-H_26_46_2682",1926,"09:49","FR_TFHB_93290",3,8,-3,-5,-5,-7,0,-2,18,27,"FR_DHBGL_59140"
"FR-1-H_26_46_2682",1927,"26:15","FR_DHBGL_59140",13,6,-1,7,7,9,0,2,27,18,"FR_DHBGL_59140"
"FR-1-H_26_46_2682",1928,"43:59","FR_DHBGL_59140",19,11,1,8,8,9,0,1,27,18,"FR_DHBGL_59140"
"FR-1-H_26_46_2682",1929,"47:32","FR_TFHB_93290",12,21,-2,-9,-9,-8,0,1,18,27,"FR_DHBGL_59140"
"FR-1-H_26_46_2682",1930,"51:47","FR_TFHB_93290",15,23,-1,-8,-8,-8,0,0,18,27,"FR_DHBGL_59140"
"FR-1-H_26_46_2682",1931,"53:32","FR_DHBGL_59140",24,16,-1,8,8,10,0,2,27,18,"FR_DHBGL_59140"
"FR-1-H_26_46_2683",1932,"19:05","FR_IPHB_13806",7,10,-1,-3,-3,-4,0,-1,28,31,"FR_FTHB_31000"
"FR-1-H_26_46_2683",1933,"23:23","FR_FTHB_31000",14,10,-1,4,4,3,0,-1,31,28,"FR_FTHB_31000"
"FR-1-H_26_46_2683",1934,"36:27","FR_FTHB_31000",18,17,-3,1,1,1,0,0,31,28,"FR_FTHB_31000"
"FR-1-H_26_46_2683",1935,"47:15","FR_IPHB_13806",21,24,-1,-3,-3,-2,0,1,28,31,"FR_FTHB_31000"
"FR-1-H_26_46_2683",1936,"54:10","FR_IPHB_13806",25,28,-1,-3,-3,-3,0,0,28,31,"FR_FTHB_31000"
"FR-1-H_26_46_2684",1937,"21:13","FR_HBCN_44200",12,9,1,3,3,3,0,0,27,27,"Egalité"
"FR-1-H_26_46_2684",1938,"42:45","FR_HBCN_44200",21,20,-2,1,1,-1,0,-2,27,27,"Egalité"
"FR-1-H_26_46_2684",1939,"57:15","FR_HBCN_44200",27,27,-2,0,0,0,0,0,27,27,"Egalité"
"FR-1-H_26_46_2685",1940,"15:54","FR_USAMNG_30918",9,6,2,3,3,2,0,-1,27,20,"FR_USAMNG_30918"
"FR-1-H_26_46_2685",1941,"22:20","FR_SAHB_80262",9,10,2,-1,-1,-1,0,0,20,27,"FR_USAMNG_30918"
"FR-1-H_26_46_2685",1942,"34:28","FR_SAHB_80262",12,16,-2,-4,-4,-5,0,-1,20,27,"FR_USAMNG_30918"
"FR-1-H_26_46_2685",1943,"54:22","FR_USAMNG_30918",24,19,-2,5,5,7,0,2,27,20,"FR_USAMNG_30918"
"FR-1-H_26_47_2686",1944,"15:24","FR_PSGHB_75016",2,5,-2,-3,-3,-3,0,0,23,17,"FR_PSGHB_75016"
"FR-1-H_26_47_2686",1945,"23:38","FR_DHBGL_59140",7,6,-2,1,1,-2,0,-3,17,23,"FR_PSGHB_75016"
"FR-1-H_26_47_2686",1946,"34:43","FR_DHBGL_59140",9,12,-2,-3,-3,-2,0,1,17,23,"FR_PSGHB_75016"
"FR-1-H_26_47_2686",1947,"48:31","FR_DHBGL_59140",15,17,-1,-2,-2,-5,0,-3,17,23,"FR_PSGHB_75016"
"FR-1-H_26_47_2687",1948,"07:17","FR_CRMHB_35510",1,1,1,0,0,0,0,0,23,23,"Egalité"
"FR-1-H_26_47_2687",1949,"21:58","FR_CRMHB_35510",7,8,-1,-1,-1,-1,0,0,23,23,"Egalité"
"FR-1-H_26_47_2687",1950,"41:29","FR_CRMHB_35510",13,16,-4,-3,-3,-3,0,0,23,23,"Egalité"
"FR-1-H_26_47_2687",1951,"55:03","FR_CRMHB_35510",21,21,-1,0,0,1,0,1,23,23,"Egalité"
"FR-1-H_26_47_2688",1952,"13:53","FR_USAMNG_30918",6,10,-4,-4,-4,0,0,4,35,27,"FR_USAMNG_30918"
"FR-1-H_26_47_2688",1953,"45:12","FR_USAMNG_30918",24,20,1,4,4,4,0,0,35,27,"FR_USAMNG_30918"
"FR-1-H_26_47_2688",1954,"48:33","FR_IPHB_13806",20,25,1,-5,-5,-6,0,-1,27,35,"FR_USAMNG_30918"
"FR-1-H_26_47_2689",1955,"21:00","FR_PAUC_13100",7,10,-1,-3,-3,-4,0,-1,28,35,"FR_MHB_34000"
"FR-1-H_26_47_2689",1956,"27:47","FR_MHB_34000",14,9,3,5,5,5,0,0,35,28,"FR_MHB_34000"
"FR-1-H_26_47_2689",1957,"41:09","FR_PAUC_13100",15,23,-3,-8,-8,-9,0,-1,28,35,"FR_MHB_34000"
"FR-1-H_26_47_2689",1958,"50:56","FR_MHB_34000",28,20,-2,8,8,8,0,0,35,28,"FR_MHB_34000"
"FR-1-H_26_47_2689",1959,"55:57","FR_MHB_34000",32,24,-1,8,8,7,0,-1,35,28,"FR_MHB_34000"
"FR-1-H_26_47_2689",1960,"59:55","FR_PAUC_13100",28,35,-1,-7,-7,-7,0,0,28,35,"FR_MHB_34000"
"FR-1-H_26_47_2690",1961,"14:05","FR_HBCN_44200",8,10,-3,-2,-2,0,0,2,34,32,"FR_HBCN_44200"
"FR-1-H_26_47_2690",1962,"29:32","FR_USCHB_94000",17,17,1,0,0,0,0,0,32,34,"FR_HBCN_44200"
"FR-1-H_26_47_2690",1963,"43:13","FR_HBCN_44200",25,24,-1,1,1,0,0,-1,34,32,"FR_HBCN_44200"
"FR-1-H_26_47_2690",1964,"47:59","FR_HBCN_44200",27,27,-2,0,0,1,0,1,34,32,"FR_HBCN_44200"
"FR-1-H_26_47_2690",1965,"57:16","FR_HBCN_44200",32,31,-1,1,1,2,0,1,34,32,"FR_HBCN_44200"
"FR-1-H_26_47_2691",1966,"12:49","FR_SAHB_80262",4,7,-4,-3,-3,-3,0,0,29,31,"FR_FTHB_31000"
"FR-1-H_26_47_2691",1967,"26:45","FR_SAHB_80262",11,14,2,-3,-3,-3,0,0,29,31,"FR_FTHB_31000"
"FR-1-H_26_47_2691",1968,"38:53","FR_FTHB_31000",19,17,-2,2,2,3,0,1,31,29,"FR_FTHB_31000"
"FR-1-H_26_47_2691",1969,"44:10","FR_SAHB_80262",19,22,-2,-3,-3,-1,0,2,29,31,"FR_FTHB_31000"
"FR-1-H_26_47_2691",1970,"55:59","FR_SAHB_80262",24,28,-1,-4,-4,-2,0,2,29,31,"FR_FTHB_31000"
"FR-1-H_26_47_2691",1971,"58:29","FR_FTHB_31000",29,27,-2,2,2,2,0,0,31,29,"FR_FTHB_31000"
"FR-1-H_26_47_2692",1972,"10:58","FR_TFHB_93290",4,7,1,-3,-3,-2,0,1,27,30,"FR_CSMBHB_73000"
"FR-1-H_26_47_2692",1973,"16:10","FR_CSMBHB_73000",9,7,-2,2,2,1,0,-1,30,27,"FR_CSMBHB_73000"
"FR-1-H_26_47_2692",1974,"41:17","FR_TFHB_93290",17,21,-3,-4,-4,-5,0,-1,27,30,"FR_CSMBHB_73000"
"FR-1-H_26_47_2692",1975,"49:34","FR_TFHB_93290",20,25,1,-5,-5,-4,0,1,27,30,"FR_CSMBHB_73000"
"FR-1-H_26_47_2692",1976,"54:49","FR_CSMBHB_73000",27,23,-1,4,4,3,0,-1,30,27,"FR_CSMBHB_73000"
"FR-1-H_26_47_2692",1977,"57:38","FR_CSMBHB_73000",29,26,-2,3,3,3,0,0,30,27,"FR_CSMBHB_73000"
"FR-1-H_26_48_2693",1978,"21:41","FR_CSMBHB_73000",10,10,-3,0,0,2,0,2,29,27,"FR_CSMBHB_73000"
"FR-1-H_26_48_2693",1979,"23:15","FR_MHB_34000",10,12,-2,-2,-2,0,0,2,27,29,"FR_CSMBHB_73000"
"FR-1-H_26_48_2693",1980,"34:43","FR_MHB_34000",15,19,-2,-4,-4,-2,0,2,27,29,"FR_CSMBHB_73000"
"FR-1-H_26_48_2693",1981,"42:33","FR_CSMBHB_73000",21,20,-4,1,1,1,0,0,29,27,"FR_CSMBHB_73000"
"FR-1-H_26_48_2693",1982,"55:35","FR_MHB_34000",25,28,-1,-3,-3,-2,0,1,27,29,"FR_CSMBHB_73000"
"FR-1-H_26_48_2693",1983,"59:26","FR_CSMBHB_73000",29,27,-1,2,2,2,0,0,29,27,"FR_CSMBHB_73000"
"FR-1-H_26_48_2694",1984,"07:03","FR_PAUC_13100",3,7,-3,-4,-4,-7,0,-3,28,34,"FR_USAMNG_30918"
"FR-1-H_26_48_2694",1985,"21:54","FR_USAMNG_30918",17,8,-1,9,9,11,0,2,34,28,"FR_USAMNG_30918"
"FR-1-H_26_48_2694",1986,"39:03","FR_USAMNG_30918",21,15,-2,6,6,5,0,-1,34,28,"FR_USAMNG_30918"
"FR-1-H_26_48_2694",1987,"45:08","FR_PAUC_13100",18,23,1,-5,-5,-4,0,1,28,34,"FR_USAMNG_30918"
"FR-1-H_26_48_2694",1988,"53:54","FR_PAUC_13100",25,32,1,-7,-7,-8,0,-1,28,34,"FR_USAMNG_30918"
"FR-1-H_26_48_2695",1989,"11:47","FR_USCHB_94000",3,7,-3,-4,-4,-4,0,0,21,28,"FR_DHBGL_59140"
"FR-1-H_26_48_2695",1990,"29:21","FR_DHBGL_59140",13,8,-1,5,5,9,0,4,28,21,"FR_DHBGL_59140"
"FR-1-H_26_48_2695",1991,"33:05","FR_USCHB_94000",8,17,-4,-9,-9,-9,0,0,21,28,"FR_DHBGL_59140"
"FR-1-H_26_48_2695",1992,"37:01","FR_DHBGL_59140",18,9,-1,9,9,10,0,1,28,21,"FR_DHBGL_59140"
"FR-1-H_26_48_2695",1993,"51:19","FR_DHBGL_59140",24,17,-2,7,7,8,0,1,28,21,"FR_DHBGL_59140"
"FR-1-H_26_48_2696",1994,"23:09","FR_PSGHB_75016",13,8,1,5,5,4,0,-1,26,23,"FR_PSGHB_75016"
"FR-1-H_26_48_2696",1995,"50:46","FR_CRMHB_35510",21,24,-2,-3,-3,-3,0,0,23,26,"FR_PSGHB_75016"
"FR-1-H_26_48_2696",1996,"53:51","FR_PSGHB_75016",25,22,1,3,3,3,0,0,26,23,"FR_PSGHB_75016"
"FR-1-H_26_48_2697",1997,"21:50","FR_IPHB_13806",14,14,1,0,0,1,0,1,30,38,"FR_SRVHB_83700"
"FR-1-H_26_48_2697",1998,"35:25","FR_IPHB_13806",19,26,-4,-7,-7,-7,0,0,30,38,"FR_SRVHB_83700"
"FR-1-H_26_48_2698",1999,"22:25","FR_SAHB_80262",12,16,-3,-4,-4,-2,0,2,31,32,"FR_HBCN_44200"
"FR-1-H_26_48_2698",2000,"27:18","FR_HBCN_44200",16,14,-2,2,2,2,0,0,32,31,"FR_HBCN_44200"
"FR-1-H_26_48_2698",2001,"37:49","FR_SAHB_80262",21,23,-2,-2,-2,-2,0,0,31,32,"FR_HBCN_44200"
"FR-1-H_26_48_2698",2002,"49:12","FR_HBCN_44200",28,25,-1,3,3,3,0,0,32,31,"FR_HBCN_44200"
"FR-1-H_26_48_2698",2003,"56:54","FR_SAHB_80262",28,32,-2,-4,-4,-2,0,2,31,32,"FR_HBCN_44200"
"FR-1-H_26_48_2698",2004,"58:16","FR_HBCN_44200",32,30,-2,2,2,1,0,-1,32,31,"FR_HBCN_44200"
"FR-1-H_26_48_2699",2005,"29:17","FR_FTHB_31000",16,15,-1,1,1,0,0,-1,33,28,"FR_FTHB_31000"
"FR-1-H_26_48_2699",2006,"42:01","FR_TFHB_93290",18,22,-3,-4,-4,-1,0,3,28,33,"FR_FTHB_31000"
"FR-1-H_26_48_2699",2007,"45:02","FR_FTHB_31000",22,21,-3,1,1,3,0,2,33,28,"FR_FTHB_31000"
"FR-1-H_26_48_2699",2008,"54:01","FR_TFHB_93290",25,29,-2,-4,-4,-5,0,-1,28,33,"FR_FTHB_31000"
"FR-1-H_26_49_2700",2009,"12:12","FR_DHBGL_59140",4,7,1,-3,-3,-2,0,1,24,30,"FR_MHB_34000"
"FR-1-H_26_49_2700",2010,"26:34","FR_MHB_34000",12,10,-1,2,2,4,0,2,30,24,"FR_MHB_34000"
"FR-1-H_26_49_2700",2011,"37:19","FR_DHBGL_59140",14,19,-2,-5,-5,-8,0,-3,24,30,"FR_MHB_34000"
"FR-1-H_26_49_2700",2012,"45:28","FR_DHBGL_59140",15,24,-1,-9,-9,-7,0,2,24,30,"FR_MHB_34000"
"FR-1-H_26_49_2700",2013,"47:56","FR_MHB_34000",24,17,-2,7,7,7,0,0,30,24,"FR_MHB_34000"
"FR-1-H_26_49_2701",2014,"13:42","FR_CRMHB_35510",4,8,-4,-4,-4,-4,0,0,27,29,"FR_HBCN_44200"
"FR-1-H_26_49_2701",2015,"27:15","FR_HBCN_44200",14,6,2,8,8,7,0,-1,29,27,"FR_HBCN_44200"
"FR-1-H_26_49_2701",2016,"43:45","FR_HBCN_44200",20,15,-4,5,5,4,0,-1,29,27,"FR_HBCN_44200"
"FR-1-H_26_49_2701",2017,"53:46","FR_CRMHB_35510",21,26,-2,-5,-5,-4,0,1,27,29,"FR_HBCN_44200"
"FR-1-H_26_49_2702",2018,"16:56","FR_USCHB_94000",9,8,-3,1,1,4,0,3,25,23,"FR_USCHB_94000"
"FR-1-H_26_49_2702",2019,"20:16","FR_TFHB_93290",8,12,-3,-4,-4,-5,0,-1,23,25,"FR_USCHB_94000"
"FR-1-H_26_49_2702",2020,"39:18","FR_TFHB_93290",13,20,-2,-7,-7,-4,0,3,23,25,"FR_USCHB_94000"
"FR-1-H_26_49_2702",2021,"44:43","FR_USCHB_94000",21,18,-3,3,3,1,0,-2,25,23,"FR_USCHB_94000"
"FR-1-H_26_49_2702",2022,"59:14","FR_USCHB_94000",24,23,1,1,1,2,0,1,25,23,"FR_USCHB_94000"
"FR-1-H_26_49_2703",2023,"22:40","FR_CSMBHB_73000",6,8,-3,-2,-2,-2,0,0,24,25,"FR_USAMNG_30918"
"FR-1-H_26_49_2703",2024,"39:34","FR_USAMNG_30918",15,15,-2,0,0,-1,0,-1,25,24,"FR_USAMNG_30918"
"FR-1-H_26_49_2703",2025,"59:09","FR_CSMBHB_73000",24,23,-2,1,1,0,0,-1,24,25,"FR_USAMNG_30918"
"FR-1-H_26_49_2703",2026,"59:14","FR_USAMNG_30918",24,24,1,0,0,1,0,1,25,24,"FR_USAMNG_30918"
"FR-1-H_26_49_2704",2027,"12:22","FR_SAHB_80262",3,9,-4,-6,-6,-6,0,0,27,33,"FR_IPHB_13806"
"FR-1-H_26_49_2704",2028,"21:24","FR_IPHB_13806",14,12,1,2,2,3,0,1,33,27,"FR_IPHB_13806"
"FR-1-H_26_49_2704",2029,"42:30","FR_SAHB_80262",19,25,1,-6,-6,-5,0,1,27,33,"FR_IPHB_13806"
"FR-1-H_26_49_2704",2030,"51:22","FR_IPHB_13806",28,23,0,5,5,6,0,1,33,27,"FR_IPHB_13806"
"FR-1-H_26_49_2704",2031,"58:12","FR_SAHB_80262",26,32,-1,-6,-6,-6,0,0,27,33,"FR_IPHB_13806"
"FR-1-H_26_49_2705",2032,"19:28","FR_PSGHB_75016",10,6,-1,4,4,7,0,3,27,22,"FR_PSGHB_75016"
"FR-1-H_26_49_2705",2033,"47:59","FR_PSGHB_75016",23,17,0,6,6,5,0,-1,27,22,"FR_PSGHB_75016"
"FR-1-H_26_49_2706",2034,"10:01","FR_FTHB_31000",5,8,-2,-3,-3,-2,0,1,28,32,"FR_PAUC_13100"
"FR-1-H_26_49_2706",2035,"18:14","FR_PAUC_13100",11,11,-2,0,0,0,0,0,32,28,"FR_PAUC_13100"
"FR-1-H_26_49_2706",2036,"43:36","FR_FTHB_31000",20,22,-2,-2,-2,-3,0,-1,28,32,"FR_PAUC_13100"
"FR-1-H_26_49_2706",2037,"53:10","FR_FTHB_31000",24,28,-1,-4,-4,-2,0,2,28,32,"FR_PAUC_13100"
"FR-1-H_26_49_2706",2038,"57:48","FR_PAUC_13100",30,28,-1,2,2,4,0,2,32,28,"FR_PAUC_13100"
"FR-1-H_26_50_2707",2039,"10:35","FR_FTHB_31000",2,6,-3,-4,-4,-4,0,0,24,33,"FR_CSMBHB_73000"
"FR-1-H_26_50_2707",2040,"59:10","FR_CSMBHB_73000",33,24,-1,9,9,9,0,0,33,24,"FR_CSMBHB_73000"
"FR-1-H_26_50_2708",2041,"26:03","FR_HBCN_44200",16,15,-2,1,1,1,0,0,36,31,"FR_HBCN_44200"
"FR-1-H_26_50_2708",2042,"42:23","FR_PAUC_13100",21,25,-1,-4,-4,-5,0,-1,31,36,"FR_HBCN_44200"
"FR-1-H_26_50_2708",2043,"52:43","FR_HBCN_44200",31,27,0,4,4,5,0,1,36,31,"FR_HBCN_44200"
"FR-1-H_26_50_2708",2044,"59:42","FR_PAUC_13100",31,36,-1,-5,-5,-5,0,0,31,36,"FR_HBCN_44200"
"FR-1-H_26_50_2709",2045,"17:20","FR_CRMHB_35510",8,8,-1,0,0,0,0,0,29,27,"FR_CRMHB_35510"
"FR-1-H_26_50_2709",2046,"26:08","FR_USAMNG_30918",11,13,-2,-2,-2,-1,0,1,27,29,"FR_CRMHB_35510"
"FR-1-H_26_50_2709",2047,"37:21","FR_CRMHB_35510",17,17,-3,0,0,1,0,1,29,27,"FR_CRMHB_35510"
"FR-1-H_26_50_2709",2048,"45:20","FR_USAMNG_30918",21,23,-2,-2,-2,-2,0,0,27,29,"FR_CRMHB_35510"
"FR-1-H_26_50_2709",2049,"57:29","FR_CRMHB_35510",28,25,1,3,3,2,0,-1,29,27,"FR_CRMHB_35510"
"FR-1-H_26_50_2710",2050,"11:47","FR_IPHB_13806",6,9,-4,-3,-3,-7,0,-4,26,37,"FR_MHB_34000"
"FR-1-H_26_50_2710",2051,"23:13","FR_MHB_34000",17,8,-1,9,9,6,0,-3,37,26,"FR_MHB_34000"
"FR-1-H_26_50_2710",2052,"52:44","FR_MHB_34000",36,23,2,13,13,11,0,-2,37,26,"FR_MHB_34000"
"FR-1-H_26_50_2711",2053,"29:10","FR_DHBGL_59140",11,10,1,1,1,2,0,1,21,23,"FR_SRVHB_83700"
"FR-1-H_26_50_2711",2054,"41:58","FR_DHBGL_59140",14,15,-3,-1,-1,-2,0,-1,21,23,"FR_SRVHB_83700"
"FR-1-H_26_50_2711",2055,"53:43","FR_DHBGL_59140",19,20,-1,-1,-1,-1,0,0,21,23,"FR_SRVHB_83700"
"FR-1-H_26_50_2712",2056,"08:38","FR_SAHB_80262",3,7,0,-4,-4,-5,0,-1,28,29,"FR_USCHB_94000"
"FR-1-H_26_50_2712",2057,"26:50","FR_USCHB_94000",16,13,-2,3,3,1,0,-2,29,28,"FR_USCHB_94000"
"FR-1-H_26_50_2712",2058,"55:41","FR_SAHB_80262",27,28,1,-1,-1,-2,0,-1,28,29,"FR_USCHB_94000"
"FR-1-H_26_50_2712",2059,"59:20","FR_USCHB_94000",29,28,2,1,1,1,0,0,29,28,"FR_USCHB_94000"
"FR-1-H_26_50_2713",2060,"11:05","FR_TFHB_93290",4,7,-1,-3,-3,-2,0,1,20,35,"FR_PSGHB_75016"
"FR-1-H_26_50_2713",2061,"29:30","FR_PSGHB_75016",18,8,3,10,10,11,0,1,35,20,"FR_PSGHB_75016"
"FR-1-H_26_50_2713",2062,"46:43","FR_TFHB_93290",15,30,-3,-15,-15,-16,0,-1,20,35,"FR_PSGHB_75016"
"FR-1-H_26_50_2713",2063,"51:16","FR_TFHB_93290",16,32,-1,-16,-16,-17,0,-1,20,35,"FR_PSGHB_75016"
"FR-1-H_27_25_3004",2064,"18:49","FR_USAMNG_30918",9,13,-1,-4,-4,-3,0,1,32,36,"FR_PSGHB_75016"
"FR-1-H_27_25_3004",2065,"26:56","FR_PSGHB_75016",18,15,-1,3,3,5,0,2,36,32,"FR_PSGHB_75016"
"FR-1-H_27_25_3004",2066,"28:22","FR_USAMNG_30918",15,20,-2,-5,-5,-6,0,-1,32,36,"FR_PSGHB_75016"
"FR-1-H_27_25_3004",2067,"46:07","FR_USAMNG_30918",25,29,-2,-4,-4,-4,0,0,32,36,"FR_PSGHB_75016"
"FR-1-H_27_25_3004",2068,"51:34","FR_PSGHB_75016",33,29,-1,4,4,5,0,1,36,32,"FR_PSGHB_75016"
"FR-1-H_27_25_3004",2069,"57:36","FR_USAMNG_30918",30,36,-3,-6,-6,-4,0,2,32,36,"FR_PSGHB_75016"
"FR-1-H_27_25_3005",2070,"13:32","FR_PAUC_13100",7,10,-1,-3,-3,0,0,3,34,34,"Egalité"
"FR-1-H_27_25_3005",2071,"22:59","FR_HBCN_44200",13,15,-3,-2,-2,0,0,2,34,34,"Egalité"
"FR-1-H_27_25_3005",2072,"48:40","FR_PAUC_13100",28,28,-1,0,0,2,0,2,34,34,"Egalité"
"FR-1-H_27_25_3005",2073,"51:24","FR_HBCN_44200",29,31,-2,-2,-2,0,0,2,34,34,"Egalité"
"FR-1-H_27_25_3005",2074,"57:46","FR_HBCN_44200",33,33,-1,0,0,0,0,0,34,34,"Egalité"
"FR-1-H_27_25_3005",2075,"59:32","FR_PAUC_13100",34,34,1,0,0,0,0,0,34,34,"Egalité"
"FR-1-H_27_25_3006",2076,"27:59","FR_USCHB_94000",9,11,-3,-2,-2,-1,0,1,27,27,"Egalité"
"FR-1-H_27_25_3006",2077,"29:54","FR_CSMBHB_73000",12,11,-1,1,1,0,0,-1,27,27,"Egalité"
"FR-1-H_27_25_3006",2078,"52:37","FR_CSMBHB_73000",22,22,-2,0,0,0,0,0,27,27,"Egalité"
"FR-1-H_27_25_3006",2079,"59:00","FR_USCHB_94000",27,27,-1,0,0,0,0,0,27,27,"Egalité"
"FR-1-H_27_25_3007",2080,"15:50","FR_USIHB_94200",8,5,4,3,3,4,0,1,24,23,"FR_USIHB_94200"
"FR-1-H_27_25_3007",2081,"24:56","FR_TFHB_93290",9,12,1,-3,-3,-3,0,0,23,24,"FR_USIHB_94200"
"FR-1-H_27_25_3007",2082,"45:11","FR_USIHB_94200",19,18,-3,1,1,4,0,3,24,23,"FR_USIHB_94200"
"FR-1-H_27_25_3007",2083,"48:14","FR_TFHB_93290",18,22,-3,-4,-4,-4,0,0,23,24,"FR_USIHB_94200"
"FR-1-H_27_25_3007",2084,"51:47","FR_TFHB_93290",20,24,-1,-4,-4,-3,0,1,23,24,"FR_USIHB_94200"
"FR-1-H_27_25_3007",2085,"56:37","FR_USIHB_94200",24,21,-1,3,3,1,0,-2,24,23,"FR_USIHB_94200"
"FR-1-H_27_25_3008",2086,"09:03","FR_DHBGL_59140",1,2,-1,-1,-1,0,0,1,23,25,"FR_CRMHB_35510"
"FR-1-H_27_25_3008",2087,"24:24","FR_CRMHB_35510",10,7,-1,3,3,3,0,0,25,23,"FR_CRMHB_35510"
"FR-1-H_27_25_3008",2088,"37:38","FR_DHBGL_59140",13,18,-2,-5,-5,-3,0,2,23,25,"FR_CRMHB_35510"
"FR-1-H_27_25_3008",2089,"45:41","FR_CRMHB_35510",20,17,-1,3,3,3,0,0,25,23,"FR_CRMHB_35510"
"FR-1-H_27_25_3008",2090,"58:02","FR_CRMHB_35510",24,22,-1,2,2,2,0,0,25,23,"FR_CRMHB_35510"
"FR-1-H_27_25_3009",2091,"22:09","FR_FTHB_31000",9,11,-1,-2,-2,-1,0,1,26,28,"FR_SRVHB_83700"
"FR-1-H_27_25_3009",2092,"48:31","FR_FTHB_31000",22,23,-1,-1,-1,-1,0,0,26,28,"FR_SRVHB_83700"
"FR-1-H_27_25_3010",2093,"11:41","FR_MHB_34000",4,8,-3,-4,-4,-1,0,3,31,25,"FR_MHB_34000"
"FR-1-H_27_25_3010",2094,"15:35","FR_CCMHB_28000",8,7,-3,1,1,2,0,1,25,31,"FR_MHB_34000"
"FR-1-H_27_25_3010",2095,"36:39","FR_CCMHB_28000",13,18,-2,-5,-5,-4,0,1,25,31,"FR_MHB_34000"
"FR-1-H_27_25_3010",2096,"47:57","FR_CCMHB_28000",19,27,-4,-8,-8,-9,0,-1,25,31,"FR_MHB_34000"
"FR-1-H_27_25_3010",2097,"54:17","FR_MHB_34000",30,22,-2,8,8,7,0,-1,31,25,"FR_MHB_34000"
"FR-1-H_27_26_3011",2098,"02:04","FR_USCHB_94000",4,10,1,-6,-6,-5,0,1,29,40,"FR_HBCN_44200"
"FR-1-H_27_26_3011",2099,"23:00","FR_HBCN_44200",17,10,-1,7,7,5,0,-2,40,29,"FR_HBCN_44200"
"FR-1-H_27_26_3011",2100,"41:31","FR_HBCN_44200",27,20,1,7,7,8,0,1,40,29,"FR_HBCN_44200"
"FR-1-H_27_26_3011",2101,"51:49","FR_USCHB_94000",24,35,-1,-11,-11,-11,0,0,29,40,"FR_HBCN_44200"
"FR-1-H_27_26_3012",2102,"23:09","FR_CSMBHB_73000",9,8,-2,1,1,2,0,1,27,30,"FR_USAMNG_30918"
"FR-1-H_27_26_3012",2103,"25:40","FR_USAMNG_30918",9,12,-2,-3,-3,-2,0,1,30,27,"FR_USAMNG_30918"
"FR-1-H_27_26_3012",2104,"41:18","FR_CSMBHB_73000",17,19,-3,-2,-2,-2,0,0,27,30,"FR_USAMNG_30918"
"FR-1-H_27_26_3012",2105,"47:13","FR_USAMNG_30918",21,20,-2,1,1,2,0,1,30,27,"FR_USAMNG_30918"
"FR-1-H_27_26_3012",2106,"54:26","FR_CSMBHB_73000",24,28,-2,-4,-4,-3,0,1,27,30,"FR_USAMNG_30918"
"FR-1-H_27_26_3013",2107,"14:41","FR_USIHB_94200",4,7,-5,-3,-3,-3,0,0,27,33,"FR_PSGHB_75016"
"FR-1-H_27_26_3013",2108,"19:44","FR_PSGHB_75016",9,6,-1,3,3,4,0,1,33,27,"FR_PSGHB_75016"
"FR-1-H_27_26_3013",2109,"41:54","FR_PSGHB_75016",22,18,1,4,4,7,0,3,33,27,"FR_PSGHB_75016"
"FR-1-H_27_26_3013",2110,"50:39","FR_USIHB_94200",21,28,-1,-7,-7,-6,0,1,27,33,"FR_PSGHB_75016"
"FR-1-H_27_26_3014",2111,"27:17","FR_TFHB_93290",12,9,-2,3,3,1,0,-2,21,26,"FR_SRVHB_83700"
"FR-1-H_27_26_3014",2112,"39:24","FR_TFHB_93290",13,17,-4,-4,-4,-3,0,1,21,26,"FR_SRVHB_83700"
"FR-1-H_27_26_3014",2113,"52:38","FR_TFHB_93290",17,22,-2,-5,-5,-5,0,0,21,26,"FR_SRVHB_83700"
"FR-1-H_27_26_3015",2114,"17:27","FR_FTHB_31000",11,10,-2,1,1,1,0,0,30,30,"Egalité"
"FR-1-H_27_26_3015",2115,"25:54","FR_PAUC_13100",12,15,-2,-3,-3,-2,0,1,30,30,"Egalité"
"FR-1-H_27_26_3015",2116,"41:43","FR_FTHB_31000",22,20,-3,2,2,1,0,-1,30,30,"Egalité"
"FR-1-H_27_26_3015",2117,"53:43","FR_PAUC_13100",26,27,-1,-1,-1,-1,0,0,30,30,"Egalité"
"FR-1-H_27_26_3015",2118,"59:31","FR_FTHB_31000",30,30,-1,0,0,0,0,0,30,30,"Egalité"
"FR-1-H_27_26_3016",2119,"26:11","FR_CRMHB_35510",10,10,-2,0,0,1,0,1,25,23,"FR_CRMHB_35510"
"FR-1-H_27_26_3016",2120,"53:09","FR_CRMHB_35510",21,22,-2,-1,-1,1,0,2,25,23,"FR_CRMHB_35510"
"FR-1-H_27_26_3016",2121,"59:03","FR_CRMHB_35510",24,23,1,1,1,2,0,1,25,23,"FR_CRMHB_35510"
"FR-1-H_27_26_3017",2122,"20:37","FR_MHB_34000",10,12,-1,-2,-2,-3,0,-1,26,30,"FR_DHBGL_59140"
"FR-1-H_27_26_3017",2123,"28:34","FR_DHBGL_59140",15,12,-1,3,3,4,0,1,30,26,"FR_DHBGL_59140"
"FR-1-H_27_26_3017",2124,"49:45","FR_MHB_34000",22,26,-2,-4,-4,-4,0,0,26,30,"FR_DHBGL_59140"
"FR-1-H_27_26_3017",2125,"54:04","FR_DHBGL_59140",28,24,1,4,4,3,0,-1,30,26,"FR_DHBGL_59140"
"FR-1-H_27_26_3017",2126,"58:22","FR_MHB_34000",26,29,-1,-3,-3,-4,0,-1,26,30,"FR_DHBGL_59140"
"FR-1-H_27_27_3018",2127,"24:15","FR_HBCN_44200",11,14,-2,-3,-3,-3,0,0,29,34,"FR_CSMBHB_73000"
"FR-1-H_27_27_3018",2128,"26:37","FR_CSMBHB_73000",14,11,0,3,3,6,0,3,34,29,"FR_CSMBHB_73000"
"FR-1-H_27_27_3018",2129,"41:25","FR_HBCN_44200",19,27,-2,-8,-8,-5,0,3,29,34,"FR_CSMBHB_73000"
"FR-1-H_27_27_3018",2130,"43:16","FR_CSMBHB_73000",27,22,-3,5,5,9,0,4,34,29,"FR_CSMBHB_73000"
"FR-1-H_27_27_3018",2131,"48:57","FR_HBCN_44200",22,31,-4,-9,-9,-8,0,1,29,34,"FR_CSMBHB_73000"
"FR-1-H_27_27_3019",2132,"25:52","FR_PSGHB_75016",18,11,-1,7,7,6,0,-1,34,27,"FR_PSGHB_75016"
"FR-1-H_27_27_3020",2133,"27:40","FR_MHB_34000",17,11,-1,6,6,6,0,0,36,29,"FR_MHB_34000"
"FR-1-H_27_27_3020",2134,"50:23","FR_CRMHB_35510",23,31,-2,-8,-8,-7,0,1,29,36,"FR_MHB_34000"
"FR-1-H_27_27_3020",2135,"54:36","FR_MHB_34000",33,26,-1,7,7,8,0,1,36,29,"FR_MHB_34000"
"FR-1-H_27_27_3021",2136,"15:01","FR_PAUC_13100",4,5,-1,-1,-1,-1,0,0,29,31,"FR_USCHB_94000"
"FR-1-H_27_27_3021",2137,"21:50","FR_USCHB_94000",9,10,-2,-1,-1,-1,0,0,31,29,"FR_USCHB_94000"
"FR-1-H_27_27_3021",2138,"48:49","FR_PAUC_13100",24,27,-5,-3,-3,-3,0,0,29,31,"FR_USCHB_94000"
"FR-1-H_27_27_3021",2139,"54:56","FR_USCHB_94000",29,27,-3,2,2,3,0,1,31,29,"FR_USCHB_94000"
"FR-1-H_27_27_3021",2140,"59:04","FR_PAUC_13100",28,31,-2,-3,-3,-2,0,1,29,31,"FR_USCHB_94000"
"FR-1-H_27_27_3022",2141,"28:41","FR_USIHB_94200",18,18,-1,0,0,-1,0,-1,35,36,"FR_USAMNG_30918"
"FR-1-H_27_27_3022",2142,"39:39","FR_USIHB_94200",24,28,-3,-4,-4,-4,0,0,35,36,"FR_USAMNG_30918"
"FR-1-H_27_27_3022",2143,"47:47","FR_USAMNG_30918",31,27,1,4,4,4,0,0,36,35,"FR_USAMNG_30918"
"FR-1-H_27_27_3022",2144,"57:12","FR_USAMNG_30918",36,33,1,3,3,2,0,-1,36,35,"FR_USAMNG_30918"
"FR-1-H_27_27_3022",2145,"58:46","FR_USAMNG_30918",36,34,-1,2,2,1,0,-1,36,35,"FR_USAMNG_30918"
"FR-1-H_27_27_3023",2146,"24:12","FR_DHBGL_59140",9,8,-3,1,1,1,0,0,24,25,"FR_TFHB_93290"
"FR-1-H_27_27_3023",2147,"27:50","FR_TFHB_93290",10,11,-1,-1,-1,-1,0,0,25,24,"FR_TFHB_93290"
"FR-1-H_27_27_3023",2148,"37:35","FR_DHBGL_59140",13,15,-1,-2,-2,-2,0,0,24,25,"FR_TFHB_93290"
"FR-1-H_27_27_3023",2149,"49:55","FR_TFHB_93290",21,16,-2,5,5,4,0,-1,25,24,"FR_TFHB_93290"
"FR-1-H_27_27_3023",2150,"59:10","FR_TFHB_93290",25,24,-3,1,1,1,0,0,25,24,"FR_TFHB_93290"
"FR-1-H_27_27_3023",2151,"59:49","FR_DHBGL_59140",24,25,0,-1,-1,-1,0,0,24,25,"FR_TFHB_93290"
"FR-1-H_27_27_3024",2152,"13:10","FR_CCMHB_28000",5,9,-2,-4,-4,-3,0,1,22,29,"FR_FTHB_31000"
"FR-1-H_27_27_3024",2153,"25:03","FR_FTHB_31000",13,11,-1,2,2,3,0,1,29,22,"FR_FTHB_31000"
"FR-1-H_27_27_3024",2154,"40:03","FR_CCMHB_28000",14,20,-2,-6,-6,-7,0,-1,22,29,"FR_FTHB_31000"
"FR-1-H_27_28_3025",2155,"05:36","FR_HBCN_44200",0,4,-4,-4,-4,-5,0,-1,29,32,"FR_CRMHB_35510"
"FR-1-H_27_28_3025",2156,"18:24","FR_CRMHB_35510",11,6,-1,5,5,3,0,-2,32,29,"FR_CRMHB_35510"
"FR-1-H_27_28_3025",2157,"41:38","FR_HBCN_44200",19,24,-3,-5,-5,-3,0,2,29,32,"FR_CRMHB_35510"
"FR-1-H_27_28_3025",2158,"48:27","FR_HBCN_44200",22,27,-3,-5,-5,-3,0,2,29,32,"FR_CRMHB_35510"
"FR-1-H_27_28_3025",2159,"51:53","FR_CRMHB_35510",27,24,-2,3,3,2,0,-1,32,29,"FR_CRMHB_35510"
"FR-1-H_27_28_3025",2160,"59:13","FR_CRMHB_35510",31,29,-1,2,2,3,0,1,32,29,"FR_CRMHB_35510"
"FR-1-H_27_28_3026",2161,"15:43","FR_TFHB_93290",7,7,-3,0,0,-2,0,-2,26,27,"FR_PAUC_13100"
"FR-1-H_27_28_3026",2162,"23:24","FR_PAUC_13100",12,12,-2,0,0,-2,0,-2,27,26,"FR_PAUC_13100"
"FR-1-H_27_28_3026",2163,"45:45","FR_TFHB_93290",22,22,-3,0,0,1,0,1,26,27,"FR_PAUC_13100"
"FR-1-H_27_28_3026",2164,"53:47","FR_PAUC_13100",24,24,1,0,0,0,0,0,27,26,"FR_PAUC_13100"
"FR-1-H_27_28_3026",2165,"59:29","FR_PAUC_13100",26,26,1,0,0,1,0,1,27,26,"FR_PAUC_13100"
"FR-1-H_27_28_3026",2166,"59:42","FR_TFHB_93290",26,27,-1,-1,-1,-1,0,0,26,27,"FR_PAUC_13100"
"FR-1-H_27_28_3027",2167,"15:06","FR_USCHB_94000",6,6,-2,0,0,0,0,0,25,23,"FR_USCHB_94000"
"FR-1-H_27_28_3027",2168,"21:42","FR_DHBGL_59140",8,8,-1,0,0,0,0,0,23,25,"FR_USCHB_94000"
"FR-1-H_27_28_3027",2169,"42:55","FR_DHBGL_59140",16,16,-2,0,0,-1,0,-1,23,25,"FR_USCHB_94000"
"FR-1-H_27_28_3027",2170,"49:14","FR_USCHB_94000",18,17,2,1,1,5,0,4,25,23,"FR_USCHB_94000"
"FR-1-H_27_28_3027",2171,"56:42","FR_DHBGL_59140",19,23,1,-4,-4,-2,0,2,23,25,"FR_USCHB_94000"
"FR-1-H_27_28_3027",2172,"59:37","FR_USCHB_94000",25,23,-3,2,2,2,0,0,25,23,"FR_USCHB_94000"
"FR-1-H_27_28_3028",2173,"16:16","FR_USIHB_94200",4,9,-2,-5,-5,-6,0,-1,23,31,"FR_SRVHB_83700"
"FR-1-H_27_28_3028",2174,"45:48","FR_USIHB_94200",17,24,-3,-7,-7,-5,0,2,23,31,"FR_SRVHB_83700"
"FR-1-H_27_28_3028",2175,"54:32","FR_USIHB_94200",21,29,-3,-8,-8,-8,0,0,23,31,"FR_SRVHB_83700"
"FR-1-H_27_28_3029",2176,"12:12","FR_FTHB_31000",7,6,-1,1,1,1,0,0,28,32,"FR_USAMNG_30918"
"FR-1-H_27_28_3029",2177,"26:37","FR_USAMNG_30918",14,14,-1,0,0,-1,0,-1,32,28,"FR_USAMNG_30918"
"FR-1-H_27_28_3029",2178,"47:33","FR_USAMNG_30918",24,23,1,1,1,2,0,1,32,28,"FR_USAMNG_30918"
"FR-1-H_27_28_3029",2179,"52:32","FR_FTHB_31000",25,27,-1,-2,-2,-3,0,-1,28,32,"FR_USAMNG_30918"
"FR-1-H_27_28_3029",2180,"57:09","FR_USAMNG_30918",29,26,-1,3,3,4,0,1,32,28,"FR_USAMNG_30918"
"FR-1-H_27_28_3030",2181,"28:51","FR_PSGHB_75016",17,10,-1,7,7,7,0,0,32,20,"FR_PSGHB_75016"
"FR-1-H_27_28_3030",2182,"37:42","FR_CCMHB_28000",12,20,-1,-8,-8,-9,0,-1,20,32,"FR_PSGHB_75016"
"FR-1-H_27_28_3030",2183,"43:27","FR_CCMHB_28000",13,23,-3,-10,-10,-10,0,0,20,32,"FR_PSGHB_75016"
"FR-1-H_27_28_3031",2184,"22:46","FR_MHB_34000",12,5,2,7,7,9,0,2,35,25,"FR_MHB_34000"
"FR-1-H_27_28_3031",2185,"35:14","FR_CSMBHB_73000",9,22,-2,-13,-13,-12,0,1,25,35,"FR_MHB_34000"
"FR-1-H_27_28_3031",2186,"47:02","FR_CSMBHB_73000",15,28,-1,-13,-13,-13,0,0,25,35,"FR_MHB_34000"
"FR-1-H_27_28_3031",2187,"50:37","FR_MHB_34000",30,17,-1,13,13,11,0,-2,35,25,"FR_MHB_34000"
"FR-1-H_27_28_3031",2188,"54:18","FR_MHB_34000",31,20,-3,11,11,11,0,0,35,25,"FR_MHB_34000"
"FR-1-H_27_29_3032",2189,"16:50","FR_PSGHB_75016",10,10,-2,0,0,0,0,0,35,27,"FR_PSGHB_75016"
"FR-1-H_27_29_3032",2190,"29:07","FR_CSMBHB_73000",15,16,-3,-1,-1,-1,0,0,27,35,"FR_PSGHB_75016"
"FR-1-H_27_29_3032",2191,"44:28","FR_CSMBHB_73000",19,23,-1,-4,-4,-7,0,-3,27,35,"FR_PSGHB_75016"
"FR-1-H_27_29_3032",2192,"49:26","FR_CSMBHB_73000",20,27,-2,-7,-7,-7,0,0,27,35,"FR_PSGHB_75016"
"FR-1-H_27_29_3033",2193,"19:08","FR_HBCN_44200",6,10,-2,-4,-4,-3,0,1,23,27,"FR_SRVHB_83700"
"FR-1-H_27_29_3033",2194,"36:41","FR_HBCN_44200",10,16,-3,-6,-6,-5,0,1,23,27,"FR_SRVHB_83700"
"FR-1-H_27_29_3033",2195,"56:33","FR_HBCN_44200",21,25,0,-4,-4,-4,0,0,23,27,"FR_SRVHB_83700"
"FR-1-H_27_29_3034",2196,"19:25","FR_PAUC_13100",9,11,-1,-2,-2,-3,0,-1,30,37,"FR_MHB_34000"
"FR-1-H_27_29_3034",2197,"26:30","FR_MHB_34000",15,14,-2,1,1,2,0,1,37,30,"FR_MHB_34000"
"FR-1-H_27_29_3034",2198,"45:23","FR_PAUC_13100",24,27,-2,-3,-3,-5,0,-2,30,37,"FR_MHB_34000"
"FR-1-H_27_29_3034",2199,"56:04","FR_MHB_34000",34,27,1,7,7,7,0,0,37,30,"FR_MHB_34000"
"FR-1-H_27_29_3035",2200,"17:15","FR_USAMNG_30918",6,9,-3,-3,-3,-1,0,2,30,30,"Egalité"
"FR-1-H_27_29_3035",2201,"25:13","FR_USCHB_94000",13,13,-2,0,0,-2,0,-2,30,30,"Egalité"
"FR-1-H_27_29_3035",2202,"45:53","FR_USAMNG_30918",21,22,-1,-1,-1,-2,0,-1,30,30,"Egalité"
"FR-1-H_27_29_3035",2203,"48:43","FR_USCHB_94000",24,22,1,2,2,0,0,-2,30,30,"Egalité"
"FR-1-H_27_29_3035",2204,"58:50","FR_USCHB_94000",29,30,-1,-1,-1,0,0,1,30,30,"Egalité"
"FR-1-H_27_29_3035",2205,"59:28","FR_USAMNG_30918",30,30,-1,0,0,0,0,0,30,30,"Egalité"
"FR-1-H_27_29_3036",2206,"19:59","FR_TFHB_93290",3,8,-2,-5,-5,-5,0,0,24,27,"FR_CRMHB_35510"
"FR-1-H_27_29_3036",2207,"29:43","FR_CRMHB_35510",14,8,-1,6,6,5,0,-1,27,24,"FR_CRMHB_35510"
"FR-1-H_27_29_3036",2208,"38:52","FR_CRMHB_35510",17,12,-1,5,5,6,0,1,27,24,"FR_CRMHB_35510"
"FR-1-H_27_29_3036",2209,"40:39","FR_TFHB_93290",12,18,-1,-6,-6,-7,0,-1,24,27,"FR_CRMHB_35510"
"FR-1-H_27_29_3036",2210,"45:02","FR_TFHB_93290",14,21,-1,-7,-7,-6,0,1,24,27,"FR_CRMHB_35510"
"FR-1-H_27_29_3036",2211,"51:49","FR_CRMHB_35510",24,20,1,4,4,5,0,1,27,24,"FR_CRMHB_35510"
"FR-1-H_27_29_3037",2212,"19:48","FR_DHBGL_59140",6,10,-2,-4,-4,-1,0,3,28,27,"FR_DHBGL_59140"
"FR-1-H_27_29_3037",2213,"23:29","FR_FTHB_31000",11,10,-1,1,1,0,0,-1,27,28,"FR_DHBGL_59140"
"FR-1-H_27_29_3037",2214,"45:33","FR_DHBGL_59140",21,20,-1,1,1,2,0,1,28,27,"FR_DHBGL_59140"
"FR-1-H_27_29_3037",2215,"54:33","FR_FTHB_31000",23,26,-2,-3,-3,-2,0,1,27,28,"FR_DHBGL_59140"
"FR-1-H_27_29_3037",2216,"56:35","FR_DHBGL_59140",26,23,-2,3,3,1,0,-2,28,27,"FR_DHBGL_59140"
"FR-1-H_27_29_3037",2217,"59:46","FR_FTHB_31000",27,28,-1,-1,-1,-1,0,0,27,28,"FR_DHBGL_59140"
"FR-1-H_27_29_3038",2218,"08:25","FR_USIHB_94200",1,6,-2,-5,-5,-5,0,0,34,29,"FR_USIHB_94200"
"FR-1-H_27_29_3038",2219,"23:13","FR_CCMHB_28000",13,8,2,5,5,3,0,-2,29,34,"FR_USIHB_94200"
"FR-1-H_27_29_3038",2220,"37:58","FR_CCMHB_28000",19,19,-3,0,0,-2,0,-2,29,34,"FR_USIHB_94200"
"FR-1-H_27_29_3038",2221,"40:16","FR_CCMHB_28000",19,21,-2,-2,-2,-2,0,0,29,34,"FR_USIHB_94200"
"FR-1-H_27_29_3038",2222,"52:02","FR_USIHB_94200",29,26,-1,3,3,4,0,1,34,29,"FR_USIHB_94200"
"FR-1-H_27_29_3038",2223,"56:51","FR_USIHB_94200",32,28,-1,4,4,5,0,1,34,29,"FR_USIHB_94200"
"FR-1-H_27_30_3039",2224,"14:08","FR_PAUC_13100",5,10,-2,-5,-5,-6,0,-1,25,35,"FR_PSGHB_75016"
"FR-1-H_27_30_3039",2225,"43:48","FR_PAUC_13100",18,26,-1,-8,-8,-7,0,1,25,35,"FR_PSGHB_75016"
"FR-1-H_27_30_3039",2226,"51:45","FR_PAUC_13100",23,31,-2,-8,-8,-8,0,0,25,35,"FR_PSGHB_75016"
"FR-1-H_27_30_3040",2227,"14:40","FR_TFHB_93290",6,8,-1,-2,-2,-4,0,-2,24,30,"FR_USCHB_94000"
"FR-1-H_27_30_3040",2228,"29:02","FR_USCHB_94000",15,9,1,6,6,7,0,1,30,24,"FR_USCHB_94000"
"FR-1-H_27_30_3040",2229,"46:37","FR_TFHB_93290",18,25,-3,-7,-7,-5,0,2,24,30,"FR_USCHB_94000"
"FR-1-H_27_30_3040",2230,"56:45","FR_TFHB_93290",22,29,-1,-7,-7,-6,0,1,24,30,"FR_USCHB_94000"
"FR-1-H_27_30_3041",2231,"28:58","FR_CRMHB_35510",12,11,-1,1,1,-1,0,-2,27,23,"FR_CRMHB_35510"
"FR-1-H_27_30_3041",2232,"44:12","FR_USIHB_94200",18,21,-2,-3,-3,-1,0,2,23,27,"FR_CRMHB_35510"
"FR-1-H_27_30_3041",2233,"51:37","FR_CRMHB_35510",23,22,-1,1,1,4,0,3,27,23,"FR_CRMHB_35510"
"FR-1-H_27_30_3041",2234,"57:59","FR_USIHB_94200",22,27,-3,-5,-5,-5,0,0,23,27,"FR_CRMHB_35510"
"FR-1-H_27_30_3041",2235,"58:09","FR_CRMHB_35510",27,22,0,5,5,4,0,-1,27,23,"FR_CRMHB_35510"
"FR-1-H_27_30_3042",2236,"12:53","FR_USAMNG_30918",5,9,-2,-4,-4,-5,0,-1,27,34,"FR_DHBGL_59140"
"FR-1-H_27_30_3042",2237,"26:24","FR_DHBGL_59140",15,10,-1,5,5,7,0,2,34,27,"FR_DHBGL_59140"
"FR-1-H_27_30_3042",2238,"38:22","FR_DHBGL_59140",21,16,-3,5,5,5,0,0,34,27,"FR_DHBGL_59140"
"FR-1-H_27_30_3042",2239,"48:54","FR_USAMNG_30918",22,27,-2,-5,-5,-5,0,0,27,34,"FR_DHBGL_59140"
"FR-1-H_27_30_3043",2240,"21:29","FR_FTHB_31000",10,8,1,2,2,2,0,0,26,26,"Egalité"
"FR-1-H_27_30_3043",2241,"37:48","FR_HBCN_44200",19,17,-1,2,2,0,0,-2,26,26,"Egalité"
"FR-1-H_27_30_3043",2242,"54:13","FR_FTHB_31000",24,23,2,1,1,2,0,1,26,26,"Egalité"
"FR-1-H_27_30_3043",2243,"56:29","FR_HBCN_44200",23,25,-1,-2,-2,0,0,2,26,26,"Egalité"
"FR-1-H_27_30_3043",2244,"58:50","FR_FTHB_31000",25,25,-2,0,0,0,0,0,26,26,"Egalité"
"FR-1-H_27_30_3044",2245,"09:02","FR_CCMHB_28000",3,8,-3,-5,-5,-7,0,-2,24,34,"FR_CSMBHB_73000"
"FR-1-H_27_30_3044",2246,"21:06","FR_CSMBHB_73000",15,8,-1,7,7,7,0,0,34,24,"FR_CSMBHB_73000"
"FR-1-H_27_30_3044",2247,"49:47","FR_CCMHB_28000",19,28,-2,-9,-9,-12,0,-3,24,34,"FR_CSMBHB_73000"
"FR-1-H_27_30_3044",2248,"53:35","FR_CCMHB_28000",20,32,-3,-12,-12,-12,0,0,24,34,"FR_CSMBHB_73000"
"FR-1-H_27_30_3044",2249,"54:23","FR_CSMBHB_73000",32,20,0,12,12,10,0,-2,34,24,"FR_CSMBHB_73000"
"FR-1-H_27_30_3045",2250,"25:17","FR_MHB_34000",13,13,-1,0,0,2,0,2,34,25,"FR_MHB_34000"
"FR-1-H_27_30_3045",2251,"43:22","FR_MHB_34000",23,21,-3,2,2,4,0,2,34,25,"FR_MHB_34000"
"FR-1-H_27_30_3045",2252,"54:56","FR_MHB_34000",32,23,3,9,9,9,0,0,34,25,"FR_MHB_34000"
"FR-1-H_27_31_3046",2253,"18:12","FR_CRMHB_35510",6,7,-2,-1,-1,-4,0,-3,23,23,"Egalité"
"FR-1-H_27_31_3046",2254,"25:34","FR_PAUC_13100",12,9,-1,3,3,3,0,0,23,23,"Egalité"
"FR-1-H_27_31_3046",2255,"37:29","FR_PAUC_13100",15,16,-4,-1,-1,2,0,3,23,23,"Egalité"
"FR-1-H_27_31_3046",2256,"51:40","FR_CRMHB_35510",21,22,-2,-1,-1,-1,0,0,23,23,"Egalité"
"FR-1-H_27_31_3046",2257,"57:49","FR_CRMHB_35510",22,23,1,-1,-1,0,0,1,23,23,"Egalité"
"FR-1-H_27_31_3047",2258,"20:01","FR_MHB_34000",10,12,-1,-2,-2,-2,0,0,29,33,"FR_USAMNG_30918"
"FR-1-H_27_31_3047",2259,"25:51","FR_USAMNG_30918",15,13,1,2,2,4,0,2,33,29,"FR_USAMNG_30918"
"FR-1-H_27_31_3047",2260,"49:02","FR_USAMNG_30918",29,23,1,6,6,6,0,0,33,29,"FR_USAMNG_30918"
"FR-1-H_27_31_3047",2261,"54:13","FR_MHB_34000",26,32,-1,-6,-6,-5,0,1,29,33,"FR_USAMNG_30918"
"FR-1-H_27_31_3048",2262,"26:39","FR_CSMBHB_73000",10,9,2,1,1,3,0,2,28,25,"FR_CSMBHB_73000"
"FR-1-H_27_31_3048",2263,"29:11","FR_TFHB_93290",9,12,-2,-3,-3,-1,0,2,25,28,"FR_CSMBHB_73000"
"FR-1-H_27_31_3048",2264,"42:31","FR_TFHB_93290",16,20,-1,-4,-4,-4,0,0,25,28,"FR_CSMBHB_73000"
"FR-1-H_27_31_3048",2265,"50:41","FR_CSMBHB_73000",24,21,-2,3,3,3,0,0,28,25,"FR_CSMBHB_73000"
"FR-1-H_27_31_3048",2266,"53:18","FR_TFHB_93290",22,25,1,-3,-3,-3,0,0,25,28,"FR_CSMBHB_73000"
"FR-1-H_27_31_3049",2267,"10:28","FR_USCHB_94000",2,6,-2,-4,-4,-4,0,0,26,30,"FR_SRVHB_83700"
"FR-1-H_27_31_3049",2268,"52:31","FR_USCHB_94000",23,25,-1,-2,-2,-3,0,-1,26,30,"FR_SRVHB_83700"
"FR-1-H_27_31_3050",2269,"19:28","FR_USIHB_94200",8,11,-2,-3,-3,-3,0,0,21,31,"FR_FTHB_31000"
"FR-1-H_27_31_3050",2270,"25:25","FR_FTHB_31000",14,11,1,3,3,4,0,1,31,21,"FR_FTHB_31000"
"FR-1-H_27_31_3050",2271,"37:28","FR_USIHB_94200",14,22,-2,-8,-8,-8,0,0,21,31,"FR_FTHB_31000"
"FR-1-H_27_31_3051",2272,"07:44","FR_CCMHB_28000",0,5,-3,-5,-5,-5,0,0,27,29,"FR_HBCN_44200"
"FR-1-H_27_31_3051",2273,"23:22","FR_HBCN_44200",13,8,-1,5,5,7,0,2,29,27,"FR_HBCN_44200"
"FR-1-H_27_31_3051",2274,"38:32","FR_HBCN_44200",21,14,1,7,7,5,0,-2,29,27,"FR_HBCN_44200"
"FR-1-H_27_31_3051",2275,"42:54","FR_HBCN_44200",23,17,-2,6,6,3,0,-3,29,27,"FR_HBCN_44200"
"FR-1-H_27_31_3051",2276,"55:17","FR_CCMHB_28000",25,28,-1,-3,-3,-2,0,1,27,29,"FR_HBCN_44200"
"FR-1-H_27_31_3052",2277,"15:18","FR_DHBGL_59140",8,12,-3,-4,-4,-3,0,1,24,34,"FR_PSGHB_75016"
"FR-1-H_27_31_3052",2278,"36:07","FR_DHBGL_59140",16,21,-1,-5,-5,-6,0,-1,24,34,"FR_PSGHB_75016"
"FR-1-H_27_31_3052",2279,"49:24","FR_DHBGL_59140",21,28,-1,-7,-7,-8,0,-1,24,34,"FR_PSGHB_75016"
"FR-1-H_27_32_3053",2280,"16:56","FR_PSGHB_75016",7,10,-3,-3,-3,0,0,3,31,32,"FR_MHB_34000"
"FR-1-H_27_32_3053",2281,"19:33","FR_MHB_34000",10,10,-3,0,0,0,0,0,32,31,"FR_MHB_34000"
"FR-1-H_27_32_3053",2282,"41:35","FR_PSGHB_75016",19,22,-2,-3,-3,-1,0,2,31,32,"FR_MHB_34000"
"FR-1-H_27_32_3053",2283,"52:55","FR_MHB_34000",28,27,-2,1,1,2,0,1,32,31,"FR_MHB_34000"
"FR-1-H_27_32_3053",2284,"57:38","FR_PSGHB_75016",29,31,-1,-2,-2,0,0,2,31,32,"FR_MHB_34000"
"FR-1-H_27_32_3053",2285,"58:49","FR_MHB_34000",31,31,-2,0,0,1,0,1,32,31,"FR_MHB_34000"
"FR-1-H_27_32_3054",2286,"12:17","FR_CRMHB_35510",2,6,-2,-4,-4,-3,0,1,19,27,"FR_CSMBHB_73000"
"FR-1-H_27_32_3054",2287,"24:06","FR_CSMBHB_73000",11,8,-2,3,3,3,0,0,27,19,"FR_CSMBHB_73000"
"FR-1-H_27_32_3054",2288,"42:53","FR_CRMHB_35510",13,20,1,-7,-7,-6,0,1,19,27,"FR_CSMBHB_73000"
"FR-1-H_27_32_3054",2289,"47:26","FR_CSMBHB_73000",21,15,-1,6,6,7,0,1,27,19,"FR_CSMBHB_73000"
"FR-1-H_27_32_3054",2290,"54:58","FR_CSMBHB_73000",25,17,1,8,8,8,0,0,27,19,"FR_CSMBHB_73000"
"FR-1-H_27_32_3055",2291,"21:34","FR_TFHB_93290",5,12,-3,-7,-7,-8,0,-1,26,32,"FR_HBCN_44200"
"FR-1-H_27_32_3055",2292,"24:17","FR_HBCN_44200",13,5,2,8,8,9,0,1,32,26,"FR_HBCN_44200"
"FR-1-H_27_32_3055",2293,"41:34","FR_HBCN_44200",23,17,-2,6,6,8,0,2,32,26,"FR_HBCN_44200"
"FR-1-H_27_32_3055",2294,"51:56","FR_HBCN_44200",29,23,-1,6,6,7,0,1,32,26,"FR_HBCN_44200"
"FR-1-H_27_32_3055",2295,"54:45","FR_TFHB_93290",23,30,-1,-7,-7,-6,0,1,26,32,"FR_HBCN_44200"
"FR-1-H_27_32_3056",2296,"18:46","FR_PAUC_13100",9,12,-2,-3,-3,-6,0,-3,30,34,"FR_USIHB_94200"
"FR-1-H_27_32_3056",2297,"48:31","FR_PAUC_13100",23,31,-2,-8,-8,-6,0,2,30,34,"FR_USIHB_94200"
"FR-1-H_27_32_3056",2298,"57:44","FR_USIHB_94200",32,28,-2,4,4,4,0,0,34,30,"FR_USIHB_94200"
"FR-1-H_27_32_3057",2299,"48:34","FR_USAMNG_30918",26,26,-1,0,0,-1,0,-1,33,35,"FR_SRVHB_83700"
"FR-1-H_27_32_3057",2300,"57:50","FR_USAMNG_30918",30,33,-1,-3,-3,-2,0,1,33,35,"FR_SRVHB_83700"
"FR-1-H_27_32_3058",2301,"19:35","FR_FTHB_31000",9,8,-1,1,1,2,0,1,30,31,"FR_USCHB_94000"
"FR-1-H_27_32_3058",2302,"29:24","FR_USCHB_94000",13,15,-1,-2,-2,0,0,2,31,30,"FR_USCHB_94000"
"FR-1-H_27_32_3058",2303,"49:19","FR_FTHB_31000",27,28,-1,-1,-1,1,0,2,30,31,"FR_USCHB_94000"
"FR-1-H_27_32_3058",2304,"54:31","FR_USCHB_94000",28,29,-2,-1,-1,0,0,1,31,30,"FR_USCHB_94000"
"FR-1-H_27_32_3058",2305,"59:44","FR_USCHB_94000",30,30,1,0,0,1,0,1,31,30,"FR_USCHB_94000"
"FR-1-H_27_32_3059",2306,"16:48","FR_DHBGL_59140",7,10,-2,-3,-3,-5,0,-2,29,29,"Egalité"
"FR-1-H_27_32_3059",2307,"19:04","FR_DHBGL_59140",7,12,-2,-5,-5,-2,0,3,29,29,"Egalité"
"FR-1-H_27_32_3059",2308,"21:05","FR_CCMHB_28000",12,10,-3,2,2,2,0,0,29,29,"Egalité"
"FR-1-H_27_32_3059",2309,"36:47","FR_CCMHB_28000",19,20,-3,-1,-1,-2,0,-1,29,29,"Egalité"
"FR-1-H_27_32_3059",2310,"52:56","FR_DHBGL_59140",28,27,-2,1,1,0,0,-1,29,29,"Egalité"
"FR-1-H_27_32_3059",2311,"59:25","FR_CCMHB_28000",29,29,1,0,0,0,0,0,29,29,"Egalité"
"FR-1-H_27_33_3060",2312,"21:04","FR_MHB_34000",7,9,-3,-2,-2,-2,0,0,28,28,"Egalité"
"FR-1-H_27_33_3060",2313,"41:47","FR_HBCN_44200",21,17,-2,4,4,4,0,0,28,28,"Egalité"
"FR-1-H_27_33_3060",2314,"48:51","FR_MHB_34000",20,24,-1,-4,-4,-3,0,1,28,28,"Egalité"
"FR-1-H_27_33_3060",2315,"54:37","FR_HBCN_44200",26,24,-3,2,2,0,0,-2,28,28,"Egalité"
"FR-1-H_27_33_3061",2316,"23:16","FR_USAMNG_30918",13,12,2,1,1,-1,0,-2,28,28,"Egalité"
"FR-1-H_27_33_3061",2317,"25:37","FR_USAMNG_30918",13,14,-2,-1,-1,-2,0,-1,28,28,"Egalité"
"FR-1-H_27_33_3061",2318,"39:22","FR_USAMNG_30918",18,23,-3,-5,-5,-2,0,3,28,28,"Egalité"
"FR-1-H_27_33_3061",2319,"43:33","FR_CRMHB_35510",23,21,-3,2,2,3,0,1,28,28,"Egalité"
"FR-1-H_27_33_3061",2320,"58:33","FR_USAMNG_30918",28,28,2,0,0,0,0,0,28,28,"Egalité"
"FR-1-H_27_33_3061",2321,"58:54","FR_CRMHB_35510",28,28,0,0,0,0,0,0,28,28,"Egalité"
"FR-1-H_27_33_3062",2322,"20:07","FR_PSGHB_75016",16,13,1,3,3,3,0,0,43,39,"FR_PSGHB_75016"
"FR-1-H_27_33_3062",2323,"24:13","FR_TFHB_93290",15,18,1,-3,-3,0,0,3,39,43,"FR_PSGHB_75016"
"FR-1-H_27_33_3062",2324,"36:23","FR_TFHB_93290",24,28,-3,-4,-4,-2,0,2,39,43,"FR_PSGHB_75016"
"FR-1-H_27_33_3062",2325,"49:52","FR_TFHB_93290",33,37,1,-4,-4,-4,0,0,39,43,"FR_PSGHB_75016"
"FR-1-H_27_33_3063",2326,"12:39","FR_USCHB_94000",5,6,-1,-1,-1,-1,0,0,30,36,"FR_USIHB_94200"
"FR-1-H_27_33_3063",2327,"26:03","FR_USIHB_94200",12,10,-2,2,2,4,0,2,36,30,"FR_USIHB_94200"
"FR-1-H_27_33_3063",2328,"33:01","FR_USCHB_94000",13,19,-3,-6,-6,-5,0,1,30,36,"FR_USIHB_94200"
"FR-1-H_27_33_3063",2329,"43:01","FR_USIHB_94200",24,19,-2,5,5,8,0,3,36,30,"FR_USIHB_94200"
"FR-1-H_27_33_3063",2330,"55:14","FR_USCHB_94000",26,33,-1,-7,-7,-6,0,1,30,36,"FR_USIHB_94200"
"FR-1-H_27_33_3064",2331,"23:11","FR_PAUC_13100",6,12,-1,-6,-6,-3,0,3,27,27,"Egalité"
"FR-1-H_27_33_3064",2332,"25:36","FR_DHBGL_59140",12,9,-3,3,3,4,0,1,27,27,"Egalité"
"FR-1-H_27_33_3064",2333,"43:16","FR_PAUC_13100",18,21,-1,-3,-3,0,0,3,27,27,"Egalité"
"FR-1-H_27_33_3064",2334,"46:18","FR_DHBGL_59140",22,22,-2,0,0,-2,0,-2,27,27,"Egalité"
"FR-1-H_27_33_3064",2335,"52:16","FR_DHBGL_59140",24,26,1,-2,-2,-2,0,0,27,27,"Egalité"
"FR-1-H_27_33_3064",2336,"54:13","FR_PAUC_13100",27,25,-1,2,2,1,0,-1,27,27,"Egalité"
"FR-1-H_27_33_3065",2337,"10:34","FR_FTHB_31000",3,5,-3,-2,-2,-3,0,-1,27,28,"FR_CSMBHB_73000"
"FR-1-H_27_33_3065",2338,"25:32","FR_CSMBHB_73000",12,8,-1,4,4,2,0,-2,28,27,"FR_CSMBHB_73000"
"FR-1-H_27_33_3065",2339,"48:00","FR_CSMBHB_73000",20,22,-3,-2,-2,-2,0,0,28,27,"FR_CSMBHB_73000"
"FR-1-H_27_33_3065",2340,"52:26","FR_FTHB_31000",26,24,-1,2,2,1,0,-1,27,28,"FR_CSMBHB_73000"
"FR-1-H_27_33_3065",2341,"59:17","FR_CSMBHB_73000",27,27,2,0,0,1,0,1,28,27,"FR_CSMBHB_73000"
"FR-1-H_27_33_3066",2342,"16:59","FR_CCMHB_28000",7,9,-1,-2,-2,0,0,2,22,24,"FR_SRVHB_83700"
"FR-1-H_27_33_3066",2343,"39:21","FR_CCMHB_28000",15,18,-4,-3,-3,-4,0,-1,22,24,"FR_SRVHB_83700"
"FR-1-H_27_34_3067",2344,"24:02","FR_CRMHB_35510",13,13,-3,0,0,2,0,2,26,29,"FR_USCHB_94000"
"FR-1-H_27_34_3067",2345,"26:52","FR_USCHB_94000",13,15,-2,-2,-2,-1,0,1,29,26,"FR_USCHB_94000"
"FR-1-H_27_34_3067",2346,"27:39","FR_CRMHB_35510",15,14,-1,1,1,2,0,1,26,29,"FR_USCHB_94000"
"FR-1-H_27_34_3067",2347,"43:35","FR_CRMHB_35510",22,20,-1,2,2,0,0,-2,26,29,"FR_USCHB_94000"
"FR-1-H_27_34_3067",2348,"54:57","FR_CRMHB_35510",23,27,-3,-4,-4,-3,0,1,26,29,"FR_USCHB_94000"
"FR-1-H_27_34_3068",2349,"19:04","FR_TFHB_93290",8,10,-3,-2,-2,-2,0,0,22,30,"FR_MHB_34000"
"FR-1-H_27_34_3068",2350,"24:38","FR_MHB_34000",12,10,-1,2,2,5,0,3,30,22,"FR_MHB_34000"
"FR-1-H_27_34_3068",2351,"25:18","FR_TFHB_93290",10,16,-1,-6,-6,-4,0,2,22,30,"FR_MHB_34000"
"FR-1-H_27_34_3068",2352,"50:23","FR_TFHB_93290",19,25,-3,-6,-6,-6,0,0,22,30,"FR_MHB_34000"
"FR-1-H_27_34_3068",2353,"53:44","FR_MHB_34000",27,21,-1,6,6,7,0,1,30,22,"FR_MHB_34000"
"FR-1-H_27_34_3068",2354,"56:53","FR_MHB_34000",29,22,2,7,7,8,0,1,30,22,"FR_MHB_34000"
"FR-1-H_27_34_3069",2355,"12:48","FR_USIHB_94200",5,10,-3,-5,-5,-7,0,-2,23,40,"FR_HBCN_44200"
"FR-1-H_27_34_3069",2356,"43:30","FR_USIHB_94200",16,30,-2,-14,-14,-15,0,-1,23,40,"FR_HBCN_44200"
"FR-1-H_27_34_3070",2357,"13:56","FR_PAUC_13100",1,6,0,-5,-5,-1,0,4,25,25,"Egalité"
"FR-1-H_27_34_3070",2358,"45:22","FR_PAUC_13100",21,19,-1,2,2,0,0,-2,25,25,"Egalité"
"FR-1-H_27_34_3071",2359,"16:39","FR_FTHB_31000",9,11,-3,-2,-2,-1,0,1,33,38,"FR_PSGHB_75016"
"FR-1-H_27_34_3071",2360,"29:20","FR_PSGHB_75016",16,17,1,-1,-1,0,0,1,38,33,"FR_PSGHB_75016"
"FR-1-H_27_34_3071",2361,"46:13","FR_FTHB_31000",26,29,-2,-3,-3,-6,0,-3,33,38,"FR_PSGHB_75016"
"FR-1-H_27_34_3071",2362,"57:03","FR_FTHB_31000",29,38,-2,-9,-9,-5,0,4,33,38,"FR_PSGHB_75016"
"FR-1-H_27_34_3072",2363,"14:48","FR_CCMHB_28000",3,6,-3,-3,-3,-3,0,0,27,34,"FR_USAMNG_30918"
"FR-1-H_27_34_3072",2364,"15:07","FR_CCMHB_28000",3,6,0,-3,-3,-1,0,2,27,34,"FR_USAMNG_30918"
"FR-1-H_27_34_3072",2365,"18:29","FR_USAMNG_30918",7,7,-3,0,0,-1,0,-1,34,27,"FR_USAMNG_30918"
"FR-1-H_27_34_3072",2366,"39:40","FR_CCMHB_28000",16,20,-3,-4,-4,-7,0,-3,27,34,"FR_USAMNG_30918"
"FR-1-H_27_34_3072",2367,"49:59","FR_CCMHB_28000",19,28,-1,-9,-9,-7,0,2,27,34,"FR_USAMNG_30918"
"FR-1-H_27_34_3072",2368,"56:47","FR_USAMNG_30918",30,24,1,6,6,7,0,1,34,27,"FR_USAMNG_30918"
"FR-1-H_27_34_3073",2369,"11:32","FR_CSMBHB_73000",3,6,-2,-3,-3,-3,0,0,23,24,"FR_DHBGL_59140"
"FR-1-H_27_34_3073",2370,"23:34","FR_DHBGL_59140",10,8,-2,2,2,2,0,0,24,23,"FR_DHBGL_59140"
"FR-1-H_27_34_3073",2371,"38:23","FR_CSMBHB_73000",16,14,3,2,2,-1,0,-3,23,24,"FR_DHBGL_59140"
"FR-1-H_27_34_3073",2372,"54:23","FR_CSMBHB_73000",20,21,-1,-1,-1,-2,0,-1,23,24,"FR_DHBGL_59140"
"FR-1-H_27_34_3073",2373,"58:38","FR_DHBGL_59140",24,22,-1,2,2,2,0,0,24,23,"FR_DHBGL_59140"
"FR-1-H_27_34_3073",2374,"59:28","FR_CSMBHB_73000",22,24,0,-2,-2,-1,0,1,23,24,"FR_DHBGL_59140"
"FR-1-H_27_35_3074",2375,"11:39","FR_HBCN_44200",3,6,-2,-3,-3,-2,0,1,27,25,"FR_HBCN_44200"
"FR-1-H_27_35_3074",2376,"23:55","FR_DHBGL_59140",12,11,-1,1,1,0,0,-1,25,27,"FR_HBCN_44200"
"FR-1-H_27_35_3074",2377,"43:55","FR_DHBGL_59140",18,21,-1,-3,-3,-2,0,1,25,27,"FR_HBCN_44200"
"FR-1-H_27_35_3074",2378,"47:52","FR_HBCN_44200",22,20,-2,2,2,1,0,-1,27,25,"FR_HBCN_44200"
"FR-1-H_27_35_3074",2379,"56:06","FR_DHBGL_59140",23,25,1,-2,-2,-2,0,0,25,27,"FR_HBCN_44200"
"FR-1-H_27_35_3074",2380,"57:24","FR_HBCN_44200",25,23,0,2,2,2,0,0,27,25,"FR_HBCN_44200"
"FR-1-H_27_35_3075",2381,"10:49","FR_USAMNG_30918",4,8,-4,-4,-4,-4,0,0,28,33,"FR_PAUC_13100"
"FR-1-H_27_35_3075",2382,"29:08","FR_PAUC_13100",17,12,1,5,5,2,0,-3,33,28,"FR_PAUC_13100"
"FR-1-H_27_35_3075",2383,"45:09","FR_USAMNG_30918",19,25,-4,-6,-6,-7,0,-1,28,33,"FR_PAUC_13100"
"FR-1-H_27_35_3075",2384,"54:10","FR_PAUC_13100",30,25,-2,5,5,7,0,2,33,28,"FR_PAUC_13100"
"FR-1-H_27_35_3075",2385,"56:06","FR_USAMNG_30918",25,32,-2,-7,-7,-5,0,2,28,33,"FR_PAUC_13100"
"FR-1-H_27_35_3076",2386,"08:40","FR_PSGHB_75016",2,5,1,-3,-3,1,0,4,34,27,"FR_PSGHB_75016"
"FR-1-H_27_35_3076",2387,"16:11","FR_USCHB_94000",6,9,-3,-3,-3,-3,0,0,27,34,"FR_PSGHB_75016"
"FR-1-H_27_35_3076",2388,"43:34","FR_PSGHB_75016",25,20,-2,5,5,6,0,1,34,27,"FR_PSGHB_75016"
"FR-1-H_27_35_3076",2389,"51:28","FR_USCHB_94000",24,30,-1,-6,-6,-8,0,-2,27,34,"FR_PSGHB_75016"
"FR-1-H_27_35_3077",2390,"21:11","FR_USIHB_94200",7,12,-3,-5,-5,-5,0,0,20,28,"FR_CSMBHB_73000"
"FR-1-H_27_35_3077",2391,"27:58","FR_CSMBHB_73000",15,10,-1,5,5,5,0,0,28,20,"FR_CSMBHB_73000"
"FR-1-H_27_35_3077",2392,"47:48","FR_CSMBHB_73000",23,16,-1,7,7,10,0,3,28,20,"FR_CSMBHB_73000"
"FR-1-H_27_35_3078",2393,"44:38","FR_CRMHB_35510",21,24,-3,-3,-3,-3,0,0,28,27,"FR_CRMHB_35510"
"FR-1-H_27_35_3078",2394,"59:09","FR_CRMHB_35510",28,27,1,1,1,1,0,0,28,27,"FR_CRMHB_35510"
"FR-1-H_27_35_3079",2395,"18:50","FR_FTHB_31000",10,10,-2,0,0,-1,0,-1,34,32,"FR_FTHB_31000"
"FR-1-H_27_35_3079",2396,"24:22","FR_MHB_34000",13,13,-2,0,0,0,0,0,32,34,"FR_FTHB_31000"
"FR-1-H_27_35_3079",2397,"34:54","FR_FTHB_31000",18,22,-1,-4,-4,-1,0,3,34,32,"FR_FTHB_31000"
"FR-1-H_27_35_3079",2398,"44:57","FR_MHB_34000",25,25,-2,0,0,-1,0,-1,32,34,"FR_FTHB_31000"
"FR-1-H_27_35_3079",2399,"55:55","FR_MHB_34000",30,33,-2,-3,-3,-3,0,0,32,34,"FR_FTHB_31000"
"FR-1-H_27_35_3079",2400,"58:20","FR_FTHB_31000",33,30,0,3,3,2,0,-1,34,32,"FR_FTHB_31000"
"FR-1-H_27_35_3080",2401,"20:34","FR_CCMHB_28000",7,10,-4,-3,-3,-3,0,0,25,31,"FR_TFHB_93290"
"FR-1-H_27_35_3080",2402,"24:00","FR_TFHB_93290",11,8,1,3,3,1,0,-2,31,25,"FR_TFHB_93290"
"FR-1-H_27_35_3080",2403,"39:21","FR_TFHB_93290",19,19,-3,0,0,1,0,1,31,25,"FR_TFHB_93290"
"FR-1-H_27_35_3080",2404,"47:35","FR_CCMHB_28000",21,25,-3,-4,-4,-4,0,0,25,31,"FR_TFHB_93290"
"FR-1-H_27_35_3080",2405,"56:46","FR_CCMHB_28000",25,28,-1,-3,-3,-6,0,-3,25,31,"FR_TFHB_93290"
"FR-1-H_27_36_3081",2406,"10:48","FR_CRMHB_35510",2,7,-3,-5,-5,-6,0,-1,31,38,"FR_PSGHB_75016"
"FR-1-H_27_36_3081",2407,"45:44","FR_CRMHB_35510",21,29,-1,-8,-8,-7,0,1,31,38,"FR_PSGHB_75016"
"FR-1-H_27_36_3081",2408,"58:20","FR_CRMHB_35510",29,37,-1,-8,-8,-7,0,1,31,38,"FR_PSGHB_75016"
"FR-1-H_27_36_3082",2409,"15:34","FR_HBCN_44200",7,11,-3,-4,-4,-4,0,0,26,29,"FR_USAMNG_30918"
"FR-1-H_27_36_3082",2410,"28:27","FR_USAMNG_30918",17,12,-1,5,5,6,0,1,29,26,"FR_USAMNG_30918"
"FR-1-H_27_36_3082",2411,"38:06","FR_HBCN_44200",14,21,-1,-7,-7,-4,0,3,26,29,"FR_USAMNG_30918"
"FR-1-H_27_36_3082",2412,"42:30","FR_USAMNG_30918",23,19,-2,4,4,2,0,-2,29,26,"FR_USAMNG_30918"
"FR-1-H_27_36_3082",2413,"53:55","FR_HBCN_44200",24,27,-2,-3,-3,-3,0,0,26,29,"FR_USAMNG_30918"
"FR-1-H_27_36_3082",2414,"58:43","FR_USAMNG_30918",28,25,-1,3,3,3,0,0,29,26,"FR_USAMNG_30918"
"FR-1-H_27_36_3083",2415,"27:24","FR_MHB_34000",10,11,-2,-1,-1,-1,0,0,24,27,"FR_USCHB_94000"
"FR-1-H_27_36_3083",2416,"29:28","FR_USCHB_94000",12,11,1,1,1,1,0,0,27,24,"FR_USCHB_94000"
"FR-1-H_27_36_3083",2417,"54:01","FR_MHB_34000",21,22,-1,-1,-1,-3,0,-2,24,27,"FR_USCHB_94000"
"FR-1-H_27_36_3084",2418,"24:10","FR_USIHB_94200",7,11,-2,-4,-4,-4,0,0,22,24,"FR_DHBGL_59140"
"FR-1-H_27_36_3084",2419,"29:30","FR_DHBGL_59140",12,8,1,4,4,3,0,-1,24,22,"FR_DHBGL_59140"
"FR-1-H_27_36_3084",2420,"42:27","FR_DHBGL_59140",17,15,-2,2,2,1,0,-1,24,22,"FR_DHBGL_59140"
"FR-1-H_27_36_3084",2421,"53:13","FR_USIHB_94200",20,21,-1,-1,-1,-1,0,0,22,24,"FR_DHBGL_59140"
"FR-1-H_27_36_3084",2422,"56:41","FR_DHBGL_59140",22,21,-1,1,1,1,0,0,24,22,"FR_DHBGL_59140"
"FR-1-H_27_36_3084",2423,"58:59","FR_USIHB_94200",22,23,1,-1,-1,-2,0,-1,22,24,"FR_DHBGL_59140"
"FR-1-H_27_36_3085",2424,"08:16","FR_TFHB_93290",3,7,-2,-4,-4,-3,0,1,31,34,"FR_FTHB_31000"
"FR-1-H_27_36_3085",2425,"22:17","FR_FTHB_31000",13,11,-2,2,2,4,0,2,34,31,"FR_FTHB_31000"
"FR-1-H_27_36_3085",2426,"46:26","FR_FTHB_31000",28,25,-2,3,3,4,0,1,34,31,"FR_FTHB_31000"
"FR-1-H_27_36_3085",2427,"47:16","FR_TFHB_93290",25,29,-1,-4,-4,-4,0,0,31,34,"FR_FTHB_31000"
"FR-1-H_27_36_3085",2428,"55:56","FR_TFHB_93290",28,33,-1,-5,-5,-3,0,2,31,34,"FR_FTHB_31000"
"FR-1-H_27_36_3085",2429,"58:58","FR_FTHB_31000",34,31,-1,3,3,3,0,0,34,31,"FR_FTHB_31000"
"FR-1-H_27_36_3086",2430,"12:46","FR_CCMHB_28000",4,9,-1,-5,-5,-5,0,0,24,37,"FR_PAUC_13100"
"FR-1-H_27_36_3086",2431,"23:42","FR_CCMHB_28000",7,14,-2,-7,-7,-9,0,-2,24,37,"FR_PAUC_13100"
"FR-1-H_27_36_3086",2432,"49:30","FR_CCMHB_28000",18,29,-3,-11,-11,-11,0,0,24,37,"FR_PAUC_13100"
"FR-1-H_27_36_3087",2433,"21:24","FR_CSMBHB_73000",8,10,-3,-2,-2,-2,0,0,24,24,"Egalité"
"FR-1-H_27_36_3087",2434,"59:51","FR_CSMBHB_73000",24,24,0,0,0,0,0,0,24,24,"Egalité"
"FR-1-H_27_37_3088",2435,"15:51","FR_HBCN_44200",4,8,-1,-4,-4,-1,0,3,17,24,"FR_PSGHB_75016"
"FR-1-H_27_37_3088",2436,"19:41","FR_PSGHB_75016",8,7,-3,1,1,1,0,0,24,17,"FR_PSGHB_75016"
"FR-1-H_27_37_3088",2437,"41:16","FR_HBCN_44200",14,15,-1,-1,-1,-3,0,-2,17,24,"FR_PSGHB_75016"
"FR-1-H_27_37_3088",2438,"52:39","FR_HBCN_44200",15,20,-2,-5,-5,-5,0,0,17,24,"FR_PSGHB_75016"
"FR-1-H_27_37_3088",2439,"54:06","FR_PSGHB_75016",20,15,0,5,5,6,0,1,24,17,"FR_PSGHB_75016"
"FR-1-H_27_37_3089",2440,"25:47","FR_CSMBHB_73000",12,8,2,4,4,6,0,2,31,28,"FR_CSMBHB_73000"
"FR-1-H_27_37_3089",2441,"29:56","FR_PAUC_13100",10,16,-1,-6,-6,-6,0,0,28,31,"FR_CSMBHB_73000"
"FR-1-H_27_37_3089",2442,"49:07","FR_PAUC_13100",18,27,-2,-9,-9,-8,0,1,28,31,"FR_CSMBHB_73000"
"FR-1-H_27_37_3089",2443,"51:07","FR_CSMBHB_73000",28,20,1,8,8,6,0,-2,31,28,"FR_CSMBHB_73000"
"FR-1-H_27_37_3089",2444,"52:19","FR_CSMBHB_73000",28,22,-2,6,6,5,0,-1,31,28,"FR_CSMBHB_73000"
"FR-1-H_27_37_3089",2445,"57:05","FR_CSMBHB_73000",30,25,-2,5,5,3,0,-2,31,28,"FR_CSMBHB_73000"
"FR-1-H_27_37_3090",2446,"11:44","FR_TFHB_93290",7,9,-1,-2,-2,-1,0,1,28,37,"FR_USAMNG_30918"
"FR-1-H_27_37_3090",2447,"20:42","FR_USAMNG_30918",16,14,2,2,2,3,0,1,37,28,"FR_USAMNG_30918"
"FR-1-H_27_37_3090",2448,"37:38","FR_TFHB_93290",21,27,-4,-6,-6,-3,0,3,28,37,"FR_USAMNG_30918"
"FR-1-H_27_37_3090",2449,"40:50","FR_USAMNG_30918",27,24,-3,3,3,6,0,3,37,28,"FR_USAMNG_30918"
"FR-1-H_27_37_3090",2450,"47:56","FR_TFHB_93290",25,32,-4,-7,-7,-10,0,-3,28,37,"FR_USAMNG_30918"
"FR-1-H_27_37_3091",2451,"10:43","FR_USIHB_94200",4,7,-4,-3,-3,-3,0,0,23,31,"FR_MHB_34000"
"FR-1-H_27_37_3091",2452,"23:54","FR_MHB_34000",13,8,1,5,5,4,0,-1,31,23,"FR_MHB_34000"
"FR-1-H_27_37_3091",2453,"34:35","FR_USIHB_94200",13,19,-2,-6,-6,-6,0,0,23,31,"FR_MHB_34000"
"FR-1-H_27_37_3091",2454,"57:15","FR_MHB_34000",29,22,-1,7,7,7,0,0,31,23,"FR_MHB_34000"
"FR-1-H_27_37_3091",2455,"58:36","FR_USIHB_94200",23,30,1,-7,-7,-8,0,-1,23,31,"FR_MHB_34000"
"FR-1-H_27_37_3092",2456,"25:07","FR_DHBGL_59140",11,11,-4,0,0,1,0,1,25,27,"FR_SRVHB_83700"
"FR-1-H_27_37_3092",2457,"50:01","FR_DHBGL_59140",22,23,-2,-1,-1,-2,0,-1,25,27,"FR_SRVHB_83700"
"FR-1-H_27_37_3092",2458,"58:18","FR_DHBGL_59140",24,26,-1,-2,-2,-2,0,0,25,27,"FR_SRVHB_83700"
"FR-1-H_27_37_3093",2459,"07:46","FR_CRMHB_35510",3,6,-2,-3,-3,-2,0,1,28,28,"Egalité"
"FR-1-H_27_37_3093",2460,"12:20","FR_FTHB_31000",7,5,-2,2,2,2,0,0,28,28,"Egalité"
"FR-1-H_27_37_3093",2461,"39:41","FR_FTHB_31000",17,17,-3,0,0,0,0,0,28,28,"Egalité"
"FR-1-H_27_37_3093",2462,"59:14","FR_CRMHB_35510",27,28,-1,-1,-1,0,0,1,28,28,"Egalité"
"FR-1-H_27_37_3093",2463,"59:39","FR_FTHB_31000",28,28,-1,0,0,0,0,0,28,28,"Egalité"
"FR-1-H_27_37_3094",2464,"17:08","FR_CCMHB_28000",9,10,-1,-1,-1,0,0,1,28,28,"Egalité"
"FR-1-H_27_37_3094",2465,"29:38","FR_USCHB_94000",16,16,-1,0,0,4,0,4,28,28,"Egalité"
"FR-1-H_27_37_3094",2466,"40:27","FR_USCHB_94000",21,17,1,4,4,2,0,-2,28,28,"Egalité"
"FR-1-H_27_37_3094",2467,"47:32","FR_USCHB_94000",23,22,-2,1,1,-2,0,-3,28,28,"Egalité"
"FR-1-H_27_37_3094",2468,"56:17","FR_CCMHB_28000",25,26,-3,-1,-1,1,0,2,28,28,"Egalité"
"FR-1-H_27_37_3094",2469,"59:51","FR_USCHB_94000",27,28,-2,-1,-1,0,0,1,28,28,"Egalité"
"FR-1-H_27_38_3095",2470,"16:35","FR_MHB_34000",8,9,-4,-1,-1,-3,0,-2,27,27,"Egalité"
"FR-1-H_27_38_3095",2471,"26:20","FR_CRMHB_35510",14,11,-1,3,3,3,0,0,27,27,"Egalité"
"FR-1-H_27_38_3095",2472,"43:50","FR_CRMHB_35510",23,21,-3,2,2,2,0,0,27,27,"Egalité"
"FR-1-H_27_38_3095",2473,"56:27","FR_MHB_34000",25,27,3,-2,-2,-1,0,1,27,27,"Egalité"
"FR-1-H_27_38_3095",2474,"58:29","FR_CRMHB_35510",27,26,-1,1,1,0,0,-1,27,27,"Egalité"
"FR-1-H_27_38_3096",2475,"11:54","FR_PAUC_13100",5,9,-2,-4,-4,-6,0,-2,33,37,"FR_USCHB_94000"
"FR-1-H_27_38_3096",2476,"22:51","FR_USCHB_94000",17,11,-1,6,6,4,0,-2,37,33,"FR_USCHB_94000"
"FR-1-H_27_38_3096",2477,"52:36","FR_PAUC_13100",27,34,-1,-7,-7,-5,0,2,33,37,"FR_USCHB_94000"
"FR-1-H_27_38_3097",2478,"10:45","FR_TFHB_93290",3,7,-2,-4,-4,-6,0,-2,24,29,"FR_USIHB_94200"
"FR-1-H_27_38_3097",2479,"16:25","FR_TFHB_93290",4,11,-3,-7,-7,-5,0,2,24,29,"FR_USIHB_94200"
"FR-1-H_27_38_3097",2480,"39:14","FR_TFHB_93290",14,20,-3,-6,-6,-4,0,2,24,29,"FR_USIHB_94200"
"FR-1-H_27_38_3097",2481,"43:57","FR_USIHB_94200",21,18,-3,3,3,4,0,1,29,24,"FR_USIHB_94200"
"FR-1-H_27_38_3098",2482,"13:06","FR_DHBGL_59140",5,8,-2,-3,-3,-2,0,1,25,23,"FR_DHBGL_59140"
"FR-1-H_27_38_3098",2483,"26:33","FR_USAMNG_30918",13,10,1,3,3,3,0,0,23,25,"FR_DHBGL_59140"
"FR-1-H_27_38_3098",2484,"37:24","FR_DHBGL_59140",15,17,1,-2,-2,0,0,2,25,23,"FR_DHBGL_59140"
"FR-1-H_27_38_3098",2485,"49:49","FR_USAMNG_30918",20,19,1,1,1,-1,0,-2,23,25,"FR_DHBGL_59140"
"FR-1-H_27_38_3098",2486,"58:37","FR_DHBGL_59140",24,23,1,1,1,2,0,1,25,23,"FR_DHBGL_59140"
"FR-1-H_27_38_3099",2487,"13:30","FR_CSMBHB_73000",4,9,-3,-5,-5,-4,0,1,27,28,"FR_FTHB_31000"
"FR-1-H_27_38_3099",2488,"19:03","FR_FTHB_31000",10,7,-1,3,3,5,0,2,28,27,"FR_FTHB_31000"
"FR-1-H_27_38_3099",2489,"38:03","FR_FTHB_31000",18,16,-2,2,2,3,0,1,28,27,"FR_FTHB_31000"
"FR-1-H_27_38_3099",2490,"58:05","FR_FTHB_31000",27,25,-1,2,2,2,0,0,28,27,"FR_FTHB_31000"
"FR-1-H_27_38_3099",2491,"59:48","FR_CSMBHB_73000",26,28,-1,-2,-2,-1,0,1,27,28,"FR_FTHB_31000"
"FR-1-H_27_38_3100",2492,"05:29","FR_CCMHB_28000",1,4,-4,-3,-3,-2,0,1,25,33,"FR_PSGHB_75016"
"FR-1-H_27_38_3100",2493,"15:19","FR_PSGHB_75016",9,6,1,3,3,4,0,1,33,25,"FR_PSGHB_75016"
"FR-1-H_27_38_3100",2494,"34:06","FR_CCMHB_28000",11,20,-3,-9,-9,-10,0,-1,25,33,"FR_PSGHB_75016"
"FR-1-H_27_38_3101",2495,"14:04","FR_HBCN_44200",4,7,-3,-3,-3,-2,0,1,25,28,"FR_SRVHB_83700"
"FR-1-H_27_38_3101",2496,"46:53","FR_HBCN_44200",20,21,-1,-1,-1,1,0,2,25,28,"FR_SRVHB_83700"
"FR-1-H_27_38_3101",2497,"54:41","FR_HBCN_44200",25,25,-2,0,0,-2,0,-2,25,28,"FR_SRVHB_83700"
"FR-1-H_27_39_3102",2498,"13:48","FR_PSGHB_75016",7,8,-2,-1,-1,-1,0,0,30,25,"FR_PSGHB_75016"
"FR-1-H_27_39_3102",2499,"22:41","FR_CSMBHB_73000",12,13,-1,-1,-1,1,0,2,25,30,"FR_PSGHB_75016"
"FR-1-H_27_39_3102",2500,"36:56","FR_CSMBHB_73000",16,20,-3,-4,-4,-1,0,3,25,30,"FR_PSGHB_75016"
"FR-1-H_27_39_3102",2501,"39:55","FR_CSMBHB_73000",19,20,3,-1,-1,-4,0,-3,25,30,"FR_PSGHB_75016"
"FR-1-H_27_39_3102",2502,"54:39","FR_CSMBHB_73000",24,29,-1,-5,-5,-6,0,-1,25,30,"FR_PSGHB_75016"
"FR-1-H_27_39_3103",2503,"04:57","FR_MHB_34000",1,5,-3,-4,-4,-3,0,1,27,28,"FR_SRVHB_83700"
"FR-1-H_27_39_3103",2504,"38:45","FR_MHB_34000",17,21,-2,-4,-4,-3,0,1,27,28,"FR_SRVHB_83700"
"FR-1-H_27_39_3103",2505,"55:39","FR_MHB_34000",23,26,-2,-3,-3,0,0,3,27,28,"FR_SRVHB_83700"
"FR-1-H_27_39_3104",2506,"06:47","FR_PAUC_13100",2,6,-2,-4,-4,-1,0,3,28,32,"FR_TFHB_93290"
"FR-1-H_27_39_3104",2507,"12:10","FR_TFHB_93290",7,7,-4,0,0,0,0,0,32,28,"FR_TFHB_93290"
"FR-1-H_27_39_3104",2508,"43:07","FR_PAUC_13100",20,22,1,-2,-2,-3,0,-1,28,32,"FR_TFHB_93290"
"FR-1-H_27_39_3104",2509,"52:54","FR_PAUC_13100",22,28,-4,-6,-6,-5,0,1,28,32,"FR_TFHB_93290"
"FR-1-H_27_39_3104",2510,"53:51","FR_TFHB_93290",28,23,-1,5,5,5,0,0,32,28,"FR_TFHB_93290"
"FR-1-H_27_39_3105",2511,"07:22","FR_USIHB_94200",1,5,-3,-4,-4,-6,0,-2,25,35,"FR_HBCN_44200"
"FR-1-H_27_39_3105",2512,"24:32","FR_HBCN_44200",14,7,-1,7,7,8,0,1,35,25,"FR_HBCN_44200"
"FR-1-H_27_39_3105",2513,"44:53","FR_USIHB_94200",15,27,-2,-12,-12,-12,0,0,25,35,"FR_HBCN_44200"
"FR-1-H_27_39_3106",2514,"25:48","FR_CRMHB_35510",9,11,-3,-2,-2,-1,0,1,26,30,"FR_DHBGL_59140"
"FR-1-H_27_39_3106",2515,"27:12","FR_DHBGL_59140",12,11,-1,1,1,0,0,-1,30,26,"FR_DHBGL_59140"
"FR-1-H_27_39_3106",2516,"40:23","FR_CRMHB_35510",16,19,-4,-3,-3,-2,0,1,26,30,"FR_DHBGL_59140"
"FR-1-H_27_39_3106",2517,"50:52","FR_DHBGL_59140",26,21,-1,5,5,5,0,0,30,26,"FR_DHBGL_59140"
"FR-1-H_27_39_3106",2518,"58:09","FR_DHBGL_59140",28,25,-2,3,3,4,0,1,30,26,"FR_DHBGL_59140"
"FR-1-H_27_39_3107",2519,"12:37","FR_FTHB_31000",4,7,-4,-3,-3,-1,0,2,31,31,"Egalité"
"FR-1-H_27_39_3107",2520,"17:46","FR_USCHB_94000",9,8,-2,1,1,1,0,0,31,31,"Egalité"
"FR-1-H_27_39_3107",2521,"53:10","FR_FTHB_31000",28,26,1,2,2,2,0,0,31,31,"Egalité"
"FR-1-H_27_39_3107",2522,"57:42","FR_USCHB_94000",29,31,-1,-2,-2,0,0,2,31,31,"Egalité"
"FR-1-H_27_39_3107",2523,"59:55","FR_FTHB_31000",31,30,-2,1,1,0,0,-1,31,31,"Egalité"
"FR-1-H_27_39_3108",2524,"18:10","FR_CCMHB_28000",6,8,-3,-2,-2,-3,0,-1,24,21,"FR_CCMHB_28000"
"FR-1-H_27_39_3108",2525,"25:25","FR_USAMNG_30918",13,8,2,5,5,3,0,-2,21,24,"FR_CCMHB_28000"
"FR-1-H_27_39_3108",2526,"38:57","FR_USAMNG_30918",15,15,-2,0,0,0,0,0,21,24,"FR_CCMHB_28000"
"FR-1-H_27_39_3108",2527,"52:08","FR_CCMHB_28000",21,19,2,2,2,4,0,2,24,21,"FR_CCMHB_28000"
"FR-1-H_27_39_3108",2528,"55:05","FR_USAMNG_30918",19,23,-2,-4,-4,-4,0,0,21,24,"FR_CCMHB_28000"
"FR-1-H_27_39_3108",2529,"57:36","FR_CCMHB_28000",24,20,-1,4,4,3,0,-1,24,21,"FR_CCMHB_28000"
"FR-1-H_27_40_3109",2530,"12:58","FR_USAMNG_30918",5,8,-3,-3,-3,-7,0,-4,28,34,"FR_PSGHB_75016"
"FR-1-H_27_40_3109",2531,"43:51","FR_PSGHB_75016",29,20,-2,9,9,9,0,0,34,28,"FR_PSGHB_75016"
"FR-1-H_27_40_3109",2532,"47:36","FR_USAMNG_30918",22,31,-1,-9,-9,-8,0,1,28,34,"FR_PSGHB_75016"
"FR-1-H_27_40_3110",2533,"13:52","FR_USCHB_94000",4,7,-1,-3,-3,-3,0,0,27,31,"FR_CSMBHB_73000"
"FR-1-H_27_40_3110",2534,"28:09","FR_CSMBHB_73000",14,9,1,5,5,7,0,2,31,27,"FR_CSMBHB_73000"
"FR-1-H_27_40_3110",2535,"41:53","FR_USCHB_94000",16,23,-1,-7,-7,-5,0,2,27,31,"FR_CSMBHB_73000"
"FR-1-H_27_40_3110",2536,"47:55","FR_CSMBHB_73000",24,20,-2,4,4,5,0,1,31,27,"FR_CSMBHB_73000"
"FR-1-H_27_40_3111",2537,"07:40","FR_TFHB_93290",1,4,-2,-3,-3,-3,0,0,20,27,"FR_CRMHB_35510"
"FR-1-H_27_40_3111",2538,"11:24","FR_CRMHB_35510",6,3,-1,3,3,2,0,-1,27,20,"FR_CRMHB_35510"
"FR-1-H_27_40_3111",2539,"42:49","FR_TFHB_93290",16,19,-4,-3,-3,-5,0,-2,20,27,"FR_CRMHB_35510"
"FR-1-H_27_40_3111",2540,"52:18","FR_CRMHB_35510",24,19,-1,5,5,6,0,1,27,20,"FR_CRMHB_35510"
"FR-1-H_27_40_3111",2541,"53:58","FR_TFHB_93290",19,25,-1,-6,-6,-6,0,0,20,27,"FR_CRMHB_35510"
"FR-1-H_27_40_3112",2542,"08:08","FR_DHBGL_59140",5,5,-1,0,0,0,0,0,28,26,"FR_DHBGL_59140"
"FR-1-H_27_40_3112",2543,"21:43","FR_PAUC_13100",10,13,-2,-3,-3,-1,0,2,26,28,"FR_DHBGL_59140"
"FR-1-H_27_40_3112",2544,"34:03","FR_PAUC_13100",15,20,-1,-5,-5,-2,0,3,26,28,"FR_DHBGL_59140"
"FR-1-H_27_40_3112",2545,"43:20","FR_DHBGL_59140",25,21,-1,4,4,2,0,-2,28,26,"FR_DHBGL_59140"
"FR-1-H_27_40_3112",2546,"51:31","FR_DHBGL_59140",25,24,-1,1,1,2,0,1,28,26,"FR_DHBGL_59140"
"FR-1-H_27_40_3112",2547,"56:24","FR_PAUC_13100",26,28,-2,-2,-2,-2,0,0,26,28,"FR_DHBGL_59140"
"FR-1-H_27_40_3113",2548,"07:08","FR_FTHB_31000",4,4,-1,0,0,-1,0,-1,29,33,"FR_USIHB_94200"
"FR-1-H_27_40_3113",2549,"29:39","FR_FTHB_31000",14,16,-2,-2,-2,-2,0,0,29,33,"FR_USIHB_94200"
"FR-1-H_27_40_3113",2550,"45:57","FR_USIHB_94200",25,22,-2,3,3,4,0,1,33,29,"FR_USIHB_94200"
"FR-1-H_27_40_3113",2551,"48:42","FR_FTHB_31000",23,27,-2,-4,-4,-4,0,0,29,33,"FR_USIHB_94200"
"FR-1-H_27_40_3113",2552,"58:45","FR_USIHB_94200",32,29,-1,3,3,4,0,1,33,29,"FR_USIHB_94200"
"FR-1-H_27_40_3114",2553,"15:26","FR_CCMHB_28000",6,6,-3,0,0,1,0,1,25,29,"FR_SRVHB_83700"
"FR-1-H_27_40_3114",2554,"46:23","FR_CCMHB_28000",19,21,-2,-2,-2,-1,0,1,25,29,"FR_SRVHB_83700"
"FR-1-H_27_40_3114",2555,"56:50","FR_CCMHB_28000",24,26,-1,-2,-2,-2,0,0,25,29,"FR_SRVHB_83700"
"FR-1-H_27_40_3115",2556,"08:03","FR_MHB_34000",0,4,-1,-4,-4,-4,0,0,22,29,"FR_HBCN_44200"
"FR-1-H_27_40_3115",2557,"23:18","FR_HBCN_44200",8,5,1,3,3,6,0,3,29,22,"FR_HBCN_44200"
"FR-1-H_27_40_3115",2558,"26:55","FR_MHB_34000",5,11,-3,-6,-6,-7,0,-1,22,29,"FR_HBCN_44200"
"FR-1-H_27_40_3115",2559,"42:18","FR_HBCN_44200",18,13,-2,5,5,8,0,3,29,22,"FR_HBCN_44200"
"FR-1-H_27_40_3115",2560,"52:01","FR_MHB_34000",16,26,-2,-10,-10,-9,0,1,22,29,"FR_HBCN_44200"
"FR-1-H_27_40_3115",2561,"58:04","FR_HBCN_44200",28,20,-3,8,8,7,0,-1,29,22,"FR_HBCN_44200"
"FR-1-H_27_41_3116",2562,"17:52","FR_MHB_34000",7,11,-3,-4,-4,-4,0,0,30,27,"FR_MHB_34000"
"FR-1-H_27_41_3116",2563,"24:00","FR_USAMNG_30918",13,11,-3,2,2,2,0,0,27,30,"FR_MHB_34000"
"FR-1-H_27_41_3116",2564,"40:25","FR_USAMNG_30918",19,20,-1,-1,-1,-2,0,-1,27,30,"FR_MHB_34000"
"FR-1-H_27_41_3116",2565,"53:37","FR_MHB_34000",26,26,-2,0,0,2,0,2,30,27,"FR_MHB_34000"
"FR-1-H_27_41_3116",2566,"58:27","FR_USAMNG_30918",27,29,-3,-2,-2,-3,0,-1,27,30,"FR_MHB_34000"
"FR-1-H_27_41_3117",2567,"16:06","FR_USCHB_94000",5,9,-5,-4,-4,-4,0,0,25,26,"FR_HBCN_44200"
"FR-1-H_27_41_3117",2568,"24:07","FR_HBCN_44200",13,9,-1,4,4,5,0,1,26,25,"FR_HBCN_44200"
"FR-1-H_27_41_3117",2569,"43:54","FR_HBCN_44200",22,18,-2,4,4,3,0,-1,26,25,"FR_HBCN_44200"
"FR-1-H_27_41_3117",2570,"52:23","FR_HBCN_44200",23,23,-4,0,0,-1,0,-1,26,25,"FR_HBCN_44200"
"FR-1-H_27_41_3117",2571,"54:14","FR_USCHB_94000",24,23,1,1,1,0,0,-1,25,26,"FR_HBCN_44200"
"FR-1-H_27_41_3117",2572,"58:51","FR_USCHB_94000",25,25,-1,0,0,-1,0,-1,25,26,"FR_HBCN_44200"
"FR-1-H_27_41_3118",2573,"19:49","FR_PAUC_13100",8,11,-3,-3,-3,-3,0,0,26,30,"FR_CSMBHB_73000"
"FR-1-H_27_41_3118",2574,"28:12","FR_CSMBHB_73000",15,11,1,4,4,1,0,-3,30,26,"FR_CSMBHB_73000"
"FR-1-H_27_41_3118",2575,"42:45","FR_CSMBHB_73000",19,20,-2,-1,-1,1,0,2,30,26,"FR_CSMBHB_73000"
"FR-1-H_27_41_3118",2576,"58:32","FR_CSMBHB_73000",29,26,3,3,3,4,0,1,30,26,"FR_CSMBHB_73000"
"FR-1-H_27_41_3119",2577,"10:47","FR_USIHB_94200",3,7,-2,-4,-4,-5,0,-1,22,32,"FR_PSGHB_75016"
"FR-1-H_27_41_3119",2578,"21:57","FR_PSGHB_75016",11,7,1,4,4,8,0,4,32,22,"FR_PSGHB_75016"
"FR-1-H_27_41_3119",2579,"42:06","FR_PSGHB_75016",23,16,-2,7,7,9,0,2,32,22,"FR_PSGHB_75016"
"FR-1-H_27_41_3120",2580,"29:11","FR_TFHB_93290",19,19,-1,0,0,-2,0,-2,30,35,"FR_SRVHB_83700"
"FR-1-H_27_41_3120",2581,"35:43","FR_TFHB_93290",19,23,-3,-4,-4,-2,0,2,30,35,"FR_SRVHB_83700"
"FR-1-H_27_41_3120",2582,"43:48","FR_TFHB_93290",22,27,-2,-5,-5,-6,0,-1,30,35,"FR_SRVHB_83700"
"FR-1-H_27_41_3121",2583,"09:50","FR_CRMHB_35510",2,5,-3,-3,-3,-3,0,0,26,31,"FR_FTHB_31000"
"FR-1-H_27_41_3121",2584,"19:50","FR_FTHB_31000",9,9,-3,0,0,-1,0,-1,31,26,"FR_FTHB_31000"
"FR-1-H_27_41_3121",2585,"46:26","FR_CRMHB_35510",20,24,-4,-4,-4,-5,0,-1,26,31,"FR_FTHB_31000"
"FR-1-H_27_41_3121",2586,"49:36","FR_FTHB_31000",26,21,-1,5,5,7,0,2,31,26,"FR_FTHB_31000"
"FR-1-H_27_42_3123",2587,"07:41","FR_CRMHB_35510",1,6,-4,-5,-5,-5,0,0,29,36,"FR_USCHB_94000"
"FR-1-H_27_42_3123",2588,"16:07","FR_USCHB_94000",9,7,-3,2,2,3,0,1,36,29,"FR_USCHB_94000"
"FR-1-H_27_42_3123",2589,"43:10","FR_CRMHB_35510",20,24,-2,-4,-4,-5,0,-1,29,36,"FR_USCHB_94000"
"FR-1-H_27_42_3123",2590,"52:45","FR_CRMHB_35510",26,32,-1,-6,-6,-6,0,0,29,36,"FR_USCHB_94000"
"FR-1-H_27_42_3124",2591,"25:43","FR_USAMNG_30918",13,14,-1,-1,-1,-1,0,0,33,30,"FR_USAMNG_30918"
"FR-1-H_27_42_3124",2592,"59:08","FR_USAMNG_30918",31,30,-1,1,1,3,0,2,33,30,"FR_USAMNG_30918"
"FR-1-H_27_42_3125",2593,"12:20","FR_MHB_34000",4,8,-3,-4,-4,-1,0,3,30,25,"FR_MHB_34000"
"FR-1-H_27_42_3125",2594,"14:19","FR_USIHB_94200",8,7,-3,1,1,1,0,0,25,30,"FR_MHB_34000"
"FR-1-H_27_42_3125",2595,"34:33","FR_USIHB_94200",14,19,-2,-5,-5,-7,0,-2,25,30,"FR_MHB_34000"
"FR-1-H_27_42_3125",2596,"50:02","FR_MHB_34000",25,20,-3,5,5,6,0,1,30,25,"FR_MHB_34000"
"FR-1-H_27_42_3125",2597,"56:57","FR_MHB_34000",29,23,-1,6,6,5,0,-1,30,25,"FR_MHB_34000"
"FR-1-H_27_42_3126",2598,"21:41","FR_FTHB_31000",12,11,-1,1,1,3,0,2,29,28,"FR_FTHB_31000"
"FR-1-H_27_42_3126",2599,"53:36","FR_FTHB_31000",26,25,-2,1,1,0,0,-1,29,28,"FR_FTHB_31000"
"FR-1-H_27_42_3126",2600,"58:30","FR_FTHB_31000",28,28,-2,0,0,1,0,1,29,28,"FR_FTHB_31000"
"FR-1-H_27_42_3127",2601,"18:27","FR_CCMHB_28000",5,7,-3,-2,-2,-4,0,-2,20,28,"FR_PAUC_13100"
"FR-1-H_27_42_3127",2602,"26:20","FR_CCMHB_28000",6,11,-2,-5,-5,-5,0,0,20,28,"FR_PAUC_13100"
"FR-1-H_27_42_3127",2603,"28:39","FR_PAUC_13100",12,7,-1,5,5,7,0,2,28,20,"FR_PAUC_13100"
"FR-1-H_27_42_3127",2604,"39:54","FR_PAUC_13100",17,14,-4,3,3,4,0,1,28,20,"FR_PAUC_13100"
"FR-1-H_27_42_3127",2605,"50:01","FR_CCMHB_28000",17,23,-2,-6,-6,-9,0,-3,20,28,"FR_PAUC_13100"
"FR-1-H_27_42_3129",2606,"18:11","FR_DHBGL_59140",6,9,-1,-3,-3,-5,0,-2,29,32,"FR_PSGHB_75016"
"FR-1-H_27_42_3129",2607,"25:12","FR_PSGHB_75016",13,9,-1,4,4,3,0,-1,32,29,"FR_PSGHB_75016"
"FR-1-H_27_42_3129",2608,"46:53","FR_DHBGL_59140",21,25,1,-4,-4,-3,0,1,29,32,"FR_PSGHB_75016"
"FR-1-H_27_42_3129",2609,"54:24","FR_PSGHB_75016",29,25,-1,4,4,3,0,-1,32,29,"FR_PSGHB_75016"
"FR-1-H_27_42_3129",2610,"58:29","FR_DHBGL_59140",29,32,-1,-3,-3,-3,0,0,29,32,"FR_PSGHB_75016"
"FR-1-H_27_43_3130",2611,"08:19","FR_HBCN_44200",4,7,-1,-3,-3,-3,0,0,33,34,"FR_PSGHB_75016"
"FR-1-H_27_43_3130",2612,"24:21","FR_PSGHB_75016",13,12,-3,1,1,0,0,-1,34,33,"FR_PSGHB_75016"
"FR-1-H_27_43_3130",2613,"42:05","FR_HBCN_44200",24,27,-2,-3,-3,-3,0,0,33,34,"FR_PSGHB_75016"
"FR-1-H_27_43_3130",2614,"57:47","FR_HBCN_44200",33,34,-1,-1,-1,-1,0,0,33,34,"FR_PSGHB_75016"
"FR-1-H_27_43_3131",2615,"26:34","FR_PAUC_13100",9,9,-1,0,0,1,0,1,28,19,"FR_PAUC_13100"
"FR-1-H_27_43_3131",2616,"38:30","FR_CRMHB_35510",12,18,-3,-6,-6,-6,0,0,19,28,"FR_PAUC_13100"
"FR-1-H_27_43_3131",2617,"55:37","FR_CRMHB_35510",17,27,-3,-10,-10,-9,0,1,19,28,"FR_PAUC_13100"
"FR-1-H_27_43_3132",2618,"19:32","FR_USAMNG_30918",7,10,-2,-3,-3,-4,0,-1,25,29,"FR_CSMBHB_73000"
"FR-1-H_27_43_3132",2619,"26:17","FR_CSMBHB_73000",13,8,1,5,5,8,0,3,29,25,"FR_CSMBHB_73000"
"FR-1-H_27_43_3132",2620,"45:50","FR_CSMBHB_73000",23,15,-1,8,8,5,0,-3,29,25,"FR_CSMBHB_73000"
"FR-1-H_27_43_3133",2621,"18:11","FR_DHBGL_59140",9,12,-1,-3,-3,-5,0,-2,26,31,"FR_USCHB_94000"
"FR-1-H_27_43_3133",2622,"28:00","FR_USCHB_94000",17,12,-1,5,5,5,0,0,31,26,"FR_USCHB_94000"
"FR-1-H_27_43_3133",2623,"41:19","FR_DHBGL_59140",17,22,-2,-5,-5,-3,0,2,26,31,"FR_USCHB_94000"
"FR-1-H_27_43_3133",2624,"48:05","FR_USCHB_94000",23,22,-5,1,1,4,0,3,31,26,"FR_USCHB_94000"
"FR-1-H_27_43_3133",2625,"53:33","FR_DHBGL_59140",23,27,-1,-4,-4,-5,0,-1,26,31,"FR_USCHB_94000"
"FR-1-H_27_43_3134",2626,"15:45","FR_USIHB_94200",5,8,-4,-3,-3,-3,0,0,30,30,"Egalité"
"FR-1-H_27_43_3134",2627,"45:33","FR_USIHB_94200",22,26,1,-4,-4,-3,0,1,30,30,"Egalité"
"FR-1-H_27_43_3135",2628,"19:29","FR_MHB_34000",10,10,-1,0,0,0,0,0,30,29,"FR_MHB_34000"
"FR-1-H_27_43_3135",2629,"22:19","FR_FTHB_31000",11,11,-1,0,0,0,0,0,29,30,"FR_MHB_34000"
"FR-1-H_27_43_3135",2630,"39:19","FR_FTHB_31000",20,22,-2,-2,-2,-3,0,-1,29,30,"FR_MHB_34000"
"FR-1-H_27_43_3135",2631,"52:09","FR_MHB_34000",29,26,-1,3,3,2,0,-1,30,29,"FR_MHB_34000"
"FR-1-H_27_43_3136",2632,"24:50","FR_TFHB_93290",16,16,-1,0,0,0,0,0,33,36,"FR_CCMHB_28000"
"FR-1-H_27_43_3136",2633,"25:10","FR_CCMHB_28000",16,17,0,-1,-1,-3,0,-2,36,33,"FR_CCMHB_28000"
"FR-1-H_27_43_3136",2634,"41:20","FR_CCMHB_28000",26,26,-1,0,0,0,0,0,36,33,"FR_CCMHB_28000"
"FR-1-H_27_43_3136",2635,"51:28","FR_TFHB_93290",31,29,2,2,2,-2,0,-4,33,36,"FR_CCMHB_28000"
"FR-1-H_27_43_3136",2636,"56:50","FR_TFHB_93290",31,33,-4,-2,-2,-1,0,1,33,36,"FR_CCMHB_28000"
"FR-1-H_27_43_3136",2637,"58:41","FR_CCMHB_28000",34,33,-1,1,1,3,0,2,36,33,"FR_CCMHB_28000"
"FR-1-H_27_44_3137",2638,"15:46","FR_MHB_34000",10,12,-4,-2,-2,-1,0,1,33,30,"FR_MHB_34000"
"FR-1-H_27_44_3137",2639,"22:28","FR_USCHB_94000",13,14,-3,-1,-1,-2,0,-1,30,33,"FR_MHB_34000"
"FR-1-H_27_44_3137",2640,"39:46","FR_USCHB_94000",21,25,-2,-4,-4,-3,0,1,30,33,"FR_MHB_34000"
"FR-1-H_27_44_3137",2641,"51:33","FR_USCHB_94000",25,30,-1,-5,-5,-2,0,3,30,33,"FR_MHB_34000"
"FR-1-H_27_44_3137",2642,"53:38","FR_MHB_34000",30,28,-3,2,2,3,0,1,33,30,"FR_MHB_34000"
"FR-1-H_27_44_3138",2643,"43:48","FR_CSMBHB_73000",18,20,-3,-2,-2,-4,0,-2,25,27,"FR_CRMHB_35510"
"FR-1-H_27_44_3138",2644,"48:21","FR_CSMBHB_73000",19,23,-2,-4,-4,-2,0,2,25,27,"FR_CRMHB_35510"
"FR-1-H_27_44_3138",2645,"53:30","FR_CRMHB_35510",25,23,-2,2,2,2,0,0,27,25,"FR_CRMHB_35510"
"FR-1-H_27_44_3138",2646,"59:03","FR_CRMHB_35510",27,25,-1,2,2,2,0,0,27,25,"FR_CRMHB_35510"
"FR-1-H_27_44_3139",2647,"12:56","FR_USAMNG_30918",4,8,-4,-4,-4,-3,0,1,28,28,"Egalité"
"FR-1-H_27_44_3139",2648,"39:19","FR_USIHB_94200",19,18,-2,1,1,1,0,0,28,28,"Egalité"
"FR-1-H_27_44_3139",2649,"41:55","FR_USAMNG_30918",19,20,1,-1,-1,1,0,2,28,28,"Egalité"
"FR-1-H_27_44_3139",2650,"53:03","FR_USIHB_94200",23,26,-2,-3,-3,-1,0,2,28,28,"Egalité"
"FR-1-H_27_44_3139",2651,"58:14","FR_USAMNG_30918",28,27,-1,1,1,0,0,-1,28,28,"Egalité"
"FR-1-H_27_44_3140",2652,"16:43","FR_TFHB_93290",5,7,-3,-2,-2,-3,0,-1,25,30,"FR_DHBGL_59140"
"FR-1-H_27_44_3140",2653,"24:40","FR_DHBGL_59140",13,7,4,6,6,6,0,0,30,25,"FR_DHBGL_59140"
"FR-1-H_27_44_3140",2654,"38:16","FR_DHBGL_59140",19,15,-1,4,4,6,0,2,30,25,"FR_DHBGL_59140"
"FR-1-H_27_44_3140",2655,"54:08","FR_TFHB_93290",22,28,-1,-6,-6,-5,0,1,25,30,"FR_DHBGL_59140"
"FR-1-H_27_44_3140",2656,"55:44","FR_DHBGL_59140",28,23,-1,5,5,7,0,2,30,25,"FR_DHBGL_59140"
"FR-1-H_27_44_3140",2657,"58:05","FR_TFHB_93290",23,30,-2,-7,-7,-5,0,2,25,30,"FR_DHBGL_59140"
"FR-1-H_27_44_3141",2658,"15:49","FR_PAUC_13100",6,8,-3,-2,-2,-4,0,-2,23,33,"FR_FTHB_31000"
"FR-1-H_27_44_3141",2659,"27:40","FR_PAUC_13100",9,18,-4,-9,-9,-8,0,1,23,33,"FR_FTHB_31000"
"FR-1-H_27_44_3142",2660,"16:15","FR_CCMHB_28000",10,11,-2,-1,-1,-5,0,-4,31,38,"FR_HBCN_44200"
"FR-1-H_27_44_3142",2661,"24:12","FR_HBCN_44200",17,12,1,5,5,3,0,-2,38,31,"FR_HBCN_44200"
"FR-1-H_27_44_3142",2662,"37:45","FR_CCMHB_28000",19,25,-2,-6,-6,-6,0,0,31,38,"FR_HBCN_44200"
"FR-1-H_27_44_3142",2663,"49:07","FR_HBCN_44200",31,25,2,6,6,7,0,1,38,31,"FR_HBCN_44200"
"FR-1-H_27_44_3143",2664,"40:40","FR_PSGHB_75016",25,15,1,10,10,8,0,-2,32,29,"FR_PSGHB_75016"
"FR-1-H_27_44_3143",2665,"56:43","FR_PSGHB_75016",30,26,-1,4,4,3,0,-1,32,29,"FR_PSGHB_75016"
"FR-1-H_27_45_3144",2666,"19:04","FR_CSMBHB_73000",5,8,-3,-3,-3,-3,0,0,22,19,"FR_CSMBHB_73000"
"FR-1-H_27_45_3144",2667,"40:00","FR_DHBGL_59140",15,14,-1,1,1,0,0,-1,19,22,"FR_CSMBHB_73000"
"FR-1-H_27_45_3144",2668,"54:27","FR_DHBGL_59140",19,21,-1,-2,-2,-2,0,0,19,22,"FR_CSMBHB_73000"
"FR-1-H_27_45_3144",2669,"59:09","FR_CSMBHB_73000",21,19,0,2,2,3,0,1,22,19,"FR_CSMBHB_73000"
"FR-1-H_27_45_3145",2670,"11:45","FR_USCHB_94000",5,9,-2,-4,-4,-4,0,0,31,31,"Egalité"
"FR-1-H_27_45_3145",2671,"17:57","FR_USAMNG_30918",12,10,-2,2,2,3,0,1,31,31,"Egalité"
"FR-1-H_27_45_3145",2672,"44:32","FR_USAMNG_30918",26,24,-2,2,2,-1,0,-3,31,31,"Egalité"
"FR-1-H_27_45_3145",2673,"57:28","FR_USCHB_94000",30,30,1,0,0,0,0,0,31,31,"Egalité"
"FR-1-H_27_45_3146",2674,"23:32","FR_HBCN_44200",14,12,-1,2,2,4,0,2,34,27,"FR_HBCN_44200"
"FR-1-H_27_45_3146",2675,"27:28","FR_TFHB_93290",13,17,-2,-4,-4,-1,0,3,27,34,"FR_HBCN_44200"
"FR-1-H_27_45_3146",2676,"41:18","FR_TFHB_93290",23,25,-2,-2,-2,-2,0,0,27,34,"FR_HBCN_44200"
"FR-1-H_27_45_3146",2677,"46:07","FR_HBCN_44200",27,25,1,2,2,4,0,2,34,27,"FR_HBCN_44200"
"FR-1-H_27_45_3146",2678,"48:59","FR_TFHB_93290",25,29,-2,-4,-4,-5,0,-1,27,34,"FR_HBCN_44200"
"FR-1-H_27_45_3146",2679,"57:12","FR_HBCN_44200",32,26,1,6,6,7,0,1,34,27,"FR_HBCN_44200"
"FR-1-H_27_45_3147",2680,"20:34","FR_CRMHB_35510",11,9,-1,2,2,1,0,-1,26,23,"FR_CRMHB_35510"
"FR-1-H_27_45_3147",2681,"43:51","FR_CRMHB_35510",20,17,-1,3,3,5,0,2,26,23,"FR_CRMHB_35510"
"FR-1-H_27_45_3147",2682,"49:11","FR_USIHB_94200",19,24,-2,-5,-5,-6,0,-1,23,26,"FR_CRMHB_35510"
"FR-1-H_27_45_3148",2683,"06:42","FR_PAUC_13100",2,6,-4,-4,-4,-7,0,-3,28,38,"FR_SRVHB_83700"
"FR-1-H_27_45_3148",2684,"18:51","FR_PAUC_13100",5,17,-4,-12,-12,-13,0,-1,28,38,"FR_SRVHB_83700"
"FR-1-H_27_45_3150",2685,"10:28","FR_CCMHB_28000",5,7,-4,-2,-2,-3,0,-1,27,33,"FR_MHB_34000"
"FR-1-H_27_45_3150",2686,"17:42","FR_MHB_34000",12,10,-2,2,2,4,0,2,33,27,"FR_MHB_34000"
"FR-1-H_27_45_3150",2687,"45:56","FR_MHB_34000",27,20,1,7,7,4,0,-3,33,27,"FR_MHB_34000"
"FR-1-H_27_45_3150",2688,"48:24","FR_CCMHB_28000",23,27,3,-4,-4,-6,0,-2,27,33,"FR_MHB_34000"
"FR-1-H_27_46_3151",2689,"23:44","FR_MHB_34000",8,7,-2,1,1,-1,0,-2,27,27,"Egalité"
"FR-1-H_27_46_3151",2690,"29:01","FR_CSMBHB_73000",10,10,-1,0,0,-1,0,-1,27,27,"Egalité"
"FR-1-H_27_46_3151",2691,"47:38","FR_CSMBHB_73000",20,22,-3,-2,-2,-1,0,1,27,27,"Egalité"
"FR-1-H_27_46_3151",2692,"50:53","FR_MHB_34000",23,22,-1,1,1,2,0,1,27,27,"Egalité"
"FR-1-H_27_46_3151",2693,"59:37","FR_MHB_34000",27,27,-2,0,0,0,0,0,27,27,"Egalité"
"FR-1-H_27_46_3151",2694,"59:57","FR_CSMBHB_73000",27,27,0,0,0,0,0,0,27,27,"Egalité"
"FR-1-H_27_46_3152",2695,"15:54","FR_CRMHB_35510",6,7,-2,-1,-1,0,0,1,24,22,"FR_CRMHB_35510"
"FR-1-H_27_46_3152",2696,"25:42","FR_USAMNG_30918",9,11,-2,-2,-2,-4,0,-2,22,24,"FR_CRMHB_35510"
"FR-1-H_27_46_3152",2697,"35:41","FR_USAMNG_30918",11,17,-3,-6,-6,-6,0,0,22,24,"FR_CRMHB_35510"
"FR-1-H_27_46_3152",2698,"46:05","FR_CRMHB_35510",19,14,-2,5,5,2,0,-3,24,22,"FR_CRMHB_35510"
"FR-1-H_27_46_3152",2699,"51:41","FR_CRMHB_35510",21,20,-2,1,1,0,0,-1,24,22,"FR_CRMHB_35510"
"FR-1-H_27_46_3153",2700,"26:36","FR_HBCN_44200",13,11,-1,2,2,1,0,-1,29,28,"FR_HBCN_44200"
"FR-1-H_27_46_3153",2701,"35:47","FR_PAUC_13100",16,20,-2,-4,-4,-4,0,0,28,29,"FR_HBCN_44200"
"FR-1-H_27_46_3153",2702,"47:24","FR_HBCN_44200",24,20,-1,4,4,2,0,-2,29,28,"FR_HBCN_44200"
"FR-1-H_27_46_3153",2703,"58:11","FR_HBCN_44200",28,27,-2,1,1,1,0,0,29,28,"FR_HBCN_44200"
"FR-1-H_27_46_3154",2704,"16:59","FR_TFHB_93290",11,12,-2,-1,-1,-2,0,-1,32,43,"FR_PSGHB_75016"
"FR-1-H_27_46_3154",2705,"45:28","FR_PSGHB_75016",32,27,-4,5,5,7,0,2,43,32,"FR_PSGHB_75016"
"FR-1-H_27_46_3154",2706,"52:03","FR_TFHB_93290",28,37,-4,-9,-9,-12,0,-3,32,43,"FR_PSGHB_75016"
"FR-1-H_27_46_3154",2707,"55:33","FR_TFHB_93290",29,41,-3,-12,-12,-11,0,1,32,43,"FR_PSGHB_75016"
"FR-1-H_27_46_3155",2708,"16:41","FR_USCHB_94000",10,12,-3,-2,-2,-3,0,-1,29,32,"FR_SRVHB_83700"
"FR-1-H_27_46_3155",2709,"51:12","FR_USCHB_94000",26,27,-1,-1,-1,-2,0,-1,29,32,"FR_SRVHB_83700"
"FR-1-H_27_46_3155",2710,"58:35","FR_USCHB_94000",28,31,-2,-3,-3,-3,0,0,29,32,"FR_SRVHB_83700"
"FR-1-H_27_46_3156",2711,"12:31","FR_FTHB_31000",4,6,-2,-2,-2,-3,0,-1,24,26,"FR_DHBGL_59140"
"FR-1-H_27_46_3156",2712,"26:30","FR_DHBGL_59140",12,10,-2,2,2,2,0,0,26,24,"FR_DHBGL_59140"
"FR-1-H_27_46_3156",2713,"43:25","FR_DHBGL_59140",20,19,-3,1,1,4,0,3,26,24,"FR_DHBGL_59140"
"FR-1-H_27_46_3156",2714,"56:34","FR_DHBGL_59140",25,21,-1,4,4,2,0,-2,26,24,"FR_DHBGL_59140"
"FR-1-H_27_46_3157",2715,"11:43","FR_CCMHB_28000",3,5,-3,-2,-2,1,0,3,30,25,"FR_CCMHB_28000"
"FR-1-H_27_46_3157",2716,"28:12","FR_USIHB_94200",12,13,-2,-1,-1,-2,0,-1,25,30,"FR_CCMHB_28000"
"FR-1-H_27_46_3157",2717,"34:20","FR_CCMHB_28000",16,13,3,3,3,2,0,-1,30,25,"FR_CCMHB_28000"
"FR-1-H_27_46_3157",2718,"48:36","FR_CCMHB_28000",23,20,-1,3,3,4,0,1,30,25,"FR_CCMHB_28000"
"FR-1-H_27_46_3157",2719,"52:03","FR_USIHB_94200",21,25,-1,-4,-4,-5,0,-1,25,30,"FR_CCMHB_28000"
"FR-1-H_27_47_3158",2720,"23:41","FR_HBCN_44200",10,9,1,1,1,1,0,0,28,22,"FR_HBCN_44200"
"FR-1-H_27_47_3158",2721,"26:12","FR_DHBGL_59140",10,11,-1,-1,-1,-1,0,0,22,28,"FR_HBCN_44200"
"FR-1-H_27_47_3158",2722,"34:48","FR_DHBGL_59140",12,15,-3,-3,-3,-5,0,-2,22,28,"FR_HBCN_44200"
"FR-1-H_27_47_3158",2723,"49:47","FR_DHBGL_59140",17,24,-2,-7,-7,-5,0,2,22,28,"FR_HBCN_44200"
"FR-1-H_27_47_3158",2724,"51:35","FR_HBCN_44200",24,19,-2,5,5,4,0,-1,28,22,"FR_HBCN_44200"
"FR-1-H_27_47_3158",2725,"53:13","FR_HBCN_44200",24,20,-1,4,4,5,0,1,28,22,"FR_HBCN_44200"
"FR-1-H_27_47_3159",2726,"20:39","FR_CRMHB_35510",12,12,-1,0,0,-3,0,-3,33,36,"FR_PSGHB_75016"
"FR-1-H_27_47_3159",2727,"28:37","FR_PSGHB_75016",18,16,-2,2,2,1,0,-1,36,33,"FR_PSGHB_75016"
"FR-1-H_27_47_3159",2728,"51:45","FR_CRMHB_35510",28,30,-1,-2,-2,-1,0,1,33,36,"FR_PSGHB_75016"
"FR-1-H_27_47_3159",2729,"59:23","FR_CRMHB_35510",33,36,-2,-3,-3,-3,0,0,33,36,"FR_PSGHB_75016"
"FR-1-H_27_47_3160",2730,"22:19","FR_TFHB_93290",11,14,-3,-3,-3,-3,0,0,33,37,"FR_MHB_34000"
"FR-1-H_27_47_3160",2731,"27:38","FR_MHB_34000",17,14,-2,3,3,4,0,1,37,33,"FR_MHB_34000"
"FR-1-H_27_47_3160",2732,"42:29","FR_MHB_34000",26,25,-3,1,1,2,0,1,37,33,"FR_MHB_34000"
"FR-1-H_27_47_3160",2733,"44:27","FR_TFHB_93290",26,28,-1,-2,-2,-3,0,-1,33,37,"FR_MHB_34000"
"FR-1-H_27_47_3160",2734,"51:20","FR_TFHB_93290",29,33,-1,-4,-4,-4,0,0,33,37,"FR_MHB_34000"
"FR-1-H_27_47_3160",2735,"55:44","FR_MHB_34000",35,31,-1,4,4,4,0,0,37,33,"FR_MHB_34000"
"FR-1-H_27_47_3161",2736,"04:15","FR_PAUC_13100",0,3,-3,-3,-3,-6,0,-3,24,30,"FR_USIHB_94200"
"FR-1-H_27_47_3161",2737,"25:31","FR_USIHB_94200",14,9,-1,5,5,5,0,0,30,24,"FR_USIHB_94200"
"FR-1-H_27_47_3161",2738,"43:10","FR_PAUC_13100",17,21,3,-4,-4,-5,0,-1,24,30,"FR_USIHB_94200"
"FR-1-H_27_47_3161",2739,"52:18","FR_PAUC_13100",19,26,-3,-7,-7,-6,0,1,24,30,"FR_USIHB_94200"
"FR-1-H_27_47_3162",2740,"06:10","FR_CSMBHB_73000",1,4,-4,-3,-3,-3,0,0,31,24,"FR_CSMBHB_73000"
"FR-1-H_27_47_3162",2741,"47:50","FR_CSMBHB_73000",25,18,-2,7,7,7,0,0,31,24,"FR_CSMBHB_73000"
"FR-1-H_27_47_3163",2742,"23:34","FR_FTHB_31000",10,11,-2,-1,-1,2,0,3,33,27,"FR_FTHB_31000"
"FR-1-H_27_47_3163",2743,"26:52","FR_USAMNG_30918",11,13,-3,-2,-2,-1,0,1,27,33,"FR_FTHB_31000"
"FR-1-H_27_47_3163",2744,"53:55","FR_USAMNG_30918",25,29,-5,-4,-4,-5,0,-1,27,33,"FR_FTHB_31000"
"FR-1-H_27_47_3163",2745,"55:47","FR_FTHB_31000",30,25,1,5,5,7,0,2,33,27,"FR_FTHB_31000"
"FR-1-H_27_47_3163",2746,"58:02","FR_USAMNG_30918",25,32,-2,-7,-7,-6,0,1,27,33,"FR_FTHB_31000"
"FR-1-H_27_47_3164",2747,"16:08","FR_USCHB_94000",11,11,-1,0,0,2,0,2,39,35,"FR_USCHB_94000"
"FR-1-H_27_47_3164",2748,"27:53","FR_CCMHB_28000",16,19,-2,-3,-3,-5,0,-2,35,39,"FR_USCHB_94000"
"FR-1-H_27_47_3164",2749,"36:55","FR_CCMHB_28000",19,26,-2,-7,-7,-3,0,4,35,39,"FR_USCHB_94000"
"FR-1-H_27_47_3164",2750,"42:48","FR_USCHB_94000",27,25,-2,2,2,4,0,2,39,35,"FR_USCHB_94000"
"FR-1-H_27_47_3164",2751,"47:58","FR_CCMHB_28000",28,33,-2,-5,-5,-6,0,-1,35,39,"FR_USCHB_94000"
"FR-1-H_27_48_3165",2752,"21:21","FR_PSGHB_75016",12,12,-3,0,0,0,0,0,30,26,"FR_PSGHB_75016"
"FR-1-H_27_48_3165",2753,"23:09","FR_MHB_34000",12,12,0,0,0,-1,0,-1,26,30,"FR_PSGHB_75016"
"FR-1-H_27_48_3165",2754,"38:38","FR_MHB_34000",17,23,-2,-6,-6,-6,0,0,26,30,"FR_PSGHB_75016"
"FR-1-H_27_48_3165",2755,"50:46","FR_MHB_34000",20,28,-2,-8,-8,-6,0,2,26,30,"FR_PSGHB_75016"
"FR-1-H_27_48_3166",2756,"09:25","FR_PAUC_13100",2,6,-1,-4,-4,-6,0,-2,26,37,"FR_USAMNG_30918"
"FR-1-H_27_48_3166",2757,"20:15","FR_PAUC_13100",4,14,-3,-10,-10,-10,0,0,26,37,"FR_USAMNG_30918"
"FR-1-H_27_48_3166",2758,"27:53","FR_USAMNG_30918",18,9,-1,9,9,10,0,1,37,26,"FR_USAMNG_30918"
"FR-1-H_27_48_3166",2759,"43:48","FR_USAMNG_30918",26,17,-1,9,9,13,0,4,37,26,"FR_USAMNG_30918"
"FR-1-H_27_48_3166",2760,"49:33","FR_PAUC_13100",18,31,-3,-13,-13,-13,0,0,26,37,"FR_USAMNG_30918"
"FR-1-H_27_48_3167",2761,"16:55","FR_CRMHB_35510",3,6,-4,-3,-3,0,0,3,17,25,"FR_HBCN_44200"
"FR-1-H_27_48_3167",2762,"27:49","FR_HBCN_44200",10,8,1,2,2,4,0,2,25,17,"FR_HBCN_44200"
"FR-1-H_27_48_3167",2763,"51:54","FR_CRMHB_35510",13,20,-3,-7,-7,-5,0,2,17,25,"FR_HBCN_44200"
"FR-1-H_27_48_3167",2764,"53:24","FR_HBCN_44200",20,15,-2,5,5,8,0,3,25,17,"FR_HBCN_44200"
"FR-1-H_27_48_3168",2765,"15:21","FR_USCHB_94000",9,10,-1,-1,-1,0,0,1,35,35,"Egalité"
"FR-1-H_27_48_3168",2766,"18:21","FR_TFHB_93290",11,11,-2,0,0,-2,0,-2,35,35,"Egalité"
"FR-1-H_27_48_3168",2767,"47:16","FR_TFHB_93290",26,25,1,1,1,-1,0,-2,35,35,"Egalité"
"FR-1-H_27_48_3168",2768,"59:20","FR_USCHB_94000",34,34,-1,0,0,0,0,0,35,35,"Egalité"
"FR-1-H_27_48_3169",2769,"18:58","FR_USIHB_94200",6,12,-3,-6,-6,-7,0,-1,27,30,"FR_CSMBHB_73000"
"FR-1-H_27_48_3169",2770,"27:29","FR_CSMBHB_73000",15,7,1,8,8,7,0,-1,30,27,"FR_CSMBHB_73000"
"FR-1-H_27_48_3169",2771,"45:55","FR_CSMBHB_73000",23,19,-2,4,4,4,0,0,30,27,"FR_CSMBHB_73000"
"FR-1-H_27_48_3170",2772,"42:07","FR_DHBGL_59140",18,19,-1,-1,-1,0,0,1,28,29,"FR_SRVHB_83700"
"FR-1-H_27_48_3170",2773,"56:08","FR_DHBGL_59140",26,27,-2,-1,-1,-1,0,0,28,29,"FR_SRVHB_83700"
"FR-1-H_27_48_3171",2774,"19:56","FR_CCMHB_28000",9,7,1,2,2,2,0,0,24,23,"FR_CCMHB_28000"
"FR-1-H_27_48_3171",2775,"24:16","FR_FTHB_31000",9,11,-1,-2,-2,-1,0,1,23,24,"FR_CCMHB_28000"
"FR-1-H_27_48_3171",2776,"51:03","FR_CCMHB_28000",21,19,1,2,2,1,0,-1,24,23,"FR_CCMHB_28000"
"FR-1-H_27_48_3171",2777,"54:55","FR_FTHB_31000",21,22,1,-1,-1,1,0,2,23,24,"FR_CCMHB_28000"
"FR-1-H_27_48_3171",2778,"56:49","FR_CCMHB_28000",22,23,-2,-1,-1,0,0,1,24,23,"FR_CCMHB_28000"
"FR-1-H_27_48_3171",2779,"57:51","FR_FTHB_31000",23,23,-1,0,0,-1,0,-1,23,24,"FR_CCMHB_28000"
"FR-1-H_27_49_3172",2780,"12:54","FR_MHB_34000",4,7,-2,-3,-3,-2,0,1,30,26,"FR_MHB_34000"
"FR-1-H_27_49_3172",2781,"24:56","FR_PAUC_13100",12,12,-2,0,0,-1,0,-1,26,30,"FR_MHB_34000"
"FR-1-H_27_49_3172",2782,"44:39","FR_PAUC_13100",20,25,-3,-5,-5,-6,0,-1,26,30,"FR_MHB_34000"
"FR-1-H_27_49_3172",2783,"50:03","FR_MHB_34000",27,21,-1,6,6,6,0,0,30,26,"FR_MHB_34000"
"FR-1-H_27_49_3172",2784,"59:10","FR_PAUC_13100",26,30,2,-4,-4,-4,0,0,26,30,"FR_MHB_34000"
"FR-1-H_27_49_3173",2785,"16:16","FR_USCHB_94000",10,10,-1,0,0,0,0,0,34,32,"FR_USCHB_94000"
"FR-1-H_27_49_3173",2786,"48:29","FR_USCHB_94000",26,28,1,-2,-2,0,0,2,34,32,"FR_USCHB_94000"
"FR-1-H_27_49_3173",2787,"58:47","FR_PSGHB_75016",32,32,-1,0,0,0,0,0,32,34,"FR_USCHB_94000"
"FR-1-H_27_49_3173",2788,"59:01","FR_USCHB_94000",32,32,0,0,0,2,0,2,34,32,"FR_USCHB_94000"
"FR-1-H_27_49_3174",2789,"05:38","FR_CSMBHB_73000",1,3,-3,-2,-2,0,0,2,31,32,"FR_TFHB_93290"
"FR-1-H_27_49_3174",2790,"08:29","FR_TFHB_93290",4,4,-2,0,0,1,0,1,32,31,"FR_TFHB_93290"
"FR-1-H_27_49_3174",2791,"21:26","FR_CSMBHB_73000",10,15,-2,-5,-5,-3,0,2,31,32,"FR_TFHB_93290"
"FR-1-H_27_49_3174",2792,"51:31","FR_TFHB_93290",28,25,-2,3,3,3,0,0,32,31,"FR_TFHB_93290"
"FR-1-H_27_49_3174",2793,"56:20","FR_CSMBHB_73000",28,31,-2,-3,-3,0,0,3,31,32,"FR_TFHB_93290"
"FR-1-H_27_49_3174",2794,"59:13","FR_TFHB_93290",31,31,-3,0,0,1,0,1,32,31,"FR_TFHB_93290"
"FR-1-H_27_49_3175",2795,"27:04","FR_DHBGL_59140",13,11,-1,2,2,3,0,1,23,23,"Egalité"
"FR-1-H_27_49_3175",2796,"29:08","FR_USIHB_94200",11,14,-1,-3,-3,-1,0,2,23,23,"Egalité"
"FR-1-H_27_49_3175",2797,"38:43","FR_DHBGL_59140",16,15,1,1,1,1,0,0,23,23,"Egalité"
"FR-1-H_27_49_3175",2798,"52:19","FR_DHBGL_59140",21,21,-2,0,0,1,0,1,23,23,"Egalité"
"FR-1-H_27_49_3175",2799,"59:27","FR_USIHB_94200",23,23,1,0,0,0,0,0,23,23,"Egalité"
"FR-1-H_27_49_3176",2800,"11:42","FR_USAMNG_30918",5,9,-2,-4,-4,-3,0,1,28,36,"FR_SRVHB_83700"
"FR-1-H_27_49_3176",2801,"37:44","FR_USAMNG_30918",16,23,-3,-7,-7,-6,0,1,28,36,"FR_SRVHB_83700"
"FR-1-H_27_49_3177",2802,"08:03","FR_FTHB_31000",4,7,-4,-3,-3,-3,0,0,33,29,"FR_FTHB_31000"
"FR-1-H_27_49_3177",2803,"38:14","FR_HBCN_44200",20,22,-1,-2,-2,-4,0,-2,29,33,"FR_FTHB_31000"
"FR-1-H_27_49_3177",2804,"45:03","FR_HBCN_44200",21,26,-2,-5,-5,-3,0,2,29,33,"FR_FTHB_31000"
"FR-1-H_27_49_3177",2805,"50:23","FR_FTHB_31000",28,25,-3,3,3,4,0,1,33,29,"FR_FTHB_31000"
"FR-1-H_27_50_3179",2806,"23:17","FR_MHB_34000",12,12,-1,0,0,0,0,0,29,29,"Egalité"
"FR-1-H_27_50_3179",2807,"28:56","FR_DHBGL_59140",14,14,-1,0,0,3,0,3,29,29,"Egalité"
"FR-1-H_27_50_3179",2808,"39:17","FR_DHBGL_59140",19,18,-2,1,1,3,0,2,29,29,"Egalité"
"FR-1-H_27_50_3179",2809,"48:24","FR_DHBGL_59140",24,24,-2,0,0,0,0,0,29,29,"Egalité"
"FR-1-H_27_50_3179",2810,"56:04","FR_MHB_34000",28,28,-1,0,0,0,0,0,29,29,"Egalité"
"FR-1-H_27_50_3180",2811,"15:59","FR_PAUC_13100",7,10,-3,-3,-3,-3,0,0,32,31,"FR_PAUC_13100"
"FR-1-H_27_50_3180",2812,"24:30","FR_PSGHB_75016",12,11,-3,1,1,3,0,2,31,32,"FR_PAUC_13100"
"FR-1-H_27_50_3180",2813,"36:30","FR_PSGHB_75016",18,18,-3,0,0,1,0,1,31,32,"FR_PAUC_13100"
"FR-1-H_27_50_3180",2814,"42:00","FR_PSGHB_75016",21,20,3,1,1,0,0,-1,31,32,"FR_PAUC_13100"
"FR-1-H_27_50_3180",2815,"55:03","FR_PAUC_13100",28,29,-1,-1,-1,1,0,2,32,31,"FR_PAUC_13100"
"FR-1-H_27_50_3180",2816,"59:38","FR_PSGHB_75016",30,31,-2,-1,-1,-1,0,0,31,32,"FR_PAUC_13100"
"FR-1-H_27_50_3181",2817,"19:23","FR_USAMNG_30918",11,12,-1,-1,-1,2,0,3,28,33,"FR_HBCN_44200"
"FR-1-H_27_50_3181",2818,"24:34","FR_HBCN_44200",13,15,-4,-2,-2,0,0,2,33,28,"FR_HBCN_44200"
"FR-1-H_27_50_3181",2819,"39:07","FR_USAMNG_30918",20,23,-4,-3,-3,-2,0,1,28,33,"FR_HBCN_44200"
"FR-1-H_27_50_3181",2820,"51:59","FR_HBCN_44200",29,26,-1,3,3,2,0,-1,33,28,"FR_HBCN_44200"
"FR-1-H_27_50_3181",2821,"58:08","FR_HBCN_44200",30,28,-1,2,2,3,0,1,33,28,"FR_HBCN_44200"
"FR-1-H_27_50_3181",2822,"58:24","FR_USAMNG_30918",28,31,-1,-3,-3,-5,0,-2,28,33,"FR_HBCN_44200"
"FR-1-H_27_50_3182",2823,"15:39","FR_USCHB_94000",6,9,-2,-3,-3,-1,0,2,31,32,"FR_USIHB_94200"
"FR-1-H_27_50_3182",2824,"26:57","FR_USIHB_94200",14,16,-2,-2,-2,0,0,2,32,31,"FR_USIHB_94200"
"FR-1-H_27_50_3182",2825,"38:40","FR_USCHB_94000",19,23,-3,-4,-4,-3,0,1,31,32,"FR_USIHB_94200"
"FR-1-H_27_50_3182",2826,"49:04","FR_USIHB_94200",26,25,-2,1,1,0,0,-1,32,31,"FR_USIHB_94200"
"FR-1-H_27_50_3182",2827,"59:04","FR_USCHB_94000",31,32,1,-1,-1,-1,0,0,31,32,"FR_USIHB_94200"
"FR-1-H_27_50_3183",2828,"20:53","FR_CRMHB_35510",9,9,-2,0,0,0,0,0,27,27,"Egalité"
"FR-1-H_27_50_3183",2829,"40:24","FR_CRMHB_35510",19,20,-2,-1,-1,2,0,3,27,27,"Egalité"
"FR-1-H_27_50_3183",2830,"56:42","FR_CRMHB_35510",26,25,-2,1,1,1,0,0,27,27,"Egalité"
"FR-1-H_27_50_3184",2831,"15:59","FR_FTHB_31000",4,5,-1,-1,-1,-3,0,-2,26,27,"FR_TFHB_93290"
"FR-1-H_27_50_3184",2832,"24:24","FR_TFHB_93290",9,6,1,3,3,3,0,0,27,26,"FR_TFHB_93290"
"FR-1-H_27_50_3184",2833,"46:43","FR_TFHB_93290",21,17,-3,4,4,1,0,-3,27,26,"FR_TFHB_93290"
"FR-1-H_27_50_3184",2834,"57:26","FR_FTHB_31000",25,26,-1,-1,-1,-1,0,0,26,27,"FR_TFHB_93290"
"FR-1-H_27_50_3184",2835,"59:29","FR_TFHB_93290",27,26,1,1,1,1,0,0,27,26,"FR_TFHB_93290"
"FR-1-H_27_50_3185",2836,"06:21","FR_CCMHB_28000",1,4,-1,-3,-3,-3,0,0,18,34,"FR_CSMBHB_73000"
"FR-1-H_27_50_3185",2837,"17:14","FR_CCMHB_28000",2,10,-5,-8,-8,-11,0,-3,18,34,"FR_CSMBHB_73000"
"FR-1-H_27_50_3185",2838,"25:30","FR_CSMBHB_73000",15,4,-1,11,11,12,0,1,34,18,"FR_CSMBHB_73000"
"FR-1-H_27_50_3185",2839,"49:28","FR_CCMHB_28000",13,26,1,-13,-13,-15,0,-2,18,34,"FR_CSMBHB_73000"
"FR-1-H_28_25_3320",2840,"13:41","FR_PSGHB_75016",6,6,-3,0,0,1,0,1,28,22,"FR_PSGHB_75016"
"FR-1-H_28_25_3320",2841,"19:28","FR_CRMHB_35510",9,10,-1,-1,-1,-1,0,0,22,28,"FR_PSGHB_75016"
"FR-1-H_28_25_3320",2842,"42:10","FR_CRMHB_35510",14,17,-1,-3,-3,-4,0,-1,22,28,"FR_PSGHB_75016"
"FR-1-H_28_25_3320",2843,"54:36","FR_CRMHB_35510",20,26,-3,-6,-6,-6,0,0,22,28,"FR_PSGHB_75016"
"FR-1-H_28_25_3322",2844,"18:11","FR_HBCN_44200",8,9,-1,-1,-1,2,0,3,32,26,"FR_HBCN_44200"
"FR-1-H_28_25_3322",2845,"23:14","FR_USCHB_94000",11,13,-3,-2,-2,-3,0,-1,26,32,"FR_HBCN_44200"
"FR-1-H_28_25_3322",2846,"39:50","FR_HBCN_44200",23,17,1,6,6,4,0,-2,32,26,"FR_HBCN_44200"
"FR-1-H_28_25_3322",2847,"49:22","FR_HBCN_44200",24,22,-2,2,2,2,0,0,32,26,"FR_HBCN_44200"
"FR-1-H_28_25_3322",2848,"50:56","FR_HBCN_44200",25,23,-1,2,2,5,0,3,32,26,"FR_HBCN_44200"
"FR-1-H_28_25_3322",2849,"52:51","FR_USCHB_94000",23,28,-3,-5,-5,-6,0,-1,26,32,"FR_HBCN_44200"
"FR-1-H_28_25_3323",2850,"19:10","FR_FTHB_31000",8,8,-1,0,0,2,0,2,29,31,"FR_MHB_34000"
"FR-1-H_28_25_3323",2851,"20:51","FR_MHB_34000",8,10,-2,-2,-2,-1,0,1,31,29,"FR_MHB_34000"
"FR-1-H_28_25_3323",2852,"34:09","FR_FTHB_31000",16,18,-2,-2,-2,-2,0,0,29,31,"FR_MHB_34000"
"FR-1-H_28_25_3323",2853,"48:13","FR_MHB_34000",26,25,1,1,1,1,0,0,31,29,"FR_MHB_34000"
"FR-1-H_28_25_3323",2854,"58:34","FR_MHB_34000",31,29,-1,2,2,2,0,0,31,29,"FR_MHB_34000"
"FR-1-H_28_25_3324",2855,"09:47","FR_SLHB_45770",4,8,-3,-4,-4,-5,0,-1,30,30,"Egalité"
"FR-1-H_28_25_3324",2856,"54:36","FR_SLHB_45770",25,26,-1,-1,-1,1,0,2,30,30,"Egalité"
"FR-1-H_28_25_3324",2857,"59:42","FR_SLHB_45770",30,30,-1,0,0,0,0,0,30,30,"Egalité"
"FR-1-H_28_25_3326",2858,"26:06","FR_USAMNG_30918",14,13,-1,1,1,0,0,-1,29,27,"FR_USAMNG_30918"
"FR-1-H_28_25_3326",2859,"37:20","FR_USIHB_94200",16,20,-4,-4,-4,-4,0,0,27,29,"FR_USAMNG_30918"
"FR-1-H_28_25_3326",2860,"46:17","FR_USAMNG_30918",22,19,-1,3,3,3,0,0,29,27,"FR_USAMNG_30918"
"FR-1-H_28_25_3326",2861,"53:26","FR_USIHB_94200",23,26,-1,-3,-3,-2,0,1,27,29,"FR_USAMNG_30918"
"FR-1-H_28_25_3326",2862,"58:52","FR_USAMNG_30918",29,27,-1,2,2,2,0,0,29,27,"FR_USAMNG_30918"
"FR-1-H_28_26_3328",2863,"12:09","FR_DHBGL_59140",4,6,-1,-2,-2,-3,0,-1,27,25,"FR_DHBGL_59140"
"FR-1-H_28_26_3328",2864,"23:06","FR_CRMHB_35510",11,10,-3,1,1,-2,0,-3,25,27,"FR_DHBGL_59140"
"FR-1-H_28_26_3328",2865,"41:35","FR_CRMHB_35510",12,18,-3,-6,-6,-5,0,1,25,27,"FR_DHBGL_59140"
"FR-1-H_28_26_3328",2866,"47:06","FR_DHBGL_59140",20,16,-2,4,4,5,0,1,27,25,"FR_DHBGL_59140"
"FR-1-H_28_26_3328",2867,"55:53","FR_DHBGL_59140",25,21,-2,4,4,2,0,-2,27,25,"FR_DHBGL_59140"
"FR-1-H_28_26_3329",2868,"16:49","FR_MHB_34000",6,9,-2,-3,-3,-1,0,2,29,30,"FR_USIHB_94200"
"FR-1-H_28_26_3329",2869,"23:52","FR_USIHB_94200",11,11,-2,0,0,-2,0,-2,30,29,"FR_USIHB_94200"
"FR-1-H_28_26_3329",2870,"46:18","FR_MHB_34000",21,23,-1,-2,-2,-1,0,1,29,30,"FR_USIHB_94200"
"FR-1-H_28_26_3329",2871,"49:45","FR_USIHB_94200",24,23,-2,1,1,1,0,0,30,29,"FR_USIHB_94200"
"FR-1-H_28_26_3329",2872,"59:00","FR_USIHB_94200",29,29,1,0,0,1,0,1,30,29,"FR_USIHB_94200"
"FR-1-H_28_26_3329",2873,"59:50","FR_MHB_34000",29,30,-1,-1,-1,-1,0,0,29,30,"FR_USIHB_94200"
"FR-1-H_28_26_3330",2874,"24:21","FR_CSMBHB_73000",9,10,1,-1,-1,-1,0,0,27,30,"FR_HBCN_44200"
"FR-1-H_28_26_3330",2875,"39:48","FR_CSMBHB_73000",16,18,-4,-2,-2,-4,0,-2,27,30,"FR_HBCN_44200"
"FR-1-H_28_26_3330",2876,"48:48","FR_HBCN_44200",24,20,1,4,4,6,0,2,30,27,"FR_HBCN_44200"
"FR-1-H_28_26_3330",2877,"50:26","FR_CSMBHB_73000",20,26,-2,-6,-6,-4,0,2,27,30,"FR_HBCN_44200"
"FR-1-H_28_26_3330",2878,"56:09","FR_HBCN_44200",28,24,-1,4,4,3,0,-1,30,27,"FR_HBCN_44200"
"FR-1-H_28_26_3332",2879,"08:15","FR_SAHB_80262",1,5,-3,-4,-4,-3,0,1,24,28,"FR_SRVHB_83700"
"FR-1-H_28_26_3332",2880,"71:16","FR_SAHB_80262",15,17,-1,-2,-2,-3,0,-1,24,28,"FR_SRVHB_83700"
"FR-1-H_28_26_3333",2881,"16:47","FR_FTHB_31000",7,11,-3,-4,-4,-6,0,-2,27,38,"FR_PSGHB_75016"
"FR-1-H_28_26_3333",2882,"44:39","FR_FTHB_31000",19,30,-2,-11,-11,-11,0,0,27,38,"FR_PSGHB_75016"
"FR-1-H_28_26_3333",2883,"48:19","FR_PSGHB_75016",32,21,-1,11,11,12,0,1,38,27,"FR_PSGHB_75016"
"FR-1-H_28_26_3333",2884,"57:20","FR_FTHB_31000",25,37,1,-12,-12,-11,0,1,27,38,"FR_PSGHB_75016"
"FR-1-H_28_27_3334",2885,"15:43","FR_USIHB_94200",6,8,-2,-2,-2,-4,0,-2,25,29,"FR_CSMBHB_73000"
"FR-1-H_28_27_3334",2886,"28:58","FR_CSMBHB_73000",14,11,-1,3,3,4,0,1,29,25,"FR_CSMBHB_73000"
"FR-1-H_28_27_3334",2887,"38:24","FR_USIHB_94200",16,21,-2,-5,-5,-4,0,1,25,29,"FR_CSMBHB_73000"
"FR-1-H_28_27_3334",2888,"46:48","FR_CSMBHB_73000",26,19,-1,7,7,6,0,-1,29,25,"FR_CSMBHB_73000"
"FR-1-H_28_27_3335",2889,"19:19","FR_SAHB_80262",6,8,-1,-2,-2,-3,0,-1,24,30,"FR_USCHB_94000"
"FR-1-H_28_27_3335",2890,"25:36","FR_SAHB_80262",7,10,-1,-3,-3,-3,0,0,24,30,"FR_USCHB_94000"
"FR-1-H_28_27_3335",2891,"27:59","FR_USCHB_94000",11,8,-1,3,3,5,0,2,30,24,"FR_USCHB_94000"
"FR-1-H_28_27_3335",2892,"53:37","FR_SAHB_80262",20,29,-3,-9,-9,-7,0,2,24,30,"FR_USCHB_94000"
"FR-1-H_28_27_3336",2893,"12:42","FR_CRMHB_35510",4,8,-3,-4,-4,-5,0,-1,28,35,"FR_MHB_34000"
"FR-1-H_28_27_3336",2894,"20:16","FR_MHB_34000",11,6,-1,5,5,7,0,2,35,28,"FR_MHB_34000"
"FR-1-H_28_27_3336",2895,"23:50","FR_CRMHB_35510",7,14,-3,-7,-7,-5,0,2,28,35,"FR_MHB_34000"
"FR-1-H_28_27_3336",2896,"46:36","FR_CRMHB_35510",18,28,-2,-10,-10,-10,0,0,28,35,"FR_MHB_34000"
"FR-1-H_28_27_3336",2897,"49:02","FR_MHB_34000",30,20,-1,10,10,12,0,2,35,28,"FR_MHB_34000"
"FR-1-H_28_27_3336",2898,"54:48","FR_MHB_34000",35,23,1,12,12,7,0,-5,35,28,"FR_MHB_34000"
"FR-1-H_28_27_3337",2899,"09:00","FR_PSGHB_75016",2,5,2,-3,-3,-2,0,1,34,32,"FR_PSGHB_75016"
"FR-1-H_28_27_3337",2900,"24:02","FR_PAUC_13100",11,13,-3,-2,-2,-2,0,0,32,34,"FR_PSGHB_75016"
"FR-1-H_28_27_3337",2901,"43:19","FR_PAUC_13100",22,27,-1,-5,-5,-6,0,-1,32,34,"FR_PSGHB_75016"
"FR-1-H_28_27_3337",2902,"56:38","FR_PAUC_13100",28,33,-1,-5,-5,-2,0,3,32,34,"FR_PSGHB_75016"
"FR-1-H_28_27_3338",2903,"18:18","FR_DHBGL_59140",6,8,-2,-2,-2,-2,0,0,21,26,"FR_SRVHB_83700"
"FR-1-H_28_27_3338",2904,"32:59","FR_DHBGL_59140",12,16,-4,-4,-4,-4,0,0,21,26,"FR_SRVHB_83700"
"FR-1-H_28_27_3338",2905,"57:10","FR_DHBGL_59140",20,25,-1,-5,-5,-5,0,0,21,26,"FR_SRVHB_83700"
"FR-1-H_28_27_3339",2906,"15:35","FR_SLHB_45770",3,7,-4,-4,-4,-5,0,-1,27,31,"FR_HBCN_44200"
"FR-1-H_28_27_3339",2907,"21:33","FR_HBCN_44200",10,6,-1,4,4,2,0,-2,31,27,"FR_HBCN_44200"
"FR-1-H_28_27_3339",2908,"46:10","FR_SLHB_45770",18,20,-1,-2,-2,-2,0,0,27,31,"FR_HBCN_44200"
"FR-1-H_28_27_3339",2909,"48:43","FR_HBCN_44200",22,20,-1,2,2,4,0,2,31,27,"FR_HBCN_44200"
"FR-1-H_28_27_3339",2910,"54:33","FR_HBCN_44200",27,24,-1,3,3,4,0,1,31,27,"FR_HBCN_44200"
"FR-1-H_28_27_3340",2911,"11:33","FR_FTHB_31000",7,4,2,3,3,5,0,2,27,22,"FR_FTHB_31000"
"FR-1-H_28_27_3340",2912,"14:53","FR_USAMNG_30918",5,10,-2,-5,-5,-6,0,-1,22,27,"FR_FTHB_31000"
"FR-1-H_28_27_3340",2913,"41:07","FR_USAMNG_30918",12,20,-1,-8,-8,-10,0,-2,22,27,"FR_FTHB_31000"
"FR-1-H_28_27_3340",2914,"53:54","FR_FTHB_31000",25,17,-2,8,8,6,0,-2,27,22,"FR_FTHB_31000"
"FR-1-H_28_28_3341",2915,"16:25","FR_PAUC_13100",4,6,-2,-2,-2,-4,0,-2,22,31,"FR_MHB_34000"
"FR-1-H_28_28_3341",2916,"28:39","FR_MHB_34000",13,9,-1,4,4,3,0,-1,31,22,"FR_MHB_34000"
"FR-1-H_28_28_3341",2917,"39:53","FR_PAUC_13100",13,20,-3,-7,-7,-9,0,-2,22,31,"FR_MHB_34000"
"FR-1-H_28_28_3341",2918,"53:10","FR_PAUC_13100",20,28,-1,-8,-8,-7,0,1,22,31,"FR_MHB_34000"
"FR-1-H_28_28_3341",2919,"54:37","FR_MHB_34000",28,21,-1,7,7,9,0,2,31,22,"FR_MHB_34000"
"FR-1-H_28_28_3342",2920,"20:19","FR_CRMHB_35510",10,11,-2,-1,-1,0,0,1,25,22,"FR_CRMHB_35510"
"FR-1-H_28_28_3342",2921,"44:00","FR_CRMHB_35510",18,18,2,0,0,4,0,4,25,22,"FR_CRMHB_35510"
"FR-1-H_28_28_3342",2922,"48:48","FR_CRMHB_35510",22,18,4,4,4,3,0,-1,25,22,"FR_CRMHB_35510"
"FR-1-H_28_28_3342",2923,"57:12","FR_CRMHB_35510",25,21,1,4,4,3,0,-1,25,22,"FR_CRMHB_35510"
"FR-1-H_28_28_3343",2924,"19:52","FR_CSMBHB_73000",6,9,-2,-3,-3,-1,0,2,29,31,"FR_USCHB_94000"
"FR-1-H_28_28_3343",2925,"26:46","FR_USCHB_94000",14,11,3,3,3,2,0,-1,31,29,"FR_USCHB_94000"
"FR-1-H_28_28_3343",2926,"39:06","FR_CSMBHB_73000",16,22,-2,-6,-6,-5,0,1,29,31,"FR_USCHB_94000"
"FR-1-H_28_28_3343",2927,"46:51","FR_USCHB_94000",24,22,-4,2,2,3,0,1,31,29,"FR_USCHB_94000"
"FR-1-H_28_28_3344",2928,"07:14","FR_PSGHB_75016",1,4,-3,-3,-3,2,0,5,37,27,"FR_PSGHB_75016"
"FR-1-H_28_28_3344",2929,"11:59","FR_DHBGL_59140",5,7,-4,-2,-2,-3,0,-1,27,37,"FR_PSGHB_75016"
"FR-1-H_28_28_3344",2930,"36:07","FR_DHBGL_59140",17,24,-2,-7,-7,-9,0,-2,27,37,"FR_PSGHB_75016"
"FR-1-H_28_28_3344",2931,"49:43","FR_DHBGL_59140",22,31,2,-9,-9,-10,0,-1,27,37,"FR_PSGHB_75016"
"FR-1-H_28_28_3345",2932,"16:55","FR_HBCN_44200",9,9,-3,0,0,1,0,1,30,30,"Egalité"
"FR-1-H_28_28_3345",2933,"28:39","FR_USIHB_94200",12,15,-1,-3,-3,-4,0,-1,30,30,"Egalité"
"FR-1-H_28_28_3345",2934,"44:34","FR_HBCN_44200",23,19,1,4,4,3,0,-1,30,30,"Egalité"
"FR-1-H_28_28_3345",2935,"54:49","FR_USIHB_94200",24,28,-1,-4,-4,-2,0,2,30,30,"Egalité"
"FR-1-H_28_28_3345",2936,"58:07","FR_HBCN_44200",30,28,-3,2,2,1,0,-1,30,30,"Egalité"
"FR-1-H_28_28_3345",2937,"59:53","FR_USIHB_94200",29,30,1,-1,-1,0,0,1,30,30,"Egalité"
"FR-1-H_28_28_3346",2938,"11:23","FR_USAMNG_30918",2,5,-1,-3,-3,-3,0,0,25,22,"FR_USAMNG_30918"
"FR-1-H_28_28_3346",2939,"16:18","FR_SAHB_80262",6,3,-1,3,3,2,0,-1,22,25,"FR_USAMNG_30918"
"FR-1-H_28_28_3346",2940,"43:59","FR_USAMNG_30918",17,15,2,2,2,4,0,2,25,22,"FR_USAMNG_30918"
"FR-1-H_28_28_3346",2941,"48:43","FR_SAHB_80262",15,19,1,-4,-4,-1,0,3,22,25,"FR_USAMNG_30918"
"FR-1-H_28_28_3346",2942,"57:59","FR_USAMNG_30918",23,21,1,2,2,3,0,1,25,22,"FR_USAMNG_30918"
"FR-1-H_28_28_3347",2943,"22:09","FR_FTHB_31000",10,11,-1,-1,-1,2,0,3,30,30,"Egalité"
"FR-1-H_28_28_3347",2944,"25:31","FR_SLHB_45770",12,14,-1,-2,-2,-1,0,1,30,30,"Egalité"
"FR-1-H_28_28_3347",2945,"41:10","FR_SLHB_45770",20,23,-3,-3,-3,-1,0,2,30,30,"Egalité"
"FR-1-H_28_28_3347",2946,"58:33","FR_SLHB_45770",28,30,-2,-2,-2,-1,0,1,30,30,"Egalité"
"FR-1-H_28_28_3347",2947,"59:22","FR_FTHB_31000",30,30,-1,0,0,0,0,0,30,30,"Egalité"
"FR-1-H_28_29_3348",2948,"27:22","FR_PAUC_13100",17,19,-2,-2,-2,-1,0,1,38,35,"FR_PAUC_13100"
"FR-1-H_28_29_3348",2949,"39:51","FR_FTHB_31000",24,25,-1,-1,-1,-2,0,-1,35,38,"FR_PAUC_13100"
"FR-1-H_28_29_3349",2950,"25:32","FR_CRMHB_35510",12,10,2,2,2,3,0,1,33,23,"FR_CRMHB_35510"
"FR-1-H_28_29_3349",2951,"27:27","FR_USCHB_94000",10,13,-1,-3,-3,-7,0,-4,23,33,"FR_CRMHB_35510"
"FR-1-H_28_29_3349",2952,"48:55","FR_USCHB_94000",18,27,-1,-9,-9,-8,0,1,23,33,"FR_CRMHB_35510"
"FR-1-H_28_29_3349",2953,"49:37","FR_CRMHB_35510",27,19,-1,8,8,8,0,0,33,23,"FR_CRMHB_35510"
"FR-1-H_28_29_3350",2954,"20:50","FR_DHBGL_59140",9,12,-3,-3,-3,-3,0,0,21,28,"FR_USIHB_94200"
"FR-1-H_28_29_3350",2955,"24:49","FR_USIHB_94200",13,10,1,3,3,4,0,1,28,21,"FR_USIHB_94200"
"FR-1-H_28_29_3350",2956,"41:15","FR_DHBGL_59140",14,18,-2,-4,-4,-4,0,0,21,28,"FR_USIHB_94200"
"FR-1-H_28_29_3350",2957,"47:17","FR_DHBGL_59140",16,21,-1,-5,-5,-4,0,1,21,28,"FR_USIHB_94200"
"FR-1-H_28_29_3351",2958,"12:04","FR_SAHB_80262",2,8,-4,-6,-6,-8,0,-2,25,38,"FR_PSGHB_75016"
"FR-1-H_28_29_3351",2959,"38:48","FR_PSGHB_75016",24,16,-1,8,8,9,0,1,38,25,"FR_PSGHB_75016"
"FR-1-H_28_29_3351",2960,"41:49","FR_SAHB_80262",17,26,-1,-9,-9,-8,0,1,25,38,"FR_PSGHB_75016"
"FR-1-H_28_29_3351",2961,"52:16","FR_SAHB_80262",23,34,-2,-11,-11,-12,0,-1,25,38,"FR_PSGHB_75016"
"FR-1-H_28_29_3352",2962,"13:50","FR_MHB_34000",4,7,-1,-3,-3,0,0,3,26,27,"FR_SRVHB_83700"
"FR-1-H_28_29_3352",2963,"16:55","FR_SRVHB_83700",7,7,-3,0,0,1,0,1,27,26,"FR_SRVHB_83700"
"FR-1-H_28_29_3352",2964,"24:04","FR_MHB_34000",11,13,-2,-2,-2,-2,0,0,26,27,"FR_SRVHB_83700"
"FR-1-H_28_29_3352",2965,"44:44","FR_SRVHB_83700",22,22,-2,0,0,-1,0,-1,27,26,"FR_SRVHB_83700"
"FR-1-H_28_29_3352",2966,"56:54","FR_MHB_34000",26,26,-1,0,0,0,0,0,26,27,"FR_SRVHB_83700"
"FR-1-H_28_29_3352",2967,"58:18","FR_SRVHB_83700",26,26,0,0,0,1,0,1,27,26,"FR_SRVHB_83700"
"FR-1-H_28_29_3353",2968,"18:36","FR_SLHB_45770",8,13,-2,-5,-5,-3,0,2,33,36,"FR_CSMBHB_73000"
"FR-1-H_28_29_3353",2969,"23:15","FR_CSMBHB_73000",15,12,-1,3,3,5,0,2,36,33,"FR_CSMBHB_73000"
"FR-1-H_28_29_3353",2970,"35:56","FR_CSMBHB_73000",23,21,-3,2,2,2,0,0,36,33,"FR_CSMBHB_73000"
"FR-1-H_28_29_3353",2971,"46:56","FR_SLHB_45770",27,29,-2,-2,-2,-3,0,-1,33,36,"FR_CSMBHB_73000"
"FR-1-H_28_29_3353",2972,"59:09","FR_CSMBHB_73000",35,33,-1,2,2,3,0,1,36,33,"FR_CSMBHB_73000"
"FR-1-H_28_29_3354",2973,"19:43","FR_USAMNG_30918",11,15,-2,-4,-4,-4,0,0,31,34,"FR_HBCN_44200"
"FR-1-H_28_29_3354",2974,"26:17","FR_HBCN_44200",17,14,-1,3,3,5,0,2,34,31,"FR_HBCN_44200"
"FR-1-H_28_29_3354",2975,"40:38","FR_HBCN_44200",23,22,-3,1,1,3,0,2,34,31,"FR_HBCN_44200"
"FR-1-H_28_29_3354",2976,"51:26","FR_USAMNG_30918",28,31,-1,-3,-3,-3,0,0,31,34,"FR_HBCN_44200"
"FR-1-H_28_29_3354",2977,"53:58","FR_HBCN_44200",31,28,0,3,3,3,0,0,34,31,"FR_HBCN_44200"
"FR-1-H_28_30_3355",2978,"19:39","FR_CSMBHB_73000",6,9,-1,-3,-3,-5,0,-2,26,33,"FR_PSGHB_75016"
"FR-1-H_28_30_3355",2979,"40:50","FR_CSMBHB_73000",14,22,-2,-8,-8,-8,0,0,26,33,"FR_PSGHB_75016"
"FR-1-H_28_30_3355",2980,"51:36","FR_PSGHB_75016",27,20,1,7,7,7,0,0,33,26,"FR_PSGHB_75016"
"FR-1-H_28_30_3355",2981,"52:14","FR_PSGHB_75016",27,20,0,7,7,7,0,0,33,26,"FR_PSGHB_75016"
"FR-1-H_28_30_3356",2982,"11:05","FR_DHBGL_59140",4,8,-2,-4,-4,-3,0,1,27,29,"FR_SLHB_45770"
"FR-1-H_28_30_3356",2983,"22:16","FR_SLHB_45770",13,11,-2,2,2,-1,0,-3,29,27,"FR_SLHB_45770"
"FR-1-H_28_30_3356",2984,"39:39","FR_SLHB_45770",17,20,-1,-3,-3,-3,0,0,29,27,"FR_SLHB_45770"
"FR-1-H_28_30_3356",2985,"46:36","FR_DHBGL_59140",23,21,-2,2,2,1,0,-1,27,29,"FR_SLHB_45770"
"FR-1-H_28_30_3356",2986,"53:28","FR_DHBGL_59140",23,24,-2,-1,-1,-2,0,-1,27,29,"FR_SLHB_45770"
"FR-1-H_28_30_3357",2987,"17:35","FR_SRVHB_83700",11,7,2,4,4,5,0,1,28,21,"FR_SRVHB_83700"
"FR-1-H_28_30_3357",2988,"35:20","FR_USIHB_94200",12,18,-4,-6,-6,-8,0,-2,21,28,"FR_SRVHB_83700"
"FR-1-H_28_30_3357",2989,"43:44","FR_SRVHB_83700",21,15,-3,6,6,4,0,-2,28,21,"FR_SRVHB_83700"
"FR-1-H_28_30_3358",2990,"21:03","FR_USAMNG_30918",12,14,-2,-2,-2,-4,0,-2,30,37,"FR_MHB_34000"
"FR-1-H_28_30_3358",2991,"26:47","FR_MHB_34000",19,16,1,3,3,6,0,3,37,30,"FR_MHB_34000"
"FR-1-H_28_30_3358",2992,"37:39","FR_USAMNG_30918",19,26,-2,-7,-7,-6,0,1,30,37,"FR_MHB_34000"
"FR-1-H_28_30_3358",2993,"52:39","FR_MHB_34000",33,26,-1,7,7,7,0,0,37,30,"FR_MHB_34000"
"FR-1-H_28_30_3358",2994,"56:45","FR_MHB_34000",35,29,-2,6,6,7,0,1,37,30,"FR_MHB_34000"
"FR-1-H_28_30_3359",2995,"13:33","FR_PAUC_13100",6,9,-3,-3,-3,-2,0,1,28,34,"FR_HBCN_44200"
"FR-1-H_28_30_3359",2996,"28:56","FR_HBCN_44200",17,14,1,3,3,2,0,-1,34,28,"FR_HBCN_44200"
"FR-1-H_28_30_3359",2997,"42:25","FR_PAUC_13100",20,24,-2,-4,-4,-3,0,1,28,34,"FR_HBCN_44200"
"FR-1-H_28_30_3359",2998,"46:40","FR_HBCN_44200",24,21,-1,3,3,4,0,1,34,28,"FR_HBCN_44200"
"FR-1-H_28_30_3359",2999,"53:55","FR_PAUC_13100",25,31,-2,-6,-6,-6,0,0,28,34,"FR_HBCN_44200"
"FR-1-H_28_30_3359",3000,"55:56","FR_HBCN_44200",32,26,1,6,6,6,0,0,34,28,"FR_HBCN_44200"
"FR-1-H_28_30_3360",3001,"12:00","FR_CRMHB_35510",3,5,-2,-2,-2,0,0,2,21,19,"FR_CRMHB_35510"
"FR-1-H_28_30_3360",3002,"15:30","FR_SAHB_80262",5,5,-2,0,0,0,0,0,19,21,"FR_CRMHB_35510"
"FR-1-H_28_30_3360",3003,"41:47","FR_SAHB_80262",12,14,-2,-2,-2,-3,0,-1,19,21,"FR_CRMHB_35510"
"FR-1-H_28_30_3360",3004,"54:02","FR_CRMHB_35510",19,16,-1,3,3,3,0,0,21,19,"FR_CRMHB_35510"
"FR-1-H_28_30_3360",3005,"57:27","FR_CRMHB_35510",20,17,-1,3,3,3,0,0,21,19,"FR_CRMHB_35510"
"FR-1-H_28_30_3360",3006,"58:58","FR_SAHB_80262",17,20,0,-3,-3,-2,0,1,19,21,"FR_CRMHB_35510"
"FR-1-H_28_30_3361",3007,"21:44","FR_USCHB_94000",9,8,1,1,1,0,0,-1,27,30,"FR_FTHB_31000"
"FR-1-H_28_30_3361",3008,"26:58","FR_FTHB_31000",9,9,1,0,0,0,0,0,30,27,"FR_FTHB_31000"
"FR-1-H_28_30_3361",3009,"49:53","FR_USCHB_94000",22,25,-3,-3,-3,-4,0,-1,27,30,"FR_FTHB_31000"
"FR-1-H_28_30_3361",3010,"53:45","FR_FTHB_31000",27,23,-1,4,4,4,0,0,30,27,"FR_FTHB_31000"
"FR-1-H_28_31_3362",3011,"06:55","FR_PAUC_13100",1,4,-2,-3,-3,0,0,3,25,32,"FR_CSMBHB_73000"
"FR-1-H_28_31_3362",3012,"13:44","FR_CSMBHB_73000",5,7,-4,-2,-2,0,0,2,32,25,"FR_CSMBHB_73000"
"FR-1-H_28_31_3362",3013,"45:38","FR_PAUC_13100",19,25,1,-6,-6,-5,0,1,25,32,"FR_CSMBHB_73000"
"FR-1-H_28_31_3362",3014,"53:08","FR_PAUC_13100",20,28,-3,-8,-8,-7,0,1,25,32,"FR_CSMBHB_73000"
"FR-1-H_28_31_3362",3015,"53:54","FR_CSMBHB_73000",28,21,-1,7,7,8,0,1,32,25,"FR_CSMBHB_73000"
"FR-1-H_28_31_3363",3016,"08:33","FR_CRMHB_35510",3,6,-3,-3,-3,0,0,3,26,26,"Egalité"
"FR-1-H_28_31_3363",3017,"12:20","FR_FTHB_31000",6,6,-3,0,0,0,0,0,26,26,"Egalité"
"FR-1-H_28_31_3363",3018,"49:32","FR_CRMHB_35510",22,24,-3,-2,-2,-1,0,1,26,26,"Egalité"
"FR-1-H_28_31_3363",3019,"53:45","FR_FTHB_31000",25,24,-1,1,1,0,0,-1,26,26,"Egalité"
"FR-1-H_28_31_3363",3020,"58:56","FR_FTHB_31000",26,26,-2,0,0,0,0,0,26,26,"Egalité"
"FR-1-H_28_31_3364",3021,"24:53","FR_MHB_34000",12,10,2,2,2,4,0,2,32,24,"FR_MHB_34000"
"FR-1-H_28_31_3364",3022,"27:36","FR_USCHB_94000",11,15,-1,-4,-4,-5,0,-1,24,32,"FR_MHB_34000"
"FR-1-H_28_31_3364",3023,"50:08","FR_USCHB_94000",20,28,-3,-8,-8,-8,0,0,24,32,"FR_MHB_34000"
"FR-1-H_28_31_3364",3024,"52:01","FR_MHB_34000",28,20,0,8,8,7,0,-1,32,24,"FR_MHB_34000"
"FR-1-H_28_31_3366",3025,"12:41","FR_SRVHB_83700",4,6,-2,-2,-2,-2,0,0,23,21,"FR_SRVHB_83700"
"FR-1-H_28_31_3366",3026,"21:11","FR_HBCN_44200",9,6,-1,3,3,2,0,-1,21,23,"FR_SRVHB_83700"
"FR-1-H_28_31_3366",3027,"44:57","FR_SRVHB_83700",16,16,-1,0,0,1,0,1,23,21,"FR_SRVHB_83700"
"FR-1-H_28_31_3366",3028,"49:31","FR_HBCN_44200",18,19,-1,-1,-1,-2,0,-1,21,23,"FR_SRVHB_83700"
"FR-1-H_28_31_3366",3029,"58:19","FR_SRVHB_83700",23,20,2,3,3,3,0,0,23,21,"FR_SRVHB_83700"
"FR-1-H_28_31_3366",3030,"59:07","FR_SRVHB_83700",23,20,0,3,3,2,0,-1,23,21,"FR_SRVHB_83700"
"FR-1-H_28_31_3367",3031,"17:35","FR_SAHB_80262",7,9,-1,-2,-2,0,0,2,28,28,"Egalité"
"FR-1-H_28_31_3367",3032,"22:01","FR_SLHB_45770",9,9,-2,0,0,-1,0,-1,28,28,"Egalité"
"FR-1-H_28_31_3367",3033,"42:50","FR_SAHB_80262",18,21,-2,-3,-3,-3,0,0,28,28,"Egalité"
"FR-1-H_28_31_3367",3034,"51:59","FR_SLHB_45770",24,24,-3,0,0,0,0,0,28,28,"Egalité"
"FR-1-H_28_31_3367",3035,"59:00","FR_SLHB_45770",27,28,-1,-1,-1,0,0,1,28,28,"Egalité"
"FR-1-H_28_31_3368",3036,"10:30","FR_DHBGL_59140",2,5,-1,-3,-3,-3,0,0,23,26,"FR_USAMNG_30918"
"FR-1-H_28_31_3368",3037,"10:48","FR_DHBGL_59140",2,5,0,-3,-3,-3,0,0,23,26,"FR_USAMNG_30918"
"FR-1-H_28_31_3368",3038,"11:14","FR_DHBGL_59140",2,5,-1,-3,-3,-4,0,-1,23,26,"FR_USAMNG_30918"
"FR-1-H_28_31_3368",3039,"21:20","FR_DHBGL_59140",5,11,-2,-6,-6,-8,0,-2,23,26,"FR_USAMNG_30918"
"FR-1-H_28_31_3368",3040,"26:50","FR_USAMNG_30918",15,8,-1,7,7,8,0,1,26,23,"FR_USAMNG_30918"
"FR-1-H_28_31_3368",3041,"36:49","FR_USAMNG_30918",19,14,-2,5,5,6,0,1,26,23,"FR_USAMNG_30918"
"FR-1-H_28_31_3368",3042,"53:54","FR_DHBGL_59140",22,25,1,-3,-3,-3,0,0,23,26,"FR_USAMNG_30918"
"FR-1-H_28_32_3369",3043,"13:49","FR_SRVHB_83700",4,5,1,-1,-1,0,0,1,23,28,"FR_CSMBHB_73000"
"FR-1-H_28_32_3369",3044,"27:30","FR_CSMBHB_73000",12,10,-1,2,2,2,0,0,28,23,"FR_CSMBHB_73000"
"FR-1-H_28_32_3369",3045,"43:54","FR_SRVHB_83700",18,20,-2,-2,-2,-2,0,0,23,28,"FR_CSMBHB_73000"
"FR-1-H_28_32_3369",3046,"57:46","FR_SRVHB_83700",23,26,-2,-3,-3,-3,0,0,23,28,"FR_CSMBHB_73000"
"FR-1-H_28_32_3369",3047,"57:59","FR_CSMBHB_73000",26,23,0,3,3,5,0,2,28,23,"FR_CSMBHB_73000"
"FR-1-H_28_32_3370",3048,"22:56","FR_USCHB_94000",14,18,-2,-4,-4,-5,0,-1,30,34,"FR_DHBGL_59140"
"FR-1-H_28_32_3370",3049,"28:49","FR_DHBGL_59140",22,17,1,5,5,7,0,2,34,30,"FR_DHBGL_59140"
"FR-1-H_28_32_3370",3050,"41:52","FR_DHBGL_59140",26,22,0,4,4,3,0,-1,34,30,"FR_DHBGL_59140"
"FR-1-H_28_32_3370",3051,"49:11","FR_USCHB_94000",27,31,-1,-4,-4,-3,0,1,30,34,"FR_DHBGL_59140"
"FR-1-H_28_32_3370",3052,"55:36","FR_DHBGL_59140",31,28,-1,3,3,4,0,1,34,30,"FR_DHBGL_59140"
"FR-1-H_28_32_3371",3053,"22:25","FR_USIHB_94200",9,12,-2,-3,-3,-3,0,0,23,28,"FR_PAUC_13100"
"FR-1-H_28_32_3371",3054,"28:02","FR_PAUC_13100",14,12,-1,2,2,0,0,-2,28,23,"FR_PAUC_13100"
"FR-1-H_28_32_3371",3055,"47:41","FR_USIHB_94200",19,21,-2,-2,-2,-2,0,0,23,28,"FR_PAUC_13100"
"FR-1-H_28_32_3371",3056,"54:29","FR_PAUC_13100",23,21,-1,2,2,5,0,3,28,23,"FR_PAUC_13100"
"FR-1-H_28_32_3372",3057,"12:08","FR_SLHB_45770",5,10,-1,-5,-5,-6,0,-1,28,42,"FR_MHB_34000"
"FR-1-H_28_32_3372",3058,"26:10","FR_MHB_34000",18,10,-2,8,8,11,0,3,42,28,"FR_MHB_34000"
"FR-1-H_28_32_3372",3059,"45:05","FR_SLHB_45770",18,34,-1,-16,-16,-14,0,2,28,42,"FR_MHB_34000"
"FR-1-H_28_32_3372",3060,"46:49","FR_MHB_34000",34,20,-2,14,14,16,0,2,42,28,"FR_MHB_34000"
"FR-1-H_28_32_3373",3061,"03:17","FR_CRMHB_35510",0,1,-1,-1,-1,-2,0,-1,25,29,"FR_HBCN_44200"
"FR-1-H_28_32_3373",3062,"27:06","FR_HBCN_44200",13,8,1,5,5,4,0,-1,29,25,"FR_HBCN_44200"
"FR-1-H_28_32_3373",3063,"43:06","FR_CRMHB_35510",17,21,1,-4,-4,-3,0,1,25,29,"FR_HBCN_44200"
"FR-1-H_28_32_3373",3064,"47:42","FR_HBCN_44200",23,20,-2,3,3,2,0,-1,29,25,"FR_HBCN_44200"
"FR-1-H_28_32_3373",3065,"58:39","FR_CRMHB_35510",24,29,-3,-5,-5,-4,0,1,25,29,"FR_HBCN_44200"
"FR-1-H_28_32_3373",3066,"59:27","FR_HBCN_44200",29,25,-1,4,4,4,0,0,29,25,"FR_HBCN_44200"
"FR-1-H_28_32_3374",3067,"14:20","FR_PSGHB_75016",8,10,-3,-2,-2,-1,0,1,36,33,"FR_PSGHB_75016"
"FR-1-H_28_32_3374",3068,"18:48","FR_USAMNG_30918",11,10,-2,1,1,3,0,2,33,36,"FR_PSGHB_75016"
"FR-1-H_28_32_3374",3069,"40:17","FR_USAMNG_30918",24,18,-2,6,6,3,0,-3,33,36,"FR_PSGHB_75016"
"FR-1-H_28_32_3374",3070,"47:01","FR_PSGHB_75016",24,27,3,-3,-3,-1,0,2,36,33,"FR_PSGHB_75016"
"FR-1-H_28_32_3374",3071,"52:27","FR_USAMNG_30918",30,30,-1,0,0,-2,0,-2,33,36,"FR_PSGHB_75016"
"FR-1-H_28_32_3374",3072,"59:31","FR_PSGHB_75016",35,33,-1,2,2,3,0,1,36,33,"FR_PSGHB_75016"
"FR-1-H_28_32_3375",3073,"15:09","FR_FTHB_31000",8,6,-1,2,2,1,0,-1,32,26,"FR_FTHB_31000"
"FR-1-H_28_32_3375",3074,"24:19","FR_SAHB_80262",9,11,-2,-2,-2,-6,0,-4,26,32,"FR_FTHB_31000"
"FR-1-H_28_32_3375",3075,"39:24","FR_SAHB_80262",13,20,-1,-7,-7,-7,0,0,26,32,"FR_FTHB_31000"
"FR-1-H_28_32_3375",3076,"48:27","FR_SAHB_80262",17,25,-1,-8,-8,-7,0,1,26,32,"FR_FTHB_31000"
"FR-1-H_28_32_3375",3077,"53:37","FR_FTHB_31000",27,21,-2,6,6,6,0,0,32,26,"FR_FTHB_31000"
"FR-1-H_28_33_3376",3078,"20:15","FR_DHBGL_59140",8,11,-4,-3,-3,1,0,4,35,31,"FR_DHBGL_59140"
"FR-1-H_28_33_3376",3079,"41:17","FR_PAUC_13100",19,23,-3,-4,-4,-5,0,-1,31,35,"FR_DHBGL_59140"
"FR-1-H_28_33_3376",3080,"49:09","FR_DHBGL_59140",28,22,-1,6,6,7,0,1,35,31,"FR_DHBGL_59140"
"FR-1-H_28_33_3376",3081,"59:26","FR_DHBGL_59140",34,31,-4,3,3,4,0,1,35,31,"FR_DHBGL_59140"
"FR-1-H_28_33_3377",3082,"21:31","FR_CRMHB_35510",10,13,-3,-3,-3,-3,0,0,22,33,"FR_CSMBHB_73000"
"FR-1-H_28_33_3377",3083,"25:33","FR_CSMBHB_73000",14,11,1,3,3,4,0,1,33,22,"FR_CSMBHB_73000"
"FR-1-H_28_33_3377",3084,"49:51","FR_CRMHB_35510",18,27,-1,-9,-9,-9,0,0,22,33,"FR_CSMBHB_73000"
"FR-1-H_28_33_3378",3085,"21:39","FR_USCHB_94000",7,13,-1,-6,-6,-6,0,0,25,29,"FR_USAMNG_30918"
"FR-1-H_28_33_3378",3086,"28:25","FR_USAMNG_30918",15,10,-2,5,5,6,0,1,29,25,"FR_USAMNG_30918"
"FR-1-H_28_33_3378",3087,"39:07","FR_USAMNG_30918",19,17,-2,2,2,3,0,1,29,25,"FR_USAMNG_30918"
"FR-1-H_28_33_3378",3088,"51:20","FR_USCHB_94000",21,26,-2,-5,-5,-4,0,1,25,29,"FR_USAMNG_30918"
"FR-1-H_28_33_3379",3089,"23:10","FR_PSGHB_75016",10,11,-2,-1,-1,1,0,2,31,25,"FR_PSGHB_75016"
"FR-1-H_28_33_3379",3090,"25:36","FR_MHB_34000",11,12,-2,-1,-1,-2,0,-1,25,31,"FR_PSGHB_75016"
"FR-1-H_28_33_3379",3091,"33:55","FR_MHB_34000",13,18,-3,-5,-5,-4,0,1,25,31,"FR_PSGHB_75016"
"FR-1-H_28_33_3379",3092,"51:52","FR_PSGHB_75016",27,21,-1,6,6,7,0,1,31,25,"FR_PSGHB_75016"
"FR-1-H_28_33_3380",3093,"20:12","FR_SLHB_45770",9,12,-2,-3,-3,-5,0,-2,32,32,"Egalité"
"FR-1-H_28_33_3380",3094,"26:53","FR_USIHB_94200",15,10,1,5,5,6,0,1,32,32,"Egalité"
"FR-1-H_28_33_3380",3095,"39:12","FR_USIHB_94200",22,20,-2,2,2,2,0,0,32,32,"Egalité"
"FR-1-H_28_33_3380",3096,"54:24","FR_SLHB_45770",28,28,1,0,0,2,0,2,32,32,"Egalité"
"FR-1-H_28_33_3380",3097,"57:54","FR_USIHB_94200",29,31,-1,-2,-2,-1,0,1,32,32,"Egalité"
"FR-1-H_28_33_3380",3098,"59:12","FR_SLHB_45770",32,31,-1,1,1,0,0,-1,32,32,"Egalité"
"FR-1-H_28_33_3381",3099,"16:55","FR_SAHB_80262",6,10,-4,-4,-4,-6,0,-2,19,27,"FR_HBCN_44200"
"FR-1-H_28_33_3381",3100,"25:34","FR_HBCN_44200",14,9,-1,5,5,3,0,-2,27,19,"FR_HBCN_44200"
"FR-1-H_28_33_3381",3101,"42:39","FR_SAHB_80262",18,21,-1,-3,-3,-5,0,-2,19,27,"FR_HBCN_44200"
"FR-1-H_28_33_3381",3102,"49:29","FR_HBCN_44200",23,18,1,5,5,6,0,1,27,19,"FR_HBCN_44200"
"FR-1-H_28_33_3381",3103,"55:09","FR_SAHB_80262",19,26,-2,-7,-7,-7,0,0,19,27,"FR_HBCN_44200"
"FR-1-H_28_33_3381",3104,"56:16","FR_HBCN_44200",26,19,0,7,7,8,0,1,27,19,"FR_HBCN_44200"
"FR-1-H_28_33_3382",3105,"10:29","FR_FTHB_31000",7,5,-1,2,2,-1,0,-3,24,26,"FR_SRVHB_83700"
"FR-1-H_28_33_3382",3106,"17:58","FR_SRVHB_83700",10,12,-3,-2,-2,-1,0,1,26,24,"FR_SRVHB_83700"
"FR-1-H_28_33_3382",3107,"25:14","FR_FTHB_31000",14,12,2,2,2,0,0,-2,24,26,"FR_SRVHB_83700"
"FR-1-H_28_33_3382",3108,"43:11","FR_FTHB_31000",16,20,-3,-4,-4,-2,0,2,24,26,"FR_SRVHB_83700"
"FR-1-H_28_33_3382",3109,"49:02","FR_SRVHB_83700",22,21,-2,1,1,1,0,0,26,24,"FR_SRVHB_83700"
"FR-1-H_28_33_3382",3110,"59:28","FR_FTHB_31000",23,25,-1,-2,-2,-2,0,0,24,26,"FR_SRVHB_83700"
"FR-1-H_28_34_3383",3111,"16:21","FR_SAHB_80262",6,9,-2,-3,-3,-3,0,0,23,36,"FR_CSMBHB_73000"
"FR-1-H_28_34_3383",3112,"25:31","FR_CSMBHB_73000",14,10,1,4,4,5,0,1,36,23,"FR_CSMBHB_73000"
"FR-1-H_28_34_3383",3113,"43:53","FR_SAHB_80262",16,28,-4,-12,-12,-11,0,1,23,36,"FR_CSMBHB_73000"
"FR-1-H_28_34_3383",3114,"49:15","FR_SAHB_80262",19,30,1,-11,-11,-12,0,-1,23,36,"FR_CSMBHB_73000"
"FR-1-H_28_34_3384",3115,"07:11","FR_CRMHB_35510",1,4,-4,-3,-3,-2,0,1,27,27,"Egalité"
"FR-1-H_28_34_3384",3116,"21:44","FR_USIHB_94200",8,9,-2,-1,-1,1,0,2,27,27,"Egalité"
"FR-1-H_28_34_3384",3117,"42:48","FR_CRMHB_35510",19,22,-1,-3,-3,0,0,3,27,27,"Egalité"
"FR-1-H_28_34_3384",3118,"47:21","FR_USIHB_94200",22,22,-3,0,0,1,0,1,27,27,"Egalité"
"FR-1-H_28_34_3384",3119,"56:53","FR_CRMHB_35510",26,25,2,1,1,0,0,-1,27,27,"Egalité"
"FR-1-H_28_34_3385",3120,"21:45","FR_DHBGL_59140",10,12,-2,-2,-2,-3,0,-1,26,38,"FR_MHB_34000"
"FR-1-H_28_34_3385",3121,"29:53","FR_MHB_34000",17,13,1,4,4,6,0,2,38,26,"FR_MHB_34000"
"FR-1-H_28_34_3385",3122,"37:14","FR_DHBGL_59140",16,23,-2,-7,-7,-8,0,-1,26,38,"FR_MHB_34000"
"FR-1-H_28_34_3385",3123,"47:24","FR_DHBGL_59140",20,29,-1,-9,-9,-10,0,-1,26,38,"FR_MHB_34000"
"FR-1-H_28_34_3385",3124,"56:02","FR_MHB_34000",33,23,1,10,10,12,0,2,38,26,"FR_MHB_34000"
"FR-1-H_28_34_3386",3125,"07:26","FR_FTHB_31000",1,6,-4,-5,-5,-5,0,0,27,42,"FR_HBCN_44200"
"FR-1-H_28_34_3386",3126,"25:47","FR_HBCN_44200",19,12,-1,7,7,7,0,0,42,27,"FR_HBCN_44200"
"FR-1-H_28_34_3386",3127,"41:56","FR_HBCN_44200",30,20,-2,10,10,9,0,-1,42,27,"FR_HBCN_44200"
"FR-1-H_28_34_3387",3128,"07:48","FR_USCHB_94000",1,5,-3,-4,-4,-6,0,-2,28,39,"FR_SRVHB_83700"
"FR-1-H_28_34_3387",3129,"20:09","FR_SRVHB_83700",12,4,4,8,8,9,0,1,39,28,"FR_SRVHB_83700"
"FR-1-H_28_34_3387",3130,"36:52","FR_SRVHB_83700",23,17,-3,6,6,7,0,1,39,28,"FR_SRVHB_83700"
"FR-1-H_28_34_3387",3131,"49:45","FR_USCHB_94000",23,33,-2,-10,-10,-9,0,1,28,39,"FR_SRVHB_83700"
"FR-1-H_28_34_3387",3132,"52:39","FR_SRVHB_83700",34,25,-1,9,9,10,0,1,39,28,"FR_SRVHB_83700"
"FR-1-H_28_34_3388",3133,"16:31","FR_SLHB_45770",7,14,-2,-7,-7,-4,0,3,32,44,"FR_PSGHB_75016"
"FR-1-H_28_34_3388",3134,"45:35","FR_SLHB_45770",26,32,-1,-6,-6,-8,0,-2,32,44,"FR_PSGHB_75016"
"FR-1-H_28_34_3389",3135,"06:42","FR_PAUC_13100",1,4,-4,-3,-3,-2,0,1,29,25,"FR_PAUC_13100"
"FR-1-H_28_34_3389",3136,"18:24","FR_USAMNG_30918",7,8,-4,-1,-1,0,0,1,25,29,"FR_PAUC_13100"
"FR-1-H_28_34_3389",3137,"49:09","FR_PAUC_13100",23,20,2,3,3,2,0,-1,29,25,"FR_PAUC_13100"
"FR-1-H_28_34_3389",3138,"52:25","FR_PAUC_13100",24,22,-2,2,2,5,0,3,29,25,"FR_PAUC_13100"
"FR-1-H_28_34_3389",3139,"56:22","FR_USAMNG_30918",22,27,-3,-5,-5,-4,0,1,25,29,"FR_PAUC_13100"
"FR-1-H_28_35_3390",3140,"11:53","FR_PAUC_13100",3,5,-2,-2,-2,-3,0,-1,27,30,"FR_SLHB_45770"
"FR-1-H_28_35_3390",3141,"21:45","FR_SLHB_45770",8,7,-2,1,1,2,0,1,30,27,"FR_SLHB_45770"
"FR-1-H_28_35_3390",3142,"36:07","FR_PAUC_13100",11,17,-2,-6,-6,-6,0,0,27,30,"FR_SLHB_45770"
"FR-1-H_28_35_3390",3143,"48:13","FR_SLHB_45770",23,18,-2,5,5,4,0,-1,30,27,"FR_SLHB_45770"
"FR-1-H_28_35_3391",3144,"10:22","FR_CRMHB_35510",2,4,-1,-2,-2,-2,0,0,24,24,"Egalité"
"FR-1-H_28_35_3391",3145,"21:59","FR_USAMNG_30918",6,6,-3,0,0,0,0,0,24,24,"Egalité"
"FR-1-H_28_35_3391",3146,"47:43","FR_USAMNG_30918",19,17,-2,2,2,2,0,0,24,24,"Egalité"
"FR-1-H_28_35_3391",3147,"50:54","FR_CRMHB_35510",18,20,-1,-2,-2,-2,0,0,24,24,"Egalité"
"FR-1-H_28_35_3391",3148,"57:36","FR_USAMNG_30918",23,20,3,3,3,1,0,-2,24,24,"Egalité"
"FR-1-H_28_35_3391",3149,"59:08","FR_CRMHB_35510",23,24,2,-1,-1,0,0,1,24,24,"Egalité"
"FR-1-H_28_35_3392",3150,"07:26","FR_USCHB_94000",2,6,-4,-4,-4,-4,0,0,29,29,"Egalité"
"FR-1-H_28_35_3392",3151,"20:11","FR_USIHB_94200",8,6,-1,2,2,3,0,1,29,29,"Egalité"
"FR-1-H_28_35_3392",3152,"39:33","FR_USCHB_94000",16,22,-3,-6,-6,-7,0,-1,29,29,"Egalité"
"FR-1-H_28_35_3392",3153,"45:32","FR_USCHB_94000",16,24,-2,-8,-8,-5,0,3,29,29,"Egalité"
"FR-1-H_28_35_3392",3154,"50:01","FR_USIHB_94200",26,21,-3,5,5,2,0,-3,29,29,"Egalité"
"FR-1-H_28_35_3392",3155,"55:34","FR_USIHB_94200",28,27,-1,1,1,0,0,-1,29,29,"Egalité"
"FR-1-H_28_35_3393",3156,"35:28","FR_DHBGL_59140",16,19,-4,-3,-3,-4,0,-1,26,34,"FR_HBCN_44200"
"FR-1-H_28_35_3393",3157,"48:51","FR_HBCN_44200",27,23,-1,4,4,6,0,2,34,26,"FR_HBCN_44200"
"FR-1-H_28_35_3393",3158,"53:08","FR_DHBGL_59140",24,30,-3,-6,-6,-6,0,0,26,34,"FR_HBCN_44200"
"FR-1-H_28_35_3393",3159,"55:44","FR_HBCN_44200",31,25,-1,6,6,8,0,2,34,26,"FR_HBCN_44200"
"FR-1-H_28_35_3394",3160,"17:04","FR_PSGHB_75016",7,8,-1,-1,-1,0,0,1,28,24,"FR_PSGHB_75016"
"FR-1-H_28_35_3394",3161,"21:30","FR_SRVHB_83700",10,10,-1,0,0,0,0,0,24,28,"FR_PSGHB_75016"
"FR-1-H_28_35_3394",3162,"41:26","FR_SRVHB_83700",16,18,-3,-2,-2,-2,0,0,24,28,"FR_PSGHB_75016"
"FR-1-H_28_35_3394",3163,"51:23","FR_PSGHB_75016",25,22,-1,3,3,5,0,2,28,24,"FR_PSGHB_75016"
"FR-1-H_28_35_3395",3164,"07:30","FR_SAHB_80262",3,6,-3,-3,-3,-4,0,-1,27,34,"FR_MHB_34000"
"FR-1-H_28_35_3395",3165,"24:23","FR_MHB_34000",16,9,-1,7,7,6,0,-1,34,27,"FR_MHB_34000"
"FR-1-H_28_35_3395",3166,"35:01","FR_SAHB_80262",14,21,-1,-7,-7,-7,0,0,27,34,"FR_MHB_34000"
"FR-1-H_28_35_3395",3167,"48:31","FR_SAHB_80262",21,27,1,-6,-6,-6,0,0,27,34,"FR_MHB_34000"
"FR-1-H_28_35_3395",3168,"54:31","FR_MHB_34000",30,25,-1,5,5,6,0,1,34,27,"FR_MHB_34000"
"FR-1-H_28_35_3395",3169,"57:14","FR_MHB_34000",32,26,1,6,6,7,0,1,34,27,"FR_MHB_34000"
"FR-1-H_28_35_3396",3170,"06:07","FR_FTHB_31000",2,5,-4,-3,-3,-1,0,2,30,28,"FR_FTHB_31000"
"FR-1-H_28_35_3396",3171,"12:51","FR_CSMBHB_73000",6,6,-2,0,0,-2,0,-2,28,30,"FR_FTHB_31000"
"FR-1-H_28_35_3396",3172,"41:52","FR_CSMBHB_73000",21,25,-2,-4,-4,-5,0,-1,28,30,"FR_FTHB_31000"
"FR-1-H_28_35_3396",3173,"53:09","FR_FTHB_31000",28,24,-1,4,4,3,0,-1,30,28,"FR_FTHB_31000"
"FR-1-H_28_35_3396",3174,"57:59","FR_CSMBHB_73000",27,30,1,-3,-3,-2,0,1,28,30,"FR_FTHB_31000"
"FR-1-H_28_35_3396",3175,"59:28","FR_FTHB_31000",30,28,-1,2,2,2,0,0,30,28,"FR_FTHB_31000"
"FR-1-H_28_36_3397",3176,"11:58","FR_CSMBHB_73000",2,5,-2,-3,-3,-2,0,1,17,22,"FR_USAMNG_30918"
"FR-1-H_28_36_3397",3177,"24:13","FR_USAMNG_30918",10,6,1,4,4,6,0,2,22,17,"FR_USAMNG_30918"
"FR-1-H_28_36_3397",3178,"26:51","FR_CSMBHB_73000",6,12,-2,-6,-6,-7,0,-1,17,22,"FR_USAMNG_30918"
"FR-1-H_28_36_3397",3179,"53:40","FR_USAMNG_30918",21,14,-1,7,7,6,0,-1,22,17,"FR_USAMNG_30918"
"FR-1-H_28_36_3398",3180,"28:24","FR_FTHB_31000",10,12,-2,-2,-2,-2,0,0,24,24,"Egalité"
"FR-1-H_28_36_3398",3181,"29:16","FR_DHBGL_59140",12,10,0,2,2,4,0,2,24,24,"Egalité"
"FR-1-H_28_36_3398",3182,"39:53","FR_FTHB_31000",13,16,1,-3,-3,-2,0,1,24,24,"Egalité"
"FR-1-H_28_36_3398",3183,"44:22","FR_DHBGL_59140",18,16,-1,2,2,3,0,1,24,24,"Egalité"
"FR-1-H_28_36_3398",3184,"55:55","FR_DHBGL_59140",23,22,-1,1,1,-1,0,-2,24,24,"Egalité"
"FR-1-H_28_36_3398",3185,"59:23","FR_FTHB_31000",24,23,2,1,1,0,0,-1,24,24,"Egalité"
"FR-1-H_28_36_3399",3186,"11:00","FR_SAHB_80262",5,5,1,0,0,1,0,1,22,27,"FR_USIHB_94200"
"FR-1-H_28_36_3399",3187,"24:15","FR_USIHB_94200",8,12,-2,-4,-4,-1,0,3,27,22,"FR_USIHB_94200"
"FR-1-H_28_36_3399",3188,"38:10","FR_SAHB_80262",16,18,-2,-2,-2,-2,0,0,22,27,"FR_USIHB_94200"
"FR-1-H_28_36_3399",3189,"51:36","FR_SAHB_80262",20,22,-1,-2,-2,-3,0,-1,22,27,"FR_USIHB_94200"
"FR-1-H_28_36_3399",3190,"57:03","FR_USIHB_94200",25,22,1,3,3,5,0,2,27,22,"FR_USIHB_94200"
"FR-1-H_28_36_3400",3191,"23:42","FR_HBCN_44200",11,10,1,1,1,3,0,2,26,25,"FR_HBCN_44200"
"FR-1-H_28_36_3400",3192,"24:53","FR_MHB_34000",10,13,-2,-3,-3,-1,0,2,25,26,"FR_HBCN_44200"
"FR-1-H_28_36_3400",3193,"44:48","FR_MHB_34000",15,19,-2,-4,-4,-3,0,1,25,26,"FR_HBCN_44200"
"FR-1-H_28_36_3400",3194,"48:28","FR_HBCN_44200",20,17,-2,3,3,1,0,-2,26,25,"FR_HBCN_44200"
"FR-1-H_28_36_3400",3195,"58:01","FR_HBCN_44200",25,23,1,2,2,1,0,-1,26,25,"FR_HBCN_44200"
"FR-1-H_28_36_3401",3196,"17:26","FR_USCHB_94000",9,12,-1,-3,-3,-3,0,0,32,39,"FR_PSGHB_75016"
"FR-1-H_28_36_3402",3197,"06:57","FR_PAUC_13100",2,6,-2,-4,-4,-5,0,-1,29,31,"FR_SRVHB_83700"
"FR-1-H_28_36_3402",3198,"18:42","FR_SRVHB_83700",10,6,-1,4,4,4,0,0,31,29,"FR_SRVHB_83700"
"FR-1-H_28_36_3402",3199,"43:43","FR_SRVHB_83700",21,22,-4,-1,-1,2,0,3,31,29,"FR_SRVHB_83700"
"FR-1-H_28_36_3402",3200,"47:53","FR_PAUC_13100",23,25,-3,-2,-2,-3,0,-1,29,31,"FR_SRVHB_83700"
"FR-1-H_28_36_3402",3201,"58:49","FR_SRVHB_83700",30,28,-1,2,2,2,0,0,31,29,"FR_SRVHB_83700"
"FR-1-H_28_36_3403",3202,"20:36","FR_CRMHB_35510",7,9,-1,-2,-2,-2,0,0,26,30,"FR_SLHB_45770"
"FR-1-H_28_36_3403",3203,"29:30","FR_SLHB_45770",13,13,-1,0,0,0,0,0,30,26,"FR_SLHB_45770"
"FR-1-H_28_36_3403",3204,"38:41","FR_CRMHB_35510",16,20,-4,-4,-4,-4,0,0,26,30,"FR_SLHB_45770"
"FR-1-H_28_36_3403",3205,"51:34","FR_SLHB_45770",26,21,2,5,5,5,0,0,30,26,"FR_SLHB_45770"
"FR-1-H_28_36_3403",3206,"56:01","FR_CRMHB_35510",23,29,1,-6,-6,-3,0,3,26,30,"FR_SLHB_45770"
"FR-1-H_28_36_3403",3207,"57:47","FR_SLHB_45770",29,26,-2,3,3,4,0,1,30,26,"FR_SLHB_45770"
"FR-1-H_28_37_3404",3208,"14:52","FR_CRMHB_35510",6,8,-2,-2,-2,-2,0,0,31,34,"FR_PAUC_13100"
"FR-1-H_28_37_3404",3209,"29:41","FR_PAUC_13100",16,15,-1,1,1,0,0,-1,34,31,"FR_PAUC_13100"
"FR-1-H_28_37_3404",3210,"49:03","FR_CRMHB_35510",25,27,-1,-2,-2,-3,0,-1,31,34,"FR_PAUC_13100"
"FR-1-H_28_37_3405",3211,"12:55","FR_USCHB_94000",5,9,-2,-4,-4,-5,0,-1,35,36,"FR_SLHB_45770"
"FR-1-H_28_37_3405",3212,"20:11","FR_SLHB_45770",12,8,-2,4,4,1,0,-3,36,35,"FR_SLHB_45770"
"FR-1-H_28_37_3405",3213,"51:31","FR_USCHB_94000",27,31,-2,-4,-4,-3,0,1,35,36,"FR_SLHB_45770"
"FR-1-H_28_37_3405",3214,"54:14","FR_SLHB_45770",33,30,-1,3,3,1,0,-2,36,35,"FR_SLHB_45770"
"FR-1-H_28_37_3405",3215,"58:59","FR_SLHB_45770",36,35,-1,1,1,1,0,0,36,35,"FR_SLHB_45770"
"FR-1-H_28_37_3405",3216,"59:45","FR_USCHB_94000",35,36,0,-1,-1,-1,0,0,35,36,"FR_SLHB_45770"
"FR-1-H_28_37_3406",3217,"27:02","FR_CSMBHB_73000",10,13,1,-3,-3,-4,0,-1,25,29,"FR_MHB_34000"
"FR-1-H_28_37_3406",3218,"35:08","FR_CSMBHB_73000",11,18,-3,-7,-7,-7,0,0,25,29,"FR_MHB_34000"
"FR-1-H_28_37_3406",3219,"47:07","FR_MHB_34000",22,19,-3,3,3,5,0,2,29,25,"FR_MHB_34000"
"FR-1-H_28_37_3406",3220,"57:32","FR_CSMBHB_73000",24,29,-1,-5,-5,-5,0,0,25,29,"FR_MHB_34000"
"FR-1-H_28_37_3406",3221,"58:24","FR_MHB_34000",29,24,0,5,5,4,0,-1,29,25,"FR_MHB_34000"
"FR-1-H_28_37_3407",3222,"20:26","FR_PSGHB_75016",9,13,-1,-4,-4,-3,0,1,31,37,"FR_HBCN_44200"
"FR-1-H_28_37_3407",3223,"23:36","FR_HBCN_44200",14,11,1,3,3,4,0,1,37,31,"FR_HBCN_44200"
"FR-1-H_28_37_3407",3224,"34:39","FR_PSGHB_75016",15,22,-1,-7,-7,-6,0,1,31,37,"FR_HBCN_44200"
"FR-1-H_28_37_3407",3225,"40:41","FR_PSGHB_75016",19,26,-1,-7,-7,-9,0,-2,31,37,"FR_HBCN_44200"
"FR-1-H_28_37_3407",3226,"52:16","FR_HBCN_44200",32,25,-2,7,7,5,0,-2,37,31,"FR_HBCN_44200"
"FR-1-H_28_37_3407",3227,"56:50","FR_HBCN_44200",34,29,-2,5,5,6,0,1,37,31,"FR_HBCN_44200"
"FR-1-H_28_37_3408",3228,"18:13","FR_SAHB_80262",7,10,-2,-3,-3,-3,0,0,24,26,"FR_DHBGL_59140"
"FR-1-H_28_37_3408",3229,"24:58","FR_DHBGL_59140",14,9,1,5,5,4,0,-1,26,24,"FR_DHBGL_59140"
"FR-1-H_28_37_3408",3230,"48:05","FR_SAHB_80262",21,23,1,-2,-2,-1,0,1,24,26,"FR_DHBGL_59140"
"FR-1-H_28_37_3408",3231,"51:56","FR_DHBGL_59140",24,23,-1,1,1,2,0,1,26,24,"FR_DHBGL_59140"
"FR-1-H_28_37_3408",3232,"55:09","FR_SAHB_80262",23,25,-1,-2,-2,-2,0,0,24,26,"FR_DHBGL_59140"
"FR-1-H_28_37_3408",3233,"57:58","FR_DHBGL_59140",25,23,0,2,2,2,0,0,26,24,"FR_DHBGL_59140"
"FR-1-H_28_37_3409",3234,"12:08","FR_SRVHB_83700",4,7,-2,-3,-3,-3,0,0,28,26,"FR_SRVHB_83700"
"FR-1-H_28_37_3409",3235,"22:57","FR_USAMNG_30918",11,12,-3,-1,-1,-2,0,-1,26,28,"FR_SRVHB_83700"
"FR-1-H_28_37_3409",3236,"32:52","FR_USAMNG_30918",16,18,-3,-2,-2,-2,0,0,26,28,"FR_SRVHB_83700"
"FR-1-H_28_37_3409",3237,"44:14","FR_SRVHB_83700",23,20,-1,3,3,4,0,1,28,26,"FR_SRVHB_83700"
"FR-1-H_28_37_3409",3238,"56:57","FR_USAMNG_30918",24,27,-1,-3,-3,-3,0,0,26,28,"FR_SRVHB_83700"
"FR-1-H_28_37_3409",3239,"59:23","FR_SRVHB_83700",27,25,1,2,2,2,0,0,28,26,"FR_SRVHB_83700"
"FR-1-H_28_37_3410",3240,"13:32","FR_FTHB_31000",6,6,-1,0,0,0,0,0,28,27,"FR_FTHB_31000"
"FR-1-H_28_37_3410",3241,"29:37","FR_USIHB_94200",15,16,-1,-1,-1,-3,0,-2,27,28,"FR_FTHB_31000"
"FR-1-H_28_37_3410",3242,"32:50","FR_USIHB_94200",16,19,-3,-3,-3,-3,0,0,27,28,"FR_FTHB_31000"
"FR-1-H_28_37_3410",3243,"52:05","FR_FTHB_31000",24,24,1,0,0,2,0,2,28,27,"FR_FTHB_31000"
"FR-1-H_28_37_3410",3244,"59:03","FR_USIHB_94200",26,27,1,-1,-1,0,0,1,27,28,"FR_FTHB_31000"
"FR-1-H_28_37_3410",3245,"59:42","FR_FTHB_31000",27,27,-1,0,0,1,0,1,28,27,"FR_FTHB_31000"
"FR-1-H_28_38_3411",3246,"08:27","FR_PAUC_13100",3,8,-3,-5,-5,-3,0,2,33,38,"FR_HBCN_44200"
"FR-1-H_28_38_3411",3247,"17:39","FR_PAUC_13100",6,13,-4,-7,-7,-6,0,1,33,38,"FR_HBCN_44200"
"FR-1-H_28_38_3411",3248,"21:20","FR_HBCN_44200",15,9,-2,6,6,6,0,0,38,33,"FR_HBCN_44200"
"FR-1-H_28_38_3411",3249,"51:01","FR_HBCN_44200",33,26,-1,7,7,7,0,0,38,33,"FR_HBCN_44200"
"FR-1-H_28_38_3411",3250,"53:19","FR_PAUC_13100",27,34,-1,-7,-7,-5,0,2,33,38,"FR_HBCN_44200"
"FR-1-H_28_38_3412",3251,"15:07","FR_CRMHB_35510",5,5,-2,0,0,-1,0,-1,25,27,"FR_CSMBHB_73000"
"FR-1-H_28_38_3412",3252,"29:13","FR_CSMBHB_73000",12,9,1,3,3,4,0,1,27,25,"FR_CSMBHB_73000"
"FR-1-H_28_38_3412",3253,"54:00","FR_CRMHB_35510",20,25,-1,-5,-5,-3,0,2,25,27,"FR_CSMBHB_73000"
"FR-1-H_28_38_3413",3254,"21:57","FR_DHBGL_59140",8,12,-4,-4,-4,-6,0,-2,26,31,"FR_MHB_34000"
"FR-1-H_28_38_3413",3255,"27:09","FR_MHB_34000",15,10,-1,5,5,5,0,0,31,26,"FR_MHB_34000"
"FR-1-H_28_38_3413",3256,"34:40","FR_DHBGL_59140",14,20,-1,-6,-6,-5,0,1,26,31,"FR_MHB_34000"
"FR-1-H_28_38_3413",3257,"48:12","FR_MHB_34000",25,22,-2,3,3,2,0,-1,31,26,"FR_MHB_34000"
"FR-1-H_28_38_3413",3258,"55:46","FR_DHBGL_59140",25,27,-1,-2,-2,-4,0,-2,26,31,"FR_MHB_34000"
"FR-1-H_28_38_3413",3259,"59:15","FR_MHB_34000",30,26,-1,4,4,5,0,1,31,26,"FR_MHB_34000"
"FR-1-H_28_38_3414",3260,"11:06","FR_USIHB_94200",3,7,-3,-4,-4,-4,0,0,27,27,"Egalité"
"FR-1-H_28_38_3414",3261,"22:19","FR_USCHB_94000",11,10,-3,1,1,2,0,1,27,27,"Egalité"
"FR-1-H_28_38_3415",3262,"16:57","FR_USAMNG_30918",7,11,-3,-4,-4,-8,0,-4,23,37,"FR_PSGHB_75016"
"FR-1-H_28_38_3415",3263,"46:13","FR_USAMNG_30918",18,30,-2,-12,-12,-14,0,-2,23,37,"FR_PSGHB_75016"
"FR-1-H_28_38_3416",3264,"21:18","FR_SRVHB_83700",6,5,-1,1,1,3,0,2,25,18,"FR_SRVHB_83700"
"FR-1-H_28_38_3416",3265,"24:33","FR_SAHB_80262",6,9,-1,-3,-3,-1,0,2,18,25,"FR_SRVHB_83700"
"FR-1-H_28_38_3416",3266,"42:05","FR_SAHB_80262",12,15,-2,-3,-3,-6,0,-3,18,25,"FR_SRVHB_83700"
"FR-1-H_28_38_3416",3267,"51:11","FR_SRVHB_83700",21,15,-1,6,6,6,0,0,25,18,"FR_SRVHB_83700"
"FR-1-H_28_38_3417",3268,"17:18","FR_SLHB_45770",6,8,-1,-2,-2,-1,0,1,28,29,"FR_FTHB_31000"
"FR-1-H_28_38_3417",3269,"35:12","FR_FTHB_31000",16,15,-3,1,1,3,0,2,29,28,"FR_FTHB_31000"
"FR-1-H_28_38_3417",3270,"49:06","FR_SLHB_45770",23,25,-2,-2,-2,-1,0,1,28,29,"FR_FTHB_31000"
"FR-1-H_28_38_3417",3271,"56:56","FR_FTHB_31000",28,28,1,0,0,1,0,1,29,28,"FR_FTHB_31000"
"FR-1-H_28_38_3417",3272,"58:34","FR_SLHB_45770",28,29,-1,-1,-1,-1,0,0,28,29,"FR_FTHB_31000"
"FR-1-H_28_39_3418",3273,"14:36","FR_PAUC_13100",6,9,-3,-3,-3,-1,0,2,29,29,"Egalité"
"FR-1-H_28_39_3418",3274,"18:58","FR_SRVHB_83700",10,9,-2,1,1,1,0,0,29,29,"Egalité"
"FR-1-H_28_39_3418",3275,"34:07","FR_PAUC_13100",14,17,-4,-3,-3,-4,0,-1,29,29,"Egalité"
"FR-1-H_28_39_3418",3276,"46:13","FR_SRVHB_83700",24,21,-1,3,3,5,0,2,29,29,"Egalité"
"FR-1-H_28_39_3418",3277,"52:30","FR_PAUC_13100",22,27,-1,-5,-5,-2,0,3,29,29,"Egalité"
"FR-1-H_28_39_3418",3278,"59:35","FR_SRVHB_83700",29,29,-1,0,0,0,0,0,29,29,"Egalité"
"FR-1-H_28_39_3419",3279,"14:36","FR_CSMBHB_73000",6,8,-3,-2,-2,-5,0,-3,24,27,"FR_USIHB_94200"
"FR-1-H_28_39_3419",3280,"23:31","FR_USIHB_94200",13,8,-1,5,5,7,0,2,27,24,"FR_USIHB_94200"
"FR-1-H_28_39_3419",3281,"53:20","FR_USIHB_94200",24,21,-1,3,3,4,0,1,27,24,"FR_USIHB_94200"
"FR-1-H_28_39_3419",3282,"54:21","FR_CSMBHB_73000",21,25,-1,-4,-4,-2,0,2,24,27,"FR_USIHB_94200"
"FR-1-H_28_39_3419",3283,"58:48","FR_USIHB_94200",26,24,-1,2,2,3,0,1,27,24,"FR_USIHB_94200"
"FR-1-H_28_39_3420",3284,"11:59","FR_USCHB_94000",4,7,-2,-3,-3,-2,0,1,27,35,"FR_MHB_34000"
"FR-1-H_28_39_3420",3285,"38:04","FR_USCHB_94000",17,26,-2,-9,-9,-8,0,1,27,35,"FR_MHB_34000"
"FR-1-H_28_39_3420",3286,"45:11","FR_MHB_34000",27,21,-3,6,6,7,0,1,35,27,"FR_MHB_34000"
"FR-1-H_28_39_3420",3287,"54:10","FR_MHB_34000",32,24,2,8,8,8,0,0,35,27,"FR_MHB_34000"
"FR-1-H_28_39_3421",3288,"26:11","FR_HBCN_44200",13,12,-3,1,1,1,0,0,27,23,"FR_HBCN_44200"
"FR-1-H_28_39_3421",3289,"29:07","FR_DHBGL_59140",13,14,-1,-1,-1,-2,0,-1,23,27,"FR_HBCN_44200"
"FR-1-H_28_39_3421",3290,"38:52","FR_DHBGL_59140",16,20,-2,-4,-4,-1,0,3,23,27,"FR_HBCN_44200"
"FR-1-H_28_39_3421",3291,"42:47","FR_HBCN_44200",20,19,-3,1,1,1,0,0,27,23,"FR_HBCN_44200"
"FR-1-H_28_39_3421",3292,"54:48","FR_DHBGL_59140",22,25,-1,-3,-3,-4,0,-1,23,27,"FR_HBCN_44200"
"FR-1-H_28_39_3421",3293,"59:17","FR_HBCN_44200",27,23,2,4,4,4,0,0,27,23,"FR_HBCN_44200"
"FR-1-H_28_39_3422",3294,"21:28","FR_SAHB_80262",7,14,-1,-7,-7,-11,0,-4,19,32,"FR_PSGHB_75016"
"FR-1-H_28_39_3422",3295,"42:57","FR_SAHB_80262",11,27,1,-16,-16,-15,0,1,19,32,"FR_PSGHB_75016"
"FR-1-H_28_39_3423",3296,"16:14","FR_USAMNG_30918",5,9,-1,-4,-4,-3,0,1,25,28,"FR_SLHB_45770"
"FR-1-H_28_39_3423",3297,"18:53","FR_SLHB_45770",9,6,-1,3,3,3,0,0,28,25,"FR_SLHB_45770"
"FR-1-H_28_39_3423",3298,"36:47","FR_SLHB_45770",17,15,-3,2,2,1,0,-1,28,25,"FR_SLHB_45770"
"FR-1-H_28_39_3423",3299,"50:59","FR_USAMNG_30918",21,24,-1,-3,-3,-5,0,-2,25,28,"FR_SLHB_45770"
"FR-1-H_28_39_3424",3300,"11:30","FR_FTHB_31000",5,8,-3,-3,-3,-2,0,1,35,31,"FR_FTHB_31000"
"FR-1-H_28_39_3424",3301,"16:21","FR_CRMHB_35510",11,9,-2,2,2,4,0,2,31,35,"FR_FTHB_31000"
"FR-1-H_28_39_3424",3302,"38:15","FR_CRMHB_35510",23,20,-1,3,3,3,0,0,31,35,"FR_FTHB_31000"
"FR-1-H_28_39_3424",3303,"51:27","FR_FTHB_31000",28,30,1,-2,-2,2,0,4,35,31,"FR_FTHB_31000"
"FR-1-H_28_39_3424",3304,"56:50","FR_CRMHB_35510",31,33,-4,-2,-2,-4,0,-2,31,35,"FR_FTHB_31000"
"FR-1-H_28_40_3425",3305,"08:57","FR_USIHB_94200",4,8,-4,-4,-4,-3,0,1,25,31,"FR_CRMHB_35510"
"FR-1-H_28_40_3425",3306,"16:36","FR_CRMHB_35510",10,8,-1,2,2,3,0,1,31,25,"FR_CRMHB_35510"
"FR-1-H_28_40_3425",3307,"40:13","FR_CRMHB_35510",20,19,-3,1,1,3,0,2,31,25,"FR_CRMHB_35510"
"FR-1-H_28_40_3425",3308,"54:59","FR_USIHB_94200",24,28,-2,-4,-4,-4,0,0,25,31,"FR_CRMHB_35510"
"FR-1-H_28_40_3425",3309,"57:03","FR_CRMHB_35510",29,25,-1,4,4,6,0,2,31,25,"FR_CRMHB_35510"
"FR-1-H_28_40_3426",3310,"12:38","FR_MHB_34000",7,10,-1,-3,-3,-4,0,-1,30,33,"FR_CSMBHB_73000"
"FR-1-H_28_40_3426",3311,"23:34","FR_MHB_34000",11,18,-3,-7,-7,-8,0,-1,30,33,"FR_CSMBHB_73000"
"FR-1-H_28_40_3426",3312,"29:19","FR_CSMBHB_73000",23,15,-1,8,8,6,0,-2,33,30,"FR_CSMBHB_73000"
"FR-1-H_28_40_3426",3313,"48:02","FR_CSMBHB_73000",28,27,-2,1,1,2,0,1,33,30,"FR_CSMBHB_73000"
"FR-1-H_28_40_3426",3314,"56:02","FR_MHB_34000",29,32,-2,-3,-3,-3,0,0,30,33,"FR_CSMBHB_73000"
"FR-1-H_28_40_3427",3315,"27:20","FR_PSGHB_75016",13,16,-1,-3,-3,-3,0,0,29,28,"FR_PSGHB_75016"
"FR-1-H_28_40_3427",3316,"29:36","FR_USCHB_94000",18,15,-1,3,3,2,0,-1,28,29,"FR_PSGHB_75016"
"FR-1-H_28_40_3427",3317,"49:58","FR_USCHB_94000",24,25,-2,-1,-1,0,0,1,28,29,"FR_PSGHB_75016"
"FR-1-H_28_40_3427",3318,"54:25","FR_PSGHB_75016",27,27,-3,0,0,1,0,1,29,28,"FR_PSGHB_75016"
"FR-1-H_28_40_3427",3319,"59:24","FR_USCHB_94000",28,29,-2,-1,-1,-1,0,0,28,29,"FR_PSGHB_75016"
"FR-1-H_28_40_3428",3320,"15:01","FR_SAHB_80262",5,7,-3,-2,-2,-2,0,0,21,29,"FR_DHBGL_59140"
"FR-1-H_28_40_3428",3321,"21:44","FR_DHBGL_59140",9,8,-2,1,1,2,0,1,29,21,"FR_DHBGL_59140"
"FR-1-H_28_40_3428",3322,"29:36","FR_SAHB_80262",9,14,-5,-5,-5,-6,0,-1,21,29,"FR_DHBGL_59140"
"FR-1-H_28_40_3428",3323,"44:49","FR_SAHB_80262",15,23,-4,-8,-8,-5,0,3,21,29,"FR_DHBGL_59140"
"FR-1-H_28_40_3428",3324,"54:44","FR_DHBGL_59140",26,19,-1,7,7,8,0,1,29,21,"FR_DHBGL_59140"
"FR-1-H_28_40_3429",3325,"18:47","FR_SRVHB_83700",9,9,1,0,0,2,0,2,29,25,"FR_SRVHB_83700"
"FR-1-H_28_40_3429",3326,"21:19","FR_USAMNG_30918",9,11,-2,-2,-2,-5,0,-3,25,29,"FR_SRVHB_83700"
"FR-1-H_28_40_3429",3327,"34:33","FR_USAMNG_30918",13,20,-2,-7,-7,-4,0,3,25,29,"FR_SRVHB_83700"
"FR-1-H_28_40_3429",3328,"38:17","FR_SRVHB_83700",20,16,-3,4,4,5,0,1,29,25,"FR_SRVHB_83700"
"FR-1-H_28_40_3429",3329,"49:31","FR_USAMNG_30918",18,25,-3,-7,-7,-6,0,1,25,29,"FR_SRVHB_83700"
"FR-1-H_28_40_3429",3330,"58:29","FR_SRVHB_83700",27,24,-2,3,3,4,0,1,29,25,"FR_SRVHB_83700"
"FR-1-H_28_40_3430",3331,"10:05","FR_SLHB_45770",4,6,-2,-2,-2,-4,0,-2,26,28,"FR_PAUC_13100"
"FR-1-H_28_40_3430",3332,"27:35","FR_PAUC_13100",13,11,-2,2,2,2,0,0,28,26,"FR_PAUC_13100"
"FR-1-H_28_40_3430",3333,"50:49","FR_PAUC_13100",22,23,-3,-1,-1,2,0,3,28,26,"FR_PAUC_13100"
"FR-1-H_28_40_3430",3334,"53:11","FR_SLHB_45770",23,25,-3,-2,-2,-2,0,0,26,28,"FR_PAUC_13100"
"FR-1-H_28_40_3430",3335,"59:15","FR_PAUC_13100",27,26,-1,1,1,2,0,1,28,26,"FR_PAUC_13100"
"FR-1-H_28_40_3431",3336,"23:23","FR_FTHB_31000",11,15,-5,-4,-4,-5,0,-1,24,30,"FR_HBCN_44200"
"FR-1-H_28_40_3431",3337,"28:48","FR_HBCN_44200",17,12,-1,5,5,4,0,-1,30,24,"FR_HBCN_44200"
"FR-1-H_28_40_3431",3338,"47:57","FR_HBCN_44200",22,19,-1,3,3,5,0,2,30,24,"FR_HBCN_44200"
"FR-1-H_28_40_3431",3339,"56:01","FR_HBCN_44200",28,21,-1,7,7,6,0,-1,30,24,"FR_HBCN_44200"
"FR-1-H_28_41_3433",3340,"29:16","FR_FTHB_31000",14,15,-2,-1,-1,0,0,1,29,30,"FR_CSMBHB_73000"
"FR-1-H_28_41_3433",3341,"50:32","FR_FTHB_31000",24,26,-1,-2,-2,-1,0,1,29,30,"FR_CSMBHB_73000"
"FR-1-H_28_41_3433",3342,"53:27","FR_CSMBHB_73000",27,26,-1,1,1,1,0,0,30,29,"FR_CSMBHB_73000"
"FR-1-H_28_41_3433",3343,"59:27","FR_CSMBHB_73000",29,29,-2,0,0,1,0,1,30,29,"FR_CSMBHB_73000"
"FR-1-H_28_41_3433",3344,"59:47","FR_FTHB_31000",29,30,-1,-1,-1,-1,0,0,29,30,"FR_CSMBHB_73000"
"FR-1-H_28_41_3434",3345,"13:58","FR_SLHB_45770",5,9,-1,-4,-4,-4,0,0,31,35,"FR_USIHB_94200"
"FR-1-H_28_41_3434",3346,"26:48","FR_USIHB_94200",17,13,1,4,4,4,0,0,35,31,"FR_USIHB_94200"
"FR-1-H_28_41_3434",3347,"34:28","FR_USIHB_94200",21,19,-3,2,2,2,0,0,35,31,"FR_USIHB_94200"
"FR-1-H_28_41_3434",3348,"44:30","FR_SLHB_45770",23,28,-1,-5,-5,-3,0,2,31,35,"FR_USIHB_94200"
"FR-1-H_28_41_3434",3349,"58:39","FR_USIHB_94200",33,30,-2,3,3,4,0,1,35,31,"FR_USIHB_94200"
"FR-1-H_28_41_3435",3350,"20:59","FR_SRVHB_83700",9,8,3,1,1,-1,0,-2,25,33,"FR_MHB_34000"
"FR-1-H_28_41_3435",3351,"25:27","FR_MHB_34000",11,11,-1,0,0,0,0,0,33,25,"FR_MHB_34000"
"FR-1-H_28_41_3435",3352,"36:09","FR_SRVHB_83700",16,19,-3,-3,-3,-7,0,-4,25,33,"FR_MHB_34000"
"FR-1-H_28_41_3435",3353,"47:37","FR_MHB_34000",27,19,-1,8,8,7,0,-1,33,25,"FR_MHB_34000"
"FR-1-H_28_41_3436",3354,"23:36","FR_USCHB_94000",14,15,-3,-1,-1,-3,0,-2,29,35,"FR_HBCN_44200"
"FR-1-H_28_41_3436",3355,"29:50","FR_HBCN_44200",20,17,2,3,3,7,0,4,35,29,"FR_HBCN_44200"
"FR-1-H_28_41_3436",3356,"38:16","FR_USCHB_94000",18,26,-2,-8,-8,-7,0,1,29,35,"FR_HBCN_44200"
"FR-1-H_28_41_3436",3357,"42:33","FR_HBCN_44200",27,21,1,6,6,5,0,-1,35,29,"FR_HBCN_44200"
"FR-1-H_28_41_3436",3358,"53:41","FR_HBCN_44200",30,26,-2,4,4,7,0,3,35,29,"FR_HBCN_44200"
"FR-1-H_28_41_3437",3359,"17:47","FR_DHBGL_59140",6,9,1,-3,-3,-7,0,-4,29,36,"FR_PSGHB_75016"
"FR-1-H_28_41_3437",3360,"38:13","FR_DHBGL_59140",14,26,-3,-12,-12,-13,0,-1,29,36,"FR_PSGHB_75016"
"FR-1-H_28_41_3437",3361,"52:53","FR_DHBGL_59140",25,33,3,-8,-8,-8,0,0,29,36,"FR_PSGHB_75016"
"FR-1-H_28_41_3438",3362,"13:16","FR_CRMHB_35510",3,6,-1,-3,-3,-5,0,-2,24,30,"FR_USAMNG_30918"
"FR-1-H_28_41_3438",3363,"20:28","FR_USAMNG_30918",10,7,-2,3,3,6,0,3,30,24,"FR_USAMNG_30918"
"FR-1-H_28_41_3438",3364,"34:43","FR_CRMHB_35510",11,16,1,-5,-5,-5,0,0,24,30,"FR_USAMNG_30918"
"FR-1-H_28_41_3438",3365,"46:52","FR_CRMHB_35510",19,22,1,-3,-3,-6,0,-3,24,30,"FR_USAMNG_30918"
"FR-1-H_28_42_3439",3366,"09:45","FR_HBCN_44200",4,9,-3,-5,-5,-2,0,3,33,27,"FR_HBCN_44200"
"FR-1-H_28_42_3439",3367,"14:47","FR_CRMHB_35510",10,8,-3,2,2,1,0,-1,27,33,"FR_HBCN_44200"
"FR-1-H_28_42_3439",3368,"41:14","FR_CRMHB_35510",21,22,-2,-1,-1,-3,0,-2,27,33,"FR_HBCN_44200"
"FR-1-H_28_42_3439",3369,"46:29","FR_HBCN_44200",26,24,-1,2,2,4,0,2,33,27,"FR_HBCN_44200"
"FR-1-H_28_42_3439",3370,"57:09","FR_HBCN_44200",30,26,-1,4,4,6,0,2,33,27,"FR_HBCN_44200"
"FR-1-H_28_42_3440",3371,"21:59","FR_USCHB_94000",8,11,-2,-3,-3,-1,0,2,27,27,"Egalité"
"FR-1-H_28_42_3440",3372,"26:54","FR_PAUC_13100",14,13,-1,1,1,-3,0,-4,27,27,"Egalité"
"FR-1-H_28_42_3440",3373,"42:20","FR_USCHB_94000",18,21,-3,-3,-3,-4,0,-1,27,27,"Egalité"
"FR-1-H_28_42_3440",3374,"52:50","FR_PAUC_13100",27,25,-2,2,2,0,0,-2,27,27,"Egalité"
"FR-1-H_28_42_3440",3375,"59:04","FR_PAUC_13100",27,27,-2,0,0,0,0,0,27,27,"Egalité"
"FR-1-H_28_42_3440",3376,"59:44","FR_USCHB_94000",27,27,0,0,0,0,0,0,27,27,"Egalité"
"FR-1-H_28_42_3441",3377,"20:35","FR_DHBGL_59140",7,8,-2,-1,-1,0,0,1,23,23,"Egalité"
"FR-1-H_28_42_3441",3378,"29:24","FR_USAMNG_30918",11,12,-2,-1,-1,-1,0,0,23,23,"Egalité"
"FR-1-H_28_42_3441",3379,"41:21","FR_USAMNG_30918",15,17,-2,-2,-2,-4,0,-2,23,23,"Egalité"
"FR-1-H_28_42_3441",3380,"49:50","FR_DHBGL_59140",20,19,-3,1,1,0,0,-1,23,23,"Egalité"
"FR-1-H_28_42_3441",3381,"53:56","FR_DHBGL_59140",21,21,-2,0,0,0,0,0,23,23,"Egalité"
"FR-1-H_28_42_3441",3382,"59:38","FR_USAMNG_30918",23,23,1,0,0,0,0,0,23,23,"Egalité"
"FR-1-H_28_42_3442",3383,"10:18","FR_CSMBHB_73000",2,9,-4,-7,-7,-10,0,-3,25,31,"FR_PSGHB_75016"
"FR-1-H_28_42_3442",3384,"47:43","FR_PSGHB_75016",26,17,-1,9,9,9,0,0,31,25,"FR_PSGHB_75016"
"FR-1-H_28_42_3443",3385,"13:36","FR_SRVHB_83700",4,6,-2,-2,-2,1,0,3,31,25,"FR_SRVHB_83700"
"FR-1-H_28_42_3443",3386,"18:13","FR_FTHB_31000",7,8,-2,-1,-1,-2,0,-1,25,31,"FR_SRVHB_83700"
"FR-1-H_28_42_3443",3387,"37:20","FR_SRVHB_83700",19,15,1,4,4,3,0,-1,31,25,"FR_SRVHB_83700"
"FR-1-H_28_42_3443",3388,"58:15","FR_SRVHB_83700",30,24,-1,6,6,6,0,0,31,25,"FR_SRVHB_83700"
"FR-1-H_28_42_3444",3389,"22:23","FR_MHB_34000",14,11,-1,3,3,3,0,0,37,20,"FR_MHB_34000"
"FR-1-H_28_42_3444",3390,"23:41","FR_SLHB_45770",11,14,0,-3,-3,-4,0,-1,20,37,"FR_MHB_34000"
"FR-1-H_28_42_3444",3391,"38:19","FR_SLHB_45770",14,23,-3,-9,-9,-10,0,-1,20,37,"FR_MHB_34000"
"FR-1-H_28_42_3444",3392,"47:36","FR_SLHB_45770",17,30,-3,-13,-13,-12,0,1,20,37,"FR_MHB_34000"
"FR-1-H_28_42_3444",3393,"51:36","FR_MHB_34000",32,20,-2,12,12,14,0,2,37,20,"FR_MHB_34000"
"FR-1-H_28_42_3445",3394,"16:06","FR_SAHB_80262",6,5,1,1,1,2,0,1,24,25,"FR_USIHB_94200"
"FR-1-H_28_42_3445",3395,"29:36","FR_SAHB_80262",12,13,-1,-1,-1,-1,0,0,24,25,"FR_USIHB_94200"
"FR-1-H_28_42_3445",3396,"29:43","FR_USIHB_94200",13,12,0,1,1,2,0,1,25,24,"FR_USIHB_94200"
"FR-1-H_28_42_3445",3397,"50:36","FR_USIHB_94200",21,24,-2,-3,-3,-1,0,2,25,24,"FR_USIHB_94200"
"FR-1-H_28_42_3445",3398,"58:19","FR_USIHB_94200",24,24,2,0,0,1,0,1,25,24,"FR_USIHB_94200"
"FR-1-H_28_42_3445",3399,"59:51","FR_SAHB_80262",24,25,-1,-1,-1,-1,0,0,24,25,"FR_USIHB_94200"
"FR-1-H_28_43_3446",3400,"12:43","FR_CRMHB_35510",6,8,-5,-2,-2,0,0,2,26,25,"FR_CRMHB_35510"
"FR-1-H_28_43_3446",3401,"19:30","FR_SLHB_45770",9,11,-4,-2,-2,-1,0,1,25,26,"FR_CRMHB_35510"
"FR-1-H_28_43_3446",3402,"45:10","FR_SLHB_45770",18,20,-2,-2,-2,-2,0,0,25,26,"FR_CRMHB_35510"
"FR-1-H_28_43_3446",3403,"53:49","FR_CRMHB_35510",23,23,-3,0,0,0,0,0,26,25,"FR_CRMHB_35510"
"FR-1-H_28_43_3446",3404,"58:50","FR_CRMHB_35510",25,25,-1,0,0,1,0,1,26,25,"FR_CRMHB_35510"
"FR-1-H_28_43_3447",3405,"13:19","FR_PAUC_13100",4,6,-3,-2,-2,-1,0,1,25,27,"FR_CSMBHB_73000"
"FR-1-H_28_43_3447",3406,"27:32","FR_CSMBHB_73000",11,12,-2,-1,-1,-1,0,0,27,25,"FR_CSMBHB_73000"
"FR-1-H_28_43_3447",3407,"38:49","FR_CSMBHB_73000",13,17,-3,-4,-4,-5,0,-1,27,25,"FR_CSMBHB_73000"
"FR-1-H_28_43_3447",3408,"47:35","FR_PAUC_13100",20,18,-3,2,2,-1,0,-3,25,27,"FR_CSMBHB_73000"
"FR-1-H_28_43_3447",3409,"57:45","FR_PAUC_13100",23,25,-2,-2,-2,-2,0,0,25,27,"FR_CSMBHB_73000"
"FR-1-H_28_43_3448",3410,"26:26","FR_SRVHB_83700",10,11,-1,-1,-1,-1,0,0,23,27,"FR_DHBGL_59140"
"FR-1-H_28_43_3448",3411,"28:18","FR_DHBGL_59140",11,10,0,1,1,0,0,-1,27,23,"FR_DHBGL_59140"
"FR-1-H_28_43_3448",3412,"36:11","FR_SRVHB_83700",14,17,-3,-3,-3,-5,0,-2,23,27,"FR_DHBGL_59140"
"FR-1-H_28_43_3448",3413,"41:59","FR_DHBGL_59140",19,15,-1,4,4,6,0,2,27,23,"FR_DHBGL_59140"
"FR-1-H_28_43_3448",3414,"57:30","FR_DHBGL_59140",26,21,1,5,5,4,0,-1,27,23,"FR_DHBGL_59140"
"FR-1-H_28_43_3449",3415,"17:03","FR_USIHB_94200",6,11,-2,-5,-5,-6,0,-1,21,31,"FR_PSGHB_75016"
"FR-1-H_28_43_3449",3416,"57:02","FR_USIHB_94200",20,30,-1,-10,-10,-10,0,0,21,31,"FR_PSGHB_75016"
"FR-1-H_28_43_3450",3417,"17:16","FR_SAHB_80262",9,14,-1,-5,-5,-2,0,3,29,40,"FR_HBCN_44200"
"FR-1-H_28_43_3450",3418,"21:05","FR_HBCN_44200",15,13,-2,2,2,4,0,2,40,29,"FR_HBCN_44200"
"FR-1-H_28_43_3450",3419,"42:00","FR_SAHB_80262",23,30,-2,-7,-7,-7,0,0,29,40,"FR_HBCN_44200"
"FR-1-H_28_43_3450",3420,"48:12","FR_HBCN_44200",33,25,1,8,8,8,0,0,40,29,"FR_HBCN_44200"
"FR-1-H_28_43_3450",3421,"50:57","FR_SAHB_80262",26,34,-1,-8,-8,-11,0,-3,29,40,"FR_HBCN_44200"
"FR-1-H_28_43_3451",3422,"23:54","FR_USCHB_94000",8,10,-1,-2,-2,-3,0,-1,26,30,"FR_USAMNG_30918"
"FR-1-H_28_43_3451",3423,"27:29","FR_USAMNG_30918",12,9,-1,3,3,3,0,0,30,26,"FR_USAMNG_30918"
"FR-1-H_28_43_3451",3424,"39:11","FR_USCHB_94000",14,20,-2,-6,-6,-3,0,3,26,30,"FR_USAMNG_30918"
"FR-1-H_28_43_3451",3425,"49:59","FR_USAMNG_30918",25,21,1,4,4,5,0,1,30,26,"FR_USAMNG_30918"
"FR-1-H_28_43_3451",3426,"56:48","FR_USAMNG_30918",28,23,-1,5,5,4,0,-1,30,26,"FR_USAMNG_30918"
"FR-1-H_28_43_3452",3427,"22:52","FR_FTHB_31000",10,12,-2,-2,-2,-3,0,-1,28,32,"FR_MHB_34000"
"FR-1-H_28_43_3452",3428,"27:01","FR_MHB_34000",14,11,1,3,3,3,0,0,32,28,"FR_MHB_34000"
"FR-1-H_28_43_3452",3429,"49:16","FR_MHB_34000",25,23,-1,2,2,4,0,2,32,28,"FR_MHB_34000"
"FR-1-H_28_44_3453",3430,"15:08","FR_CRMHB_35510",4,7,-1,-3,-3,-5,0,-2,25,34,"FR_PAUC_13100"
"FR-1-H_28_44_3453",3431,"29:36","FR_PAUC_13100",15,11,-2,4,4,3,0,-1,34,25,"FR_PAUC_13100"
"FR-1-H_28_44_3453",3432,"39:59","FR_PAUC_13100",19,18,-3,1,1,1,0,0,34,25,"FR_PAUC_13100"
"FR-1-H_28_44_3453",3433,"53:26","FR_CRMHB_35510",23,28,-3,-5,-5,-7,0,-2,25,34,"FR_PAUC_13100"
"FR-1-H_28_44_3454",3434,"21:02","FR_DHBGL_59140",10,11,-1,-1,-1,-2,0,-1,34,31,"FR_DHBGL_59140"
"FR-1-H_28_44_3454",3435,"29:48","FR_USCHB_94000",17,14,-1,3,3,1,0,-2,31,34,"FR_DHBGL_59140"
"FR-1-H_28_44_3454",3436,"50:05","FR_USCHB_94000",26,27,-2,-1,-1,0,0,1,31,34,"FR_DHBGL_59140"
"FR-1-H_28_44_3454",3437,"52:41","FR_DHBGL_59140",28,28,-2,0,0,3,0,3,34,31,"FR_DHBGL_59140"
"FR-1-H_28_44_3454",3438,"55:20","FR_USCHB_94000",28,31,-3,-3,-3,-2,0,1,31,34,"FR_DHBGL_59140"
"FR-1-H_28_44_3454",3439,"58:53","FR_DHBGL_59140",32,30,-1,2,2,3,0,1,34,31,"FR_DHBGL_59140"
"FR-1-H_28_44_3455",3440,"23:30","FR_MHB_34000",13,11,-1,2,2,3,0,1,32,27,"FR_MHB_34000"
"FR-1-H_28_44_3455",3441,"28:11","FR_USIHB_94200",13,16,1,-3,-3,-4,0,-1,27,32,"FR_MHB_34000"
"FR-1-H_28_44_3455",3442,"48:57","FR_USIHB_94200",22,28,-2,-6,-6,-7,0,-1,27,32,"FR_MHB_34000"
"FR-1-H_28_44_3455",3443,"53:30","FR_MHB_34000",30,23,-1,7,7,5,0,-2,32,27,"FR_MHB_34000"
"FR-1-H_28_44_3455",3444,"56:51","FR_MHB_34000",31,26,-1,5,5,5,0,0,32,27,"FR_MHB_34000"
"FR-1-H_28_44_3456",3445,"10:44","FR_HBCN_44200",2,5,-1,-3,-3,0,0,3,29,33,"FR_USAMNG_30918"
"FR-1-H_28_44_3456",3446,"15:18","FR_USAMNG_30918",7,7,-2,0,0,2,0,2,33,29,"FR_USAMNG_30918"
"FR-1-H_28_44_3456",3447,"39:26","FR_USAMNG_30918",18,21,-3,-3,-3,-3,0,0,33,29,"FR_USAMNG_30918"
"FR-1-H_28_44_3456",3448,"49:14","FR_HBCN_44200",26,25,-2,1,1,-3,0,-4,29,33,"FR_USAMNG_30918"
"FR-1-H_28_44_3456",3449,"55:56","FR_HBCN_44200",27,30,-1,-3,-3,-4,0,-1,29,33,"FR_USAMNG_30918"
"FR-1-H_28_44_3457",3450,"10:10","FR_PSGHB_75016",6,5,-1,1,1,3,0,2,42,31,"FR_PSGHB_75016"
"FR-1-H_28_44_3457",3451,"14:52","FR_FTHB_31000",6,9,-2,-3,-3,-3,0,0,31,42,"FR_PSGHB_75016"
"FR-1-H_28_44_3457",3452,"40:29","FR_PSGHB_75016",31,23,1,8,8,8,0,0,42,31,"FR_PSGHB_75016"
"FR-1-H_28_44_3458",3453,"08:14","FR_CSMBHB_73000",1,6,-3,-5,-5,-6,0,-1,25,30,"FR_SRVHB_83700"
"FR-1-H_28_44_3458",3454,"20:59","FR_SRVHB_83700",12,5,-1,7,7,7,0,0,30,25,"FR_SRVHB_83700"
"FR-1-H_28_44_3458",3455,"44:47","FR_SRVHB_83700",23,19,-2,4,4,4,0,0,30,25,"FR_SRVHB_83700"
"FR-1-H_28_44_3459",3456,"15:47","FR_SLHB_45770",5,9,-3,-4,-4,-2,0,2,27,30,"FR_SAHB_80262"
"FR-1-H_28_44_3459",3457,"23:49","FR_SAHB_80262",12,9,1,3,3,3,0,0,30,27,"FR_SAHB_80262"
"FR-1-H_28_44_3459",3458,"49:20","FR_SAHB_80262",22,22,-1,0,0,2,0,2,30,27,"FR_SAHB_80262"
"FR-1-H_28_44_3459",3459,"52:28","FR_SLHB_45770",23,25,-2,-2,-2,-2,0,0,27,30,"FR_SAHB_80262"
"FR-1-H_28_45_3460",3460,"11:46","FR_CRMHB_35510",4,5,-3,-1,-1,-1,0,0,23,22,"FR_CRMHB_35510"
"FR-1-H_28_45_3460",3461,"23:59","FR_DHBGL_59140",12,9,1,3,3,0,0,-3,22,23,"FR_CRMHB_35510"
"FR-1-H_28_45_3460",3462,"44:59","FR_DHBGL_59140",17,19,-3,-2,-2,0,0,2,22,23,"FR_CRMHB_35510"
"FR-1-H_28_45_3460",3463,"46:59","FR_CRMHB_35510",19,19,-2,0,0,0,0,0,23,22,"FR_CRMHB_35510"
"FR-1-H_28_45_3460",3464,"56:13","FR_DHBGL_59140",22,22,-1,0,0,-1,0,-1,22,23,"FR_CRMHB_35510"
"FR-1-H_28_45_3461",3465,"18:06","FR_USCHB_94000",9,9,-1,0,0,-1,0,-1,30,29,"FR_USCHB_94000"
"FR-1-H_28_45_3461",3466,"29:40","FR_CSMBHB_73000",15,16,-2,-1,-1,0,0,1,29,30,"FR_USCHB_94000"
"FR-1-H_28_45_3461",3467,"51:19","FR_USCHB_94000",23,26,-3,-3,-3,-1,0,2,30,29,"FR_USCHB_94000"
"FR-1-H_28_45_3461",3468,"57:50","FR_CSMBHB_73000",28,29,-2,-1,-1,0,0,1,29,30,"FR_USCHB_94000"
"FR-1-H_28_45_3461",3469,"59:15","FR_USCHB_94000",29,29,-1,0,0,1,0,1,30,29,"FR_USCHB_94000"
"FR-1-H_28_45_3462",3470,"14:10","FR_USIHB_94200",7,10,-3,-3,-3,-3,0,0,29,30,"FR_HBCN_44200"
"FR-1-H_28_45_3462",3471,"20:10","FR_HBCN_44200",13,12,-3,1,1,4,0,3,30,29,"FR_HBCN_44200"
"FR-1-H_28_45_3462",3472,"45:06","FR_HBCN_44200",25,22,-2,3,3,1,0,-2,30,29,"FR_HBCN_44200"
"FR-1-H_28_45_3462",3473,"53:52","FR_USIHB_94200",26,27,1,-1,-1,0,0,1,29,30,"FR_HBCN_44200"
"FR-1-H_28_45_3462",3474,"56:10","FR_HBCN_44200",28,28,-1,0,0,1,0,1,30,29,"FR_HBCN_44200"
"FR-1-H_28_45_3462",3475,"59:52","FR_USIHB_94200",29,30,-1,-1,-1,-1,0,0,29,30,"FR_HBCN_44200"
"FR-1-H_28_45_3463",3476,"25:40","FR_PSGHB_75016",15,15,-1,0,0,0,0,0,34,33,"FR_PSGHB_75016"
"FR-1-H_28_45_3463",3477,"28:46","FR_MHB_34000",17,18,1,-1,-1,-1,0,0,33,34,"FR_PSGHB_75016"
"FR-1-H_28_45_3463",3478,"43:54","FR_MHB_34000",26,30,-2,-4,-4,-3,0,1,33,34,"FR_PSGHB_75016"
"FR-1-H_28_45_3463",3479,"48:53","FR_PSGHB_75016",30,27,-1,3,3,2,0,-1,34,33,"FR_PSGHB_75016"
"FR-1-H_28_45_3463",3480,"59:11","FR_PSGHB_75016",34,32,2,2,2,1,0,-1,34,33,"FR_PSGHB_75016"
"FR-1-H_28_45_3464",3481,"34:29","FR_SLHB_45770",16,26,-4,-10,-10,-11,0,-1,27,44,"FR_SRVHB_83700"
"FR-1-H_28_45_3464",3482,"47:30","FR_SRVHB_83700",36,22,-1,14,14,17,0,3,44,27,"FR_SRVHB_83700"
"FR-1-H_28_45_3464",3483,"55:23","FR_SLHB_45770",25,42,-1,-17,-17,-17,0,0,27,44,"FR_SRVHB_83700"
"FR-1-H_28_45_3465",3484,"05:48","FR_SAHB_80262",0,4,-4,-4,-4,-5,0,-1,20,31,"FR_USAMNG_30918"
"FR-1-H_28_45_3465",3485,"21:26","FR_USAMNG_30918",11,6,-1,5,5,6,0,1,31,20,"FR_USAMNG_30918"
"FR-1-H_28_45_3465",3486,"39:17","FR_SAHB_80262",10,20,-3,-10,-10,-10,0,0,20,31,"FR_USAMNG_30918"
"FR-1-H_28_45_3465",3487,"41:49","FR_USAMNG_30918",21,11,-1,10,10,10,0,0,31,20,"FR_USAMNG_30918"
"FR-1-H_28_45_3465",3488,"53:30","FR_SAHB_80262",15,28,-2,-13,-13,-10,0,3,20,31,"FR_USAMNG_30918"
"FR-1-H_28_45_3466",3489,"22:19","FR_PAUC_13100",9,11,-2,-2,-2,-1,0,1,27,28,"FR_FTHB_31000"
"FR-1-H_28_45_3466",3490,"29:34","FR_FTHB_31000",13,13,-1,0,0,2,0,2,28,27,"FR_FTHB_31000"
"FR-1-H_28_45_3466",3491,"37:20","FR_PAUC_13100",14,18,-3,-4,-4,-1,0,3,27,28,"FR_FTHB_31000"
"FR-1-H_28_45_3466",3492,"54:51","FR_FTHB_31000",25,24,-1,1,1,2,0,1,28,27,"FR_FTHB_31000"
"FR-1-H_28_45_3466",3493,"58:32","FR_PAUC_13100",26,28,-2,-2,-2,-1,0,1,27,28,"FR_FTHB_31000"
"FR-1-H_28_45_3466",3494,"59:47","FR_FTHB_31000",28,27,-1,1,1,1,0,0,28,27,"FR_FTHB_31000"
"FR-1-H_28_46_3467",3495,"15:12","FR_PAUC_13100",6,9,-3,-3,-3,-4,0,-1,28,30,"FR_USIHB_94200"
"FR-1-H_28_46_3467",3496,"26:04","FR_USIHB_94200",12,10,-2,2,2,4,0,2,30,28,"FR_USIHB_94200"
"FR-1-H_28_46_3467",3497,"40:08","FR_USIHB_94200",20,19,-1,1,1,-1,0,-2,30,28,"FR_USIHB_94200"
"FR-1-H_28_46_3467",3498,"59:13","FR_USIHB_94200",29,28,-1,1,1,2,0,1,30,28,"FR_USIHB_94200"
"FR-1-H_28_46_3468",3499,"07:14","FR_USCHB_94000",2,7,-3,-5,-5,-8,0,-3,31,37,"FR_SRVHB_83700"
"FR-1-H_28_46_3468",3500,"22:09","FR_SRVHB_83700",18,11,-1,7,7,6,0,-1,37,31,"FR_SRVHB_83700"
"FR-1-H_28_46_3468",3501,"47:43","FR_SRVHB_83700",31,24,-1,7,7,8,0,1,37,31,"FR_SRVHB_83700"
"FR-1-H_28_46_3469",3502,"15:04","FR_DHBGL_59140",2,7,-3,-5,-5,-5,0,0,24,22,"FR_DHBGL_59140"
"FR-1-H_28_46_3469",3503,"28:59","FR_CSMBHB_73000",12,8,-1,4,4,6,0,2,22,24,"FR_DHBGL_59140"
"FR-1-H_28_46_3469",3504,"33:18","FR_DHBGL_59140",9,15,-1,-6,-6,-3,0,3,24,22,"FR_DHBGL_59140"
"FR-1-H_28_46_3469",3505,"43:20","FR_CSMBHB_73000",16,16,-3,0,0,-1,0,-1,22,24,"FR_DHBGL_59140"
"FR-1-H_28_46_3469",3506,"58:52","FR_DHBGL_59140",23,22,-1,1,1,2,0,1,24,22,"FR_DHBGL_59140"
"FR-1-H_28_46_3469",3507,"59:23","FR_CSMBHB_73000",22,24,-1,-2,-2,-2,0,0,22,24,"FR_DHBGL_59140"
"FR-1-H_28_46_3470",3508,"15:41","FR_SLHB_45770",6,9,-1,-3,-3,-3,0,0,25,34,"FR_HBCN_44200"
"FR-1-H_28_46_3470",3509,"22:51","FR_HBCN_44200",12,9,-1,3,3,4,0,1,34,25,"FR_HBCN_44200"
"FR-1-H_28_46_3470",3510,"34:55","FR_SLHB_45770",12,21,-2,-9,-9,-8,0,1,25,34,"FR_HBCN_44200"
"FR-1-H_28_46_3470",3511,"55:16","FR_SLHB_45770",21,32,-2,-11,-11,-9,0,2,25,34,"FR_HBCN_44200"
"FR-1-H_28_46_3471",3512,"05:47","FR_CRMHB_35510",0,2,-2,-2,-2,-5,0,-3,28,41,"FR_PSGHB_75016"
"FR-1-H_28_46_3471",3513,"39:13","FR_PSGHB_75016",24,19,-2,5,5,7,0,2,41,28,"FR_PSGHB_75016"
"FR-1-H_28_46_3472",3514,"11:36","FR_SAHB_80262",3,7,-3,-4,-4,-7,0,-3,26,32,"FR_FTHB_31000"
"FR-1-H_28_46_3472",3515,"19:31","FR_FTHB_31000",12,6,-2,6,6,6,0,0,32,26,"FR_FTHB_31000"
"FR-1-H_28_46_3472",3516,"38:19","FR_SAHB_80262",11,21,-3,-10,-10,-7,0,3,26,32,"FR_FTHB_31000"
"FR-1-H_28_46_3472",3517,"41:26","FR_FTHB_31000",22,15,-2,7,7,9,0,2,32,26,"FR_FTHB_31000"
"FR-1-H_28_46_3472",3518,"51:08","FR_SAHB_80262",19,28,-1,-9,-9,-8,0,1,26,32,"FR_FTHB_31000"
"FR-1-H_28_46_3473",3519,"15:27","FR_USAMNG_30918",2,6,-3,-4,-4,-6,0,-2,21,34,"FR_MHB_34000"
"FR-1-H_28_46_3473",3520,"26:38","FR_MHB_34000",13,7,-2,6,6,8,0,2,34,21,"FR_MHB_34000"
"FR-1-H_28_46_3473",3521,"40:19","FR_USAMNG_30918",11,20,-4,-9,-9,-7,0,2,21,34,"FR_MHB_34000"
"FR-1-H_28_46_3473",3522,"46:36","FR_USAMNG_30918",15,23,-2,-8,-8,-8,0,0,21,34,"FR_MHB_34000"
"FR-1-H_28_46_3473",3523,"49:18","FR_MHB_34000",25,17,1,8,8,11,0,3,34,21,"FR_MHB_34000"
"FR-1-H_28_47_3474",3524,"08:28","FR_CRMHB_35510",3,4,-1,-1,-1,-2,0,-1,22,24,"FR_SAHB_80262"
"FR-1-H_28_47_3474",3525,"16:40","FR_SAHB_80262",6,4,1,2,2,1,0,-1,24,22,"FR_SAHB_80262"
"FR-1-H_28_47_3474",3526,"24:48","FR_CRMHB_35510",7,10,-2,-3,-3,-2,0,1,22,24,"FR_SAHB_80262"
"FR-1-H_28_47_3474",3527,"37:26","FR_SAHB_80262",13,11,-1,2,2,2,0,0,24,22,"FR_SAHB_80262"
"FR-1-H_28_47_3475",3528,"23:09","FR_HBCN_44200",12,10,1,2,2,2,0,0,34,32,"FR_HBCN_44200"
"FR-1-H_28_47_3475",3529,"27:41","FR_CSMBHB_73000",12,14,-1,-2,-2,-3,0,-1,32,34,"FR_HBCN_44200"
"FR-1-H_28_47_3475",3530,"47:37","FR_HBCN_44200",26,24,-1,2,2,3,0,1,34,32,"FR_HBCN_44200"
"FR-1-H_28_47_3475",3531,"52:29","FR_HBCN_44200",31,28,1,3,3,4,0,1,34,32,"FR_HBCN_44200"
"FR-1-H_28_47_3475",3532,"53:41","FR_CSMBHB_73000",28,32,-1,-4,-4,-3,0,1,32,34,"FR_HBCN_44200"
"FR-1-H_28_47_3475",3533,"56:27","FR_HBCN_44200",33,30,-2,3,3,2,0,-1,34,32,"FR_HBCN_44200"
"FR-1-H_28_47_3476",3534,"10:39","FR_USAMNG_30918",2,6,-3,-4,-4,-4,0,0,23,33,"FR_USIHB_94200"
"FR-1-H_28_47_3476",3535,"18:53","FR_USIHB_94200",9,8,-3,1,1,1,0,0,33,23,"FR_USIHB_94200"
"FR-1-H_28_47_3476",3536,"45:46","FR_USAMNG_30918",18,26,-3,-8,-8,-10,0,-2,23,33,"FR_USIHB_94200"
"FR-1-H_28_47_3477",3537,"25:02","FR_MHB_34000",12,13,-1,-1,-1,2,0,3,36,32,"FR_MHB_34000"
"FR-1-H_28_47_3477",3538,"29:19","FR_PAUC_13100",14,16,-3,-2,-2,-5,0,-3,32,36,"FR_MHB_34000"
"FR-1-H_28_47_3477",3539,"33:41","FR_MHB_34000",19,14,3,5,5,5,0,0,36,32,"FR_MHB_34000"
"FR-1-H_28_47_3477",3540,"52:15","FR_PAUC_13100",27,30,3,-3,-3,-4,0,-1,32,36,"FR_MHB_34000"
"FR-1-H_28_47_3478",3541,"22:22","FR_SRVHB_83700",12,11,-1,1,1,1,0,0,29,32,"FR_PSGHB_75016"
"FR-1-H_28_47_3478",3542,"28:20","FR_PSGHB_75016",14,15,1,-1,-1,2,0,3,32,29,"FR_PSGHB_75016"
"FR-1-H_28_47_3478",3543,"46:22","FR_SRVHB_83700",21,23,-1,-2,-2,-4,0,-2,29,32,"FR_PSGHB_75016"
"FR-1-H_28_47_3478",3544,"53:38","FR_PSGHB_75016",29,25,-1,4,4,4,0,0,32,29,"FR_PSGHB_75016"
"FR-1-H_28_47_3478",3545,"57:35","FR_SRVHB_83700",27,31,-1,-4,-4,-3,0,1,29,32,"FR_PSGHB_75016"
"FR-1-H_28_47_3479",3546,"06:05","FR_SLHB_45770",1,4,-2,-3,-3,-4,0,-1,32,37,"FR_USCHB_94000"
"FR-1-H_28_47_3479",3547,"28:22","FR_USCHB_94000",18,13,-1,5,5,6,0,1,37,32,"FR_USCHB_94000"
"FR-1-H_28_47_3479",3548,"40:21","FR_SLHB_45770",18,26,-3,-8,-8,-8,0,0,32,37,"FR_USCHB_94000"
"FR-1-H_28_47_3479",3549,"52:33","FR_USCHB_94000",33,26,-2,7,7,4,0,-3,37,32,"FR_USCHB_94000"
"FR-1-H_28_47_3480",3550,"20:26","FR_DHBGL_59140",9,11,-1,-2,-2,1,0,3,30,29,"FR_DHBGL_59140"
"FR-1-H_28_47_3480",3551,"26:49","FR_FTHB_31000",12,13,-2,-1,-1,-1,0,0,29,30,"FR_DHBGL_59140"
"FR-1-H_28_47_3480",3552,"36:12","FR_FTHB_31000",16,19,-2,-3,-3,0,0,3,29,30,"FR_DHBGL_59140"
"FR-1-H_28_47_3480",3553,"44:33","FR_DHBGL_59140",20,22,-1,-2,-2,1,0,3,30,29,"FR_DHBGL_59140"
"FR-1-H_28_47_3480",3554,"59:01","FR_DHBGL_59140",29,28,-1,1,1,1,0,0,30,29,"FR_DHBGL_59140"
"FR-1-H_28_48_3481",3555,"18:45","FR_USAMNG_30918",9,11,-2,-2,-2,-4,0,-2,27,32,"FR_PAUC_13100"
"FR-1-H_28_48_3481",3556,"25:40","FR_PAUC_13100",14,11,-1,3,3,2,0,-1,32,27,"FR_PAUC_13100"
"FR-1-H_28_48_3481",3557,"40:35","FR_USAMNG_30918",19,23,-3,-4,-4,-3,0,1,27,32,"FR_PAUC_13100"
"FR-1-H_28_48_3481",3558,"44:29","FR_PAUC_13100",24,21,-1,3,3,2,0,-1,32,27,"FR_PAUC_13100"
"FR-1-H_28_48_3481",3559,"57:15","FR_USAMNG_30918",25,29,1,-4,-4,-5,0,-1,27,32,"FR_PAUC_13100"
"FR-1-H_28_48_3482",3560,"15:10","FR_FTHB_31000",5,4,-1,1,1,3,0,2,29,27,"FR_FTHB_31000"
"FR-1-H_28_48_3482",3561,"20:14","FR_USCHB_94000",5,8,-1,-3,-3,1,0,4,27,29,"FR_FTHB_31000"
"FR-1-H_28_48_3482",3562,"39:17","FR_FTHB_31000",18,20,-2,-2,-2,-3,0,-1,29,27,"FR_FTHB_31000"
"FR-1-H_28_48_3482",3563,"52:26","FR_USCHB_94000",25,25,-2,0,0,-2,0,-2,27,29,"FR_FTHB_31000"
"FR-1-H_28_48_3482",3564,"55:55","FR_USCHB_94000",25,27,-2,-2,-2,-2,0,0,27,29,"FR_FTHB_31000"
"FR-1-H_28_48_3483",3565,"26:20","FR_USIHB_94200",9,14,-2,-5,-5,-4,0,1,20,31,"FR_DHBGL_59140"
"FR-1-H_28_48_3483",3566,"29:33","FR_DHBGL_59140",15,11,-1,4,4,5,0,1,31,20,"FR_DHBGL_59140"
"FR-1-H_28_48_3483",3567,"39:25","FR_USIHB_94200",14,23,-3,-9,-9,-7,0,2,20,31,"FR_DHBGL_59140"
"FR-1-H_28_48_3483",3568,"42:32","FR_DHBGL_59140",23,16,-2,7,7,10,0,3,31,20,"FR_DHBGL_59140"
"FR-1-H_28_48_3483",3569,"51:10","FR_USIHB_94200",17,27,-1,-10,-10,-10,0,0,20,31,"FR_DHBGL_59140"
"FR-1-H_28_48_3484",3570,"20:52","FR_HBCN_44200",10,12,-3,-2,-2,-3,0,-1,30,33,"FR_MHB_34000"
"FR-1-H_28_48_3484",3571,"25:49","FR_MHB_34000",16,13,-1,3,3,2,0,-1,33,30,"FR_MHB_34000"
"FR-1-H_28_48_3484",3572,"43:55","FR_HBCN_44200",21,23,-3,-2,-2,-2,0,0,30,33,"FR_MHB_34000"
"FR-1-H_28_48_3484",3573,"55:37","FR_HBCN_44200",27,31,-2,-4,-4,-3,0,1,30,33,"FR_MHB_34000"
"FR-1-H_28_48_3484",3574,"57:48","FR_MHB_34000",32,29,-1,3,3,3,0,0,33,30,"FR_MHB_34000"
"FR-1-H_28_48_3485",3575,"17:58","FR_SLHB_45770",8,9,-1,-1,-1,-2,0,-1,29,30,"FR_PSGHB_75016"
"FR-1-H_28_48_3485",3576,"24:54","FR_PSGHB_75016",13,11,1,2,2,5,0,3,30,29,"FR_PSGHB_75016"
"FR-1-H_28_48_3485",3577,"47:46","FR_PSGHB_75016",23,23,-3,0,0,1,0,1,30,29,"FR_PSGHB_75016"
"FR-1-H_28_48_3485",3578,"49:32","FR_SLHB_45770",24,25,-1,-1,-1,0,0,1,29,30,"FR_PSGHB_75016"
"FR-1-H_28_48_3485",3579,"59:18","FR_SLHB_45770",29,30,-2,-1,-1,-1,0,0,29,30,"FR_PSGHB_75016"
"FR-1-H_28_48_3486",3580,"14:22","FR_CRMHB_35510",6,9,-2,-3,-3,-1,0,2,29,29,"Egalité"
"FR-1-H_28_48_3486",3581,"22:01","FR_SRVHB_83700",11,11,-2,0,0,0,0,0,29,29,"Egalité"
"FR-1-H_28_48_3486",3582,"40:01","FR_SRVHB_83700",20,22,-3,-2,-2,-1,0,1,29,29,"Egalité"
"FR-1-H_28_48_3486",3583,"53:44","FR_CRMHB_35510",27,26,1,1,1,-1,0,-2,29,29,"Egalité"
"FR-1-H_28_48_3486",3584,"58:31","FR_SRVHB_83700",29,28,1,1,1,1,0,0,29,29,"Egalité"
"FR-1-H_28_48_3486",3585,"59:35","FR_CRMHB_35510",28,29,0,-1,-1,0,0,1,29,29,"Egalité"
"FR-1-H_28_48_3487",3586,"21:50","FR_CSMBHB_73000",8,9,-3,-1,-1,1,0,2,27,20,"FR_CSMBHB_73000"
"FR-1-H_28_48_3487",3587,"26:43","FR_SAHB_80262",10,11,-1,-1,-1,-3,0,-2,20,27,"FR_CSMBHB_73000"
"FR-1-H_28_48_3487",3588,"35:26","FR_SAHB_80262",11,16,-2,-5,-5,-7,0,-2,20,27,"FR_CSMBHB_73000"
"FR-1-H_28_48_3487",3589,"48:41","FR_CSMBHB_73000",20,15,-2,5,5,7,0,2,27,20,"FR_CSMBHB_73000"
"FR-1-H_28_49_3488",3590,"07:50","FR_PAUC_13100",3,6,-2,-3,-3,-3,0,0,28,30,"FR_PSGHB_75016"
"FR-1-H_28_49_3488",3591,"28:34","FR_PSGHB_75016",16,12,-1,4,4,6,0,2,30,28,"FR_PSGHB_75016"
"FR-1-H_28_49_3488",3592,"42:17","FR_PAUC_13100",18,23,1,-5,-5,-4,0,1,28,30,"FR_PSGHB_75016"
"FR-1-H_28_49_3488",3593,"54:17","FR_PSGHB_75016",28,25,-1,3,3,4,0,1,30,28,"FR_PSGHB_75016"
"FR-1-H_28_49_3489",3594,"06:00","FR_CRMHB_35510",1,4,-4,-3,-3,-3,0,0,28,37,"FR_MHB_34000"
"FR-1-H_28_49_3489",3595,"25:09","FR_MHB_34000",14,7,-1,7,7,7,0,0,37,28,"FR_MHB_34000"
"FR-1-H_28_49_3489",3596,"37:27","FR_MHB_34000",20,17,-2,3,3,6,0,3,37,28,"FR_MHB_34000"
"FR-1-H_28_49_3489",3597,"39:10","FR_CRMHB_35510",17,23,-3,-6,-6,-7,0,-1,28,37,"FR_MHB_34000"
"FR-1-H_28_49_3489",3598,"54:35","FR_CRMHB_35510",24,33,-1,-9,-9,-9,0,0,28,37,"FR_MHB_34000"
"FR-1-H_28_49_3490",3599,"22:17","FR_FTHB_31000",12,11,-2,1,1,-1,0,-2,28,32,"FR_USIHB_94200"
"FR-1-H_28_49_3490",3600,"46:14","FR_FTHB_31000",22,25,-2,-3,-3,-3,0,0,28,32,"FR_USIHB_94200"
"FR-1-H_28_49_3490",3601,"48:09","FR_USIHB_94200",25,22,0,3,3,1,0,-2,32,28,"FR_USIHB_94200"
"FR-1-H_28_49_3491",3602,"08:22","FR_HBCN_44200",4,7,-2,-3,-3,-4,0,-1,38,33,"FR_HBCN_44200"
"FR-1-H_28_49_3491",3603,"14:35","FR_SRVHB_83700",10,7,-1,3,3,2,0,-1,33,38,"FR_HBCN_44200"
"FR-1-H_28_49_3491",3604,"41:18","FR_SRVHB_83700",24,28,-2,-4,-4,-4,0,0,33,38,"FR_HBCN_44200"
"FR-1-H_28_49_3491",3605,"50:48","FR_HBCN_44200",33,27,-1,6,6,7,0,1,38,33,"FR_HBCN_44200"
"FR-1-H_28_49_3492",3606,"44:29","FR_SLHB_45770",17,25,-3,-8,-8,-9,0,-1,23,37,"FR_DHBGL_59140"
"FR-1-H_28_49_3492",3607,"47:26","FR_DHBGL_59140",27,18,-1,9,9,13,0,4,37,23,"FR_DHBGL_59140"
"FR-1-H_28_49_3492",3608,"52:27","FR_SLHB_45770",19,32,-4,-13,-13,-16,0,-3,23,37,"FR_DHBGL_59140"
"FR-1-H_28_49_3493",3609,"11:36","FR_SAHB_80262",3,6,1,-3,-3,-5,0,-2,26,27,"FR_USCHB_94000"
"FR-1-H_28_49_3493",3610,"25:42","FR_USCHB_94000",13,11,-3,2,2,3,0,1,27,26,"FR_USCHB_94000"
"FR-1-H_28_49_3493",3611,"51:39","FR_SAHB_80262",22,24,-1,-2,-2,-2,0,0,26,27,"FR_USCHB_94000"
"FR-1-H_28_49_3493",3612,"59:09","FR_SAHB_80262",25,27,-1,-2,-2,-1,0,1,26,27,"FR_USCHB_94000"
"FR-1-H_28_49_3494",3613,"19:23","FR_USAMNG_30918",8,8,-2,0,0,-1,0,-1,23,25,"FR_CSMBHB_73000"
"FR-1-H_28_49_3494",3614,"25:31","FR_CSMBHB_73000",11,10,1,1,1,2,0,1,25,23,"FR_CSMBHB_73000"
"FR-1-H_28_49_3494",3615,"45:20","FR_USAMNG_30918",16,20,-1,-4,-4,-3,0,1,23,25,"FR_CSMBHB_73000"
"FR-1-H_28_49_3494",3616,"50:53","FR_CSMBHB_73000",21,19,-2,2,2,1,0,-1,25,23,"FR_CSMBHB_73000"
"FR-1-H_28_49_3494",3617,"58:05","FR_USAMNG_30918",22,24,-1,-2,-2,-2,0,0,23,25,"FR_CSMBHB_73000"
"FR-1-H_28_50_3495",3618,"10:41","FR_CSMBHB_73000",3,7,-2,-4,-4,-3,0,1,26,28,"FR_SLHB_45770"
"FR-1-H_28_50_3495",3619,"20:21","FR_SLHB_45770",10,9,-1,1,1,-1,0,-2,28,26,"FR_SLHB_45770"
"FR-1-H_28_50_3495",3620,"51:27","FR_SLHB_45770",24,22,-1,2,2,3,0,1,28,26,"FR_SLHB_45770"
"FR-1-H_28_50_3495",3621,"54:32","FR_CSMBHB_73000",24,27,-2,-3,-3,-3,0,0,26,28,"FR_SLHB_45770"
"FR-1-H_28_50_3495",3622,"58:51","FR_SLHB_45770",28,25,1,3,3,2,0,-1,28,26,"FR_SLHB_45770"
"FR-1-H_28_50_3496",3623,"17:25","FR_USCHB_94000",7,10,-2,-3,-3,-3,0,0,28,27,"FR_USCHB_94000"
"FR-1-H_28_50_3496",3624,"19:53","FR_CRMHB_35510",11,8,-1,3,3,1,0,-2,27,28,"FR_USCHB_94000"
"FR-1-H_28_50_3496",3625,"39:53","FR_USCHB_94000",17,20,-1,-3,-3,-2,0,1,28,27,"FR_USCHB_94000"
"FR-1-H_28_50_3496",3626,"50:56","FR_CRMHB_35510",23,23,-1,0,0,0,0,0,27,28,"FR_USCHB_94000"
"FR-1-H_28_50_3496",3627,"58:53","FR_CRMHB_35510",26,27,-2,-1,-1,-1,0,0,27,28,"FR_USCHB_94000"
"FR-1-H_28_50_3497",3628,"04:01","FR_PAUC_13100",0,3,-3,-3,-3,-3,0,0,21,27,"FR_DHBGL_59140"
"FR-1-H_28_50_3497",3629,"12:10","FR_DHBGL_59140",6,6,-3,0,0,2,0,2,27,21,"FR_DHBGL_59140"
"FR-1-H_28_50_3497",3630,"51:38","FR_DHBGL_59140",22,19,1,3,3,5,0,2,27,21,"FR_DHBGL_59140"
"FR-1-H_28_50_3497",3631,"56:13","FR_PAUC_13100",20,25,-2,-5,-5,-7,0,-2,21,27,"FR_DHBGL_59140"
"FR-1-H_28_50_3497",3632,"59:02","FR_DHBGL_59140",27,20,2,7,7,6,0,-1,27,21,"FR_DHBGL_59140"
"FR-1-H_28_50_3498",3633,"14:47","FR_SAHB_80262",6,8,1,-2,-2,-6,0,-4,20,31,"FR_MHB_34000"
"FR-1-H_28_50_3498",3634,"22:48","FR_MHB_34000",13,9,-1,4,4,5,0,1,31,20,"FR_MHB_34000"
"FR-1-H_28_50_3498",3635,"35:09","FR_MHB_34000",16,13,-2,3,3,5,0,2,31,20,"FR_MHB_34000"
"FR-1-H_28_50_3498",3636,"45:15","FR_SAHB_80262",16,21,-1,-5,-5,-7,0,-2,20,31,"FR_MHB_34000"
"FR-1-H_28_50_3499",3637,"20:23","FR_HBCN_44200",10,12,-1,-2,-2,-1,0,1,38,37,"FR_HBCN_44200"
"FR-1-H_28_50_3499",3638,"28:40","FR_PSGHB_75016",16,16,-2,0,0,2,0,2,37,38,"FR_HBCN_44200"
"FR-1-H_28_50_3499",3639,"44:58","FR_HBCN_44200",27,27,-1,0,0,2,0,2,38,37,"FR_HBCN_44200"
"FR-1-H_28_50_3499",3640,"58:49","FR_HBCN_44200",37,35,1,2,2,1,0,-1,38,37,"FR_HBCN_44200"
"FR-1-H_28_50_3500",3641,"16:59","FR_USIHB_94200",6,9,-2,-3,-3,-4,0,-1,21,27,"FR_SRVHB_83700"
"FR-1-H_28_50_3500",3642,"22:35","FR_SRVHB_83700",12,8,-2,4,4,5,0,1,27,21,"FR_SRVHB_83700"
"FR-1-H_28_50_3500",3643,"44:04","FR_USIHB_94200",16,20,-1,-4,-4,-3,0,1,21,27,"FR_SRVHB_83700"
"FR-1-H_28_50_3500",3644,"54:13","FR_SRVHB_83700",23,19,-1,4,4,6,0,2,27,21,"FR_SRVHB_83700"
"FR-1-H_28_50_3501",3645,"17:17","FR_USAMNG_30918",9,13,-1,-4,-4,-2,0,2,28,33,"FR_FTHB_31000"
"FR-1-H_28_50_3501",3646,"28:59","FR_FTHB_31000",18,15,1,3,3,4,0,1,33,28,"FR_FTHB_31000"
"FR-1-H_28_50_3501",3647,"48:51","FR_USAMNG_30918",25,29,-1,-4,-4,-5,0,-1,28,33,"FR_FTHB_31000"
"FR-1-H_28_50_3501",3648,"57:21","FR_USAMNG_30918",27,31,2,-4,-4,-5,0,-1,28,33,"FR_FTHB_31000"
"FR-1-H_29_25_4054",3649,"03:36","FR_SLHB_45770",0,3,-3,-3,-3,-3,0,0,30,29,"FR_SLHB_45770"
"FR-1-H_29_25_4054",3650,"12:27","FR_CRMHB_35510",6,5,-3,1,1,0,0,-1,29,30,"FR_SLHB_45770"
"FR-1-H_29_25_4054",3651,"42:07","FR_SLHB_45770",19,20,-2,-1,-1,-1,0,0,30,29,"FR_SLHB_45770"
"FR-1-H_29_25_4054",3652,"51:28","FR_CRMHB_35510",26,26,-1,0,0,-1,0,-1,29,30,"FR_SLHB_45770"
"FR-1-H_29_25_4054",3653,"58:44","FR_CRMHB_35510",28,30,-1,-2,-2,-1,0,1,29,30,"FR_SLHB_45770"
"FR-1-H_29_25_4054",3654,"58:53","FR_SLHB_45770",30,29,-1,1,1,1,0,0,30,29,"FR_SLHB_45770"
"FR-1-H_29_25_4055",3655,"24:28","FR_MEHB_91300",7,11,-3,-4,-4,-5,0,-1,22,28,"FR_HBCN_44200"
"FR-1-H_29_25_4055",3656,"49:02","FR_MEHB_91300",17,24,-3,-7,-7,-7,0,0,22,28,"FR_HBCN_44200"
"FR-1-H_29_25_4055",3657,"50:15","FR_HBCN_44200",24,17,0,7,7,6,0,-1,28,22,"FR_HBCN_44200"
"FR-1-H_29_25_4055",3658,"55:17","FR_HBCN_44200",26,20,-2,6,6,6,0,0,28,22,"FR_HBCN_44200"
"FR-1-H_29_25_4056",3659,"09:33","FR_CSMBHB_73000",0,4,-3,-4,-4,-4,0,0,18,29,"FR_MHB_34000"
"FR-1-H_29_25_4056",3660,"24:59","FR_MHB_34000",12,7,-3,5,5,5,0,0,29,18,"FR_MHB_34000"
"FR-1-H_29_25_4056",3661,"45:39","FR_CSMBHB_73000",15,21,-1,-6,-6,-8,0,-2,18,29,"FR_MHB_34000"
"FR-1-H_29_25_4056",3662,"52:04","FR_CSMBHB_73000",16,26,-4,-10,-10,-10,0,0,18,29,"FR_MHB_34000"
"FR-1-H_29_25_4056",3663,"56:48","FR_MHB_34000",27,17,-1,10,10,11,0,1,29,18,"FR_MHB_34000"
"FR-1-H_29_25_4057",3664,"23:34","FR_TFHB_93290",7,11,-3,-4,-4,-5,0,-1,21,30,"FR_USAMNG_30918"
"FR-1-H_29_25_4057",3665,"27:23","FR_USAMNG_30918",14,9,2,5,5,5,0,0,30,21,"FR_USAMNG_30918"
"FR-1-H_29_25_4057",3666,"40:30","FR_TFHB_93290",14,21,-2,-7,-7,-6,0,1,21,30,"FR_USAMNG_30918"
"FR-1-H_29_25_4057",3667,"53:47","FR_TFHB_93290",19,28,-2,-9,-9,-8,0,1,21,30,"FR_USAMNG_30918"
"FR-1-H_29_25_4058",3668,"19:18","FR_PSGHB_75016",8,8,-3,0,0,2,0,2,30,22,"FR_PSGHB_75016"
"FR-1-H_29_25_4058",3669,"25:57","FR_USIHB_94200",9,12,-4,-3,-3,-6,0,-3,22,30,"FR_PSGHB_75016"
"FR-1-H_29_25_4058",3670,"38:32","FR_USIHB_94200",14,22,-2,-8,-8,-7,0,1,22,30,"FR_PSGHB_75016"
"FR-1-H_29_25_4058",3671,"50:54","FR_USIHB_94200",18,27,-4,-9,-9,-10,0,-1,22,30,"FR_PSGHB_75016"
"FR-1-H_29_25_4059",3672,"17:56","FR_DHBGL_59140",5,9,-5,-4,-4,-2,0,2,23,23,"Egalité"
"FR-1-H_29_25_4059",3673,"22:23","FR_SRVHB_83700",10,8,1,2,2,2,0,0,23,23,"Egalité"
"FR-1-H_29_25_4059",3674,"32:58","FR_DHBGL_59140",12,16,-3,-4,-4,-2,0,2,23,23,"Egalité"
"FR-1-H_29_25_4059",3675,"42:48","FR_SRVHB_83700",18,17,-1,1,1,-1,0,-2,23,23,"Egalité"
"FR-1-H_29_25_4059",3676,"56:36","FR_DHBGL_59140",23,21,-1,2,2,0,0,-2,23,23,"Egalité"
"FR-1-H_29_25_4059",3677,"59:50","FR_SRVHB_83700",23,23,2,0,0,0,0,0,23,23,"Egalité"
"FR-1-H_29_25_4060",3678,"23:15","FR_PAUC_13100",12,12,-2,0,0,0,0,0,25,26,"FR_FTHB_31000"
"FR-1-H_29_25_4060",3679,"24:55","FR_FTHB_31000",12,12,0,0,0,-1,0,-1,26,25,"FR_FTHB_31000"
"FR-1-H_29_25_4060",3680,"41:16","FR_PAUC_13100",19,18,-1,1,1,3,0,2,25,26,"FR_FTHB_31000"
"FR-1-H_29_25_4060",3681,"45:00","FR_FTHB_31000",18,21,-2,-3,-3,-3,0,0,26,25,"FR_FTHB_31000"
"FR-1-H_29_25_4060",3682,"58:20","FR_PAUC_13100",25,25,-2,0,0,-1,0,-1,25,26,"FR_FTHB_31000"
"FR-1-H_29_26_4061",3683,"15:06","FR_CSMBHB_73000",6,9,-2,-3,-3,-2,0,1,24,28,"FR_SRVHB_83700"
"FR-1-H_29_26_4061",3684,"20:50","FR_SRVHB_83700",10,8,-1,2,2,2,0,0,28,24,"FR_SRVHB_83700"
"FR-1-H_29_26_4061",3685,"42:57","FR_CSMBHB_73000",16,20,-2,-4,-4,-4,0,0,24,28,"FR_SRVHB_83700"
"FR-1-H_29_26_4061",3686,"53:23","FR_CSMBHB_73000",20,25,-2,-5,-5,-4,0,1,24,28,"FR_SRVHB_83700"
"FR-1-H_29_26_4061",3687,"54:15","FR_SRVHB_83700",25,21,-1,4,4,4,0,0,28,24,"FR_SRVHB_83700"
"FR-1-H_29_26_4062",3688,"24:04","FR_USIHB_94200",7,9,-1,-2,-2,-3,0,-1,21,28,"FR_PAUC_13100"
"FR-1-H_29_26_4062",3689,"40:53","FR_USIHB_94200",9,16,-2,-7,-7,-7,0,0,21,28,"FR_PAUC_13100"
"FR-1-H_29_26_4063",3690,"15:08","FR_HBCN_44200",6,9,-4,-3,-3,-4,0,-1,38,30,"FR_HBCN_44200"
"FR-1-H_29_26_4063",3691,"25:08","FR_CRMHB_35510",13,10,-2,3,3,2,0,-1,30,38,"FR_HBCN_44200"
"FR-1-H_29_26_4063",3692,"43:57","FR_CRMHB_35510",20,24,-3,-4,-4,-5,0,-1,30,38,"FR_HBCN_44200"
"FR-1-H_29_26_4063",3693,"52:52","FR_HBCN_44200",31,26,-3,5,5,7,0,2,38,30,"FR_HBCN_44200"
"FR-1-H_29_26_4064",3694,"23:00","FR_MHB_34000",10,9,-2,1,1,1,0,0,28,24,"FR_MHB_34000"
"FR-1-H_29_26_4064",3695,"25:38","FR_USAMNG_30918",10,11,-1,-1,-1,-3,0,-2,24,28,"FR_MHB_34000"
"FR-1-H_29_26_4064",3696,"41:06","FR_USAMNG_30918",13,18,-3,-5,-5,-5,0,0,24,28,"FR_MHB_34000"
"FR-1-H_29_26_4064",3697,"51:56","FR_MHB_34000",24,19,-1,5,5,5,0,0,28,24,"FR_MHB_34000"
"FR-1-H_29_26_4064",3698,"56:27","FR_MHB_34000",25,20,-1,5,5,4,0,-1,28,24,"FR_MHB_34000"
"FR-1-H_29_26_4065",3699,"18:58","FR_MEHB_91300",5,9,-3,-4,-4,-6,0,-2,17,33,"FR_PSGHB_75016"
"FR-1-H_29_26_4065",3700,"38:00","FR_MEHB_91300",10,24,-1,-14,-14,-15,0,-1,17,33,"FR_PSGHB_75016"
"FR-1-H_29_26_4066",3701,"08:39","FR_SLHB_45770",3,6,-2,-3,-3,-4,0,-1,34,33,"FR_SLHB_45770"
"FR-1-H_29_26_4066",3702,"17:14","FR_FTHB_31000",11,10,-3,1,1,1,0,0,33,34,"FR_SLHB_45770"
"FR-1-H_29_26_4066",3703,"34:12","FR_FTHB_31000",20,22,-6,-2,-2,-2,0,0,33,34,"FR_SLHB_45770"
"FR-1-H_29_26_4066",3704,"48:55","FR_SLHB_45770",27,28,-2,-1,-1,1,0,2,34,33,"FR_SLHB_45770"
"FR-1-H_29_26_4066",3705,"56:49","FR_FTHB_31000",30,32,-2,-2,-2,0,0,2,33,34,"FR_SLHB_45770"
"FR-1-H_29_26_4066",3706,"58:10","FR_SLHB_45770",32,32,-2,0,0,1,0,1,34,33,"FR_SLHB_45770"
"FR-1-H_29_26_4067",3707,"21:53","FR_DHBGL_59140",8,9,-2,-1,-1,-2,0,-1,28,27,"FR_DHBGL_59140"
"FR-1-H_29_26_4067",3708,"28:36","FR_TFHB_93290",13,10,2,3,3,4,0,1,27,28,"FR_DHBGL_59140"
"FR-1-H_29_26_4067",3709,"34:32","FR_DHBGL_59140",12,16,-1,-4,-4,-3,0,1,28,27,"FR_DHBGL_59140"
"FR-1-H_29_26_4067",3710,"41:08","FR_TFHB_93290",17,16,-3,1,1,3,0,2,27,28,"FR_DHBGL_59140"
"FR-1-H_29_26_4067",3711,"47:45","FR_DHBGL_59140",19,22,-1,-3,-3,-1,0,2,28,27,"FR_DHBGL_59140"
"FR-1-H_29_27_4068",3712,"13:13","FR_MEHB_91300",3,7,-3,-4,-4,-4,0,0,19,33,"FR_PAUC_13100"
"FR-1-H_29_27_4068",3713,"22:46","FR_PAUC_13100",11,8,-1,3,3,5,0,2,33,19,"FR_PAUC_13100"
"FR-1-H_29_27_4068",3714,"38:40","FR_MEHB_91300",10,22,-3,-12,-12,-11,0,1,19,33,"FR_PAUC_13100"
"FR-1-H_29_27_4069",3715,"06:30","FR_CRMHB_35510",1,4,-2,-3,-3,-1,0,2,23,24,"FR_USAMNG_30918"
"FR-1-H_29_27_4069",3716,"24:56","FR_USAMNG_30918",12,10,-1,2,2,2,0,0,24,23,"FR_USAMNG_30918"
"FR-1-H_29_27_4069",3717,"39:12","FR_USAMNG_30918",17,15,-1,2,2,3,0,1,24,23,"FR_USAMNG_30918"
"FR-1-H_29_27_4069",3718,"46:10","FR_CRMHB_35510",15,18,-1,-3,-3,-4,0,-1,23,24,"FR_USAMNG_30918"
"FR-1-H_29_27_4069",3719,"56:33","FR_CRMHB_35510",20,22,3,-2,-2,-1,0,1,23,24,"FR_USAMNG_30918"
"FR-1-H_29_27_4069",3720,"58:45","FR_USAMNG_30918",23,22,-1,1,1,1,0,0,24,23,"FR_USAMNG_30918"
"FR-1-H_29_27_4070",3721,"27:40","FR_DHBGL_59140",12,11,2,1,1,2,0,1,26,23,"FR_DHBGL_59140"
"FR-1-H_29_27_4070",3722,"29:13","FR_CSMBHB_73000",11,14,-1,-3,-3,-2,0,1,23,26,"FR_DHBGL_59140"
"FR-1-H_29_27_4070",3723,"39:52","FR_CSMBHB_73000",16,20,-3,-4,-4,-5,0,-1,23,26,"FR_DHBGL_59140"
"FR-1-H_29_27_4070",3724,"48:50","FR_DHBGL_59140",23,18,1,5,5,4,0,-1,26,23,"FR_DHBGL_59140"
"FR-1-H_29_27_4070",3725,"55:02","FR_DHBGL_59140",25,21,-3,4,4,3,0,-1,26,23,"FR_DHBGL_59140"
"FR-1-H_29_27_4071",3726,"17:35","FR_SLHB_45770",9,10,-3,-1,-1,-2,0,-1,27,32,"FR_USIHB_94200"
"FR-1-H_29_27_4071",3727,"28:31","FR_USIHB_94200",15,10,2,5,5,2,0,-3,32,27,"FR_USIHB_94200"
"FR-1-H_29_27_4071",3728,"45:33","FR_USIHB_94200",25,22,-2,3,3,4,0,1,32,27,"FR_USIHB_94200"
"FR-1-H_29_27_4071",3729,"52:50","FR_SLHB_45770",24,28,-2,-4,-4,-5,0,-1,27,32,"FR_USIHB_94200"
"FR-1-H_29_27_4071",3730,"57:24","FR_USIHB_94200",30,25,-1,5,5,5,0,0,32,27,"FR_USIHB_94200"
"FR-1-H_29_27_4072",3731,"18:20","FR_MHB_34000",6,10,-1,-4,-4,-2,0,2,28,25,"FR_MHB_34000"
"FR-1-H_29_27_4072",3732,"26:27","FR_TFHB_93290",13,11,-1,2,2,1,0,-1,25,28,"FR_MHB_34000"
"FR-1-H_29_27_4072",3733,"37:49","FR_MHB_34000",16,19,-3,-3,-3,-1,0,2,28,25,"FR_MHB_34000"
"FR-1-H_29_27_4072",3734,"41:11","FR_TFHB_93290",19,18,-2,1,1,0,0,-1,25,28,"FR_MHB_34000"
"FR-1-H_29_27_4072",3735,"55:21","FR_TFHB_93290",22,26,-3,-4,-4,-4,0,0,25,28,"FR_MHB_34000"
"FR-1-H_29_27_4072",3736,"57:22","FR_MHB_34000",27,23,-1,4,4,3,0,-1,28,25,"FR_MHB_34000"
"FR-1-H_29_27_4073",3737,"16:50","FR_HBCN_44200",9,9,1,0,0,0,0,0,26,25,"FR_HBCN_44200"
"FR-1-H_29_27_4073",3738,"25:07","FR_SRVHB_83700",10,12,-2,-2,-2,-1,0,1,25,26,"FR_HBCN_44200"
"FR-1-H_29_27_4073",3739,"46:51","FR_SRVHB_83700",18,21,-2,-3,-3,-5,0,-2,25,26,"FR_HBCN_44200"
"FR-1-H_29_27_4073",3740,"57:22","FR_SRVHB_83700",22,26,-1,-4,-4,-3,0,1,25,26,"FR_HBCN_44200"
"FR-1-H_29_27_4073",3741,"59:16","FR_HBCN_44200",26,23,-1,3,3,1,0,-2,26,25,"FR_HBCN_44200"
"FR-1-H_29_27_4074",3742,"14:38","FR_FTHB_31000",8,10,-1,-2,-2,-2,0,0,27,34,"FR_PSGHB_75016"
"FR-1-H_29_27_4074",3743,"24:27","FR_PSGHB_75016",15,13,-2,2,2,4,0,2,34,27,"FR_PSGHB_75016"
"FR-1-H_29_27_4074",3744,"49:10","FR_FTHB_31000",25,31,-2,-6,-6,-7,0,-1,27,34,"FR_PSGHB_75016"
"FR-1-H_29_27_4074",3745,"52:36","FR_FTHB_31000",26,33,-2,-7,-7,-6,0,1,27,34,"FR_PSGHB_75016"
"FR-1-H_29_28_4075",3746,"11:39","FR_CSMBHB_73000",2,6,-2,-4,-4,-5,0,-1,23,27,"FR_FTHB_31000"
"FR-1-H_29_28_4075",3747,"19:23","FR_FTHB_31000",10,5,-1,5,5,0,0,-5,27,23,"FR_FTHB_31000"
"FR-1-H_29_28_4075",3748,"46:34","FR_CSMBHB_73000",17,22,-3,-5,-5,-4,0,1,23,27,"FR_FTHB_31000"
"FR-1-H_29_28_4076",3749,"23:07","FR_MEHB_91300",8,12,-2,-4,-4,-4,0,0,21,21,"Egalité"
"FR-1-H_29_28_4076",3750,"25:36","FR_CRMHB_35510",12,8,0,4,4,3,0,-1,21,21,"Egalité"
"FR-1-H_29_28_4076",3751,"35:02","FR_CRMHB_35510",12,11,-2,1,1,-1,0,-2,21,21,"Egalité"
"FR-1-H_29_28_4076",3752,"45:44","FR_MEHB_91300",16,17,-3,-1,-1,0,0,1,21,21,"Egalité"
"FR-1-H_29_28_4076",3753,"54:45","FR_CRMHB_35510",20,19,1,1,1,1,0,0,21,21,"Egalité"
"FR-1-H_29_28_4077",3754,"22:44","FR_MHB_34000",10,13,-3,-3,-3,-2,0,1,30,27,"FR_MHB_34000"
"FR-1-H_29_28_4077",3755,"25:52","FR_HBCN_44200",14,12,-1,2,2,1,0,-1,27,30,"FR_MHB_34000"
"FR-1-H_29_28_4077",3756,"45:20","FR_HBCN_44200",21,23,-2,-2,-2,-2,0,0,27,30,"FR_MHB_34000"
"FR-1-H_29_28_4077",3757,"51:49","FR_MHB_34000",25,24,-1,1,1,3,0,2,30,27,"FR_MHB_34000"
"FR-1-H_29_28_4077",3758,"57:54","FR_HBCN_44200",26,29,-1,-3,-3,-3,0,0,27,30,"FR_MHB_34000"
"FR-1-H_29_28_4078",3759,"15:23","FR_DHBGL_59140",7,9,-2,-2,-2,-3,0,-1,25,31,"FR_USAMNG_30918"
"FR-1-H_29_28_4078",3760,"23:40","FR_USAMNG_30918",13,10,-1,3,3,2,0,-1,31,25,"FR_USAMNG_30918"
"FR-1-H_29_28_4078",3761,"41:22","FR_DHBGL_59140",18,21,-2,-3,-3,-5,0,-2,25,31,"FR_USAMNG_30918"
"FR-1-H_29_28_4078",3762,"44:29","FR_DHBGL_59140",18,23,-2,-5,-5,-6,0,-1,25,31,"FR_USAMNG_30918"
"FR-1-H_29_28_4078",3763,"49:40","FR_USAMNG_30918",26,20,-1,6,6,7,0,1,31,25,"FR_USAMNG_30918"
"FR-1-H_29_28_4079",3764,"17:50","FR_PSGHB_75016",7,8,1,-1,-1,1,0,2,27,25,"FR_PSGHB_75016"
"FR-1-H_29_28_4079",3765,"23:56","FR_SRVHB_83700",10,12,-1,-2,-2,0,0,2,25,27,"FR_PSGHB_75016"
"FR-1-H_29_28_4079",3766,"49:22","FR_SRVHB_83700",20,23,-2,-3,-3,-3,0,0,25,27,"FR_PSGHB_75016"
"FR-1-H_29_28_4079",3767,"57:35","FR_SRVHB_83700",23,26,1,-3,-3,-2,0,1,25,27,"FR_PSGHB_75016"
"FR-1-H_29_28_4080",3768,"03:41","FR_PAUC_13100",0,4,-4,-4,-4,-3,0,1,37,35,"FR_PAUC_13100"
"FR-1-H_29_28_4080",3769,"23:33","FR_PAUC_13100",12,17,-3,-5,-5,-4,0,1,37,35,"FR_PAUC_13100"
"FR-1-H_29_28_4080",3770,"37:09","FR_SLHB_45770",22,23,-3,-1,-1,-1,0,0,35,37,"FR_PAUC_13100"
"FR-1-H_29_28_4080",3771,"54:33","FR_SLHB_45770",31,34,-1,-3,-3,-3,0,0,35,37,"FR_PAUC_13100"
"FR-1-H_29_28_4081",3772,"12:58","FR_USIHB_94200",4,7,-2,-3,-3,-2,0,1,27,26,"FR_USIHB_94200"
"FR-1-H_29_28_4081",3773,"25:51","FR_TFHB_93290",10,11,-1,-1,-1,-1,0,0,26,27,"FR_USIHB_94200"
"FR-1-H_29_28_4081",3774,"48:46","FR_USIHB_94200",21,21,1,0,0,-1,0,-1,27,26,"FR_USIHB_94200"
"FR-1-H_29_28_4081",3775,"58:57","FR_TFHB_93290",26,27,-1,-1,-1,-1,0,0,26,27,"FR_USIHB_94200"
"FR-1-H_29_29_4082",3776,"21:35","FR_CSMBHB_73000",8,11,-3,-3,-3,-2,0,1,28,29,"FR_PAUC_13100"
"FR-1-H_29_29_4082",3777,"23:49","FR_PAUC_13100",12,10,-2,2,2,-3,0,-5,29,28,"FR_PAUC_13100"
"FR-1-H_29_29_4082",3778,"39:25","FR_CSMBHB_73000",19,20,-3,-1,-1,0,0,1,28,29,"FR_PAUC_13100"
"FR-1-H_29_29_4082",3779,"52:53","FR_PAUC_13100",24,25,-1,-1,-1,3,0,4,29,28,"FR_PAUC_13100"
"FR-1-H_29_29_4082",3780,"56:42","FR_CSMBHB_73000",25,28,-4,-3,-3,-1,0,2,28,29,"FR_PAUC_13100"
"FR-1-H_29_29_4082",3781,"59:36","FR_PAUC_13100",29,28,-1,1,1,1,0,0,29,28,"FR_PAUC_13100"
"FR-1-H_29_29_4083",3782,"16:02","FR_CRMHB_35510",7,10,-1,-3,-3,-5,0,-2,23,28,"FR_MHB_34000"
"FR-1-H_29_29_4083",3783,"25:51","FR_MHB_34000",15,9,1,6,6,4,0,-2,28,23,"FR_MHB_34000"
"FR-1-H_29_29_4083",3784,"40:42","FR_MHB_34000",19,20,-4,-1,-1,0,0,1,28,23,"FR_MHB_34000"
"FR-1-H_29_29_4083",3785,"44:50","FR_CRMHB_35510",20,20,-1,0,0,-2,0,-2,23,28,"FR_MHB_34000"
"FR-1-H_29_29_4083",3786,"58:04","FR_CRMHB_35510",23,27,-1,-4,-4,-4,0,0,23,28,"FR_MHB_34000"
"FR-1-H_29_29_4083",3787,"58:13","FR_MHB_34000",27,23,0,4,4,5,0,1,28,23,"FR_MHB_34000"
"FR-1-H_29_29_4084",3788,"15:07","FR_HBCN_44200",4,7,-4,-3,-3,-3,0,0,22,30,"FR_DHBGL_59140"
"FR-1-H_29_29_4084",3789,"29:21","FR_DHBGL_59140",15,10,1,5,5,6,0,1,30,22,"FR_DHBGL_59140"
"FR-1-H_29_29_4084",3790,"39:58","FR_HBCN_44200",15,22,-2,-7,-7,-8,0,-1,22,30,"FR_DHBGL_59140"
"FR-1-H_29_29_4084",3791,"46:03","FR_DHBGL_59140",25,18,-1,7,7,7,0,0,30,22,"FR_DHBGL_59140"
"FR-1-H_29_29_4084",3792,"52:19","FR_HBCN_44200",19,27,-1,-8,-8,-6,0,2,22,30,"FR_DHBGL_59140"
"FR-1-H_29_29_4084",3793,"54:13","FR_DHBGL_59140",27,21,-2,6,6,8,0,2,30,22,"FR_DHBGL_59140"
"FR-1-H_29_29_4085",3794,"15:10","FR_MEHB_91300",5,8,-1,-3,-3,1,0,4,24,24,"Egalité"
"FR-1-H_29_29_4085",3795,"20:19","FR_USIHB_94200",9,10,-4,-1,-1,-2,0,-1,24,24,"Egalité"
"FR-1-H_29_29_4085",3796,"50:16","FR_MEHB_91300",23,21,-2,2,2,0,0,-2,24,24,"Egalité"
"FR-1-H_29_29_4086",3797,"17:21","FR_PSGHB_75016",7,8,-1,-1,-1,2,0,3,36,28,"FR_PSGHB_75016"
"FR-1-H_29_29_4086",3798,"21:19","FR_SLHB_45770",9,11,-2,-2,-2,-4,0,-2,28,36,"FR_PSGHB_75016"
"FR-1-H_29_29_4086",3799,"38:46","FR_SLHB_45770",15,23,-2,-8,-8,-12,0,-4,28,36,"FR_PSGHB_75016"
"FR-1-H_29_29_4086",3800,"47:17","FR_SLHB_45770",16,30,-3,-14,-14,-11,0,3,28,36,"FR_PSGHB_75016"
"FR-1-H_29_29_4087",3801,"17:13","FR_SRVHB_83700",8,10,-2,-2,-2,-3,0,-1,31,35,"FR_USAMNG_30918"
"FR-1-H_29_29_4087",3802,"25:10","FR_USAMNG_30918",13,12,-2,1,1,-1,0,-2,35,31,"FR_USAMNG_30918"
"FR-1-H_29_29_4087",3803,"42:47","FR_SRVHB_83700",22,24,-2,-2,-2,-3,0,-1,31,35,"FR_USAMNG_30918"
"FR-1-H_29_29_4087",3804,"50:13","FR_SRVHB_83700",26,30,-2,-4,-4,-4,0,0,31,35,"FR_USAMNG_30918"
"FR-1-H_29_29_4087",3805,"51:07","FR_USAMNG_30918",30,26,0,4,4,3,0,-1,35,31,"FR_USAMNG_30918"
"FR-1-H_29_29_4088",3806,"15:00","FR_FTHB_31000",7,9,-4,-2,-2,-1,0,1,31,29,"FR_FTHB_31000"
"FR-1-H_29_29_4088",3807,"21:22","FR_TFHB_93290",12,12,-1,0,0,-2,0,-2,29,31,"FR_FTHB_31000"
"FR-1-H_29_29_4088",3808,"39:00","FR_TFHB_93290",17,20,-2,-3,-3,-4,0,-1,29,31,"FR_FTHB_31000"
"FR-1-H_29_30_4089",3809,"24:57","FR_CSMBHB_73000",11,12,-1,-1,-1,-5,0,-4,24,32,"FR_PSGHB_75016"
"FR-1-H_29_30_4089",3810,"42:59","FR_CSMBHB_73000",19,26,-2,-7,-7,-7,0,0,24,32,"FR_PSGHB_75016"
"FR-1-H_29_30_4090",3811,"20:25","FR_CRMHB_35510",8,7,1,1,1,2,0,1,21,22,"FR_DHBGL_59140"
"FR-1-H_29_30_4090",3812,"24:07","FR_DHBGL_59140",8,10,-1,-2,-2,-1,0,1,22,21,"FR_DHBGL_59140"
"FR-1-H_29_30_4090",3813,"35:19","FR_DHBGL_59140",10,15,-4,-5,-5,-4,0,1,22,21,"FR_DHBGL_59140"
"FR-1-H_29_30_4090",3814,"42:45","FR_CRMHB_35510",16,14,-2,2,2,3,0,1,21,22,"FR_DHBGL_59140"
"FR-1-H_29_30_4090",3815,"49:20","FR_DHBGL_59140",16,19,-1,-3,-3,-1,0,2,22,21,"FR_DHBGL_59140"
"FR-1-H_29_30_4090",3816,"58:52","FR_CRMHB_35510",21,21,-1,0,0,-1,0,-1,21,22,"FR_DHBGL_59140"
"FR-1-H_29_30_4091",3817,"20:04","FR_MEHB_91300",7,9,-1,-2,-2,-1,0,1,26,30,"FR_FTHB_31000"
"FR-1-H_29_30_4091",3818,"25:08","FR_FTHB_31000",11,10,-2,1,1,3,0,2,30,26,"FR_FTHB_31000"
"FR-1-H_29_30_4091",3819,"39:12","FR_MEHB_91300",14,21,-2,-7,-7,-6,0,1,26,30,"FR_FTHB_31000"
"FR-1-H_29_30_4091",3820,"49:14","FR_FTHB_31000",25,20,-2,5,5,4,0,-1,30,26,"FR_FTHB_31000"
"FR-1-H_29_30_4092",3821,"25:53","FR_SRVHB_83700",13,12,-1,1,1,2,0,1,28,28,"Egalité"
"FR-1-H_29_30_4092",3822,"26:52","FR_MHB_34000",12,14,-1,-2,-2,-3,0,-1,28,28,"Egalité"
"FR-1-H_29_30_4092",3823,"59:04","FR_SRVHB_83700",27,28,-1,-1,-1,0,0,1,28,28,"Egalité"
"FR-1-H_29_30_4093",3824,"20:39","FR_HBCN_44200",7,8,-2,-1,-1,1,0,2,29,24,"FR_HBCN_44200"
"FR-1-H_29_30_4093",3825,"29:11","FR_PAUC_13100",13,13,-1,0,0,-2,0,-2,24,29,"FR_HBCN_44200"
"FR-1-H_29_30_4093",3826,"39:24","FR_PAUC_13100",13,17,-2,-4,-4,-5,0,-1,24,29,"FR_HBCN_44200"
"FR-1-H_29_30_4093",3827,"47:22","FR_PAUC_13100",17,23,-2,-6,-6,-6,0,0,24,29,"FR_HBCN_44200"
"FR-1-H_29_30_4093",3828,"51:18","FR_HBCN_44200",25,19,-1,6,6,7,0,1,29,24,"FR_HBCN_44200"
"FR-1-H_29_30_4093",3829,"55:07","FR_HBCN_44200",27,20,1,7,7,5,0,-2,29,24,"FR_HBCN_44200"
"FR-1-H_29_30_4094",3830,"16:23","FR_USAMNG_30918",8,8,-1,0,0,2,0,2,29,25,"FR_USAMNG_30918"
"FR-1-H_29_30_4094",3831,"23:13","FR_USIHB_94200",10,13,-3,-3,-3,-6,0,-3,25,29,"FR_USAMNG_30918"
"FR-1-H_29_30_4094",3832,"42:58","FR_USAMNG_30918",22,17,-1,5,5,7,0,2,29,25,"FR_USAMNG_30918"
"FR-1-H_29_30_4094",3833,"57:38","FR_USAMNG_30918",27,24,-3,3,3,4,0,1,29,25,"FR_USAMNG_30918"
"FR-1-H_29_30_4095",3834,"16:31","FR_TFHB_93290",7,9,-2,-2,-2,0,0,2,35,25,"FR_TFHB_93290"
"FR-1-H_29_30_4095",3835,"23:03","FR_SLHB_45770",11,12,-3,-1,-1,-1,0,0,25,35,"FR_TFHB_93290"
"FR-1-H_29_30_4095",3836,"41:37","FR_SLHB_45770",17,24,-3,-7,-7,-9,0,-2,25,35,"FR_TFHB_93290"
"FR-1-H_29_31_4096",3837,"16:16","FR_PAUC_13100",7,9,-2,-2,-2,-3,0,-1,28,32,"FR_MHB_34000"
"FR-1-H_29_31_4096",3838,"25:52","FR_MHB_34000",14,10,-1,4,4,3,0,-1,32,28,"FR_MHB_34000"
"FR-1-H_29_31_4096",3839,"38:44","FR_PAUC_13100",16,22,-2,-6,-6,-6,0,0,28,32,"FR_MHB_34000"
"FR-1-H_29_31_4096",3840,"51:23","FR_MHB_34000",26,24,-2,2,2,4,0,2,32,28,"FR_MHB_34000"
"FR-1-H_29_31_4096",3841,"58:15","FR_MHB_34000",31,27,-1,4,4,4,0,0,32,28,"FR_MHB_34000"
"FR-1-H_29_31_4097",3842,"19:42","FR_CRMHB_35510",11,11,-1,0,0,-1,0,-1,30,30,"Egalité"
"FR-1-H_29_31_4097",3843,"27:24","FR_TFHB_93290",14,14,-1,0,0,-1,0,-1,30,30,"Egalité"
"FR-1-H_29_31_4097",3844,"39:34","FR_TFHB_93290",19,22,-2,-3,-3,0,0,3,30,30,"Egalité"
"FR-1-H_29_31_4097",3845,"43:52","FR_CRMHB_35510",23,23,-3,0,0,1,0,1,30,30,"Egalité"
"FR-1-H_29_31_4097",3846,"58:57","FR_TFHB_93290",30,29,2,1,1,0,0,-1,30,30,"Egalité"
"FR-1-H_29_31_4098",3847,"16:12","FR_CSMBHB_73000",8,7,-1,1,1,1,0,0,32,28,"FR_CSMBHB_73000"
"FR-1-H_29_31_4098",3848,"22:33","FR_HBCN_44200",11,12,-1,-1,-1,0,0,1,28,32,"FR_CSMBHB_73000"
"FR-1-H_29_31_4098",3849,"42:41","FR_HBCN_44200",21,23,-3,-2,-2,-4,0,-2,28,32,"FR_CSMBHB_73000"
"FR-1-H_29_31_4098",3850,"51:58","FR_CSMBHB_73000",27,25,-2,2,2,4,0,2,32,28,"FR_CSMBHB_73000"
"FR-1-H_29_31_4098",3851,"53:52","FR_HBCN_44200",25,29,-2,-4,-4,-3,0,1,28,32,"FR_CSMBHB_73000"
"FR-1-H_29_31_4099",3852,"14:04","FR_DHBGL_59140",5,7,-1,-2,-2,-1,0,1,29,32,"FR_PSGHB_75016"
"FR-1-H_29_31_4099",3853,"24:26","FR_PSGHB_75016",13,12,-1,1,1,3,0,2,32,29,"FR_PSGHB_75016"
"FR-1-H_29_31_4099",3854,"38:11","FR_DHBGL_59140",18,22,-1,-4,-4,-4,0,0,29,32,"FR_PSGHB_75016"
"FR-1-H_29_31_4099",3855,"46:39","FR_DHBGL_59140",23,26,-1,-3,-3,-4,0,-1,29,32,"FR_PSGHB_75016"
"FR-1-H_29_31_4099",3856,"54:45","FR_PSGHB_75016",30,27,-1,3,3,3,0,0,32,29,"FR_PSGHB_75016"
"FR-1-H_29_31_4100",3857,"20:07","FR_USAMNG_30918",9,10,-3,-1,-1,1,0,2,29,20,"FR_USAMNG_30918"
"FR-1-H_29_31_4100",3858,"29:35","FR_SLHB_45770",12,13,-1,-1,-1,-2,0,-1,20,29,"FR_USAMNG_30918"
"FR-1-H_29_31_4100",3859,"40:16","FR_SLHB_45770",14,18,-2,-4,-4,-8,0,-4,20,29,"FR_USAMNG_30918"
"FR-1-H_29_31_4100",3860,"44:35","FR_SLHB_45770",14,22,-4,-8,-8,-6,0,2,20,29,"FR_USAMNG_30918"
"FR-1-H_29_31_4100",3861,"49:16","FR_USAMNG_30918",22,16,-2,6,6,7,0,1,29,20,"FR_USAMNG_30918"
"FR-1-H_29_31_4101",3862,"06:50","FR_MEHB_91300",0,5,-4,-5,-5,-3,0,2,21,25,"FR_SRVHB_83700"
"FR-1-H_29_31_4101",3863,"44:41","FR_MEHB_91300",17,18,-2,-1,-1,-1,0,0,21,25,"FR_SRVHB_83700"
"FR-1-H_29_31_4101",3864,"51:22","FR_SRVHB_83700",20,19,1,1,1,2,0,1,25,21,"FR_SRVHB_83700"
"FR-1-H_29_31_4101",3865,"57:52","FR_SRVHB_83700",23,20,-2,3,3,4,0,1,25,21,"FR_SRVHB_83700"
"FR-1-H_29_31_4102",3866,"17:29","FR_FTHB_31000",7,8,-1,-1,-1,0,0,1,35,29,"FR_FTHB_31000"
"FR-1-H_29_31_4102",3867,"27:10","FR_USIHB_94200",13,14,-2,-1,-1,0,0,1,29,35,"FR_FTHB_31000"
"FR-1-H_29_31_4102",3868,"39:13","FR_USIHB_94200",19,23,-5,-4,-4,-6,0,-2,29,35,"FR_FTHB_31000"
"FR-1-H_29_31_4102",3869,"49:54","FR_FTHB_31000",27,24,-3,3,3,4,0,1,35,29,"FR_FTHB_31000"
"FR-1-H_29_32_4103",3870,"18:33","FR_CRMHB_35510",5,7,-3,-2,-2,-4,0,-2,26,28,"FR_SRVHB_83700"
"FR-1-H_29_32_4103",3871,"25:25","FR_SRVHB_83700",11,7,3,4,4,3,0,-1,28,26,"FR_SRVHB_83700"
"FR-1-H_29_32_4103",3872,"44:13","FR_CRMHB_35510",16,19,2,-3,-3,-3,0,0,26,28,"FR_SRVHB_83700"
"FR-1-H_29_32_4103",3873,"49:13","FR_SRVHB_83700",22,19,-1,3,3,4,0,1,28,26,"FR_SRVHB_83700"
"FR-1-H_29_32_4103",3874,"56:59","FR_SRVHB_83700",27,24,-2,3,3,2,0,-1,28,26,"FR_SRVHB_83700"
"FR-1-H_29_32_4104",3875,"11:13","FR_DHBGL_59140",4,7,-1,-3,-3,-5,0,-2,24,32,"FR_FTHB_31000"
"FR-1-H_29_32_4104",3876,"15:51","FR_DHBGL_59140",5,11,-2,-6,-6,-7,0,-1,24,32,"FR_FTHB_31000"
"FR-1-H_29_32_4104",3877,"49:45","FR_DHBGL_59140",20,27,-1,-7,-7,-9,0,-2,24,32,"FR_FTHB_31000"
"FR-1-H_29_32_4105",3878,"25:32","FR_USIHB_94200",11,14,-2,-3,-3,-1,0,2,30,29,"FR_USIHB_94200"
"FR-1-H_29_32_4105",3879,"28:44","FR_HBCN_44200",15,14,-3,1,1,-1,0,-2,29,30,"FR_USIHB_94200"
"FR-1-H_29_32_4105",3880,"47:30","FR_HBCN_44200",23,24,-2,-1,-1,-2,0,-1,29,30,"FR_USIHB_94200"
"FR-1-H_29_32_4105",3881,"52:00","FR_USIHB_94200",27,25,1,2,2,3,0,1,30,29,"FR_USIHB_94200"
"FR-1-H_29_32_4105",3882,"55:21","FR_HBCN_44200",25,28,-1,-3,-3,0,0,3,29,30,"FR_USIHB_94200"
"FR-1-H_29_32_4105",3883,"57:30","FR_HBCN_44200",28,28,3,0,0,-1,0,-1,29,30,"FR_USIHB_94200"
"FR-1-H_29_32_4106",3884,"06:40","FR_MEHB_91300",5,7,-4,-2,-2,-3,0,-1,31,32,"FR_CSMBHB_73000"
"FR-1-H_29_32_4106",3885,"22:12","FR_CSMBHB_73000",15,12,-2,3,3,4,0,1,32,31,"FR_CSMBHB_73000"
"FR-1-H_29_32_4106",3886,"45:12","FR_CSMBHB_73000",24,23,-3,1,1,0,0,-1,32,31,"FR_CSMBHB_73000"
"FR-1-H_29_32_4106",3887,"51:51","FR_MEHB_91300",28,28,-1,0,0,-1,0,-1,31,32,"FR_CSMBHB_73000"
"FR-1-H_29_32_4107",3888,"46:49","FR_SLHB_45770",21,25,-1,-4,-4,-5,0,-1,29,32,"FR_MHB_34000"
"FR-1-H_29_32_4107",3889,"57:53","FR_SLHB_45770",27,30,-1,-3,-3,-2,0,1,29,32,"FR_MHB_34000"
"FR-1-H_29_32_4107",3890,"58:25","FR_MHB_34000",30,28,-1,2,2,3,0,1,32,29,"FR_MHB_34000"
"FR-1-H_29_32_4108",3891,"18:13","FR_PSGHB_75016",9,11,-3,-2,-2,-4,0,-2,24,26,"FR_USAMNG_30918"
"FR-1-H_29_32_4108",3892,"25:16","FR_USAMNG_30918",14,11,-1,3,3,2,0,-1,26,24,"FR_USAMNG_30918"
"FR-1-H_29_32_4108",3893,"45:37","FR_USAMNG_30918",23,20,-1,3,3,1,0,-2,26,24,"FR_USAMNG_30918"
"FR-1-H_29_32_4108",3894,"52:38","FR_PSGHB_75016",24,24,1,0,0,-2,0,-2,24,26,"FR_USAMNG_30918"
"FR-1-H_29_32_4108",3895,"59:10","FR_PSGHB_75016",24,26,-2,-2,-2,-2,0,0,24,26,"FR_USAMNG_30918"
"FR-1-H_29_32_4108",3896,"59:22","FR_USAMNG_30918",26,24,0,2,2,2,0,0,26,24,"FR_USAMNG_30918"
"FR-1-H_29_32_4109",3897,"12:48","FR_TFHB_93290",3,6,-2,-3,-3,-5,0,-2,21,30,"FR_PAUC_13100"
"FR-1-H_29_32_4109",3898,"24:16","FR_TFHB_93290",5,13,-1,-8,-8,-8,0,0,21,30,"FR_PAUC_13100"
"FR-1-H_29_32_4109",3899,"30:00","FR_PAUC_13100",15,8,-1,7,7,6,0,-1,30,21,"FR_PAUC_13100"
"FR-1-H_29_32_4109",3900,"43:14","FR_TFHB_93290",15,24,-3,-9,-9,-9,0,0,21,30,"FR_PAUC_13100"
"FR-1-H_29_32_4109",3901,"57:22","FR_PAUC_13100",29,19,2,10,10,9,0,-1,30,21,"FR_PAUC_13100"
"FR-1-H_29_33_4110",3902,"06:02","FR_PAUC_13100",2,5,-2,-3,-3,-2,0,1,27,32,"FR_DHBGL_59140"
"FR-1-H_29_33_4110",3903,"14:36","FR_DHBGL_59140",8,8,-3,0,0,-1,0,-1,32,27,"FR_DHBGL_59140"
"FR-1-H_29_33_4110",3904,"40:04","FR_PAUC_13100",18,21,-3,-3,-3,0,0,3,27,32,"FR_DHBGL_59140"
"FR-1-H_29_33_4110",3905,"45:18","FR_DHBGL_59140",21,22,-4,-1,-1,0,0,1,32,27,"FR_DHBGL_59140"
"FR-1-H_29_33_4110",3906,"57:18","FR_DHBGL_59140",29,25,4,4,4,5,0,1,32,27,"FR_DHBGL_59140"
"FR-1-H_29_33_4111",3907,"21:21","FR_CSMBHB_73000",11,10,-1,1,1,2,0,1,33,29,"FR_CSMBHB_73000"
"FR-1-H_29_33_4111",3908,"26:56","FR_TFHB_93290",12,15,-1,-3,-3,-4,0,-1,29,33,"FR_CSMBHB_73000"
"FR-1-H_29_33_4111",3909,"36:31","FR_TFHB_93290",15,22,-1,-7,-7,-9,0,-2,29,33,"FR_CSMBHB_73000"
"FR-1-H_29_33_4111",3910,"43:35","FR_TFHB_93290",17,27,-2,-10,-10,-9,0,1,29,33,"FR_CSMBHB_73000"
"FR-1-H_29_33_4111",3911,"50:26","FR_CSMBHB_73000",30,22,-2,8,8,5,0,-3,33,29,"FR_CSMBHB_73000"
"FR-1-H_29_33_4111",3912,"57:46","FR_CSMBHB_73000",32,29,-2,3,3,4,0,1,33,29,"FR_CSMBHB_73000"
"FR-1-H_29_33_4112",3913,"24:40","FR_MEHB_91300",5,8,-1,-3,-3,-3,0,0,15,21,"FR_MHB_34000"
"FR-1-H_29_33_4112",3914,"29:17","FR_MHB_34000",9,6,-1,3,3,4,0,1,21,15,"FR_MHB_34000"
"FR-1-H_29_33_4112",3915,"41:08","FR_MEHB_91300",9,16,-1,-7,-7,-7,0,0,15,21,"FR_MHB_34000"
"FR-1-H_29_33_4112",3916,"49:59","FR_MHB_34000",18,12,-1,6,6,8,0,2,21,15,"FR_MHB_34000"
"FR-1-H_29_33_4112",3917,"57:31","FR_MHB_34000",21,14,-1,7,7,6,0,-1,21,15,"FR_MHB_34000"
"FR-1-H_29_33_4113",3918,"21:45","FR_SLHB_45770",11,13,-1,-2,-2,-3,0,-1,29,31,"FR_HBCN_44200"
"FR-1-H_29_33_4113",3919,"28:07","FR_HBCN_44200",16,14,-2,2,2,4,0,2,31,29,"FR_HBCN_44200"
"FR-1-H_29_33_4113",3920,"41:43","FR_HBCN_44200",20,20,-3,0,0,2,0,2,31,29,"FR_HBCN_44200"
"FR-1-H_29_33_4113",3921,"47:39","FR_SLHB_45770",21,25,-4,-4,-4,-4,0,0,29,31,"FR_HBCN_44200"
"FR-1-H_29_33_4113",3922,"54:46","FR_HBCN_44200",27,25,-2,2,2,2,0,0,31,29,"FR_HBCN_44200"
"FR-1-H_29_33_4114",3923,"15:39","FR_CRMHB_35510",7,6,1,1,1,-3,0,-4,25,32,"FR_PSGHB_75016"
"FR-1-H_29_33_4115",3924,"20:13","FR_SRVHB_83700",9,6,1,3,3,4,0,1,35,25,"FR_SRVHB_83700"
"FR-1-H_29_33_4115",3925,"25:58","FR_USIHB_94200",8,13,-2,-5,-5,-5,0,0,25,35,"FR_SRVHB_83700"
"FR-1-H_29_33_4115",3926,"47:16","FR_SRVHB_83700",26,19,3,7,7,9,0,2,35,25,"FR_SRVHB_83700"
"FR-1-H_29_33_4116",3927,"12:27","FR_USAMNG_30918",6,8,-3,-2,-2,-1,0,1,29,27,"FR_USAMNG_30918"
"FR-1-H_29_33_4116",3928,"25:16","FR_FTHB_31000",14,12,-1,2,2,2,0,0,27,29,"FR_USAMNG_30918"
"FR-1-H_29_33_4116",3929,"53:45","FR_USAMNG_30918",25,26,-1,-1,-1,0,0,1,29,27,"FR_USAMNG_30918"
"FR-1-H_29_33_4116",3930,"54:37","FR_FTHB_31000",26,26,-1,0,0,0,0,0,27,29,"FR_USAMNG_30918"
"FR-1-H_29_33_4116",3931,"59:00","FR_USAMNG_30918",27,27,-1,0,0,1,0,1,29,27,"FR_USAMNG_30918"
"FR-1-H_29_33_4116",3932,"59:31","FR_FTHB_31000",27,28,-1,-1,-1,-2,0,-1,27,29,"FR_USAMNG_30918"
"FR-1-H_29_34_4117",3933,"13:56","FR_PSGHB_75016",6,9,-3,-3,-3,-3,0,0,31,33,"FR_PAUC_13100"
"FR-1-H_29_34_4117",3934,"21:10","FR_PAUC_13100",12,10,-2,2,2,4,0,2,33,31,"FR_PAUC_13100"
"FR-1-H_29_34_4117",3935,"38:00","FR_PAUC_13100",21,17,-3,4,4,5,0,1,33,31,"FR_PAUC_13100"
"FR-1-H_29_34_4117",3936,"51:28","FR_PSGHB_75016",25,30,-1,-5,-5,-1,0,4,31,33,"FR_PAUC_13100"
"FR-1-H_29_34_4117",3937,"55:52","FR_PAUC_13100",31,30,-3,1,1,2,0,1,33,31,"FR_PAUC_13100"
"FR-1-H_29_34_4118",3938,"12:02","FR_CRMHB_35510",6,6,-3,0,0,1,0,1,22,30,"FR_CSMBHB_73000"
"FR-1-H_29_34_4118",3939,"20:57","FR_CSMBHB_73000",9,11,-2,-2,-2,-1,0,1,30,22,"FR_CSMBHB_73000"
"FR-1-H_29_34_4118",3940,"38:03","FR_CRMHB_35510",13,16,-2,-3,-3,-1,0,2,22,30,"FR_CSMBHB_73000"
"FR-1-H_29_34_4118",3941,"45:19","FR_CSMBHB_73000",16,17,-3,-1,-1,2,0,3,30,22,"FR_CSMBHB_73000"
"FR-1-H_29_34_4119",3942,"19:48","FR_USIHB_94200",5,9,-2,-4,-4,-3,0,1,26,29,"FR_DHBGL_59140"
"FR-1-H_29_34_4119",3943,"24:45","FR_DHBGL_59140",11,8,-2,3,3,4,0,1,29,26,"FR_DHBGL_59140"
"FR-1-H_29_34_4119",3944,"54:17","FR_USIHB_94200",23,27,-1,-4,-4,-4,0,0,26,29,"FR_DHBGL_59140"
"FR-1-H_29_34_4119",3945,"57:02","FR_DHBGL_59140",28,24,1,4,4,3,0,-1,29,26,"FR_DHBGL_59140"
"FR-1-H_29_34_4120",3946,"14:37","FR_FTHB_31000",7,9,-3,-2,-2,-3,0,-1,25,36,"FR_MHB_34000"
"FR-1-H_29_34_4120",3947,"24:35","FR_MHB_34000",14,10,1,4,4,8,0,4,36,25,"FR_MHB_34000"
"FR-1-H_29_34_4120",3948,"54:16","FR_MHB_34000",32,21,1,11,11,12,0,1,36,25,"FR_MHB_34000"
"FR-1-H_29_34_4121",3949,"20:13","FR_USAMNG_30918",8,5,1,3,3,5,0,2,27,25,"FR_USAMNG_30918"
"FR-1-H_29_34_4121",3950,"24:21","FR_MEHB_91300",6,11,-1,-5,-5,-2,0,3,25,27,"FR_USAMNG_30918"
"FR-1-H_29_34_4121",3951,"41:48","FR_USAMNG_30918",18,17,-2,1,1,2,0,1,27,25,"FR_USAMNG_30918"
"FR-1-H_29_34_4121",3952,"51:30","FR_USAMNG_30918",22,23,-4,-1,-1,0,0,1,27,25,"FR_USAMNG_30918"
"FR-1-H_29_34_4121",3953,"58:45","FR_MEHB_91300",24,25,-2,-1,-1,-2,0,-1,25,27,"FR_USAMNG_30918"
"FR-1-H_29_34_4122",3954,"10:38","FR_SLHB_45770",3,7,-3,-4,-4,-3,0,1,27,28,"FR_SRVHB_83700"
"FR-1-H_29_34_4122",3955,"23:23","FR_SRVHB_83700",10,8,-1,2,2,3,0,1,28,27,"FR_SRVHB_83700"
"FR-1-H_29_34_4122",3956,"49:30","FR_SRVHB_83700",24,23,-1,1,1,1,0,0,28,27,"FR_SRVHB_83700"
"FR-1-H_29_34_4122",3957,"58:37","FR_SLHB_45770",26,28,-1,-2,-2,-1,0,1,27,28,"FR_SRVHB_83700"
"FR-1-H_29_34_4122",3958,"59:08","FR_SRVHB_83700",28,27,-1,1,1,1,0,0,28,27,"FR_SRVHB_83700"
"FR-1-H_29_34_4123",3959,"13:58","FR_TFHB_93290",7,12,-3,-5,-5,-5,0,0,33,45,"FR_HBCN_44200"
"FR-1-H_29_34_4123",3960,"28:34","FR_HBCN_44200",22,16,-1,6,6,8,0,2,45,33,"FR_HBCN_44200"
"FR-1-H_29_34_4123",3961,"40:49","FR_TFHB_93290",22,32,-3,-10,-10,-8,0,2,33,45,"FR_HBCN_44200"
"FR-1-H_29_34_4123",3962,"53:52","FR_TFHB_93290",30,39,-1,-9,-9,-10,0,-1,33,45,"FR_HBCN_44200"
"FR-1-H_29_34_4123",3963,"55:49","FR_HBCN_44200",41,31,-1,10,10,12,0,2,45,33,"FR_HBCN_44200"
"FR-1-H_29_35_4124",3964,"10:53","FR_USIHB_94200",4,9,-4,-5,-5,-4,0,1,23,29,"FR_CSMBHB_73000"
"FR-1-H_29_35_4124",3965,"26:23","FR_CSMBHB_73000",15,10,-1,5,5,4,0,-1,29,23,"FR_CSMBHB_73000"
"FR-1-H_29_35_4124",3966,"43:54","FR_CSMBHB_73000",21,18,0,3,3,2,0,-1,29,23,"FR_CSMBHB_73000"
"FR-1-H_29_35_4124",3967,"49:36","FR_USIHB_94200",20,23,-2,-3,-3,-4,0,-1,23,29,"FR_CSMBHB_73000"
"FR-1-H_29_35_4124",3968,"51:10","FR_CSMBHB_73000",24,20,1,4,4,4,0,0,29,23,"FR_CSMBHB_73000"
"FR-1-H_29_35_4125",3969,"09:41","FR_DHBGL_59140",1,5,-2,-4,-4,-6,0,-2,23,24,"FR_MHB_34000"
"FR-1-H_29_35_4125",3970,"25:37","FR_MHB_34000",15,10,-2,5,5,5,0,0,24,23,"FR_MHB_34000"
"FR-1-H_29_35_4125",3971,"47:13","FR_DHBGL_59140",17,21,-2,-4,-4,-3,0,1,23,24,"FR_MHB_34000"
"FR-1-H_29_35_4125",3972,"54:13","FR_DHBGL_59140",19,22,-1,-3,-3,-1,0,2,23,24,"FR_MHB_34000"
"FR-1-H_29_35_4125",3973,"59:39","FR_MHB_34000",23,23,-2,0,0,1,0,1,24,23,"FR_MHB_34000"
"FR-1-H_29_35_4126",3974,"17:19","FR_SLHB_45770",6,8,-2,-2,-2,-4,0,-2,23,25,"FR_MEHB_91300"
"FR-1-H_29_35_4126",3975,"28:34","FR_MEHB_91300",13,11,-2,2,2,2,0,0,25,23,"FR_MEHB_91300"
"FR-1-H_29_35_4126",3976,"35:32","FR_MEHB_91300",14,15,-4,-1,-1,-3,0,-2,25,23,"FR_MEHB_91300"
"FR-1-H_29_35_4126",3977,"48:11","FR_SLHB_45770",18,19,-3,-1,-1,-3,0,-2,23,25,"FR_MEHB_91300"
"FR-1-H_29_35_4126",3978,"53:59","FR_SLHB_45770",20,24,-3,-4,-4,-3,0,1,23,25,"FR_MEHB_91300"
"FR-1-H_29_35_4127",3979,"05:15","FR_USAMNG_30918",1,5,-2,-4,-4,-5,0,-1,25,33,"FR_HBCN_44200"
"FR-1-H_29_35_4127",3980,"25:04","FR_HBCN_44200",17,10,-1,7,7,8,0,1,33,25,"FR_HBCN_44200"
"FR-1-H_29_35_4127",3981,"43:00","FR_HBCN_44200",24,17,-2,7,7,7,0,0,33,25,"FR_HBCN_44200"
"FR-1-H_29_35_4127",3982,"55:08","FR_USAMNG_30918",23,31,-1,-8,-8,-8,0,0,25,33,"FR_HBCN_44200"
"FR-1-H_29_35_4128",3983,"18:57","FR_TFHB_93290",6,8,-1,-2,-2,-3,0,-1,23,25,"FR_PSGHB_75016"
"FR-1-H_29_35_4128",3984,"53:05","FR_PSGHB_75016",23,22,-2,1,1,2,0,1,25,23,"FR_PSGHB_75016"
"FR-1-H_29_35_4128",3985,"54:08","FR_TFHB_93290",22,24,-1,-2,-2,-2,0,0,23,25,"FR_PSGHB_75016"
"FR-1-H_29_35_4128",3986,"58:59","FR_PSGHB_75016",25,23,1,2,2,2,0,0,25,23,"FR_PSGHB_75016"
"FR-1-H_29_35_4129",3987,"20:08","FR_SRVHB_83700",9,11,-3,-2,-2,-1,0,1,32,28,"FR_SRVHB_83700"
"FR-1-H_29_35_4129",3988,"29:37","FR_PAUC_13100",14,16,-2,-2,-2,-4,0,-2,28,32,"FR_SRVHB_83700"
"FR-1-H_29_35_4129",3989,"34:57","FR_PAUC_13100",15,20,-3,-5,-5,-3,0,2,28,32,"FR_SRVHB_83700"
"FR-1-H_29_35_4129",3990,"44:12","FR_SRVHB_83700",23,20,-2,3,3,0,0,-3,32,28,"FR_SRVHB_83700"
"FR-1-H_29_35_4129",3991,"54:23","FR_PAUC_13100",25,28,-2,-3,-3,-3,0,0,28,32,"FR_SRVHB_83700"
"FR-1-H_29_35_4129",3992,"58:19","FR_SRVHB_83700",30,27,1,3,3,4,0,1,32,28,"FR_SRVHB_83700"
"FR-1-H_29_35_4130",3993,"10:14","FR_CRMHB_35510",3,7,-2,-4,-4,-4,0,0,30,30,"Egalité"
"FR-1-H_29_35_4130",3994,"17:09","FR_FTHB_31000",10,8,-2,2,2,0,0,-2,30,30,"Egalité"
"FR-1-H_29_35_4130",3995,"39:47","FR_CRMHB_35510",20,21,-2,-1,-1,-1,0,0,30,30,"Egalité"
"FR-1-H_29_35_4130",3996,"53:14","FR_FTHB_31000",28,27,-3,1,1,1,0,0,30,30,"Egalité"
"FR-1-H_29_35_4130",3997,"57:45","FR_CRMHB_35510",29,30,-2,-1,-1,0,0,1,30,30,"Egalité"
"FR-1-H_29_35_4130",3998,"58:27","FR_FTHB_31000",30,30,-1,0,0,0,0,0,30,30,"Egalité"
"FR-1-H_29_36_4131",3999,"05:10","FR_CRMHB_35510",1,4,-2,-3,-3,-1,0,2,32,31,"FR_CRMHB_35510"
"FR-1-H_29_36_4131",4000,"29:29","FR_PAUC_13100",16,14,-2,2,2,0,0,-2,31,32,"FR_CRMHB_35510"
"FR-1-H_29_36_4131",4001,"33:33","FR_PAUC_13100",17,17,-2,0,0,1,0,1,31,32,"FR_CRMHB_35510"
"FR-1-H_29_36_4131",4002,"55:36","FR_CRMHB_35510",28,30,-1,-2,-2,1,0,3,32,31,"FR_CRMHB_35510"
"FR-1-H_29_36_4132",4003,"27:19","FR_USAMNG_30918",11,13,-2,-2,-2,-1,0,1,28,28,"Egalité"
"FR-1-H_29_36_4132",4004,"40:52","FR_USAMNG_30918",15,18,-3,-3,-3,-1,0,2,28,28,"Egalité"
"FR-1-H_29_36_4132",4005,"50:11","FR_CSMBHB_73000",22,22,-2,0,0,-2,0,-2,28,28,"Egalité"
"FR-1-H_29_36_4132",4006,"58:09","FR_USAMNG_30918",28,27,-1,1,1,0,0,-1,28,28,"Egalité"
"FR-1-H_29_36_4133",4007,"24:59","FR_MHB_34000",11,12,-2,-1,-1,0,0,1,25,22,"FR_MHB_34000"
"FR-1-H_29_36_4133",4008,"38:58","FR_USIHB_94200",14,16,-2,-2,-2,-1,0,1,22,25,"FR_MHB_34000"
"FR-1-H_29_36_4133",4009,"51:41","FR_MHB_34000",22,19,1,3,3,3,0,0,25,22,"FR_MHB_34000"
"FR-1-H_29_36_4133",4010,"57:57","FR_USIHB_94200",20,24,-1,-4,-4,-3,0,1,22,25,"FR_MHB_34000"
"FR-1-H_29_36_4133",4011,"58:29","FR_MHB_34000",24,21,-1,3,3,3,0,0,25,22,"FR_MHB_34000"
"FR-1-H_29_36_4134",4012,"17:23","FR_HBCN_44200",8,10,-5,-2,-2,-1,0,1,27,27,"Egalité"
"FR-1-H_29_36_4134",4013,"23:31","FR_PSGHB_75016",11,10,-1,1,1,3,0,2,27,27,"Egalité"
"FR-1-H_29_36_4134",4014,"43:31","FR_HBCN_44200",19,21,-1,-2,-2,0,0,2,27,27,"Egalité"
"FR-1-H_29_36_4134",4015,"47:54","FR_PSGHB_75016",22,22,-3,0,0,-1,0,-1,27,27,"Egalité"
"FR-1-H_29_36_4134",4016,"55:42","FR_HBCN_44200",26,25,1,1,1,0,0,-1,27,27,"Egalité"
"FR-1-H_29_36_4134",4017,"59:40","FR_PSGHB_75016",27,27,-1,0,0,0,0,0,27,27,"Egalité"
"FR-1-H_29_36_4135",4018,"14:12","FR_DHBGL_59140",6,10,-3,-4,-4,-3,0,1,33,32,"FR_DHBGL_59140"
"FR-1-H_29_36_4135",4019,"23:26","FR_SLHB_45770",14,11,-1,3,3,2,0,-1,32,33,"FR_DHBGL_59140"
"FR-1-H_29_36_4135",4020,"33:31","FR_DHBGL_59140",15,19,-1,-4,-4,-1,0,3,33,32,"FR_DHBGL_59140"
"FR-1-H_29_36_4135",4021,"50:11","FR_DHBGL_59140",26,27,-1,-1,-1,0,0,1,33,32,"FR_DHBGL_59140"
"FR-1-H_29_36_4135",4022,"54:44","FR_SLHB_45770",29,29,-1,0,0,-1,0,-1,32,33,"FR_DHBGL_59140"
"FR-1-H_29_36_4136",4023,"12:50","FR_FTHB_31000",3,8,-5,-5,-5,-3,0,2,23,27,"FR_SRVHB_83700"
"FR-1-H_29_36_4136",4024,"26:07","FR_SRVHB_83700",13,8,2,5,5,5,0,0,27,23,"FR_SRVHB_83700"
"FR-1-H_29_36_4136",4025,"39:23","FR_SRVHB_83700",19,12,-1,7,7,5,0,-2,27,23,"FR_SRVHB_83700"
"FR-1-H_29_36_4136",4026,"48:37","FR_FTHB_31000",17,22,1,-5,-5,-5,0,0,23,27,"FR_SRVHB_83700"
"FR-1-H_29_36_4137",4027,"23:23","FR_MEHB_91300",7,12,-3,-5,-5,-6,0,-1,23,26,"FR_TFHB_93290"
"FR-1-H_29_36_4137",4028,"29:50","FR_TFHB_93290",15,9,1,6,6,5,0,-1,26,23,"FR_TFHB_93290"
"FR-1-H_29_36_4137",4029,"39:54","FR_TFHB_93290",17,13,-2,4,4,6,0,2,26,23,"FR_TFHB_93290"
"FR-1-H_29_36_4137",4030,"46:50","FR_MEHB_91300",13,20,-2,-7,-7,-4,0,3,23,26,"FR_TFHB_93290"
"FR-1-H_29_36_4137",4031,"58:55","FR_TFHB_93290",25,22,-2,3,3,3,0,0,26,23,"FR_TFHB_93290"
"FR-1-H_29_37_4138",4032,"03:46","FR_CRMHB_35510",0,3,-3,-3,-3,-3,0,0,26,26,"Egalité"
"FR-1-H_29_37_4138",4033,"14:15","FR_CRMHB_35510",1,7,-3,-6,-6,-6,0,0,26,26,"Egalité"
"FR-1-H_29_37_4138",4034,"24:43","FR_USIHB_94200",12,8,-2,4,4,3,0,-1,26,26,"Egalité"
"FR-1-H_29_37_4138",4035,"41:42","FR_USIHB_94200",18,17,-2,1,1,-1,0,-2,26,26,"Egalité"
"FR-1-H_29_37_4138",4036,"59:11","FR_USIHB_94200",25,25,-1,0,0,1,0,1,26,26,"Egalité"
"FR-1-H_29_37_4138",4037,"59:46","FR_CRMHB_35510",25,26,-1,-1,-1,0,0,1,26,26,"Egalité"
"FR-1-H_29_37_4139",4038,"21:16","FR_MEHB_91300",7,11,-2,-4,-4,-5,0,-1,21,24,"FR_DHBGL_59140"
"FR-1-H_29_37_4139",4039,"23:46","FR_DHBGL_59140",12,7,1,5,5,7,0,2,24,21,"FR_DHBGL_59140"
"FR-1-H_29_37_4139",4040,"40:37","FR_DHBGL_59140",18,15,-2,3,3,5,0,2,24,21,"FR_DHBGL_59140"
"FR-1-H_29_37_4139",4041,"50:47","FR_MEHB_91300",19,23,-1,-4,-4,-4,0,0,21,24,"FR_DHBGL_59140"
"FR-1-H_29_37_4139",4042,"58:04","FR_DHBGL_59140",24,21,-1,3,3,3,0,0,24,21,"FR_DHBGL_59140"
"FR-1-H_29_37_4140",4043,"16:41","FR_PSGHB_75016",8,9,-1,-1,-1,0,0,1,30,33,"FR_MHB_34000"
"FR-1-H_29_37_4140",4044,"27:23","FR_MHB_34000",15,13,1,2,2,3,0,1,33,30,"FR_MHB_34000"
"FR-1-H_29_37_4140",4045,"42:43","FR_MHB_34000",21,21,-2,0,0,-1,0,-1,33,30,"FR_MHB_34000"
"FR-1-H_29_37_4140",4046,"54:10","FR_PSGHB_75016",28,30,-2,-2,-2,-3,0,-1,30,33,"FR_MHB_34000"
"FR-1-H_29_37_4140",4047,"58:59","FR_MHB_34000",33,30,1,3,3,3,0,0,33,30,"FR_MHB_34000"
"FR-1-H_29_37_4141",4048,"18:02","FR_USAMNG_30918",5,7,-1,-2,-2,-1,0,1,25,25,"Egalité"
"FR-1-H_29_37_4141",4049,"29:15","FR_PAUC_13100",11,11,-2,0,0,0,0,0,25,25,"Egalité"
"FR-1-H_29_37_4141",4050,"40:30","FR_PAUC_13100",14,16,-2,-2,-2,-2,0,0,25,25,"Egalité"
"FR-1-H_29_37_4141",4051,"45:14","FR_USAMNG_30918",19,17,-2,2,2,-1,0,-3,25,25,"Egalité"
"FR-1-H_29_37_4141",4052,"52:23","FR_USAMNG_30918",19,22,-4,-3,-3,-1,0,2,25,25,"Egalité"
"FR-1-H_29_37_4141",4053,"58:04","FR_PAUC_13100",24,24,-1,0,0,0,0,0,25,25,"Egalité"
"FR-1-H_29_37_4142",4054,"18:08","FR_SLHB_45770",10,12,1,-2,-2,0,0,2,41,33,"FR_SLHB_45770"
"FR-1-H_29_37_4142",4055,"21:20","FR_CSMBHB_73000",12,12,-2,0,0,-1,0,-1,33,41,"FR_SLHB_45770"
"FR-1-H_29_37_4142",4056,"37:13","FR_CSMBHB_73000",22,23,-2,-1,-1,-2,0,-1,33,41,"FR_SLHB_45770"
"FR-1-H_29_37_4142",4057,"44:54","FR_CSMBHB_73000",24,28,-3,-4,-4,-6,0,-2,33,41,"FR_SLHB_45770"
"FR-1-H_29_37_4143",4058,"18:41","FR_FTHB_31000",7,11,1,-4,-4,-5,0,-1,28,34,"FR_HBCN_44200"
"FR-1-H_29_37_4143",4059,"29:23","FR_HBCN_44200",16,14,-1,2,2,2,0,0,34,28,"FR_HBCN_44200"
"FR-1-H_29_37_4143",4060,"43:41","FR_HBCN_44200",23,19,-1,4,4,6,0,2,34,28,"FR_HBCN_44200"
"FR-1-H_29_37_4143",4061,"50:12","FR_FTHB_31000",22,27,1,-5,-5,-4,0,1,28,34,"FR_HBCN_44200"
"FR-1-H_29_37_4144",4062,"17:07","FR_TFHB_93290",7,9,1,-2,-2,-5,0,-3,29,30,"FR_SRVHB_83700"
"FR-1-H_29_37_4144",4063,"23:41","FR_TFHB_93290",9,16,-3,-7,-7,-4,0,3,29,30,"FR_SRVHB_83700"
"FR-1-H_29_37_4144",4064,"27:07","FR_SRVHB_83700",16,12,-3,4,4,4,0,0,30,29,"FR_SRVHB_83700"
"FR-1-H_29_37_4144",4065,"39:36","FR_SRVHB_83700",20,17,-1,3,3,0,0,-3,30,29,"FR_SRVHB_83700"
"FR-1-H_29_37_4144",4066,"55:40","FR_TFHB_93290",27,30,-3,-3,-3,-1,0,2,29,30,"FR_SRVHB_83700"
"FR-1-H_29_37_4144",4067,"58:05","FR_SRVHB_83700",30,29,-2,1,1,1,0,0,30,29,"FR_SRVHB_83700"
"FR-1-H_29_38_4145",4068,"16:39","FR_TFHB_93290",7,8,-3,-1,-1,-2,0,-1,25,28,"FR_PAUC_13100"
"FR-1-H_29_38_4145",4069,"23:36","FR_PAUC_13100",11,9,1,2,2,2,0,0,28,25,"FR_PAUC_13100"
"FR-1-H_29_38_4145",4070,"45:43","FR_TFHB_93290",17,21,-2,-4,-4,-3,0,1,25,28,"FR_PAUC_13100"
"FR-1-H_29_38_4145",4071,"52:22","FR_PAUC_13100",24,21,1,3,3,3,0,0,28,25,"FR_PAUC_13100"
"FR-1-H_29_38_4145",4072,"56:46","FR_TFHB_93290",22,25,1,-3,-3,-3,0,0,25,28,"FR_PAUC_13100"
"FR-1-H_29_38_4146",4073,"17:11","FR_CSMBHB_73000",6,7,1,-1,-1,0,0,1,21,30,"FR_MHB_34000"
"FR-1-H_29_38_4146",4074,"21:56","FR_MHB_34000",8,8,-1,0,0,1,0,1,30,21,"FR_MHB_34000"
"FR-1-H_29_38_4146",4075,"36:32","FR_CSMBHB_73000",12,17,-2,-5,-5,-6,0,-1,21,30,"FR_MHB_34000"
"FR-1-H_29_38_4146",4076,"48:07","FR_CSMBHB_73000",15,22,-1,-7,-7,-6,0,1,21,30,"FR_MHB_34000"
"FR-1-H_29_38_4146",4077,"56:17","FR_MHB_34000",27,20,-1,7,7,9,0,2,30,21,"FR_MHB_34000"
"FR-1-H_29_38_4147",4078,"16:36","FR_FTHB_31000",9,8,-1,1,1,1,0,0,32,27,"FR_FTHB_31000"
"FR-1-H_29_38_4147",4079,"26:11","FR_USIHB_94200",12,14,-1,-2,-2,-5,0,-3,27,32,"FR_FTHB_31000"
"FR-1-H_29_38_4147",4080,"39:17","FR_USIHB_94200",16,21,-2,-5,-5,-7,0,-2,27,32,"FR_FTHB_31000"
"FR-1-H_29_38_4147",4081,"44:19","FR_FTHB_31000",24,17,-1,7,7,5,0,-2,32,27,"FR_FTHB_31000"
"FR-1-H_29_38_4147",4082,"54:37","FR_FTHB_31000",30,25,-2,5,5,5,0,0,32,27,"FR_FTHB_31000"
"FR-1-H_29_38_4148",4083,"15:17","FR_USAMNG_30918",7,11,-3,-4,-4,-2,0,2,23,29,"FR_MEHB_91300"
"FR-1-H_29_38_4148",4084,"20:08","FR_MEHB_91300",12,10,-2,2,2,4,0,2,29,23,"FR_MEHB_91300"
"FR-1-H_29_38_4148",4085,"42:08","FR_USAMNG_30918",16,22,-2,-6,-6,-6,0,0,23,29,"FR_MEHB_91300"
"FR-1-H_29_38_4148",4086,"53:48","FR_MEHB_91300",27,21,1,6,6,7,0,1,29,23,"FR_MEHB_91300"
"FR-1-H_29_38_4149",4087,"12:29","FR_DHBGL_59140",4,7,-4,-3,-3,-3,0,0,15,31,"FR_HBCN_44200"
"FR-1-H_29_38_4149",4088,"26:54","FR_HBCN_44200",15,8,3,7,7,8,0,1,31,15,"FR_HBCN_44200"
"FR-1-H_29_38_4149",4089,"34:56","FR_DHBGL_59140",10,19,-2,-9,-9,-11,0,-2,15,31,"FR_HBCN_44200"
"FR-1-H_29_38_4149",4090,"46:09","FR_HBCN_44200",25,13,-1,12,12,13,0,1,31,15,"FR_HBCN_44200"
"FR-1-H_29_38_4149",4091,"46:54","FR_DHBGL_59140",13,26,-1,-13,-13,-13,0,0,15,31,"FR_HBCN_44200"
"FR-1-H_29_38_4150",4092,"11:26","FR_PSGHB_75016",6,8,1,-2,-2,-3,0,-1,40,31,"FR_PSGHB_75016"
"FR-1-H_29_38_4150",4093,"15:37","FR_SLHB_45770",13,10,-1,3,3,-1,0,-4,31,40,"FR_PSGHB_75016"
"FR-1-H_29_38_4150",4094,"36:04","FR_SLHB_45770",19,26,2,-7,-7,-8,0,-1,31,40,"FR_PSGHB_75016"
"FR-1-H_29_38_4151",4095,"15:54","FR_SRVHB_83700",3,6,-2,-3,-3,-1,0,2,25,24,"FR_SRVHB_83700"
"FR-1-H_29_38_4151",4096,"25:41","FR_CRMHB_35510",9,8,1,1,1,3,0,2,24,25,"FR_SRVHB_83700"
"FR-1-H_29_38_4151",4097,"39:36","FR_CRMHB_35510",15,15,-3,0,0,0,0,0,24,25,"FR_SRVHB_83700"
"FR-1-H_29_38_4151",4098,"58:41","FR_CRMHB_35510",24,24,2,0,0,-1,0,-1,24,25,"FR_SRVHB_83700"
"FR-1-H_29_39_4152",4099,"12:48","FR_CRMHB_35510",2,4,-1,-2,-2,-5,0,-3,16,19,"FR_PAUC_13100"
"FR-1-H_29_39_4152",4100,"22:55","FR_PAUC_13100",8,4,-1,4,4,3,0,-1,19,16,"FR_PAUC_13100"
"FR-1-H_29_39_4152",4101,"40:21","FR_PAUC_13100",12,9,-1,3,3,2,0,-1,19,16,"FR_PAUC_13100"
"FR-1-H_29_39_4152",4102,"44:07","FR_CRMHB_35510",10,12,1,-2,-2,-1,0,1,16,19,"FR_PAUC_13100"
"FR-1-H_29_39_4153",4103,"18:17","FR_PSGHB_75016",7,9,-1,-2,-2,-1,0,1,27,22,"FR_PSGHB_75016"
"FR-1-H_29_39_4153",4104,"19:58","FR_DHBGL_59140",9,8,-1,1,1,1,0,0,22,27,"FR_PSGHB_75016"
"FR-1-H_29_39_4153",4105,"34:47","FR_DHBGL_59140",12,15,-1,-3,-3,-3,0,0,22,27,"FR_PSGHB_75016"
"FR-1-H_29_39_4153",4106,"56:53","FR_PSGHB_75016",25,22,-2,3,3,4,0,1,27,22,"FR_PSGHB_75016"
"FR-1-H_29_39_4153",4107,"57:38","FR_DHBGL_59140",22,26,-1,-4,-4,-5,0,-1,22,27,"FR_PSGHB_75016"
"FR-1-H_29_39_4154",4108,"19:20","FR_USIHB_94200",8,11,-2,-3,-3,-1,0,2,22,36,"FR_MHB_34000"
"FR-1-H_29_39_4154",4109,"24:54","FR_MHB_34000",13,12,-1,1,1,5,0,4,36,22,"FR_MHB_34000"
"FR-1-H_29_39_4154",4110,"50:56","FR_MHB_34000",29,21,-1,8,8,11,0,3,36,22,"FR_MHB_34000"
"FR-1-H_29_39_4155",4111,"12:14","FR_SRVHB_83700",5,7,-3,-2,-2,1,0,3,26,25,"FR_SRVHB_83700"
"FR-1-H_29_39_4155",4112,"16:59","FR_USAMNG_30918",7,8,-3,-1,-1,0,0,1,25,26,"FR_SRVHB_83700"
"FR-1-H_29_39_4155",4113,"39:42","FR_USAMNG_30918",20,19,-3,1,1,1,0,0,25,26,"FR_SRVHB_83700"
"FR-1-H_29_39_4155",4114,"47:38","FR_SRVHB_83700",21,23,-2,-2,-2,-2,0,0,26,25,"FR_SRVHB_83700"
"FR-1-H_29_39_4155",4115,"58:53","FR_USAMNG_30918",25,26,-2,-1,-1,-1,0,0,25,26,"FR_SRVHB_83700"
"FR-1-H_29_39_4156",4116,"17:23","FR_SLHB_45770",9,10,1,-1,-1,-3,0,-2,30,39,"FR_HBCN_44200"
"FR-1-H_29_39_4156",4117,"52:08","FR_HBCN_44200",33,28,-1,5,5,8,0,3,39,30,"FR_HBCN_44200"
"FR-1-H_29_39_4157",4118,"13:35","FR_MEHB_91300",4,8,-3,-4,-4,-7,0,-3,24,31,"FR_FTHB_31000"
"FR-1-H_29_39_4157",4119,"39:43","FR_MEHB_91300",14,21,-4,-7,-7,-9,0,-2,24,31,"FR_FTHB_31000"
"FR-1-H_29_39_4157",4120,"48:21","FR_MEHB_91300",20,29,-1,-9,-9,-8,0,1,24,31,"FR_FTHB_31000"
"FR-1-H_29_39_4158",4121,"19:52","FR_CSMBHB_73000",9,12,-2,-3,-3,-2,0,1,31,31,"Egalité"
"FR-1-H_29_39_4158",4122,"28:57","FR_TFHB_93290",18,15,1,3,3,2,0,-1,31,31,"Egalité"
"FR-1-H_29_39_4158",4123,"41:00","FR_TFHB_93290",23,23,-3,0,0,-1,0,-1,31,31,"Egalité"
"FR-1-H_29_39_4158",4124,"46:28","FR_CSMBHB_73000",26,25,1,1,1,1,0,0,31,31,"Egalité"
"FR-1-H_29_39_4158",4125,"56:56","FR_TFHB_93290",27,30,-1,-3,-3,-1,0,2,31,31,"Egalité"
"FR-1-H_29_39_4158",4126,"58:54","FR_CSMBHB_73000",31,30,-2,1,1,0,0,-1,31,31,"Egalité"
"FR-1-H_29_40_4159",4127,"15:39","FR_PAUC_13100",5,7,-3,-2,-2,-1,0,1,29,23,"FR_PAUC_13100"
"FR-1-H_29_40_4159",4128,"21:50","FR_USAMNG_30918",9,9,-3,0,0,-3,0,-3,23,29,"FR_PAUC_13100"
"FR-1-H_29_40_4159",4129,"45:44","FR_PAUC_13100",19,16,-1,3,3,3,0,0,29,23,"FR_PAUC_13100"
"FR-1-H_29_40_4159",4130,"53:30","FR_USAMNG_30918",21,24,-1,-3,-3,-4,0,-1,23,29,"FR_PAUC_13100"
"FR-1-H_29_40_4159",4131,"57:59","FR_USAMNG_30918",23,27,-2,-4,-4,-6,0,-2,23,29,"FR_PAUC_13100"
"FR-1-H_29_40_4160",4132,"14:55","FR_SLHB_45770",6,10,-1,-4,-4,-5,0,-1,24,33,"FR_CSMBHB_73000"
"FR-1-H_29_40_4160",4133,"24:08","FR_CSMBHB_73000",14,9,-1,5,5,6,0,1,33,24,"FR_CSMBHB_73000"
"FR-1-H_29_40_4160",4134,"40:19","FR_SLHB_45770",12,20,1,-8,-8,-5,0,3,24,33,"FR_CSMBHB_73000"
"FR-1-H_29_40_4160",4135,"44:19","FR_CSMBHB_73000",21,16,-2,5,5,4,0,-1,33,24,"FR_CSMBHB_73000"
"FR-1-H_29_40_4160",4136,"56:11","FR_SLHB_45770",21,29,-3,-8,-8,-9,0,-1,24,33,"FR_CSMBHB_73000"
"FR-1-H_29_40_4161",4137,"16:52","FR_USIHB_94200",6,10,-1,-4,-4,-4,0,0,19,26,"FR_CRMHB_35510"
"FR-1-H_29_40_4161",4138,"28:57","FR_CRMHB_35510",15,8,1,7,7,8,0,1,26,19,"FR_CRMHB_35510"
"FR-1-H_29_40_4161",4139,"41:58","FR_CRMHB_35510",19,12,-1,7,7,7,0,0,26,19,"FR_CRMHB_35510"
"FR-1-H_29_40_4161",4140,"54:11","FR_CRMHB_35510",22,17,-2,5,5,6,0,1,26,19,"FR_CRMHB_35510"
"FR-1-H_29_40_4162",4141,"18:22","FR_MEHB_91300",6,9,-2,-3,-3,-1,0,2,20,29,"FR_TFHB_93290"
"FR-1-H_29_40_4162",4142,"28:56","FR_TFHB_93290",13,13,-2,0,0,-3,0,-3,29,20,"FR_TFHB_93290"
"FR-1-H_29_40_4162",4143,"37:55","FR_TFHB_93290",15,17,1,-2,-2,2,0,4,29,20,"FR_TFHB_93290"
"FR-1-H_29_40_4162",4144,"42:56","FR_MEHB_91300",17,19,-4,-2,-2,-4,0,-2,20,29,"FR_TFHB_93290"
"FR-1-H_29_40_4162",4145,"50:26","FR_MEHB_91300",19,25,-4,-6,-6,-9,0,-3,20,29,"FR_TFHB_93290"
"FR-1-H_29_40_4163",4146,"10:40","FR_SRVHB_83700",4,9,-2,-5,-5,-7,0,-2,27,31,"FR_HBCN_44200"
"FR-1-H_29_40_4163",4147,"20:27","FR_HBCN_44200",13,7,-1,6,6,5,0,-1,31,27,"FR_HBCN_44200"
"FR-1-H_29_40_4163",4148,"34:39","FR_SRVHB_83700",13,21,-2,-8,-8,-8,0,0,27,31,"FR_HBCN_44200"
"FR-1-H_29_40_4163",4149,"56:20","FR_HBCN_44200",30,24,-2,6,6,4,0,-2,31,27,"FR_HBCN_44200"
"FR-1-H_29_40_4164",4150,"17:59","FR_PSGHB_75016",4,5,1,-1,-1,1,0,2,26,19,"FR_PSGHB_75016"
"FR-1-H_29_40_4164",4151,"23:37","FR_MHB_34000",6,7,-2,-1,-1,-5,0,-4,19,26,"FR_PSGHB_75016"
"FR-1-H_29_40_4164",4152,"41:31","FR_MHB_34000",12,22,-3,-10,-10,-10,0,0,19,26,"FR_PSGHB_75016"
"FR-1-H_29_40_4164",4153,"50:37","FR_MHB_34000",13,25,-2,-12,-12,-9,0,3,19,26,"FR_PSGHB_75016"
"FR-1-H_29_40_4165",4154,"15:58","FR_FTHB_31000",8,10,-3,-2,-2,-5,0,-3,25,28,"FR_DHBGL_59140"
"FR-1-H_29_40_4165",4155,"39:03","FR_DHBGL_59140",20,15,1,5,5,5,0,0,28,25,"FR_DHBGL_59140"
"FR-1-H_29_40_4165",4156,"53:00","FR_FTHB_31000",21,25,1,-4,-4,-3,0,1,25,28,"FR_DHBGL_59140"
"FR-1-H_29_40_4165",4157,"57:00","FR_DHBGL_59140",26,23,-2,3,3,3,0,0,28,25,"FR_DHBGL_59140"
"FR-1-H_29_41_4166",4158,"12:38","FR_CRMHB_35510",8,11,-2,-3,-3,-3,0,0,27,33,"FR_HBCN_44200"
"FR-1-H_29_41_4166",4159,"24:00","FR_HBCN_44200",16,13,-1,3,3,4,0,1,33,27,"FR_HBCN_44200"
"FR-1-H_29_41_4166",4160,"47:04","FR_HBCN_44200",25,20,-1,5,5,5,0,0,33,27,"FR_HBCN_44200"
"FR-1-H_29_41_4166",4161,"55:56","FR_HBCN_44200",31,26,-1,5,5,6,0,1,33,27,"FR_HBCN_44200"
"FR-1-H_29_41_4167",4162,"10:40","FR_DHBGL_59140",4,8,-3,-4,-4,-5,0,-1,30,31,"FR_PAUC_13100"
"FR-1-H_29_41_4167",4163,"29:15","FR_PAUC_13100",20,15,-1,5,5,5,0,0,31,30,"FR_PAUC_13100"
"FR-1-H_29_41_4167",4164,"40:05","FR_DHBGL_59140",20,25,1,-5,-5,-4,0,1,30,31,"FR_PAUC_13100"
"FR-1-H_29_41_4167",4165,"46:47","FR_DHBGL_59140",24,28,-1,-4,-4,-2,0,2,30,31,"FR_PAUC_13100"
"FR-1-H_29_41_4167",4166,"49:38","FR_PAUC_13100",28,26,-2,2,2,2,0,0,31,30,"FR_PAUC_13100"
"FR-1-H_29_41_4167",4167,"58:39","FR_PAUC_13100",31,30,-1,1,1,1,0,0,31,30,"FR_PAUC_13100"
"FR-1-H_29_41_4168",4168,"02:44","FR_CSMBHB_73000",0,3,-3,-3,-3,-3,0,0,22,24,"FR_USIHB_94200"
"FR-1-H_29_41_4168",4169,"17:40","FR_USIHB_94200",11,7,-2,4,4,5,0,1,24,22,"FR_USIHB_94200"
"FR-1-H_29_41_4168",4170,"40:49","FR_CSMBHB_73000",16,22,-1,-6,-6,-6,0,0,22,24,"FR_USIHB_94200"
"FR-1-H_29_41_4168",4171,"48:26","FR_USIHB_94200",23,19,-1,4,4,4,0,0,24,22,"FR_USIHB_94200"
"FR-1-H_29_41_4168",4172,"57:40","FR_CSMBHB_73000",21,24,1,-3,-3,-3,0,0,22,24,"FR_USIHB_94200"
"FR-1-H_29_41_4168",4173,"58:44","FR_USIHB_94200",24,21,0,3,3,2,0,-1,24,22,"FR_USIHB_94200"
"FR-1-H_29_41_4169",4174,"20:35","FR_MEHB_91300",7,12,-2,-5,-5,-2,0,3,23,32,"FR_MHB_34000"
"FR-1-H_29_41_4169",4175,"26:34","FR_MHB_34000",12,11,-4,1,1,2,0,1,32,23,"FR_MHB_34000"
"FR-1-H_29_41_4169",4176,"40:25","FR_MEHB_91300",16,20,-2,-4,-4,-4,0,0,23,32,"FR_MHB_34000"
"FR-1-H_29_41_4169",4177,"49:25","FR_MEHB_91300",18,26,-4,-8,-8,-8,0,0,23,32,"FR_MHB_34000"
"FR-1-H_29_41_4169",4178,"53:29","FR_MHB_34000",27,19,-1,8,8,8,0,0,32,23,"FR_MHB_34000"
"FR-1-H_29_41_4170",4179,"15:25","FR_USAMNG_30918",3,4,-3,-1,-1,1,0,2,30,23,"FR_USAMNG_30918"
"FR-1-H_29_41_4170",4180,"22:05","FR_SLHB_45770",5,7,-2,-2,-2,-4,0,-2,23,30,"FR_USAMNG_30918"
"FR-1-H_29_41_4170",4181,"42:39","FR_USAMNG_30918",19,17,-2,2,2,3,0,1,30,23,"FR_USAMNG_30918"
"FR-1-H_29_41_4170",4182,"53:33","FR_SLHB_45770",20,26,-2,-6,-6,-5,0,1,23,30,"FR_USAMNG_30918"
"FR-1-H_29_41_4171",4183,"18:08","FR_SRVHB_83700",7,6,1,1,1,-1,0,-2,25,26,"FR_PSGHB_75016"
"FR-1-H_29_41_4171",4184,"47:45","FR_SRVHB_83700",19,20,1,-1,-1,-2,0,-1,25,26,"FR_PSGHB_75016"
"FR-1-H_29_41_4171",4185,"59:02","FR_SRVHB_83700",25,25,2,0,0,0,0,0,25,26,"FR_PSGHB_75016"
"FR-1-H_29_41_4171",4186,"59:38","FR_PSGHB_75016",25,25,0,0,0,1,0,1,26,25,"FR_PSGHB_75016"
"FR-1-H_29_41_4172",4187,"22:06","FR_FTHB_31000",11,11,-2,0,0,1,0,1,31,34,"FR_TFHB_93290"
"FR-1-H_29_41_4172",4188,"28:27","FR_TFHB_93290",14,15,-1,-1,-1,1,0,2,34,31,"FR_TFHB_93290"
"FR-1-H_29_41_4172",4189,"47:16","FR_FTHB_31000",22,26,-1,-4,-4,-5,0,-1,31,34,"FR_TFHB_93290"
"FR-1-H_29_41_4172",4190,"54:06","FR_TFHB_93290",30,25,-1,5,5,3,0,-2,34,31,"FR_TFHB_93290"
"FR-1-H_29_42_4173",4191,"08:46","FR_PAUC_13100",2,6,-2,-4,-4,-4,0,0,28,28,"Egalité"
"FR-1-H_29_42_4173",4192,"25:50","FR_HBCN_44200",15,11,1,4,4,6,0,2,28,28,"Egalité"
"FR-1-H_29_42_4173",4193,"42:01","FR_HBCN_44200",24,20,-2,4,4,2,0,-2,28,28,"Egalité"
"FR-1-H_29_42_4173",4194,"52:02","FR_PAUC_13100",23,26,-1,-3,-3,0,0,3,28,28,"Egalité"
"FR-1-H_29_42_4173",4195,"55:33","FR_HBCN_44200",27,27,-2,0,0,-1,0,-1,28,28,"Egalité"
"FR-1-H_29_42_4173",4196,"58:32","FR_PAUC_13100",28,27,1,1,1,0,0,-1,28,28,"Egalité"
"FR-1-H_29_42_4174",4197,"17:41","FR_CSMBHB_73000",10,11,-3,-1,-1,-1,0,0,26,26,"Egalité"
"FR-1-H_29_42_4174",4198,"28:42","FR_DHBGL_59140",15,14,-1,1,1,1,0,0,26,26,"Egalité"
"FR-1-H_29_42_4174",4199,"40:25","FR_CSMBHB_73000",16,19,-1,-3,-3,-5,0,-2,26,26,"Egalité"
"FR-1-H_29_42_4174",4200,"48:19","FR_DHBGL_59140",23,19,-1,4,4,3,0,-1,26,26,"Egalité"
"FR-1-H_29_42_4174",4201,"53:40","FR_DHBGL_59140",26,23,-2,3,3,1,0,-2,26,26,"Egalité"
"FR-1-H_29_42_4174",4202,"59:49","FR_CSMBHB_73000",26,26,3,0,0,0,0,0,26,26,"Egalité"
"FR-1-H_29_42_4175",4203,"25:57","FR_USIHB_94200",8,10,-3,-2,-2,-1,0,1,28,24,"FR_USIHB_94200"
"FR-1-H_29_42_4175",4204,"28:05","FR_MEHB_91300",11,10,-1,1,1,2,0,1,24,28,"FR_USIHB_94200"
"FR-1-H_29_42_4175",4205,"40:26","FR_MEHB_91300",14,15,-2,-1,-1,-1,0,0,24,28,"FR_USIHB_94200"
"FR-1-H_29_42_4175",4206,"57:07","FR_MEHB_91300",22,25,-1,-3,-3,-3,0,0,24,28,"FR_USIHB_94200"
"FR-1-H_29_42_4175",4207,"57:30","FR_USIHB_94200",25,22,0,3,3,4,0,1,28,24,"FR_USIHB_94200"
"FR-1-H_29_42_4176",4208,"19:17","FR_USAMNG_30918",7,10,-1,-3,-3,-2,0,1,29,30,"FR_PSGHB_75016"
"FR-1-H_29_42_4176",4209,"29:27","FR_PSGHB_75016",16,12,2,4,4,6,0,2,30,29,"FR_PSGHB_75016"
"FR-1-H_29_42_4176",4210,"46:21","FR_PSGHB_75016",25,21,-1,4,4,4,0,0,30,29,"FR_PSGHB_75016"
"FR-1-H_29_42_4176",4211,"48:28","FR_USAMNG_30918",22,26,-1,-4,-4,-3,0,1,29,30,"FR_PSGHB_75016"
"FR-1-H_29_42_4176",4212,"59:29","FR_PSGHB_75016",30,29,-1,1,1,1,0,0,30,29,"FR_PSGHB_75016"
"FR-1-H_29_42_4177",4213,"21:09","FR_SLHB_45770",8,12,-2,-4,-4,-6,0,-2,29,34,"FR_MHB_34000"
"FR-1-H_29_42_4177",4214,"27:31","FR_MHB_34000",15,11,-2,4,4,3,0,-1,34,29,"FR_MHB_34000"
"FR-1-H_29_42_4177",4215,"49:41","FR_SLHB_45770",22,26,1,-4,-4,-5,0,-1,29,34,"FR_MHB_34000"
"FR-1-H_29_42_4177",4216,"57:21","FR_SLHB_45770",27,33,-1,-6,-6,-5,0,1,29,34,"FR_MHB_34000"
"FR-1-H_29_42_4177",4217,"57:37","FR_MHB_34000",33,28,-1,5,5,5,0,0,34,29,"FR_MHB_34000"
"FR-1-H_29_42_4178",4218,"19:22","FR_SRVHB_83700",8,9,-1,-1,-1,-1,0,0,29,34,"FR_FTHB_31000"
"FR-1-H_29_42_4178",4219,"23:14","FR_FTHB_31000",11,10,-2,1,1,4,0,3,34,29,"FR_FTHB_31000"
"FR-1-H_29_42_4178",4220,"36:26","FR_SRVHB_83700",14,21,-1,-7,-7,-8,0,-1,29,34,"FR_FTHB_31000"
"FR-1-H_29_42_4178",4221,"43:17","FR_FTHB_31000",25,19,-2,6,6,6,0,0,34,29,"FR_FTHB_31000"
"FR-1-H_29_42_4179",4222,"17:51","FR_CRMHB_35510",7,6,-2,1,1,3,0,2,32,29,"FR_CRMHB_35510"
"FR-1-H_29_42_4179",4223,"26:51","FR_TFHB_93290",8,11,-1,-3,-3,-3,0,0,29,32,"FR_CRMHB_35510"
"FR-1-H_29_42_4179",4224,"36:29","FR_TFHB_93290",16,18,1,-2,-2,-3,0,-1,29,32,"FR_CRMHB_35510"
"FR-1-H_29_42_4179",4225,"57:24","FR_CRMHB_35510",30,28,-2,2,2,3,0,1,32,29,"FR_CRMHB_35510"
"FR-1-H_29_43_4180",4226,"18:18","FR_CRMHB_35510",11,6,-1,5,5,7,0,2,28,23,"FR_CRMHB_35510"
"FR-1-H_29_43_4180",4227,"23:35","FR_MEHB_91300",7,14,-1,-7,-7,-3,0,4,23,28,"FR_CRMHB_35510"
"FR-1-H_29_43_4180",4228,"30:00","FR_CRMHB_35510",15,13,-5,2,2,2,0,0,28,23,"FR_CRMHB_35510"
"FR-1-H_29_43_4180",4229,"37:44","FR_CRMHB_35510",17,16,-3,1,1,2,0,1,28,23,"FR_CRMHB_35510"
"FR-1-H_29_43_4180",4230,"48:05","FR_MEHB_91300",18,23,-3,-5,-5,-6,0,-1,23,28,"FR_CRMHB_35510"
"FR-1-H_29_43_4181",4231,"23:20","FR_SLHB_45770",7,10,-1,-3,-3,-3,0,0,22,28,"FR_DHBGL_59140"
"FR-1-H_29_43_4181",4232,"28:20","FR_DHBGL_59140",12,9,-1,3,3,5,0,2,28,22,"FR_DHBGL_59140"
"FR-1-H_29_43_4181",4233,"49:45","FR_SLHB_45770",17,23,1,-6,-6,-7,0,-1,22,28,"FR_DHBGL_59140"
"FR-1-H_29_43_4181",4234,"52:35","FR_SLHB_45770",18,25,-2,-7,-7,-7,0,0,22,28,"FR_DHBGL_59140"
"FR-1-H_29_43_4181",4235,"53:14","FR_DHBGL_59140",25,18,0,7,7,6,0,-1,28,22,"FR_DHBGL_59140"
"FR-1-H_29_43_4181",4236,"57:53","FR_DHBGL_59140",27,21,-1,6,6,6,0,0,28,22,"FR_DHBGL_59140"
"FR-1-H_29_43_4182",4237,"15:02","FR_PSGHB_75016",8,9,-1,-1,-1,-1,0,0,31,24,"FR_PSGHB_75016"
"FR-1-H_29_43_4182",4238,"21:59","FR_PSGHB_75016",12,13,-1,-1,-1,1,0,2,31,24,"FR_PSGHB_75016"
"FR-1-H_29_43_4182",4239,"23:32","FR_USIHB_94200",13,14,-2,-1,-1,-3,0,-2,24,31,"FR_PSGHB_75016"
"FR-1-H_29_43_4182",4240,"43:02","FR_USIHB_94200",19,24,-1,-5,-5,-3,0,2,24,31,"FR_PSGHB_75016"
"FR-1-H_29_43_4182",4241,"48:50","FR_USIHB_94200",22,26,-1,-4,-4,-5,0,-1,24,31,"FR_PSGHB_75016"
"FR-1-H_29_43_4182",4242,"50:09","FR_USIHB_94200",22,27,-1,-5,-5,-4,0,1,24,31,"FR_PSGHB_75016"
"FR-1-H_29_43_4183",4243,"26:17","FR_PAUC_13100",10,10,1,0,0,-1,0,-1,23,22,"FR_PAUC_13100"
"FR-1-H_29_43_4183",4244,"37:27","FR_PAUC_13100",11,15,-3,-4,-4,0,0,4,23,22,"FR_PAUC_13100"
"FR-1-H_29_43_4183",4245,"45:49","FR_MHB_34000",15,17,-3,-2,-2,-2,0,0,22,23,"FR_PAUC_13100"
"FR-1-H_29_43_4183",4246,"51:31","FR_MHB_34000",16,19,-2,-3,-3,-2,0,1,22,23,"FR_PAUC_13100"
"FR-1-H_29_43_4183",4247,"58:32","FR_PAUC_13100",22,22,-3,0,0,1,0,1,23,22,"FR_PAUC_13100"
"FR-1-H_29_43_4184",4248,"20:56","FR_HBCN_44200",9,11,-1,-2,-2,-2,0,0,32,28,"FR_HBCN_44200"
"FR-1-H_29_43_4184",4249,"26:35","FR_FTHB_31000",13,12,-2,1,1,2,0,1,28,32,"FR_HBCN_44200"
"FR-1-H_29_43_4184",4250,"35:38","FR_FTHB_31000",17,19,-4,-2,-2,-3,0,-1,28,32,"FR_HBCN_44200"
"FR-1-H_29_43_4184",4251,"44:14","FR_HBCN_44200",24,22,-2,2,2,1,0,-1,32,28,"FR_HBCN_44200"
"FR-1-H_29_43_4184",4252,"55:35","FR_FTHB_31000",27,30,-3,-3,-3,-4,0,-1,28,32,"FR_HBCN_44200"
"FR-1-H_29_43_4186",4253,"21:53","FR_TFHB_93290",9,11,-2,-2,-2,-3,0,-1,28,32,"FR_SRVHB_83700"
"FR-1-H_29_43_4186",4254,"28:13","FR_SRVHB_83700",15,12,-1,3,3,4,0,1,32,28,"FR_SRVHB_83700"
"FR-1-H_29_43_4186",4255,"29:47","FR_SRVHB_83700",16,12,1,4,4,1,0,-3,32,28,"FR_SRVHB_83700"
"FR-1-H_29_43_4186",4256,"38:33","FR_SRVHB_83700",19,20,-3,-1,-1,2,0,3,32,28,"FR_SRVHB_83700"
"FR-1-H_29_43_4186",4257,"43:29","FR_TFHB_93290",21,23,-2,-2,-2,-1,0,1,28,32,"FR_SRVHB_83700"
"FR-1-H_29_43_4186",4258,"56:37","FR_TFHB_93290",27,30,-2,-3,-3,-3,0,0,28,32,"FR_SRVHB_83700"
"FR-1-H_29_43_4186",4259,"59:23","FR_SRVHB_83700",31,28,-1,3,3,4,0,1,32,28,"FR_SRVHB_83700"
"FR-1-H_29_44_4187",4260,"05:16","FR_PAUC_13100",0,3,-3,-3,-3,-2,0,1,29,30,"FR_FTHB_31000"
"FR-1-H_29_44_4187",4261,"24:25","FR_FTHB_31000",12,8,-2,4,4,1,0,-3,30,29,"FR_FTHB_31000"
"FR-1-H_29_44_4187",4262,"42:15","FR_PAUC_13100",21,24,-2,-3,-3,-3,0,0,29,30,"FR_FTHB_31000"
"FR-1-H_29_44_4187",4263,"59:29","FR_PAUC_13100",28,30,1,-2,-2,-1,0,1,29,30,"FR_FTHB_31000"
"FR-1-H_29_44_4187",4264,"59:48","FR_FTHB_31000",30,29,-1,1,1,1,0,0,30,29,"FR_FTHB_31000"
"FR-1-H_29_44_4188",4265,"13:45","FR_CRMHB_35510",5,7,-1,-2,-2,-2,0,0,24,32,"FR_CSMBHB_73000"
"FR-1-H_29_44_4188",4266,"22:47","FR_CSMBHB_73000",12,11,-2,1,1,2,0,1,32,24,"FR_CSMBHB_73000"
"FR-1-H_29_44_4188",4267,"34:58","FR_CRMHB_35510",16,22,-1,-6,-6,-6,0,0,24,32,"FR_CSMBHB_73000"
"FR-1-H_29_44_4188",4268,"52:26","FR_CSMBHB_73000",29,22,2,7,7,7,0,0,32,24,"FR_CSMBHB_73000"
"FR-1-H_29_44_4189",4269,"21:08","FR_DHBGL_59140",11,12,-1,-1,-1,-1,0,0,27,30,"FR_USAMNG_30918"
"FR-1-H_29_44_4189",4270,"26:13","FR_USAMNG_30918",14,13,-1,1,1,4,0,3,30,27,"FR_USAMNG_30918"
"FR-1-H_29_44_4189",4271,"35:04","FR_DHBGL_59140",17,22,-2,-5,-5,-6,0,-1,27,30,"FR_USAMNG_30918"
"FR-1-H_29_44_4189",4272,"41:13","FR_DHBGL_59140",18,25,-3,-7,-7,-5,0,2,27,30,"FR_USAMNG_30918"
"FR-1-H_29_44_4189",4273,"43:55","FR_USAMNG_30918",25,20,-2,5,5,5,0,0,30,27,"FR_USAMNG_30918"
"FR-1-H_29_44_4189",4274,"58:04","FR_USAMNG_30918",30,26,-2,4,4,3,0,-1,30,27,"FR_USAMNG_30918"
"FR-1-H_29_44_4190",4275,"13:28","FR_SRVHB_83700",5,8,-3,-3,-3,-3,0,0,36,25,"FR_SRVHB_83700"
"FR-1-H_29_44_4190",4276,"20:22","FR_MEHB_91300",12,11,-3,1,1,2,0,1,25,36,"FR_SRVHB_83700"
"FR-1-H_29_44_4190",4277,"42:36","FR_MEHB_91300",19,24,-2,-5,-5,-5,0,0,25,36,"FR_SRVHB_83700"
"FR-1-H_29_44_4190",4278,"47:36","FR_SRVHB_83700",28,23,1,5,5,8,0,3,36,25,"FR_SRVHB_83700"
"FR-1-H_29_44_4191",4279,"22:47","FR_HBCN_44200",10,13,-3,-3,-3,-4,0,-1,29,31,"FR_PSGHB_75016"
"FR-1-H_29_44_4191",4280,"29:25","FR_PSGHB_75016",16,14,-2,2,2,6,0,4,31,29,"FR_PSGHB_75016"
"FR-1-H_29_44_4191",4281,"46:29","FR_PSGHB_75016",26,23,-2,3,3,1,0,-2,31,29,"FR_PSGHB_75016"
"FR-1-H_29_44_4191",4282,"51:39","FR_HBCN_44200",26,27,2,-1,-1,-1,0,0,29,31,"FR_PSGHB_75016"
"FR-1-H_29_44_4191",4283,"57:42","FR_HBCN_44200",29,31,-1,-2,-2,-2,0,0,29,31,"FR_PSGHB_75016"
"FR-1-H_29_44_4191",4284,"59:15","FR_PSGHB_75016",31,29,0,2,2,2,0,0,31,29,"FR_PSGHB_75016"
"FR-1-H_29_44_4192",4285,"16:50","FR_SLHB_45770",6,10,-2,-4,-4,-4,0,0,27,29,"FR_USIHB_94200"
"FR-1-H_29_44_4192",4286,"27:32","FR_USIHB_94200",14,11,-2,3,3,4,0,1,29,27,"FR_USIHB_94200"
"FR-1-H_29_44_4192",4287,"41:46","FR_SLHB_45770",17,21,-2,-4,-4,-3,0,1,27,29,"FR_USIHB_94200"
"FR-1-H_29_44_4192",4288,"51:52","FR_USIHB_94200",26,24,-1,2,2,3,0,1,29,27,"FR_USIHB_94200"
"FR-1-H_29_44_4192",4289,"57:52","FR_USIHB_94200",28,27,-2,1,1,2,0,1,29,27,"FR_USIHB_94200"
"FR-1-H_29_44_4193",4290,"11:43","FR_TFHB_93290",4,8,-3,-4,-4,-7,0,-3,19,29,"FR_MHB_34000"
"FR-1-H_29_44_4193",4291,"29:55","FR_MHB_34000",15,7,3,8,8,6,0,-2,29,19,"FR_MHB_34000"
"FR-1-H_29_44_4193",4292,"47:42","FR_MHB_34000",22,14,-1,8,8,10,0,2,29,19,"FR_MHB_34000"
"FR-1-H_29_44_4193",4293,"51:14","FR_TFHB_93290",15,25,1,-10,-10,-10,0,0,19,29,"FR_MHB_34000"
"FR-1-H_29_45_4194",4294,"25:10","FR_USIHB_94200",9,11,-3,-2,-2,-2,0,0,25,30,"FR_PAUC_13100"
"FR-1-H_29_45_4194",4295,"29:39","FR_PAUC_13100",14,12,-1,2,2,5,0,3,30,25,"FR_PAUC_13100"
"FR-1-H_29_45_4194",4296,"35:59","FR_USIHB_94200",14,20,-3,-6,-6,-7,0,-1,25,30,"FR_PAUC_13100"
"FR-1-H_29_45_4195",4297,"26:06","FR_PSGHB_75016",19,14,-1,5,5,4,0,-1,34,28,"FR_PSGHB_75016"
"FR-1-H_29_45_4196",4298,"20:17","FR_DHBGL_59140",8,9,-1,-1,-1,3,0,4,23,20,"FR_DHBGL_59140"
"FR-1-H_29_45_4196",4299,"25:06","FR_MEHB_91300",9,12,-4,-3,-3,-4,0,-1,20,23,"FR_DHBGL_59140"
"FR-1-H_29_45_4196",4300,"45:40","FR_MEHB_91300",13,20,-2,-7,-7,-5,0,2,20,23,"FR_DHBGL_59140"
"FR-1-H_29_45_4196",4301,"52:16","FR_DHBGL_59140",21,16,-1,5,5,2,0,-3,23,20,"FR_DHBGL_59140"
"FR-1-H_29_45_4196",4302,"55:03","FR_DHBGL_59140",21,19,-3,2,2,3,0,1,23,20,"FR_DHBGL_59140"
"FR-1-H_29_45_4197",4303,"08:42","FR_USAMNG_30918",3,6,-3,-3,-3,-1,0,2,30,33,"FR_MHB_34000"
"FR-1-H_29_45_4197",4304,"25:12","FR_MHB_34000",13,14,1,-1,-1,1,0,2,33,30,"FR_MHB_34000"
"FR-1-H_29_45_4197",4305,"46:28","FR_USAMNG_30918",26,28,-1,-2,-2,-2,0,0,30,33,"FR_MHB_34000"
"FR-1-H_29_45_4197",4306,"54:26","FR_MHB_34000",30,28,-1,2,2,2,0,0,33,30,"FR_MHB_34000"
"FR-1-H_29_45_4197",4307,"59:02","FR_USAMNG_30918",30,32,-1,-2,-2,-3,0,-1,30,33,"FR_MHB_34000"
"FR-1-H_29_45_4198",4308,"05:13","FR_TFHB_93290",2,6,-3,-4,-4,-2,0,2,31,36,"FR_HBCN_44200"
"FR-1-H_29_45_4198",4309,"20:52","FR_HBCN_44200",12,12,-3,0,0,1,0,1,36,31,"FR_HBCN_44200"
"FR-1-H_29_45_4198",4310,"38:55","FR_TFHB_93290",18,24,-3,-6,-6,-8,0,-2,31,36,"FR_HBCN_44200"
"FR-1-H_29_45_4198",4311,"45:38","FR_HBCN_44200",29,23,-3,6,6,7,0,1,36,31,"FR_HBCN_44200"
"FR-1-H_29_45_4198",4312,"54:09","FR_HBCN_44200",34,28,-1,6,6,6,0,0,36,31,"FR_HBCN_44200"
"FR-1-H_29_45_4199",4313,"03:00","FR_SLHB_45770",0,4,-4,-4,-4,-1,0,3,27,27,"Egalité"
"FR-1-H_29_45_4199",4314,"24:41","FR_SRVHB_83700",14,9,3,5,5,3,0,-2,27,27,"Egalité"
"FR-1-H_29_45_4199",4315,"49:15","FR_SLHB_45770",18,24,-2,-6,-6,-4,0,2,27,27,"Egalité"
"FR-1-H_29_45_4199",4316,"53:36","FR_SRVHB_83700",26,22,-1,4,4,1,0,-3,27,27,"Egalité"
"FR-1-H_29_45_4199",4317,"58:48","FR_SRVHB_83700",27,26,-1,1,1,1,0,0,27,27,"Egalité"
"FR-1-H_29_45_4199",4318,"59:34","FR_SLHB_45770",26,27,0,-1,-1,0,0,1,27,27,"Egalité"
"FR-1-H_29_45_4200",4319,"19:28","FR_CSMBHB_73000",12,10,-1,2,2,3,0,1,33,32,"FR_CSMBHB_73000"
"FR-1-H_29_45_4200",4320,"32:56","FR_FTHB_31000",14,18,-2,-4,-4,-3,0,1,32,33,"FR_CSMBHB_73000"
"FR-1-H_29_45_4200",4321,"45:51","FR_CSMBHB_73000",24,22,-2,2,2,2,0,0,33,32,"FR_CSMBHB_73000"
"FR-1-H_29_45_4200",4322,"58:04","FR_FTHB_31000",29,32,-1,-3,-3,-1,0,2,32,33,"FR_CSMBHB_73000"
"FR-1-H_29_45_4200",4323,"59:44","FR_CSMBHB_73000",33,32,-2,1,1,1,0,0,33,32,"FR_CSMBHB_73000"
"FR-1-H_29_46_4201",4324,"15:07","FR_PAUC_13100",4,8,-4,-4,-4,-5,0,-1,30,29,"FR_PAUC_13100"
"FR-1-H_29_46_4201",4325,"20:42","FR_CSMBHB_73000",11,7,-1,4,4,4,0,0,29,30,"FR_PAUC_13100"
"FR-1-H_29_46_4201",4326,"47:24","FR_CSMBHB_73000",22,21,-1,1,1,0,0,-1,29,30,"FR_PAUC_13100"
"FR-1-H_29_46_4201",4327,"55:08","FR_PAUC_13100",27,26,2,1,1,1,0,0,30,29,"FR_PAUC_13100"
"FR-1-H_29_46_4201",4328,"59:35","FR_PAUC_13100",30,29,-1,1,1,1,0,0,30,29,"FR_PAUC_13100"
"FR-1-H_29_46_4202",4329,"26:12","FR_SRVHB_83700",11,12,-1,-1,-1,-2,0,-1,26,30,"FR_DHBGL_59140"
"FR-1-H_29_46_4202",4330,"28:49","FR_DHBGL_59140",14,12,2,2,2,1,0,-1,30,26,"FR_DHBGL_59140"
"FR-1-H_29_46_4202",4331,"37:09","FR_SRVHB_83700",16,20,-3,-4,-4,-3,0,1,26,30,"FR_DHBGL_59140"
"FR-1-H_29_46_4202",4332,"49:10","FR_DHBGL_59140",24,20,-1,4,4,5,0,1,30,26,"FR_DHBGL_59140"
"FR-1-H_29_46_4202",4333,"57:43","FR_DHBGL_59140",28,24,-2,4,4,4,0,0,30,26,"FR_DHBGL_59140"
"FR-1-H_29_46_4203",4334,"21:52","FR_USIHB_94200",9,12,-2,-3,-3,-5,0,-2,24,29,"FR_TFHB_93290"
"FR-1-H_29_46_4203",4335,"29:12","FR_TFHB_93290",16,13,-2,3,3,5,0,2,29,24,"FR_TFHB_93290"
"FR-1-H_29_46_4203",4336,"35:17","FR_USIHB_94200",13,19,-3,-6,-6,-7,0,-1,24,29,"FR_TFHB_93290"
"FR-1-H_29_46_4203",4337,"44:24","FR_TFHB_93290",23,18,-1,5,5,7,0,2,29,24,"FR_TFHB_93290"
"FR-1-H_29_46_4203",4338,"53:47","FR_USIHB_94200",18,27,-2,-9,-9,-6,0,3,24,29,"FR_TFHB_93290"
"FR-1-H_29_46_4204",4339,"13:03","FR_CRMHB_35510",10,8,1,2,2,0,0,-2,27,33,"FR_MHB_34000"
"FR-1-H_29_46_4204",4340,"26:51","FR_MHB_34000",14,15,-2,-1,-1,0,0,1,33,27,"FR_MHB_34000"
"FR-1-H_29_46_4204",4341,"36:00","FR_CRMHB_35510",18,20,-3,-2,-2,-3,0,-1,27,33,"FR_MHB_34000"
"FR-1-H_29_46_4204",4342,"56:30","FR_MHB_34000",32,26,-1,6,6,6,0,0,33,27,"FR_MHB_34000"
"FR-1-H_29_46_4205",4343,"16:28","FR_USAMNG_30918",6,7,-2,-1,-1,-3,0,-2,29,29,"Egalité"
"FR-1-H_29_46_4205",4344,"25:27","FR_HBCN_44200",12,12,-1,0,0,1,0,1,29,29,"Egalité"
"FR-1-H_29_46_4205",4345,"45:55","FR_HBCN_44200",22,23,-2,-1,-1,-3,0,-2,29,29,"Egalité"
"FR-1-H_29_46_4205",4346,"53:13","FR_USAMNG_30918",27,26,-2,1,1,1,0,0,29,29,"Egalité"
"FR-1-H_29_46_4205",4347,"57:41","FR_HBCN_44200",28,29,-2,-1,-1,0,0,1,29,29,"Egalité"
"FR-1-H_29_46_4205",4348,"59:01","FR_USAMNG_30918",29,29,-1,0,0,0,0,0,29,29,"Egalité"
"FR-1-H_29_46_4206",4349,"06:27","FR_FTHB_31000",1,4,-3,-3,-3,-5,0,-2,30,38,"FR_PSGHB_75016"
"FR-1-H_29_46_4206",4350,"18:10","FR_PSGHB_75016",11,6,-2,5,5,5,0,0,38,30,"FR_PSGHB_75016"
"FR-1-H_29_46_4207",4351,"13:41","FR_MEHB_91300",5,9,-3,-4,-4,-4,0,0,27,32,"FR_SLHB_45770"
"FR-1-H_29_46_4207",4352,"43:17","FR_SLHB_45770",19,18,-3,1,1,1,0,0,32,27,"FR_SLHB_45770"
"FR-1-H_29_46_4207",4353,"52:02","FR_MEHB_91300",23,25,-2,-2,-2,-5,0,-3,27,32,"FR_SLHB_45770"
"FR-1-H_29_46_4207",4354,"56:10","FR_MEHB_91300",24,29,-2,-5,-5,-5,0,0,27,32,"FR_SLHB_45770"
"FR-1-H_29_47_4208",4355,"16:32","FR_PAUC_13100",9,5,2,4,4,8,0,4,36,29,"FR_PAUC_13100"
"FR-1-H_29_47_4208",4356,"35:48","FR_SLHB_45770",11,24,-3,-13,-13,-13,0,0,29,36,"FR_PAUC_13100"
"FR-1-H_29_47_4208",4357,"45:37","FR_PAUC_13100",29,20,-3,9,9,6,0,-3,36,29,"FR_PAUC_13100"
"FR-1-H_29_47_4209",4358,"14:29","FR_CRMHB_35510",5,7,-1,-2,-2,-4,0,-2,21,25,"FR_DHBGL_59140"
"FR-1-H_29_47_4209",4359,"24:55","FR_DHBGL_59140",11,7,-2,4,4,7,0,3,25,21,"FR_DHBGL_59140"
"FR-1-H_29_47_4209",4360,"42:28","FR_DHBGL_59140",17,13,-3,4,4,4,0,0,25,21,"FR_DHBGL_59140"
"FR-1-H_29_47_4209",4361,"52:40","FR_CRMHB_35510",18,22,-1,-4,-4,-4,0,0,21,25,"FR_DHBGL_59140"
"FR-1-H_29_47_4210",4362,"21:36","FR_MEHB_91300",8,8,1,0,0,0,0,0,24,27,"FR_PSGHB_75016"
"FR-1-H_29_47_4210",4363,"48:45","FR_PSGHB_75016",20,21,1,-1,-1,2,0,3,27,24,"FR_PSGHB_75016"
"FR-1-H_29_47_4210",4364,"51:40","FR_MEHB_91300",21,23,-3,-2,-2,-1,0,1,24,27,"FR_PSGHB_75016"
"FR-1-H_29_47_4210",4365,"58:48","FR_PSGHB_75016",26,24,1,2,2,3,0,1,27,24,"FR_PSGHB_75016"
"FR-1-H_29_47_4211",4366,"14:28","FR_USIHB_94200",6,8,-3,-2,-2,-6,0,-4,22,31,"FR_HBCN_44200"
"FR-1-H_29_47_4211",4367,"26:47","FR_HBCN_44200",17,8,-1,9,9,9,0,0,31,22,"FR_HBCN_44200"
"FR-1-H_29_47_4211",4368,"37:23","FR_HBCN_44200",21,16,-1,5,5,6,0,1,31,22,"FR_HBCN_44200"
"FR-1-H_29_47_4212",4369,"15:08","FR_CSMBHB_73000",6,7,-1,-1,-1,-3,0,-2,24,30,"FR_SRVHB_83700"
"FR-1-H_29_47_4212",4370,"21:30","FR_SRVHB_83700",11,8,-1,3,3,4,0,1,30,24,"FR_SRVHB_83700"
"FR-1-H_29_47_4212",4371,"45:32","FR_CSMBHB_73000",18,21,-1,-3,-3,-6,0,-3,24,30,"FR_SRVHB_83700"
"FR-1-H_29_47_4212",4372,"50:54","FR_SRVHB_83700",26,21,-1,5,5,6,0,1,30,24,"FR_SRVHB_83700"
"FR-1-H_29_47_4212",4373,"53:07","FR_CSMBHB_73000",21,27,-1,-6,-6,-5,0,1,24,30,"FR_SRVHB_83700"
"FR-1-H_29_47_4213",4374,"14:22","FR_FTHB_31000",6,9,-4,-3,-3,-4,0,-1,26,34,"FR_MHB_34000"
"FR-1-H_29_47_4213",4375,"27:27","FR_MHB_34000",18,10,-1,8,8,10,0,2,34,26,"FR_MHB_34000"
"FR-1-H_29_47_4213",4376,"43:09","FR_MHB_34000",25,18,-4,7,7,6,0,-1,34,26,"FR_MHB_34000"
"FR-1-H_29_47_4213",4377,"56:08","FR_MHB_34000",33,25,3,8,8,8,0,0,34,26,"FR_MHB_34000"
"FR-1-H_29_47_4214",4378,"13:46","FR_USAMNG_30918",5,9,-2,-4,-4,-4,0,0,35,39,"FR_TFHB_93290"
"FR-1-H_29_47_4214",4379,"21:16","FR_TFHB_93290",13,11,-2,2,2,3,0,1,39,35,"FR_TFHB_93290"
"FR-1-H_29_47_4214",4380,"41:55","FR_TFHB_93290",27,25,-2,2,2,3,0,1,39,35,"FR_TFHB_93290"
"FR-1-H_29_47_4214",4381,"53:26","FR_USAMNG_30918",32,34,1,-2,-2,-3,0,-1,35,39,"FR_TFHB_93290"
"FR-1-H_29_47_4214",4382,"57:10","FR_USAMNG_30918",34,37,-2,-3,-3,-3,0,0,35,39,"FR_TFHB_93290"
"FR-1-H_29_47_4214",4383,"58:33","FR_TFHB_93290",38,35,1,3,3,4,0,1,39,35,"FR_TFHB_93290"
"FR-1-H_29_48_4215",4384,"24:53","FR_MEHB_91300",12,14,-2,-2,-2,-2,0,0,24,27,"FR_CSMBHB_73000"
"FR-1-H_29_48_4215",4385,"29:39","FR_CSMBHB_73000",15,13,-1,2,2,4,0,2,27,24,"FR_CSMBHB_73000"
"FR-1-H_29_48_4215",4386,"41:09","FR_CSMBHB_73000",19,14,1,5,5,6,0,1,27,24,"FR_CSMBHB_73000"
"FR-1-H_29_48_4215",4387,"53:36","FR_MEHB_91300",18,23,1,-5,-5,-3,0,2,24,27,"FR_CSMBHB_73000"
"FR-1-H_29_48_4215",4388,"58:12","FR_MEHB_91300",22,25,-1,-3,-3,-2,0,1,24,27,"FR_CSMBHB_73000"
"FR-1-H_29_48_4215",4389,"59:19","FR_CSMBHB_73000",26,24,-1,2,2,3,0,1,27,24,"FR_CSMBHB_73000"
"FR-1-H_29_48_4216",4390,"08:11","FR_TFHB_93290",1,5,-3,-4,-4,-3,0,1,32,37,"FR_DHBGL_59140"
"FR-1-H_29_48_4216",4391,"28:03","FR_DHBGL_59140",17,13,1,4,4,3,0,-1,37,32,"FR_DHBGL_59140"
"FR-1-H_29_48_4216",4392,"41:24","FR_DHBGL_59140",22,21,-1,1,1,3,0,2,37,32,"FR_DHBGL_59140"
"FR-1-H_29_48_4216",4393,"50:23","FR_TFHB_93290",26,30,-2,-4,-4,-5,0,-1,32,37,"FR_DHBGL_59140"
"FR-1-H_29_48_4217",4394,"16:35","FR_SRVHB_83700",8,11,-2,-3,-3,0,0,3,31,25,"FR_SRVHB_83700"
"FR-1-H_29_48_4217",4395,"19:44","FR_USIHB_94200",11,11,-3,0,0,0,0,0,25,31,"FR_SRVHB_83700"
"FR-1-H_29_48_4217",4396,"49:39","FR_SRVHB_83700",23,21,-1,2,2,4,0,2,31,25,"FR_SRVHB_83700"
"FR-1-H_29_48_4217",4397,"53:30","FR_USIHB_94200",22,26,-2,-4,-4,-5,0,-1,25,31,"FR_SRVHB_83700"
"FR-1-H_29_48_4218",4398,"20:42","FR_HBCN_44200",9,13,-2,-4,-4,-3,0,1,28,33,"FR_MHB_34000"
"FR-1-H_29_48_4218",4399,"24:45","FR_MHB_34000",15,12,-2,3,3,2,0,-1,33,28,"FR_MHB_34000"
"FR-1-H_29_48_4218",4400,"35:15","FR_HBCN_44200",16,17,-1,-1,-1,1,0,2,28,33,"FR_MHB_34000"
"FR-1-H_29_48_4218",4401,"47:06","FR_HBCN_44200",21,24,-4,-3,-3,-4,0,-1,28,33,"FR_MHB_34000"
"FR-1-H_29_48_4218",4402,"54:00","FR_MHB_34000",29,25,1,4,4,5,0,1,33,28,"FR_MHB_34000"
"FR-1-H_29_48_4219",4403,"14:20","FR_FTHB_31000",5,8,-3,-3,-3,-2,0,1,35,33,"FR_FTHB_31000"
"FR-1-H_29_48_4219",4404,"24:02","FR_USAMNG_30918",14,12,-1,2,2,2,0,0,33,35,"FR_FTHB_31000"
"FR-1-H_29_48_4219",4405,"47:55","FR_FTHB_31000",24,29,-4,-5,-5,-2,0,3,35,33,"FR_FTHB_31000"
"FR-1-H_29_48_4219",4406,"50:51","FR_USAMNG_30918",30,28,-2,2,2,1,0,-1,33,35,"FR_FTHB_31000"
"FR-1-H_29_48_4219",4407,"57:06","FR_USAMNG_30918",32,32,-3,0,0,-1,0,-1,33,35,"FR_FTHB_31000"
"FR-1-H_29_48_4219",4408,"59:16","FR_FTHB_31000",34,33,-1,1,1,2,0,1,35,33,"FR_FTHB_31000"
"FR-1-H_29_48_4220",4409,"18:12","FR_PSGHB_75016",7,8,1,-1,-1,-1,0,0,33,22,"FR_PSGHB_75016"
"FR-1-H_29_48_4220",4410,"27:58","FR_PAUC_13100",12,13,-2,-1,-1,-2,0,-1,22,33,"FR_PSGHB_75016"
"FR-1-H_29_48_4220",4411,"41:44","FR_PAUC_13100",18,22,-3,-4,-4,-6,0,-2,22,33,"FR_PSGHB_75016"
"FR-1-H_29_48_4221",4412,"13:41","FR_CRMHB_35510",5,5,0,0,0,0,0,0,29,29,"Egalité"
"FR-1-H_29_48_4221",4413,"25:41","FR_SLHB_45770",11,10,-1,1,1,1,0,0,29,29,"Egalité"
"FR-1-H_29_48_4221",4414,"35:40","FR_CRMHB_35510",15,18,-3,-3,-3,-2,0,1,29,29,"Egalité"
"FR-1-H_29_48_4221",4415,"52:56","FR_SLHB_45770",25,25,-2,0,0,0,0,0,29,29,"Egalité"
"FR-1-H_29_48_4221",4416,"58:40","FR_CRMHB_35510",28,29,-1,-1,-1,0,0,1,29,29,"Egalité"
"FR-1-H_29_48_4221",4417,"59:34","FR_SLHB_45770",29,29,-1,0,0,0,0,0,29,29,"Egalité"
"FR-1-H_29_49_4222",4418,"13:49","FR_CSMBHB_73000",6,9,-1,-3,-3,-4,0,-1,25,29,"FR_HBCN_44200"
"FR-1-H_29_49_4222",4419,"26:17","FR_HBCN_44200",14,9,2,5,5,6,0,1,29,25,"FR_HBCN_44200"
"FR-1-H_29_49_4222",4420,"43:33","FR_HBCN_44200",21,17,-3,4,4,5,0,1,29,25,"FR_HBCN_44200"
"FR-1-H_29_49_4222",4421,"48:59","FR_CSMBHB_73000",19,24,-2,-5,-5,-4,0,1,25,29,"FR_HBCN_44200"
"FR-1-H_29_49_4222",4422,"55:22","FR_HBCN_44200",26,23,-2,3,3,4,0,1,29,25,"FR_HBCN_44200"
"FR-1-H_29_49_4222",4423,"59:41","FR_CSMBHB_73000",25,29,-1,-4,-4,-4,0,0,25,29,"FR_HBCN_44200"
"FR-1-H_29_49_4223",4424,"20:29","FR_DHBGL_59140",8,9,-1,-1,-1,0,0,1,25,22,"FR_DHBGL_59140"
"FR-1-H_29_49_4223",4425,"29:31","FR_USIHB_94200",11,11,-1,0,0,0,0,0,22,25,"FR_DHBGL_59140"
"FR-1-H_29_49_4223",4426,"38:09","FR_USIHB_94200",14,17,-3,-3,-3,-4,0,-1,22,25,"FR_DHBGL_59140"
"FR-1-H_29_49_4223",4427,"52:58","FR_DHBGL_59140",22,19,-2,3,3,3,0,0,25,22,"FR_DHBGL_59140"
"FR-1-H_29_49_4223",4428,"59:45","FR_DHBGL_59140",25,22,1,3,3,3,0,0,25,22,"FR_DHBGL_59140"
"FR-1-H_29_49_4224",4429,"07:04","FR_PAUC_13100",3,6,-3,-3,-3,1,0,4,36,30,"FR_PAUC_13100"
"FR-1-H_29_49_4224",4430,"12:04","FR_MEHB_91300",6,7,-4,-1,-1,2,0,3,30,36,"FR_PAUC_13100"
"FR-1-H_29_49_4224",4431,"43:29","FR_MEHB_91300",23,29,-1,-6,-6,-6,0,0,30,36,"FR_PAUC_13100"
"FR-1-H_29_49_4225",4432,"06:50","FR_CRMHB_35510",1,4,-3,-3,-3,-2,0,1,18,29,"FR_USAMNG_30918"
"FR-1-H_29_49_4225",4433,"15:06","FR_USAMNG_30918",4,4,-2,0,0,2,0,2,29,18,"FR_USAMNG_30918"
"FR-1-H_29_49_4225",4434,"42:03","FR_CRMHB_35510",11,19,-2,-8,-8,-9,0,-1,18,29,"FR_USAMNG_30918"
"FR-1-H_29_49_4225",4435,"58:29","FR_USAMNG_30918",28,18,-1,10,10,11,0,1,29,18,"FR_USAMNG_30918"
"FR-1-H_29_49_4226",4436,"20:46","FR_SRVHB_83700",8,9,-1,-1,-1,0,0,1,26,25,"FR_SRVHB_83700"
"FR-1-H_29_49_4226",4437,"27:45","FR_MHB_34000",11,11,-1,0,0,1,0,1,25,26,"FR_SRVHB_83700"
"FR-1-H_29_49_4226",4438,"43:28","FR_SRVHB_83700",18,20,-2,-2,-2,-1,0,1,26,25,"FR_SRVHB_83700"
"FR-1-H_29_49_4226",4439,"58:45","FR_SRVHB_83700",25,25,-1,0,0,1,0,1,26,25,"FR_SRVHB_83700"
"FR-1-H_29_49_4226",4440,"59:29","FR_MHB_34000",25,26,-1,-1,-1,-1,0,0,25,26,"FR_SRVHB_83700"
"FR-1-H_29_49_4227",4441,"26:07","FR_FTHB_31000",13,14,-4,-1,-1,-1,0,0,37,35,"FR_FTHB_31000"
"FR-1-H_29_49_4227",4442,"27:41","FR_SLHB_45770",15,14,1,1,1,2,0,1,35,37,"FR_FTHB_31000"
"FR-1-H_29_49_4227",4443,"50:28","FR_FTHB_31000",32,28,-1,4,4,2,0,-2,37,35,"FR_FTHB_31000"
"FR-1-H_29_49_4227",4444,"59:05","FR_FTHB_31000",36,35,-1,1,1,2,0,1,37,35,"FR_FTHB_31000"
"FR-1-H_29_49_4228",4445,"34:57","FR_TFHB_93290",13,15,-2,-2,-2,-2,0,0,26,30,"FR_PSGHB_75016"
"FR-1-H_29_50_4229",4446,"20:59","FR_SRVHB_83700",8,10,-2,-2,-2,-3,0,-1,29,29,"Egalité"
"FR-1-H_29_50_4229",4447,"29:22","FR_PAUC_13100",15,12,-1,3,3,3,0,0,29,29,"Egalité"
"FR-1-H_29_50_4229",4448,"35:45","FR_SRVHB_83700",14,19,-2,-5,-5,-2,0,3,29,29,"Egalité"
"FR-1-H_29_50_4229",4449,"41:44","FR_PAUC_13100",21,20,-3,1,1,2,0,1,29,29,"Egalité"
"FR-1-H_29_50_4229",4450,"58:57","FR_SRVHB_83700",28,28,-1,0,0,1,0,1,29,29,"Egalité"
"FR-1-H_29_50_4229",4451,"59:52","FR_PAUC_13100",28,29,-1,-1,-1,0,0,1,29,29,"Egalité"
"FR-1-H_29_50_4230",4452,"08:45","FR_CRMHB_35510",4,8,-1,-4,-4,-8,0,-4,28,32,"FR_FTHB_31000"
"FR-1-H_29_50_4230",4453,"16:58","FR_FTHB_31000",13,8,-3,5,5,4,0,-1,32,28,"FR_FTHB_31000"
"FR-1-H_29_50_4230",4454,"38:14","FR_CRMHB_35510",17,20,-5,-3,-3,-1,0,2,28,32,"FR_FTHB_31000"
"FR-1-H_29_50_4231",4455,"21:19","FR_USAMNG_30918",9,12,-2,-3,-3,-2,0,1,26,29,"FR_USIHB_94200"
"FR-1-H_29_50_4231",4456,"29:34","FR_USIHB_94200",18,15,1,3,3,2,0,-1,29,26,"FR_USIHB_94200"
"FR-1-H_29_50_4231",4457,"43:46","FR_USAMNG_30918",20,25,-3,-5,-5,-4,0,1,26,29,"FR_USIHB_94200"
"FR-1-H_29_50_4231",4458,"50:21","FR_USIHB_94200",26,23,-3,3,3,4,0,1,29,26,"FR_USIHB_94200"
"FR-1-H_29_50_4231",4459,"58:40","FR_USIHB_94200",29,25,-1,4,4,3,0,-1,29,26,"FR_USIHB_94200"
"FR-1-H_29_50_4232",4460,"23:55","FR_DHBGL_59140",13,12,-1,1,1,0,0,-1,25,33,"FR_MHB_34000"
"FR-1-H_29_50_4232",4461,"29:24","FR_MHB_34000",15,15,-1,0,0,1,0,1,33,25,"FR_MHB_34000"
"FR-1-H_29_50_4232",4462,"36:13","FR_DHBGL_59140",17,19,-3,-2,-2,-4,0,-2,25,33,"FR_MHB_34000"
"FR-1-H_29_50_4232",4463,"41:50","FR_DHBGL_59140",18,23,-4,-5,-5,-6,0,-1,25,33,"FR_MHB_34000"
"FR-1-H_29_50_4232",4464,"59:08","FR_MHB_34000",33,25,-1,8,8,8,0,0,33,25,"FR_MHB_34000"
"FR-1-H_29_50_4233",4465,"06:08","FR_MEHB_91300",2,6,-4,-4,-4,-4,0,0,35,41,"FR_HBCN_44200"
"FR-1-H_29_50_4233",4466,"14:58","FR_HBCN_44200",14,11,-3,3,3,4,0,1,41,35,"FR_HBCN_44200"
"FR-1-H_29_50_4233",4467,"42:29","FR_MEHB_91300",25,28,-3,-3,-3,-3,0,0,35,41,"FR_HBCN_44200"
"FR-1-H_29_50_4233",4468,"51:01","FR_HBCN_44200",33,31,-2,2,2,2,0,0,41,35,"FR_HBCN_44200"
"FR-1-H_29_50_4233",4469,"57:14","FR_HBCN_44200",38,35,1,3,3,6,0,3,41,35,"FR_HBCN_44200"
"FR-1-H_29_50_4234",4470,"11:38","FR_CSMBHB_73000",7,7,2,0,0,0,0,0,26,30,"FR_PSGHB_75016"
"FR-1-H_29_50_4234",4471,"15:21","FR_PSGHB_75016",9,9,-2,0,0,1,0,1,30,26,"FR_PSGHB_75016"
"FR-1-H_29_50_4234",4472,"54:02","FR_CSMBHB_73000",24,29,-1,-5,-5,-5,0,0,26,30,"FR_PSGHB_75016"
"FR-1-H_29_50_4234",4473,"55:25","FR_PSGHB_75016",29,24,0,5,5,5,0,0,30,26,"FR_PSGHB_75016"
"FR-1-H_29_50_4234",4474,"56:04","FR_PSGHB_75016",29,24,0,5,5,4,0,-1,30,26,"FR_PSGHB_75016"
"FR-1-H_29_50_4235",4475,"16:14","FR_TFHB_93290",10,12,-2,-2,-2,1,0,3,37,39,"FR_SLHB_45770"
"FR-1-H_29_50_4235",4476,"23:46","FR_SLHB_45770",14,16,-2,-2,-2,-3,0,-1,39,37,"FR_SLHB_45770"
"FR-1-H_29_50_4235",4477,"46:19","FR_TFHB_93290",28,30,-2,-2,-2,-2,0,0,37,39,"FR_SLHB_45770"
"FR-1-H_29_50_4235",4478,"52:44","FR_TFHB_93290",31,34,-2,-3,-3,-3,0,0,37,39,"FR_SLHB_45770"
"FR-1-H_30_25_4726",4479,"28:03","FR_PAUC_13100",11,12,-2,-1,-1,-4,0,-3,23,26,"FR_MHB_34000"
"FR-1-H_30_25_4726",4480,"50:54","FR_PAUC_13100",19,24,-2,-5,-5,-5,0,0,23,26,"FR_MHB_34000"
"FR-1-H_30_25_4726",4481,"54:23","FR_MHB_34000",25,20,1,5,5,3,0,-2,26,23,"FR_MHB_34000"
"FR-1-H_30_25_4729",4482,"15:34","FR_SRVHB_83700",8,5,1,3,3,1,0,-2,25,26,"FR_USAMNG_30918"
"FR-1-H_30_25_4729",4483,"20:08","FR_USAMNG_30918",8,9,2,-1,-1,3,0,4,26,25,"FR_USAMNG_30918"
"FR-1-H_30_25_4729",4484,"24:45","FR_SRVHB_83700",10,13,-5,-3,-3,-3,0,0,25,26,"FR_USAMNG_30918"
"FR-1-H_30_25_4729",4485,"38:47","FR_USAMNG_30918",17,18,-2,-1,-1,-2,0,-1,26,25,"FR_USAMNG_30918"
"FR-1-H_30_25_4729",4486,"44:47","FR_USAMNG_30918",17,20,-2,-3,-3,-1,0,2,26,25,"FR_USAMNG_30918"
"FR-1-H_30_25_4729",4487,"59:05","FR_SRVHB_83700",24,26,-4,-2,-2,-1,0,1,25,26,"FR_USAMNG_30918"
"FR-1-H_30_25_4961",4488,"13:03","FR_CRMHB_35510",7,9,-2,-2,-2,-3,0,-1,26,30,"FR_TFHB_93290"
"FR-1-H_30_25_4961",4489,"19:21","FR_TFHB_93290",11,9,-2,2,2,2,0,0,30,26,"FR_TFHB_93290"
"FR-1-H_30_25_4961",4490,"42:25","FR_CRMHB_35510",17,23,-3,-6,-6,-4,0,2,26,30,"FR_TFHB_93290"
"FR-1-H_30_25_4961",4491,"48:46","FR_TFHB_93290",23,21,-2,2,2,3,0,1,30,26,"FR_TFHB_93290"
"FR-1-H_30_25_4961",4492,"55:26","FR_CRMHB_35510",23,26,1,-3,-3,-2,0,1,26,30,"FR_TFHB_93290"
"FR-1-H_30_25_4961",4493,"58:59","FR_TFHB_93290",28,26,-2,2,2,4,0,2,30,26,"FR_TFHB_93290"
"FR-1-H_30_25_4962",4494,"11:22","FR_IPHB_13806",4,7,-3,-3,-3,-3,0,0,23,23,"Egalité"
"FR-1-H_30_25_4962",4495,"22:53","FR_DHBGL_59140",9,8,-3,1,1,0,0,-1,23,23,"Egalité"
"FR-1-H_30_25_4962",4496,"43:30","FR_IPHB_13806",14,15,-1,-1,-1,1,0,2,23,23,"Egalité"
"FR-1-H_30_25_4962",4497,"46:36","FR_DHBGL_59140",15,16,-2,-1,-1,1,0,2,23,23,"Egalité"
"FR-1-H_30_25_4962",4498,"54:04","FR_DHBGL_59140",19,20,-3,-1,-1,1,0,2,23,23,"Egalité"
"FR-1-H_30_25_4962",4499,"59:15","FR_IPHB_13806",22,23,-1,-1,-1,0,0,1,23,23,"Egalité"
"FR-1-H_30_25_4963",4500,"16:17","FR_CSMBHB_73000",6,8,-2,-2,-2,1,0,3,30,28,"FR_CSMBHB_73000"
"FR-1-H_30_25_4963",4501,"19:18","FR_FTHB_31000",8,9,-3,-1,-1,-1,0,0,28,30,"FR_CSMBHB_73000"
"FR-1-H_30_25_4963",4502,"41:14","FR_CSMBHB_73000",21,20,-2,1,1,1,0,0,30,28,"FR_CSMBHB_73000"
"FR-1-H_30_25_4963",4503,"50:57","FR_FTHB_31000",25,26,-2,-1,-1,-1,0,0,28,30,"FR_CSMBHB_73000"
"FR-1-H_30_25_4963",4504,"58:52","FR_CSMBHB_73000",29,28,1,1,1,2,0,1,30,28,"FR_CSMBHB_73000"
"FR-1-H_30_25_4963",4505,"59:36","FR_FTHB_31000",28,30,-1,-2,-2,-2,0,0,28,30,"FR_CSMBHB_73000"
"FR-1-H_30_25_4965",4506,"14:02","FR_USIHB_94200",4,9,-2,-5,-5,-7,0,-2,21,38,"FR_PSGHB_75016"
"FR-1-H_30_25_4965",4507,"41:20","FR_USIHB_94200",13,25,-4,-12,-12,-12,0,0,21,38,"FR_PSGHB_75016"
"FR-1-H_30_25_4967",4508,"09:41","FR_PCHB_77340",2,8,-3,-6,-6,-5,0,1,22,32,"FR_HBCN_44200"
"FR-1-H_30_25_4967",4509,"26:33","FR_HBCN_44200",18,10,-1,8,8,9,0,1,32,22,"FR_HBCN_44200"
"FR-1-H_30_25_4967",4510,"50:15","FR_HBCN_44200",29,19,-3,10,10,10,0,0,32,22,"FR_HBCN_44200"
"FR-1-H_30_25_4967",4511,"53:15","FR_PCHB_77340",20,30,-1,-10,-10,-10,0,0,22,32,"FR_HBCN_44200"
"FR-1-H_30_26_4731",4512,"16:42","FR_SRVHB_83700",9,9,-1,0,0,-1,0,-1,29,31,"FR_PAUC_13100"
"FR-1-H_30_26_4731",4513,"25:14","FR_PAUC_13100",13,12,-1,1,1,1,0,0,31,29,"FR_PAUC_13100"
"FR-1-H_30_26_4731",4514,"52:17","FR_PAUC_13100",27,26,-2,1,1,3,0,2,31,29,"FR_PAUC_13100"
"FR-1-H_30_26_4731",4515,"54:17","FR_SRVHB_83700",26,29,-2,-3,-3,-2,0,1,29,31,"FR_PAUC_13100"
"FR-1-H_30_26_4732",4516,"15:57","FR_IPHB_13806",4,7,-3,-3,-3,-4,0,-1,24,31,"FR_PSGHB_75016"
"FR-1-H_30_26_4732",4517,"38:55","FR_PSGHB_75016",19,14,1,5,5,3,0,-2,31,24,"FR_PSGHB_75016"
"FR-1-H_30_26_4732",4518,"43:33","FR_PSGHB_75016",21,18,-3,3,3,6,0,3,31,24,"FR_PSGHB_75016"
"FR-1-H_30_26_4732",4519,"45:51","FR_IPHB_13806",18,24,-3,-6,-6,-7,0,-1,24,31,"FR_PSGHB_75016"
"FR-1-H_30_26_4733",4520,"17:06","FR_PCHB_77340",7,6,-2,1,1,0,0,-1,22,29,"FR_USIHB_94200"
"FR-1-H_30_26_4733",4521,"26:43","FR_USIHB_94200",10,10,-1,0,0,2,0,2,29,22,"FR_USIHB_94200"
"FR-1-H_30_26_4733",4522,"53:05","FR_USIHB_94200",23,18,1,5,5,6,0,1,29,22,"FR_USIHB_94200"
"FR-1-H_30_26_4733",4523,"53:25","FR_PCHB_77340",18,24,-1,-6,-6,-7,0,-1,22,29,"FR_USIHB_94200"
"FR-1-H_30_26_4734",4524,"18:51","FR_HBCN_44200",5,8,-3,-3,-3,-1,0,2,20,19,"FR_HBCN_44200"
"FR-1-H_30_26_4734",4525,"20:28","FR_DHBGL_59140",8,7,-2,1,1,2,0,1,19,20,"FR_HBCN_44200"
"FR-1-H_30_26_4734",4526,"45:03","FR_HBCN_44200",14,15,-1,-1,-1,1,0,2,20,19,"FR_HBCN_44200"
"FR-1-H_30_26_4734",4527,"49:30","FR_DHBGL_59140",15,16,-2,-1,-1,-3,0,-2,19,20,"FR_HBCN_44200"
"FR-1-H_30_26_4734",4528,"52:22","FR_DHBGL_59140",15,18,-2,-3,-3,-2,0,1,19,20,"FR_HBCN_44200"
"FR-1-H_30_26_4735",4529,"12:45","FR_CRMHB_35510",5,7,-2,-2,-2,-3,0,-1,19,24,"FR_USAMNG_30918"
"FR-1-H_30_26_4735",4530,"25:43","FR_USAMNG_30918",13,8,-1,5,5,6,0,1,24,19,"FR_USAMNG_30918"
"FR-1-H_30_26_4735",4531,"37:31","FR_USAMNG_30918",15,11,-2,4,4,4,0,0,24,19,"FR_USAMNG_30918"
"FR-1-H_30_26_4735",4532,"50:09","FR_CRMHB_35510",15,21,1,-6,-6,-3,0,3,19,24,"FR_USAMNG_30918"
"FR-1-H_30_26_4735",4533,"52:12","FR_USAMNG_30918",21,18,-3,3,3,4,0,1,24,19,"FR_USAMNG_30918"
"FR-1-H_30_26_4735",4534,"55:37","FR_CRMHB_35510",18,22,-1,-4,-4,-5,0,-1,19,24,"FR_USAMNG_30918"
"FR-1-H_30_26_4736",4535,"09:59","FR_FTHB_31000",7,9,-2,-2,-2,-1,0,1,29,34,"FR_MHB_34000"
"FR-1-H_30_26_4736",4536,"25:10","FR_MHB_34000",13,14,-1,-1,-1,-3,0,-2,34,29,"FR_MHB_34000"
"FR-1-H_30_26_4736",4537,"44:48","FR_FTHB_31000",24,25,-2,-1,-1,-4,0,-3,29,34,"FR_MHB_34000"
"FR-1-H_30_26_4737",4538,"13:04","FR_TFHB_93290",8,10,-1,-2,-2,-3,0,-1,27,30,"FR_CSMBHB_73000"
"FR-1-H_30_26_4737",4539,"23:51","FR_CSMBHB_73000",14,12,-1,2,2,5,0,3,30,27,"FR_CSMBHB_73000"
"FR-1-H_30_26_4737",4540,"41:23","FR_CSMBHB_73000",22,17,-3,5,5,5,0,0,30,27,"FR_CSMBHB_73000"
"FR-1-H_30_26_4737",4541,"52:57","FR_TFHB_93290",24,28,-1,-4,-4,-3,0,1,27,30,"FR_CSMBHB_73000"
"FR-1-H_30_26_4737",4542,"58:37","FR_CSMBHB_73000",30,27,1,3,3,3,0,0,30,27,"FR_CSMBHB_73000"
"FR-1-H_30_27_4738",4543,"03:55","FR_CRMHB_35510",0,4,-4,-4,-4,-3,0,1,29,29,"Egalité"
"FR-1-H_30_27_4738",4544,"22:11","FR_FTHB_31000",11,11,-1,0,0,1,0,1,29,29,"Egalité"
"FR-1-H_30_27_4738",4545,"42:55","FR_CRMHB_35510",19,22,1,-3,-3,-5,0,-2,29,29,"Egalité"
"FR-1-H_30_27_4738",4546,"51:16","FR_CRMHB_35510",24,27,1,-3,-3,-1,0,2,29,29,"Egalité"
"FR-1-H_30_27_4738",4547,"54:41","FR_FTHB_31000",27,26,-2,1,1,0,0,-1,29,29,"Egalité"
"FR-1-H_30_27_4738",4548,"59:28","FR_FTHB_31000",29,29,-2,0,0,0,0,0,29,29,"Egalité"
"FR-1-H_30_27_4739",4549,"18:34","FR_DHBGL_59140",4,7,-3,-3,-3,-3,0,0,23,25,"FR_CSMBHB_73000"
"FR-1-H_30_27_4739",4550,"23:24","FR_CSMBHB_73000",9,6,-2,3,3,1,0,-2,25,23,"FR_CSMBHB_73000"
"FR-1-H_30_27_4739",4551,"38:18","FR_CSMBHB_73000",15,16,-5,-1,-1,0,0,1,25,23,"FR_CSMBHB_73000"
"FR-1-H_30_27_4739",4552,"44:58","FR_DHBGL_59140",18,18,-3,0,0,-1,0,-1,23,25,"FR_CSMBHB_73000"
"FR-1-H_30_27_4739",4553,"51:54","FR_DHBGL_59140",19,21,-1,-2,-2,-3,0,-1,23,25,"FR_CSMBHB_73000"
"FR-1-H_30_27_4739",4554,"58:35","FR_CSMBHB_73000",24,22,-1,2,2,2,0,0,25,23,"FR_CSMBHB_73000"
"FR-1-H_30_27_4740",4555,"01:10","FR_USIHB_94200",1,1,1,0,0,-1,0,-1,24,32,"FR_HBCN_44200"
"FR-1-H_30_27_4740",4556,"21:53","FR_USIHB_94200",7,8,1,-1,-1,-2,0,-1,24,32,"FR_HBCN_44200"
"FR-1-H_30_27_4740",4557,"26:42","FR_HBCN_44200",11,9,1,2,2,1,0,-1,32,24,"FR_HBCN_44200"
"FR-1-H_30_27_4740",4558,"50:03","FR_USIHB_94200",20,25,-1,-5,-5,-6,0,-1,24,32,"FR_HBCN_44200"
"FR-1-H_30_27_4740",4559,"52:37","FR_HBCN_44200",27,21,-1,6,6,5,0,-1,32,24,"FR_HBCN_44200"
"FR-1-H_30_27_4740",4560,"56:11","FR_HBCN_44200",28,23,-1,5,5,8,0,3,32,24,"FR_HBCN_44200"
"FR-1-H_30_27_4741",4561,"24:41","FR_IPHB_13806",12,14,-1,-2,-2,-3,0,-1,27,33,"FR_MHB_34000"
"FR-1-H_30_27_4741",4562,"40:19","FR_IPHB_13806",17,23,-3,-6,-6,-4,0,2,27,33,"FR_MHB_34000"
"FR-1-H_30_27_4741",4563,"48:36","FR_MHB_34000",27,22,-1,5,5,6,0,1,33,27,"FR_MHB_34000"
"FR-1-H_30_27_4741",4564,"54:07","FR_IPHB_13806",25,32,-2,-7,-7,-6,0,1,27,33,"FR_MHB_34000"
"FR-1-H_30_27_4741",4565,"56:34","FR_MHB_34000",32,26,-1,6,6,6,0,0,33,27,"FR_MHB_34000"
"FR-1-H_30_27_4742",4566,"10:40","FR_SRVHB_83700",3,6,-3,-3,-3,-2,0,1,29,32,"FR_PSGHB_75016"
"FR-1-H_30_27_4742",4567,"27:06","FR_PSGHB_75016",16,11,1,5,5,5,0,0,32,29,"FR_PSGHB_75016"
"FR-1-H_30_27_4742",4568,"47:32","FR_SRVHB_83700",20,28,1,-8,-8,-8,0,0,29,32,"FR_PSGHB_75016"
"FR-1-H_30_27_4744",4569,"21:16","FR_PAUC_13100",10,10,-2,0,0,-3,0,-3,29,30,"FR_TFHB_93290"
"FR-1-H_30_27_4744",4570,"26:53","FR_PAUC_13100",10,14,-3,-4,-4,-4,0,0,29,30,"FR_TFHB_93290"
"FR-1-H_30_27_4744",4571,"28:49","FR_TFHB_93290",15,11,-1,4,4,1,0,-3,30,29,"FR_TFHB_93290"
"FR-1-H_30_27_4744",4572,"35:09","FR_TFHB_93290",16,16,-4,0,0,-2,0,-2,30,29,"FR_TFHB_93290"
"FR-1-H_30_27_4744",4573,"56:10","FR_PAUC_13100",26,28,-3,-2,-2,-1,0,1,29,30,"FR_TFHB_93290"
"FR-1-H_30_27_4744",4574,"59:43","FR_TFHB_93290",30,29,-1,1,1,1,0,0,30,29,"FR_TFHB_93290"
"FR-1-H_30_28_4745",4575,"15:25","FR_PAUC_13100",5,9,-3,-4,-4,-3,0,1,25,26,"FR_CSMBHB_73000"
"FR-1-H_30_28_4745",4576,"21:45","FR_CSMBHB_73000",11,8,-2,3,3,3,0,0,26,25,"FR_CSMBHB_73000"
"FR-1-H_30_28_4745",4577,"34:25","FR_PAUC_13100",13,18,-3,-5,-5,-2,0,3,25,26,"FR_CSMBHB_73000"
"FR-1-H_30_28_4745",4578,"53:11","FR_CSMBHB_73000",24,20,1,4,4,4,0,0,26,25,"FR_CSMBHB_73000"
"FR-1-H_30_28_4745",4579,"59:15","FR_CSMBHB_73000",26,24,-2,2,2,1,0,-1,26,25,"FR_CSMBHB_73000"
"FR-1-H_30_28_4746",4580,"07:42","FR_USIHB_94200",2,7,-3,-5,-5,-6,0,-1,21,25,"FR_DHBGL_59140"
"FR-1-H_30_28_4746",4581,"26:31","FR_DHBGL_59140",14,7,1,7,7,7,0,0,25,21,"FR_DHBGL_59140"
"FR-1-H_30_28_4746",4582,"44:13","FR_USIHB_94200",16,20,-1,-4,-4,-5,0,-1,21,25,"FR_DHBGL_59140"
"FR-1-H_30_28_4746",4583,"53:32","FR_DHBGL_59140",23,18,-1,5,5,5,0,0,25,21,"FR_DHBGL_59140"
"FR-1-H_30_28_4747",4584,"16:18","FR_IPHB_13806",6,11,-1,-5,-5,-4,0,1,26,30,"FR_CRMHB_35510"
"FR-1-H_30_28_4747",4585,"21:52","FR_CRMHB_35510",13,10,1,3,3,3,0,0,30,26,"FR_CRMHB_35510"
"FR-1-H_30_28_4747",4586,"40:41","FR_CRMHB_35510",21,17,-2,4,4,3,0,-1,30,26,"FR_CRMHB_35510"
"FR-1-H_30_28_4747",4587,"47:44","FR_IPHB_13806",20,24,-1,-4,-4,-2,0,2,26,30,"FR_CRMHB_35510"
"FR-1-H_30_28_4747",4588,"55:50","FR_IPHB_13806",23,26,-2,-3,-3,-4,0,-1,26,30,"FR_CRMHB_35510"
"FR-1-H_30_28_4748",4589,"18:08","FR_HBCN_44200",9,10,-1,-1,-1,-1,0,0,31,28,"FR_HBCN_44200"
"FR-1-H_30_28_4748",4590,"24:26","FR_MHB_34000",13,13,-2,0,0,0,0,0,28,31,"FR_HBCN_44200"
"FR-1-H_30_28_4748",4591,"41:14","FR_MHB_34000",20,22,-2,-2,-2,-2,0,0,28,31,"FR_HBCN_44200"
"FR-1-H_30_28_4748",4592,"50:22","FR_MHB_34000",24,27,-2,-3,-3,-3,0,0,28,31,"FR_HBCN_44200"
"FR-1-H_30_28_4748",4593,"54:10","FR_HBCN_44200",29,26,-1,3,3,3,0,0,31,28,"FR_HBCN_44200"
"FR-1-H_30_28_4748",4594,"56:46","FR_HBCN_44200",30,27,-1,3,3,3,0,0,31,28,"FR_HBCN_44200"
"FR-1-H_30_28_4749",4595,"11:59","FR_PSGHB_75016",3,7,-2,-4,-4,-1,0,3,28,28,"Egalité"
"FR-1-H_30_28_4749",4596,"17:18","FR_USAMNG_30918",7,6,-3,1,1,1,0,0,28,28,"Egalité"
"FR-1-H_30_28_4749",4597,"32:21","FR_PSGHB_75016",13,12,-1,1,1,3,0,2,28,28,"Egalité"
"FR-1-H_30_28_4749",4598,"33:14","FR_USAMNG_30918",12,15,-2,-3,-3,-2,0,1,28,28,"Egalité"
"FR-1-H_30_28_4749",4599,"55:16","FR_PSGHB_75016",25,26,-2,-1,-1,1,0,2,28,28,"Egalité"
"FR-1-H_30_28_4749",4600,"58:25","FR_USAMNG_30918",27,28,-1,-1,-1,0,0,1,28,28,"Egalité"
"FR-1-H_30_28_4750",4601,"17:26","FR_SRVHB_83700",9,9,-3,0,0,2,0,2,40,28,"FR_SRVHB_83700"
"FR-1-H_30_28_4750",4602,"23:21","FR_PCHB_77340",11,14,-4,-3,-3,-4,0,-1,28,40,"FR_SRVHB_83700"
"FR-1-H_30_28_4750",4603,"42:42","FR_PCHB_77340",21,28,-4,-7,-7,-9,0,-2,28,40,"FR_SRVHB_83700"
"FR-1-H_30_28_4751",4604,"25:08","FR_TFHB_93290",10,12,-2,-2,-2,-1,0,1,36,31,"FR_TFHB_93290"
"FR-1-H_30_28_4751",4605,"34:13","FR_FTHB_31000",16,16,-2,0,0,-2,0,-2,31,36,"FR_TFHB_93290"
"FR-1-H_30_28_4751",4606,"49:02","FR_FTHB_31000",23,26,-2,-3,-3,-2,0,1,31,36,"FR_TFHB_93290"
"FR-1-H_30_28_4751",4607,"49:44","FR_TFHB_93290",26,24,-1,2,2,4,0,2,36,31,"FR_TFHB_93290"
"FR-1-H_30_29_4752",4608,"13:01","FR_PAUC_13100",3,5,-1,-2,-2,1,0,3,26,24,"FR_PAUC_13100"
"FR-1-H_30_29_4752",4609,"16:07","FR_FTHB_31000",5,6,-3,-1,-1,-1,0,0,24,26,"FR_PAUC_13100"
"FR-1-H_30_29_4752",4610,"36:50","FR_PAUC_13100",16,14,-2,2,2,3,0,1,26,24,"FR_PAUC_13100"
"FR-1-H_30_29_4752",4611,"50:08","FR_FTHB_31000",22,23,1,-1,-1,-2,0,-1,24,26,"FR_PAUC_13100"
"FR-1-H_30_29_4752",4612,"58:26","FR_FTHB_31000",24,25,1,-1,-1,-2,0,-1,24,26,"FR_PAUC_13100"
"FR-1-H_30_29_4753",4613,"24:22","FR_CRMHB_35510",7,9,-2,-2,-2,-2,0,0,21,30,"FR_SRVHB_83700"
"FR-1-H_30_29_4753",4614,"28:02","FR_SRVHB_83700",10,8,-1,2,2,6,0,4,30,21,"FR_SRVHB_83700"
"FR-1-H_30_29_4753",4615,"36:37","FR_CRMHB_35510",9,17,-3,-8,-8,-9,0,-1,21,30,"FR_SRVHB_83700"
"FR-1-H_30_29_4753",4616,"44:59","FR_SRVHB_83700",23,13,1,10,10,12,0,2,30,21,"FR_SRVHB_83700"
"FR-1-H_30_29_4753",4617,"54:08","FR_SRVHB_83700",27,19,-4,8,8,9,0,1,30,21,"FR_SRVHB_83700"
"FR-1-H_30_29_4753",4618,"58:04","FR_CRMHB_35510",20,29,1,-9,-9,-9,0,0,21,30,"FR_SRVHB_83700"
"FR-1-H_30_29_4754",4619,"12:47","FR_IPHB_13806",3,8,-2,-5,-5,-8,0,-3,21,34,"FR_CSMBHB_73000"
"FR-1-H_30_29_4754",4620,"22:57","FR_CSMBHB_73000",14,8,-2,6,6,7,0,1,34,21,"FR_CSMBHB_73000"
"FR-1-H_30_29_4754",4621,"39:09","FR_IPHB_13806",14,22,-2,-8,-8,-11,0,-3,21,34,"FR_CSMBHB_73000"
"FR-1-H_30_29_4754",4622,"44:52","FR_IPHB_13806",15,27,-4,-12,-12,-8,0,4,21,34,"FR_CSMBHB_73000"
"FR-1-H_30_29_4754",4623,"49:27","FR_CSMBHB_73000",28,20,-4,8,8,11,0,3,34,21,"FR_CSMBHB_73000"
"FR-1-H_30_29_4755",4624,"13:35","FR_USIHB_94200",5,10,-5,-5,-5,-7,0,-2,29,34,"FR_USAMNG_30918"
"FR-1-H_30_29_4755",4625,"23:47","FR_USAMNG_30918",15,9,-1,6,6,6,0,0,34,29,"FR_USAMNG_30918"
"FR-1-H_30_29_4755",4626,"25:05","FR_USIHB_94200",9,15,0,-6,-6,-5,0,1,29,34,"FR_USAMNG_30918"
"FR-1-H_30_29_4755",4627,"50:51","FR_USAMNG_30918",30,25,-1,5,5,8,0,3,34,29,"FR_USAMNG_30918"
"FR-1-H_30_29_4755",4628,"55:31","FR_USIHB_94200",26,34,-2,-8,-8,-5,0,3,29,34,"FR_USAMNG_30918"
"FR-1-H_30_29_4756",4629,"11:34","FR_DHBGL_59140",2,5,-2,-3,-3,-4,0,-1,24,25,"FR_MHB_34000"
"FR-1-H_30_29_4756",4630,"26:17","FR_MHB_34000",11,10,-3,1,1,3,0,2,25,24,"FR_MHB_34000"
"FR-1-H_30_29_4756",4631,"41:55","FR_DHBGL_59140",17,19,-2,-2,-2,0,0,2,24,25,"FR_MHB_34000"
"FR-1-H_30_29_4756",4632,"46:54","FR_MHB_34000",20,20,-1,0,0,-1,0,-1,25,24,"FR_MHB_34000"
"FR-1-H_30_29_4756",4633,"54:41","FR_DHBGL_59140",23,23,-1,0,0,-1,0,-1,24,25,"FR_MHB_34000"
"FR-1-H_30_29_4756",4634,"56:38","FR_MHB_34000",24,24,-1,0,0,1,0,1,25,24,"FR_MHB_34000"
"FR-1-H_30_29_4757",4635,"24:02","FR_PCHB_77340",11,14,-3,-3,-3,-3,0,0,25,38,"FR_PSGHB_75016"
"FR-1-H_30_29_4757",4636,"29:31","FR_PSGHB_75016",16,13,-1,3,3,5,0,2,38,25,"FR_PSGHB_75016"
"FR-1-H_30_29_4757",4637,"51:05","FR_PCHB_77340",21,34,-2,-13,-13,-11,0,2,25,38,"FR_PSGHB_75016"
"FR-1-H_30_29_4758",4638,"23:53","FR_TFHB_93290",10,12,-3,-2,-2,-3,0,-1,28,32,"FR_HBCN_44200"
"FR-1-H_30_29_4758",4639,"29:06","FR_HBCN_44200",16,13,-1,3,3,3,0,0,32,28,"FR_HBCN_44200"
"FR-1-H_30_29_4758",4640,"45:21","FR_HBCN_44200",24,20,-1,4,4,5,0,1,32,28,"FR_HBCN_44200"
"FR-1-H_30_29_4758",4641,"49:38","FR_TFHB_93290",22,27,-1,-5,-5,-4,0,1,28,32,"FR_HBCN_44200"
"FR-1-H_30_29_4758",4642,"56:56","FR_TFHB_93290",26,31,-2,-5,-5,-4,0,1,28,32,"FR_HBCN_44200"
"FR-1-H_30_29_4758",4643,"57:12","FR_HBCN_44200",31,27,-1,4,4,4,0,0,32,28,"FR_HBCN_44200"
"FR-1-H_30_30_4759",4644,"11:18","FR_DHBGL_59140",4,6,-2,-2,-2,-1,0,1,26,24,"FR_DHBGL_59140"
"FR-1-H_30_30_4759",4645,"27:01","FR_PAUC_13100",12,11,-2,1,1,0,0,-1,24,26,"FR_DHBGL_59140"
"FR-1-H_30_30_4759",4646,"37:36","FR_PAUC_13100",16,18,-2,-2,-2,-2,0,0,24,26,"FR_DHBGL_59140"
"FR-1-H_30_30_4759",4647,"44:57","FR_DHBGL_59140",20,20,-3,0,0,0,0,0,26,24,"FR_DHBGL_59140"
"FR-1-H_30_30_4759",4648,"55:19","FR_PAUC_13100",22,24,-2,-2,-2,-3,0,-1,24,26,"FR_DHBGL_59140"
"FR-1-H_30_30_4759",4649,"58:32","FR_DHBGL_59140",26,23,-1,3,3,2,0,-1,26,24,"FR_DHBGL_59140"
"FR-1-H_30_30_4760",4650,"23:26","FR_TFHB_93290",9,11,-2,-2,-2,-2,0,0,25,25,"Egalité"
"FR-1-H_30_30_4760",4651,"26:18","FR_IPHB_13806",12,10,-1,2,2,0,0,-2,25,25,"Egalité"
"FR-1-H_30_30_4760",4652,"42:29","FR_IPHB_13806",18,19,-3,-1,-1,1,0,2,25,25,"Egalité"
"FR-1-H_30_30_4760",4653,"48:00","FR_TFHB_93290",20,21,-1,-1,-1,1,0,2,25,25,"Egalité"
"FR-1-H_30_30_4760",4654,"57:48","FR_IPHB_13806",23,24,-1,-1,-1,0,0,1,25,25,"Egalité"
"FR-1-H_30_30_4761",4655,"08:03","FR_HBCN_44200",2,6,-2,-4,-4,-4,0,0,29,28,"FR_HBCN_44200"
"FR-1-H_30_30_4761",4656,"16:28","FR_CRMHB_35510",8,5,1,3,3,2,0,-1,28,29,"FR_HBCN_44200"
"FR-1-H_30_30_4761",4657,"38:03","FR_CRMHB_35510",18,18,-4,0,0,-1,0,-1,28,29,"FR_HBCN_44200"
"FR-1-H_30_30_4761",4658,"51:57","FR_CRMHB_35510",23,26,-1,-3,-3,-2,0,1,28,29,"FR_HBCN_44200"
"FR-1-H_30_30_4761",4659,"52:32","FR_HBCN_44200",26,24,-1,2,2,0,0,-2,29,28,"FR_HBCN_44200"
"FR-1-H_30_30_4761",4660,"59:14","FR_HBCN_44200",28,28,-1,0,0,1,0,1,29,28,"FR_HBCN_44200"
"FR-1-H_30_30_4762",4661,"11:02","FR_USAMNG_30918",4,9,-1,-5,-5,-4,0,1,27,32,"FR_CSMBHB_73000"
"FR-1-H_30_30_4762",4662,"26:59","FR_CSMBHB_73000",17,12,-2,5,5,4,0,-1,32,27,"FR_CSMBHB_73000"
"FR-1-H_30_30_4762",4663,"37:43","FR_USAMNG_30918",17,24,-2,-7,-7,-8,0,-1,27,32,"FR_CSMBHB_73000"
"FR-1-H_30_30_4762",4664,"49:17","FR_CSMBHB_73000",27,21,-2,6,6,7,0,1,32,27,"FR_CSMBHB_73000"
"FR-1-H_30_30_4762",4665,"54:12","FR_USAMNG_30918",23,30,-2,-7,-7,-5,0,2,27,32,"FR_CSMBHB_73000"
"FR-1-H_30_30_4763",4666,"24:11","FR_PSGHB_75016",15,11,-2,4,4,5,0,1,36,30,"FR_PSGHB_75016"
"FR-1-H_30_30_4763",4667,"48:01","FR_FTHB_31000",23,28,-2,-5,-5,-5,0,0,30,36,"FR_PSGHB_75016"
"FR-1-H_30_30_4764",4668,"18:22","FR_PCHB_77340",8,9,-2,-1,-1,0,0,1,26,30,"FR_MHB_34000"
"FR-1-H_30_30_4764",4669,"23:03","FR_MHB_34000",11,11,-1,0,0,-2,0,-2,30,26,"FR_MHB_34000"
"FR-1-H_30_30_4764",4670,"45:28","FR_PCHB_77340",22,23,-1,-1,-1,-1,0,0,26,30,"FR_MHB_34000"
"FR-1-H_30_30_4764",4671,"52:07","FR_MHB_34000",24,24,-1,0,0,3,0,3,30,26,"FR_MHB_34000"
"FR-1-H_30_30_4764",4672,"56:25","FR_PCHB_77340",25,28,-3,-3,-3,-4,0,-1,26,30,"FR_MHB_34000"
"FR-1-H_30_30_4765",4673,"25:53","FR_USIHB_94200",7,10,-2,-3,-3,-5,0,-2,24,27,"FR_SRVHB_83700"
"FR-1-H_30_30_4765",4674,"29:25","FR_SRVHB_83700",12,7,2,5,5,6,0,1,27,24,"FR_SRVHB_83700"
"FR-1-H_30_30_4765",4675,"36:26","FR_USIHB_94200",9,17,-2,-8,-8,-7,0,1,24,27,"FR_SRVHB_83700"
"FR-1-H_30_30_4765",4676,"44:28","FR_SRVHB_83700",19,15,-3,4,4,6,0,2,27,24,"FR_SRVHB_83700"
"FR-1-H_30_30_4765",4677,"56:51","FR_USIHB_94200",23,25,1,-2,-2,-3,0,-1,24,27,"FR_SRVHB_83700"
"FR-1-H_30_31_4766",4678,"07:45","FR_PCHB_77340",0,4,-2,-4,-4,-6,0,-2,18,35,"FR_PAUC_13100"
"FR-1-H_30_31_4766",4679,"19:02","FR_PAUC_13100",12,7,-1,5,5,4,0,-1,35,18,"FR_PAUC_13100"
"FR-1-H_30_31_4767",4680,"27:43","FR_CRMHB_35510",14,12,-1,2,2,3,0,1,26,23,"FR_CRMHB_35510"
"FR-1-H_30_31_4767",4681,"28:31","FR_USIHB_94200",12,15,-1,-3,-3,-3,0,0,23,26,"FR_CRMHB_35510"
"FR-1-H_30_31_4767",4682,"37:10","FR_CRMHB_35510",18,14,1,4,4,3,0,-1,26,23,"FR_CRMHB_35510"
"FR-1-H_30_31_4767",4683,"41:39","FR_USIHB_94200",16,19,1,-3,-3,-3,0,0,23,26,"FR_CRMHB_35510"
"FR-1-H_30_31_4767",4684,"58:02","FR_USIHB_94200",22,24,-1,-2,-2,-2,0,0,23,26,"FR_CRMHB_35510"
"FR-1-H_30_31_4767",4685,"58:20","FR_CRMHB_35510",24,22,0,2,2,3,0,1,26,23,"FR_CRMHB_35510"
"FR-1-H_30_31_4768",4686,"09:52","FR_CSMBHB_73000",5,8,-4,-3,-3,-3,0,0,31,31,"Egalité"
"FR-1-H_30_31_4768",4687,"21:38","FR_SRVHB_83700",14,12,1,2,2,3,0,1,31,31,"Egalité"
"FR-1-H_30_31_4768",4688,"51:05","FR_SRVHB_83700",28,27,-2,1,1,0,0,-1,31,31,"Egalité"
"FR-1-H_30_31_4768",4689,"53:59","FR_CSMBHB_73000",28,28,1,0,0,-2,0,-2,31,31,"Egalité"
"FR-1-H_30_31_4768",4690,"57:11","FR_CSMBHB_73000",29,31,-1,-2,-2,0,0,2,31,31,"Egalité"
"FR-1-H_30_31_4768",4691,"59:44","FR_SRVHB_83700",31,31,-2,0,0,0,0,0,31,31,"Egalité"
"FR-1-H_30_31_4769",4692,"21:47","FR_IPHB_13806",12,15,-1,-3,-3,-3,0,0,32,35,"FR_HBCN_44200"
"FR-1-H_30_31_4769",4693,"24:30","FR_HBCN_44200",17,14,-1,3,3,5,0,2,35,32,"FR_HBCN_44200"
"FR-1-H_30_31_4769",4694,"38:07","FR_HBCN_44200",24,20,-2,4,4,4,0,0,35,32,"FR_HBCN_44200"
"FR-1-H_30_31_4769",4695,"48:27","FR_IPHB_13806",26,30,1,-4,-4,-3,0,1,32,35,"FR_HBCN_44200"
"FR-1-H_30_31_4769",4696,"52:25","FR_HBCN_44200",31,28,-2,3,3,3,0,0,35,32,"FR_HBCN_44200"
"FR-1-H_30_31_4769",4697,"56:39","FR_IPHB_13806",29,32,-1,-3,-3,-3,0,0,32,35,"FR_HBCN_44200"
"FR-1-H_30_31_4770",4698,"15:47","FR_MHB_34000",8,12,-4,-4,-4,-7,0,-3,24,32,"FR_PSGHB_75016"
"FR-1-H_30_31_4770",4699,"21:05","FR_MHB_34000",9,16,-3,-7,-7,-6,0,1,24,32,"FR_PSGHB_75016"
"FR-1-H_30_31_4770",4700,"29:07","FR_PSGHB_75016",20,13,2,7,7,6,0,-1,32,24,"FR_PSGHB_75016"
"FR-1-H_30_31_4770",4701,"49:41","FR_PSGHB_75016",27,23,1,4,4,5,0,1,32,24,"FR_PSGHB_75016"
"FR-1-H_30_31_4770",4702,"52:36","FR_MHB_34000",23,28,-1,-5,-5,-6,0,-1,24,32,"FR_PSGHB_75016"
"FR-1-H_30_31_4770",4703,"54:33","FR_PSGHB_75016",29,23,1,6,6,8,0,2,32,24,"FR_PSGHB_75016"
"FR-1-H_30_31_4771",4704,"15:22","FR_DHBGL_59140",6,9,-5,-3,-3,-2,0,1,31,30,"FR_DHBGL_59140"
"FR-1-H_30_31_4771",4705,"26:29","FR_FTHB_31000",11,13,-4,-2,-2,-2,0,0,30,31,"FR_DHBGL_59140"
"FR-1-H_30_31_4771",4706,"43:51","FR_DHBGL_59140",21,18,1,3,3,2,0,-1,31,30,"FR_DHBGL_59140"
"FR-1-H_30_31_4771",4707,"54:19","FR_FTHB_31000",24,27,-2,-3,-3,-1,0,2,30,31,"FR_DHBGL_59140"
"FR-1-H_30_31_4771",4708,"58:38","FR_DHBGL_59140",29,28,-2,1,1,1,0,0,31,30,"FR_DHBGL_59140"
"FR-1-H_30_31_4772",4709,"14:09","FR_USAMNG_30918",5,8,-1,-3,-3,0,0,3,35,29,"FR_USAMNG_30918"
"FR-1-H_30_31_4772",4710,"17:08","FR_TFHB_93290",8,8,-3,0,0,1,0,1,29,35,"FR_USAMNG_30918"
"FR-1-H_30_31_4772",4711,"39:50","FR_TFHB_93290",19,23,-1,-4,-4,-5,0,-1,29,35,"FR_USAMNG_30918"
"FR-1-H_30_31_4772",4712,"44:35","FR_TFHB_93290",21,26,-3,-5,-5,-5,0,0,29,35,"FR_USAMNG_30918"
"FR-1-H_30_31_4772",4713,"47:56","FR_USAMNG_30918",27,22,-1,5,5,5,0,0,35,29,"FR_USAMNG_30918"
"FR-1-H_30_32_4773",4714,"18:50","FR_DHBGL_59140",3,3,1,0,0,0,0,0,25,17,"FR_DHBGL_59140"
"FR-1-H_30_32_4773",4715,"21:38","FR_CRMHB_35510",4,4,-1,0,0,-2,0,-2,17,25,"FR_DHBGL_59140"
"FR-1-H_30_32_4773",4716,"44:09","FR_CRMHB_35510",10,15,-1,-5,-5,-6,0,-1,17,25,"FR_DHBGL_59140"
"FR-1-H_30_32_4773",4717,"49:49","FR_DHBGL_59140",18,13,-1,5,5,6,0,1,25,17,"FR_DHBGL_59140"
"FR-1-H_30_32_4773",4718,"56:13","FR_CRMHB_35510",15,22,-2,-7,-7,-7,0,0,17,25,"FR_DHBGL_59140"
"FR-1-H_30_32_4773",4719,"57:49","FR_DHBGL_59140",22,15,0,7,7,8,0,1,25,17,"FR_DHBGL_59140"
"FR-1-H_30_32_4774",4720,"27:13","FR_USIHB_94200",10,9,-1,1,1,0,0,-1,17,22,"FR_MHB_34000"
"FR-1-H_30_32_4774",4721,"45:56","FR_USIHB_94200",13,16,-1,-3,-3,-4,0,-1,17,22,"FR_MHB_34000"
"FR-1-H_30_32_4774",4722,"52:51","FR_MHB_34000",20,15,1,5,5,6,0,1,22,17,"FR_MHB_34000"
"FR-1-H_30_32_4774",4723,"56:07","FR_MHB_34000",21,15,1,6,6,5,0,-1,22,17,"FR_MHB_34000"
"FR-1-H_30_32_4775",4724,"16:33","FR_HBCN_44200",8,10,-2,-2,-2,-2,0,0,29,33,"FR_CSMBHB_73000"
"FR-1-H_30_32_4775",4725,"28:26","FR_CSMBHB_73000",16,13,-1,3,3,2,0,-1,33,29,"FR_CSMBHB_73000"
"FR-1-H_30_32_4775",4726,"51:29","FR_HBCN_44200",25,27,-1,-2,-2,-4,0,-2,29,33,"FR_CSMBHB_73000"
"FR-1-H_30_32_4775",4727,"53:34","FR_HBCN_44200",25,29,-2,-4,-4,-4,0,0,29,33,"FR_CSMBHB_73000"
"FR-1-H_30_32_4776",4728,"06:09","FR_FTHB_31000",1,5,-4,-4,-4,-5,0,-1,30,33,"FR_USAMNG_30918"
"FR-1-H_30_32_4776",4729,"22:26","FR_USAMNG_30918",14,10,-1,4,4,4,0,0,33,30,"FR_USAMNG_30918"
"FR-1-H_30_32_4776",4730,"49:49","FR_USAMNG_30918",30,25,-1,5,5,4,0,-1,33,30,"FR_USAMNG_30918"
"FR-1-H_30_32_4777",4731,"15:38","FR_PAUC_13100",7,9,-1,-2,-2,-1,0,1,27,31,"FR_PSGHB_75016"
"FR-1-H_30_32_4777",4732,"28:41","FR_PSGHB_75016",16,12,-1,4,4,6,0,2,31,27,"FR_PSGHB_75016"
"FR-1-H_30_32_4777",4733,"35:52","FR_PAUC_13100",14,21,-3,-7,-7,-7,0,0,27,31,"FR_PSGHB_75016"
"FR-1-H_30_32_4778",4734,"24:17","FR_IPHB_13806",8,12,-3,-4,-4,-6,0,-2,22,29,"FR_PCHB_77340"
"FR-1-H_30_32_4778",4735,"27:44","FR_PCHB_77340",15,9,-1,6,6,6,0,0,29,22,"FR_PCHB_77340"
"FR-1-H_30_32_4778",4736,"40:24","FR_IPHB_13806",13,20,1,-7,-7,-4,0,3,22,29,"FR_PCHB_77340"
"FR-1-H_30_32_4778",4737,"46:46","FR_PCHB_77340",21,17,-2,4,4,5,0,1,29,22,"FR_PCHB_77340"
"FR-1-H_30_32_4778",4738,"53:32","FR_IPHB_13806",20,26,-2,-6,-6,-7,0,-1,22,29,"FR_PCHB_77340"
"FR-1-H_30_32_4778",4739,"56:34","FR_PCHB_77340",28,21,2,7,7,7,0,0,29,22,"FR_PCHB_77340"
"FR-1-H_30_32_4779",4740,"16:23","FR_SRVHB_83700",7,10,-3,-3,-3,-1,0,2,33,29,"FR_SRVHB_83700"
"FR-1-H_30_32_4779",4741,"19:26","FR_TFHB_93290",11,10,-2,1,1,0,0,-1,29,33,"FR_SRVHB_83700"
"FR-1-H_30_32_4779",4742,"46:17","FR_TFHB_93290",23,26,1,-3,-3,-3,0,0,29,33,"FR_SRVHB_83700"
"FR-1-H_30_32_4779",4743,"47:45","FR_SRVHB_83700",27,24,1,3,3,5,0,2,33,29,"FR_SRVHB_83700"
"FR-1-H_30_32_4779",4744,"56:52","FR_SRVHB_83700",32,27,-2,5,5,4,0,-1,33,29,"FR_SRVHB_83700"
"FR-1-H_30_32_4779",4745,"58:30","FR_TFHB_93290",28,32,1,-4,-4,-4,0,0,29,33,"FR_SRVHB_83700"
"FR-1-H_30_33_4780",4746,"17:10","FR_PAUC_13100",8,10,-2,-2,-2,-3,0,-1,25,29,"FR_HBCN_44200"
"FR-1-H_30_33_4780",4747,"24:32","FR_HBCN_44200",13,10,1,3,3,4,0,1,29,25,"FR_HBCN_44200"
"FR-1-H_30_33_4780",4748,"44:29","FR_HBCN_44200",22,20,-1,2,2,4,0,2,29,25,"FR_HBCN_44200"
"FR-1-H_30_33_4780",4749,"47:20","FR_PAUC_13100",20,24,-2,-4,-4,-3,0,1,25,29,"FR_HBCN_44200"
"FR-1-H_30_33_4780",4750,"56:33","FR_HBCN_44200",27,23,1,4,4,4,0,0,29,25,"FR_HBCN_44200"
"FR-1-H_30_33_4781",4751,"17:37","FR_PCHB_77340",5,3,1,2,2,1,0,-1,17,22,"FR_CRMHB_35510"
"FR-1-H_30_33_4781",4752,"23:34","FR_CRMHB_35510",5,7,-2,-2,-2,-2,0,0,22,17,"FR_CRMHB_35510"
"FR-1-H_30_33_4781",4753,"45:23","FR_PCHB_77340",14,16,-2,-2,-2,-4,0,-2,17,22,"FR_CRMHB_35510"
"FR-1-H_30_33_4781",4754,"51:27","FR_CRMHB_35510",18,14,2,4,4,4,0,0,22,17,"FR_CRMHB_35510"
"FR-1-H_30_33_4781",4755,"57:20","FR_PCHB_77340",15,20,-1,-5,-5,-4,0,1,17,22,"FR_CRMHB_35510"
"FR-1-H_30_33_4781",4756,"58:00","FR_CRMHB_35510",20,16,-1,4,4,5,0,1,22,17,"FR_CRMHB_35510"
"FR-1-H_30_33_4782",4757,"15:09","FR_USIHB_94200",3,7,-2,-4,-4,-3,0,1,23,24,"FR_CSMBHB_73000"
"FR-1-H_30_33_4782",4758,"25:41","FR_CSMBHB_73000",10,8,-2,2,2,2,0,0,24,23,"FR_CSMBHB_73000"
"FR-1-H_30_33_4782",4759,"38:46","FR_CSMBHB_73000",14,13,-2,1,1,2,0,1,24,23,"FR_CSMBHB_73000"
"FR-1-H_30_33_4782",4760,"45:55","FR_USIHB_94200",16,17,1,-1,-1,-1,0,0,23,24,"FR_CSMBHB_73000"
"FR-1-H_30_33_4782",4761,"59:13","FR_USIHB_94200",23,23,-1,0,0,-1,0,-1,23,24,"FR_CSMBHB_73000"
"FR-1-H_30_33_4783",4762,"15:37","FR_PSGHB_75016",7,6,-3,1,1,4,0,3,27,23,"FR_PSGHB_75016"
"FR-1-H_30_33_4783",4763,"21:35","FR_DHBGL_59140",6,11,-3,-5,-5,-4,0,1,23,27,"FR_PSGHB_75016"
"FR-1-H_30_33_4783",4764,"48:51","FR_DHBGL_59140",17,22,-1,-5,-5,-6,0,-1,23,27,"FR_PSGHB_75016"
"FR-1-H_30_33_4783",4765,"54:53","FR_DHBGL_59140",19,24,1,-5,-5,-4,0,1,23,27,"FR_PSGHB_75016"
"FR-1-H_30_33_4783",4766,"55:31","FR_PSGHB_75016",25,21,-1,4,4,4,0,0,27,23,"FR_PSGHB_75016"
"FR-1-H_30_33_4784",4767,"22:24","FR_IPHB_13806",9,9,-2,0,0,-3,0,-3,23,27,"FR_USAMNG_30918"
"FR-1-H_30_33_4784",4768,"26:58","FR_USAMNG_30918",12,9,3,3,3,2,0,-1,27,23,"FR_USAMNG_30918"
"FR-1-H_30_33_4784",4769,"48:09","FR_USAMNG_30918",19,19,-1,0,0,1,0,1,27,23,"FR_USAMNG_30918"
"FR-1-H_30_33_4784",4770,"54:44","FR_IPHB_13806",23,23,1,0,0,-4,0,-4,23,27,"FR_USAMNG_30918"
"FR-1-H_30_33_4785",4771,"17:16","FR_FTHB_31000",7,10,-3,-3,-3,-1,0,2,29,29,"Egalité"
"FR-1-H_30_33_4785",4772,"21:41","FR_SRVHB_83700",11,10,-1,1,1,-1,0,-2,29,29,"Egalité"
"FR-1-H_30_33_4785",4773,"33:12","FR_FTHB_31000",17,15,-1,2,2,0,0,-2,29,29,"Egalité"
"FR-1-H_30_33_4785",4774,"46:26","FR_SRVHB_83700",23,24,-1,-1,-1,0,0,1,29,29,"Egalité"
"FR-1-H_30_33_4785",4775,"59:21","FR_FTHB_31000",29,29,1,0,0,0,0,0,29,29,"Egalité"
"FR-1-H_30_33_4786",4776,"22:18","FR_TFHB_93290",8,9,1,-1,-1,-1,0,0,24,24,"Egalité"
"FR-1-H_30_33_4786",4777,"28:49","FR_MHB_34000",11,10,1,1,1,0,0,-1,24,24,"Egalité"
"FR-1-H_30_33_4786",4778,"41:54","FR_TFHB_93290",17,18,-1,-1,-1,-1,0,0,24,24,"Egalité"
"FR-1-H_30_33_4786",4779,"49:13","FR_MHB_34000",20,20,-2,0,0,1,0,1,24,24,"Egalité"
"FR-1-H_30_33_4786",4780,"58:03","FR_TFHB_93290",22,24,-2,-2,-2,0,0,2,24,24,"Egalité"
"FR-1-H_30_33_4786",4781,"60:00","FR_MHB_34000",24,24,-2,0,0,0,0,0,24,24,"Egalité"
"FR-1-H_30_34_4787",4782,"22:17","FR_IPHB_13806",10,12,-1,-2,-2,-5,0,-3,20,29,"FR_USIHB_94200"
"FR-1-H_30_34_4787",4783,"29:09","FR_USIHB_94200",15,11,-1,4,4,5,0,1,29,20,"FR_USIHB_94200"
"FR-1-H_30_34_4787",4784,"41:30","FR_USIHB_94200",19,15,-3,4,4,5,0,1,29,20,"FR_USIHB_94200"
"FR-1-H_30_34_4787",4785,"57:04","FR_USIHB_94200",28,20,-2,8,8,9,0,1,29,20,"FR_USIHB_94200"
"FR-1-H_30_34_4788",4786,"52:58","FR_CRMHB_35510",27,28,-2,-1,-1,-3,0,-2,29,34,"FR_MHB_34000"
"FR-1-H_30_34_4788",4787,"56:55","FR_CRMHB_35510",28,31,-3,-3,-3,-5,0,-2,29,34,"FR_MHB_34000"
"FR-1-H_30_34_4789",4788,"14:47","FR_FTHB_31000",5,8,-1,-3,-3,-6,0,-3,27,31,"FR_HBCN_44200"
"FR-1-H_30_34_4789",4789,"22:19","FR_HBCN_44200",13,7,-1,6,6,4,0,-2,31,27,"FR_HBCN_44200"
"FR-1-H_30_34_4789",4790,"39:58","FR_HBCN_44200",19,16,-2,3,3,5,0,2,31,27,"FR_HBCN_44200"
"FR-1-H_30_34_4789",4791,"52:52","FR_FTHB_31000",23,26,-1,-3,-3,-2,0,1,27,31,"FR_HBCN_44200"
"FR-1-H_30_34_4789",4792,"58:11","FR_HBCN_44200",29,27,-2,2,2,4,0,2,31,27,"FR_HBCN_44200"
"FR-1-H_30_34_4790",4793,"27:04","FR_USAMNG_30918",12,14,-1,-2,-2,-2,0,0,32,31,"FR_USAMNG_30918"
"FR-1-H_30_34_4790",4794,"47:45","FR_PAUC_13100",25,27,-2,-2,-2,-4,0,-2,31,32,"FR_USAMNG_30918"
"FR-1-H_30_34_4790",4795,"52:43","FR_USAMNG_30918",31,27,2,4,4,1,0,-3,32,31,"FR_USAMNG_30918"
"FR-1-H_30_34_4790",4796,"59:22","FR_USAMNG_30918",32,31,-1,1,1,1,0,0,32,31,"FR_USAMNG_30918"
"FR-1-H_30_34_4791",4797,"18:36","FR_TFHB_93290",8,10,-2,-2,-2,-3,0,-1,25,30,"FR_PSGHB_75016"
"FR-1-H_30_34_4791",4798,"28:11","FR_PSGHB_75016",16,12,1,4,4,3,0,-1,30,25,"FR_PSGHB_75016"
"FR-1-H_30_34_4791",4799,"42:57","FR_TFHB_93290",17,23,-2,-6,-6,-5,0,1,25,30,"FR_PSGHB_75016"
"FR-1-H_30_34_4791",4800,"54:02","FR_TFHB_93290",22,28,-2,-6,-6,-4,0,2,25,30,"FR_PSGHB_75016"
"FR-1-H_30_34_4791",4801,"57:13","FR_PSGHB_75016",28,24,-2,4,4,5,0,1,30,25,"FR_PSGHB_75016"
"FR-1-H_30_34_4792",4802,"25:34","FR_PCHB_77340",10,10,-1,0,0,-1,0,-1,22,28,"FR_CSMBHB_73000"
"FR-1-H_30_34_4792",4803,"35:54","FR_PCHB_77340",12,16,-4,-4,-4,-4,0,0,22,28,"FR_CSMBHB_73000"
"FR-1-H_30_34_4792",4804,"45:30","FR_CSMBHB_73000",20,16,1,4,4,7,0,3,28,22,"FR_CSMBHB_73000"
"FR-1-H_30_34_4793",4805,"14:59","FR_DHBGL_59140",5,8,-3,-3,-3,-4,0,-1,18,28,"FR_SRVHB_83700"
"FR-1-H_30_34_4793",4806,"25:42","FR_SRVHB_83700",12,9,-1,3,3,4,0,1,28,18,"FR_SRVHB_83700"
"FR-1-H_30_34_4793",4807,"34:37","FR_DHBGL_59140",12,18,-2,-6,-6,-8,0,-2,18,28,"FR_SRVHB_83700"
"FR-1-H_30_34_4793",4808,"49:27","FR_DHBGL_59140",15,24,-3,-9,-9,-11,0,-2,18,28,"FR_SRVHB_83700"
"FR-1-H_30_35_4794",4809,"10:16","FR_IPHB_13806",3,7,-6,-4,-4,-2,0,2,26,27,"FR_PAUC_13100"
"FR-1-H_30_35_4794",4810,"16:45","FR_PAUC_13100",9,8,-3,1,1,1,0,0,27,26,"FR_PAUC_13100"
"FR-1-H_30_35_4794",4811,"51:01","FR_PAUC_13100",23,23,-2,0,0,-1,0,-1,27,26,"FR_PAUC_13100"
"FR-1-H_30_35_4794",4812,"54:02","FR_IPHB_13806",24,23,1,1,1,0,0,-1,26,27,"FR_PAUC_13100"
"FR-1-H_30_35_4794",4813,"58:38","FR_PAUC_13100",26,26,-1,0,0,1,0,1,27,26,"FR_PAUC_13100"
"FR-1-H_30_35_4795",4814,"14:05","FR_CRMHB_35510",3,6,-2,-3,-3,-3,0,0,19,29,"FR_PSGHB_75016"
"FR-1-H_30_35_4795",4815,"19:22","FR_PSGHB_75016",8,6,-1,2,2,4,0,2,29,19,"FR_PSGHB_75016"
"FR-1-H_30_35_4795",4816,"29:54","FR_PSGHB_75016",14,10,1,4,4,6,0,2,29,19,"FR_PSGHB_75016"
"FR-1-H_30_35_4795",4817,"36:22","FR_CRMHB_35510",12,18,-1,-6,-6,-7,0,-1,19,29,"FR_PSGHB_75016"
"FR-1-H_30_35_4795",4818,"50:36","FR_CRMHB_35510",17,24,-1,-7,-7,-11,0,-4,19,29,"FR_PSGHB_75016"
"FR-1-H_30_35_4796",4819,"21:41","FR_MHB_34000",7,11,-3,-4,-4,-3,0,1,29,22,"FR_MHB_34000"
"FR-1-H_30_35_4796",4820,"24:25","FR_CSMBHB_73000",12,9,-2,3,3,1,0,-2,22,29,"FR_MHB_34000"
"FR-1-H_30_35_4796",4821,"28:49","FR_CSMBHB_73000",13,12,-1,1,1,-1,0,-2,22,29,"FR_MHB_34000"
"FR-1-H_30_35_4796",4822,"41:28","FR_CSMBHB_73000",17,19,-2,-2,-2,-3,0,-1,22,29,"FR_MHB_34000"
"FR-1-H_30_35_4796",4823,"49:00","FR_CSMBHB_73000",18,23,-3,-5,-5,-3,0,2,22,29,"FR_MHB_34000"
"FR-1-H_30_35_4796",4824,"52:38","FR_MHB_34000",24,21,-2,3,3,5,0,2,29,22,"FR_MHB_34000"
"FR-1-H_30_35_4797",4825,"15:13","FR_USAMNG_30918",5,8,-3,-3,-3,-2,0,1,27,25,"FR_USAMNG_30918"
"FR-1-H_30_35_4797",4826,"25:31","FR_DHBGL_59140",11,12,-2,-1,-1,-2,0,-1,25,27,"FR_USAMNG_30918"
"FR-1-H_30_35_4797",4827,"40:49","FR_USAMNG_30918",19,20,-2,-1,-1,-1,0,0,27,25,"FR_USAMNG_30918"
"FR-1-H_30_35_4797",4828,"51:22","FR_DHBGL_59140",23,23,-2,0,0,-2,0,-2,25,27,"FR_USAMNG_30918"
"FR-1-H_30_35_4797",4829,"57:49","FR_DHBGL_59140",24,27,-3,-3,-3,-2,0,1,25,27,"FR_USAMNG_30918"
"FR-1-H_30_35_4798",4830,"22:14","FR_HBCN_44200",10,9,-1,1,1,1,0,0,29,24,"FR_HBCN_44200"
"FR-1-H_30_35_4798",4831,"24:26","FR_SRVHB_83700",9,10,0,-1,-1,-2,0,-1,24,29,"FR_HBCN_44200"
"FR-1-H_30_35_4798",4832,"35:06","FR_SRVHB_83700",14,20,-2,-6,-6,-6,0,0,24,29,"FR_HBCN_44200"
"FR-1-H_30_35_4798",4833,"50:56","FR_SRVHB_83700",20,28,-2,-8,-8,-7,0,1,24,29,"FR_HBCN_44200"
"FR-1-H_30_35_4798",4834,"56:28","FR_HBCN_44200",29,22,1,7,7,5,0,-2,29,24,"FR_HBCN_44200"
"FR-1-H_30_35_4799",4835,"16:53","FR_USIHB_94200",5,9,-2,-4,-4,-5,0,-1,25,29,"FR_FTHB_31000"
"FR-1-H_30_35_4799",4836,"23:33","FR_USIHB_94200",6,13,-3,-7,-7,-5,0,2,25,29,"FR_FTHB_31000"
"FR-1-H_30_35_4799",4837,"36:29","FR_FTHB_31000",18,16,-2,2,2,4,0,2,29,25,"FR_FTHB_31000"
"FR-1-H_30_35_4799",4838,"55:24","FR_USIHB_94200",24,27,1,-3,-3,-4,0,-1,25,29,"FR_FTHB_31000"
"FR-1-H_30_35_4800",4839,"12:58","FR_TFHB_93290",5,8,-3,-3,-3,-3,0,0,25,24,"FR_TFHB_93290"
"FR-1-H_30_35_4800",4840,"22:13","FR_PCHB_77340",9,7,-2,2,2,2,0,0,24,25,"FR_TFHB_93290"
"FR-1-H_30_35_4800",4841,"38:41","FR_PCHB_77340",14,15,-2,-1,-1,0,0,1,24,25,"FR_TFHB_93290"
"FR-1-H_30_35_4800",4842,"51:31","FR_TFHB_93290",22,20,-1,2,2,1,0,-1,25,24,"FR_TFHB_93290"
"FR-1-H_30_35_4800",4843,"59:07","FR_PCHB_77340",24,25,-1,-1,-1,-1,0,0,24,25,"FR_TFHB_93290"
"FR-1-H_30_36_4801",4844,"14:28","FR_PAUC_13100",5,7,-2,-2,-2,-1,0,1,28,21,"FR_PAUC_13100"
"FR-1-H_30_36_4801",4845,"25:30","FR_CRMHB_35510",10,11,-2,-1,-1,-2,0,-1,21,28,"FR_PAUC_13100"
"FR-1-H_30_36_4801",4846,"45:04","FR_CRMHB_35510",16,18,1,-2,-2,-4,0,-2,21,28,"FR_PAUC_13100"
"FR-1-H_30_36_4801",4847,"49:29","FR_CRMHB_35510",17,21,-2,-4,-4,-5,0,-1,21,28,"FR_PAUC_13100"
"FR-1-H_30_36_4802",4848,"16:51","FR_FTHB_31000",9,8,-2,1,1,0,0,-1,27,22,"FR_FTHB_31000"
"FR-1-H_30_36_4802",4849,"22:48","FR_IPHB_13806",10,11,-2,-1,-1,-3,0,-2,22,27,"FR_FTHB_31000"
"FR-1-H_30_36_4802",4850,"37:14","FR_IPHB_13806",12,18,-2,-6,-6,-5,0,1,22,27,"FR_FTHB_31000"
"FR-1-H_30_36_4803",4851,"07:37","FR_TFHB_93290",3,6,-1,-3,-3,-5,0,-2,28,28,"Egalité"
"FR-1-H_30_36_4803",4852,"23:04","FR_USIHB_94200",13,13,-2,0,0,0,0,0,28,28,"Egalité"
"FR-1-H_30_36_4803",4853,"44:43","FR_USIHB_94200",23,24,-1,-1,-1,-1,0,0,28,28,"Egalité"
"FR-1-H_30_36_4803",4854,"45:25","FR_TFHB_93290",24,23,0,1,1,-1,0,-2,28,28,"Egalité"
"FR-1-H_30_36_4803",4855,"57:28","FR_USIHB_94200",26,28,-2,-2,-2,0,0,2,28,28,"Egalité"
"FR-1-H_30_36_4803",4856,"59:26","FR_TFHB_93290",28,28,-2,0,0,0,0,0,28,28,"Egalité"
"FR-1-H_30_36_4804",4857,"18:17","FR_SRVHB_83700",10,8,-2,2,2,4,0,2,26,30,"FR_MHB_34000"
"FR-1-H_30_36_4804",4858,"21:49","FR_MHB_34000",10,13,-2,-3,-3,-1,0,2,30,26,"FR_MHB_34000"
"FR-1-H_30_36_4804",4859,"38:37","FR_SRVHB_83700",17,18,-1,-1,-1,-3,0,-2,26,30,"FR_MHB_34000"
"FR-1-H_30_36_4804",4860,"47:04","FR_SRVHB_83700",18,24,-4,-6,-6,-5,0,1,26,30,"FR_MHB_34000"
"FR-1-H_30_36_4804",4861,"48:53","FR_MHB_34000",25,20,-2,5,5,5,0,0,30,26,"FR_MHB_34000"
"FR-1-H_30_36_4804",4862,"56:31","FR_MHB_34000",29,24,-1,5,5,4,0,-1,30,26,"FR_MHB_34000"
"FR-1-H_30_36_4805",4863,"11:45","FR_HBCN_44200",7,10,-2,-3,-3,-2,0,1,30,25,"FR_HBCN_44200"
"FR-1-H_30_36_4805",4864,"19:20","FR_USAMNG_30918",12,12,-3,0,0,0,0,0,25,30,"FR_HBCN_44200"
"FR-1-H_30_36_4805",4865,"38:50","FR_USAMNG_30918",18,21,-2,-3,-3,-6,0,-3,25,30,"FR_HBCN_44200"
"FR-1-H_30_36_4805",4866,"46:55","FR_USAMNG_30918",18,26,-3,-8,-8,-8,0,0,25,30,"FR_HBCN_44200"
"FR-1-H_30_36_4805",4867,"52:30","FR_HBCN_44200",29,21,-1,8,8,6,0,-2,30,25,"FR_HBCN_44200"
"FR-1-H_30_36_4805",4868,"56:15","FR_HBCN_44200",29,23,-2,6,6,5,0,-1,30,25,"FR_HBCN_44200"
"FR-1-H_30_36_4806",4869,"07:28","FR_CSMBHB_73000",2,5,-4,-3,-3,-2,0,1,22,26,"FR_PSGHB_75016"
"FR-1-H_30_36_4806",4870,"14:01","FR_PSGHB_75016",6,5,-1,1,1,0,0,-1,26,22,"FR_PSGHB_75016"
"FR-1-H_30_36_4806",4871,"42:33","FR_CSMBHB_73000",16,18,-2,-2,-2,-3,0,-1,22,26,"FR_PSGHB_75016"
"FR-1-H_30_36_4806",4872,"50:45","FR_PSGHB_75016",22,19,1,3,3,3,0,0,26,22,"FR_PSGHB_75016"
"FR-1-H_30_36_4807",4873,"15:19","FR_DHBGL_59140",8,7,-1,1,1,2,0,1,27,28,"FR_PCHB_77340"
"FR-1-H_30_36_4807",4874,"19:15","FR_PCHB_77340",9,11,-2,-2,-2,-3,0,-1,28,27,"FR_PCHB_77340"
"FR-1-H_30_36_4807",4875,"42:03","FR_DHBGL_59140",22,23,-3,-1,-1,-1,0,0,27,28,"FR_PCHB_77340"
"FR-1-H_30_36_4807",4876,"48:16","FR_DHBGL_59140",24,26,-2,-2,-2,0,0,2,27,28,"FR_PCHB_77340"
"FR-1-H_30_36_4807",4877,"53:05","FR_PCHB_77340",26,26,-2,0,0,1,0,1,28,27,"FR_PCHB_77340"
"FR-1-H_30_36_4807",4878,"59:38","FR_PCHB_77340",28,27,1,1,1,1,0,0,28,27,"FR_PCHB_77340"
"FR-1-H_30_37_4808",4879,"17:32","FR_USIHB_94200",6,11,-3,-5,-5,-3,0,2,19,30,"FR_PAUC_13100"
"FR-1-H_30_37_4808",4880,"21:09","FR_PAUC_13100",11,8,-2,3,3,5,0,2,30,19,"FR_PAUC_13100"
"FR-1-H_30_37_4808",4881,"46:10","FR_USIHB_94200",16,23,-2,-7,-7,-9,0,-2,19,30,"FR_PAUC_13100"
"FR-1-H_30_37_4809",4882,"03:09","FR_CRMHB_35510",0,3,-3,-3,-3,-6,0,-3,22,31,"FR_CSMBHB_73000"
"FR-1-H_30_37_4809",4883,"20:41","FR_CRMHB_35510",5,11,1,-6,-6,-7,0,-1,22,31,"FR_CSMBHB_73000"
"FR-1-H_30_37_4809",4884,"27:23","FR_CSMBHB_73000",14,8,-1,6,6,5,0,-1,31,22,"FR_CSMBHB_73000"
"FR-1-H_30_37_4809",4885,"46:29","FR_CRMHB_35510",16,26,-3,-10,-10,-9,0,1,22,31,"FR_CSMBHB_73000"
"FR-1-H_30_37_4809",4886,"57:01","FR_CRMHB_35510",20,31,-3,-11,-11,-9,0,2,22,31,"FR_CSMBHB_73000"
"FR-1-H_30_37_4810",4887,"21:58","FR_DHBGL_59140",9,9,-1,0,0,2,0,2,24,24,"Egalité"
"FR-1-H_30_37_4810",4888,"26:27","FR_TFHB_93290",10,12,-2,-2,-2,0,0,2,24,24,"Egalité"
"FR-1-H_30_37_4810",4889,"42:24","FR_TFHB_93290",18,18,-2,0,0,1,0,1,24,24,"Egalité"
"FR-1-H_30_37_4810",4890,"46:32","FR_DHBGL_59140",19,20,-1,-1,-1,-2,0,-1,24,24,"Egalité"
"FR-1-H_30_37_4810",4891,"55:44","FR_DHBGL_59140",21,23,-2,-2,-2,0,0,2,24,24,"Egalité"
"FR-1-H_30_37_4810",4892,"59:15","FR_TFHB_93290",24,24,-1,0,0,0,0,0,24,24,"Egalité"
"FR-1-H_30_37_4811",4893,"20:15","FR_USAMNG_30918",9,11,-3,-2,-2,-3,0,-1,27,33,"FR_MHB_34000"
"FR-1-H_30_37_4811",4894,"26:49","FR_MHB_34000",15,13,-2,2,2,2,0,0,33,27,"FR_MHB_34000"
"FR-1-H_30_37_4811",4895,"37:16","FR_MHB_34000",20,18,-2,2,2,2,0,0,33,27,"FR_MHB_34000"
"FR-1-H_30_37_4811",4896,"46:44","FR_USAMNG_30918",21,24,-2,-3,-3,-4,0,-1,27,33,"FR_MHB_34000"
"FR-1-H_30_37_4811",4897,"57:15","FR_USAMNG_30918",25,32,-4,-7,-7,-6,0,1,27,33,"FR_MHB_34000"
"FR-1-H_30_37_4812",4898,"19:16","FR_HBCN_44200",9,8,-3,1,1,-2,0,-3,29,30,"FR_PSGHB_75016"
"FR-1-H_30_37_4812",4899,"29:11","FR_PSGHB_75016",13,14,-1,-1,-1,-1,0,0,30,29,"FR_PSGHB_75016"
"FR-1-H_30_37_4812",4900,"45:54","FR_PSGHB_75016",20,21,-1,-1,-1,2,0,3,30,29,"FR_PSGHB_75016"
"FR-1-H_30_37_4812",4901,"49:59","FR_HBCN_44200",22,24,-2,-2,-2,-3,0,-1,29,30,"FR_PSGHB_75016"
"FR-1-H_30_37_4812",4902,"57:02","FR_HBCN_44200",27,29,-1,-2,-2,0,0,2,29,30,"FR_PSGHB_75016"
"FR-1-H_30_37_4812",4903,"59:47","FR_PSGHB_75016",29,29,-2,0,0,1,0,1,30,29,"FR_PSGHB_75016"
"FR-1-H_30_37_4813",4904,"20:52","FR_IPHB_13806",12,12,-1,0,0,0,0,0,30,32,"FR_SRVHB_83700"
"FR-1-H_30_37_4813",4905,"27:35","FR_SRVHB_83700",16,16,1,0,0,1,0,1,32,30,"FR_SRVHB_83700"
"FR-1-H_30_37_4813",4906,"36:16","FR_SRVHB_83700",20,21,-3,-1,-1,0,0,1,32,30,"FR_SRVHB_83700"
"FR-1-H_30_37_4813",4907,"39:34","FR_IPHB_13806",23,23,-2,0,0,-1,0,-1,30,32,"FR_SRVHB_83700"
"FR-1-H_30_37_4813",4908,"50:05","FR_IPHB_13806",26,28,-1,-2,-2,-4,0,-2,30,32,"FR_SRVHB_83700"
"FR-1-H_30_37_4813",4909,"58:27","FR_SRVHB_83700",31,30,-3,1,1,2,0,1,32,30,"FR_SRVHB_83700"
"FR-1-H_30_37_4814",4910,"18:01","FR_FTHB_31000",8,7,-1,1,1,0,0,-1,30,25,"FR_FTHB_31000"
"FR-1-H_30_37_4814",4911,"27:45","FR_PCHB_77340",13,13,1,0,0,0,0,0,25,30,"FR_FTHB_31000"
"FR-1-H_30_37_4814",4912,"35:21","FR_FTHB_31000",14,17,-4,-3,-3,-2,0,1,30,25,"FR_FTHB_31000"
"FR-1-H_30_37_4814",4913,"52:27","FR_PCHB_77340",24,25,-1,-1,-1,-3,0,-2,25,30,"FR_FTHB_31000"
"FR-1-H_30_37_4814",4914,"58:34","FR_PCHB_77340",25,28,-1,-3,-3,-5,0,-2,25,30,"FR_FTHB_31000"
"FR-1-H_30_38_4815",4915,"13:02","FR_CSMBHB_73000",5,8,-2,-3,-3,-1,0,2,24,26,"FR_HBCN_44200"
"FR-1-H_30_38_4815",4916,"21:09","FR_HBCN_44200",11,9,-1,2,2,0,0,-2,26,24,"FR_HBCN_44200"
"FR-1-H_30_38_4815",4917,"41:19","FR_CSMBHB_73000",16,22,-1,-6,-6,-5,0,1,24,26,"FR_HBCN_44200"
"FR-1-H_30_38_4815",4918,"46:34","FR_HBCN_44200",22,17,-1,5,5,5,0,0,26,24,"FR_HBCN_44200"
"FR-1-H_30_38_4815",4919,"51:15","FR_CSMBHB_73000",19,24,1,-5,-5,-4,0,1,24,26,"FR_HBCN_44200"
"FR-1-H_30_38_4815",4920,"54:31","FR_HBCN_44200",24,20,-1,4,4,3,0,-1,26,24,"FR_HBCN_44200"
"FR-1-H_30_38_4816",4921,"22:47","FR_IPHB_13806",11,15,1,-4,-4,-3,0,1,30,31,"FR_MHB_34000"
"FR-1-H_30_38_4816",4922,"27:43","FR_MHB_34000",16,13,-2,3,3,4,0,1,31,30,"FR_MHB_34000"
"FR-1-H_30_38_4816",4923,"43:56","FR_IPHB_13806",22,22,2,0,0,-2,0,-2,30,31,"FR_MHB_34000"
"FR-1-H_30_38_4816",4924,"53:25","FR_MHB_34000",27,27,-3,0,0,0,0,0,31,30,"FR_MHB_34000"
"FR-1-H_30_38_4816",4925,"58:06","FR_IPHB_13806",30,30,1,0,0,-1,0,-1,30,31,"FR_MHB_34000"
"FR-1-H_30_38_4817",4926,"15:09","FR_CRMHB_35510",3,6,-1,-3,-3,-4,0,-1,18,18,"Egalité"
"FR-1-H_30_38_4817",4927,"28:13","FR_USIHB_94200",13,7,1,6,6,5,0,-1,18,18,"Egalité"
"FR-1-H_30_38_4817",4928,"37:32","FR_USIHB_94200",14,11,-2,3,3,5,0,2,18,18,"Egalité"
"FR-1-H_30_38_4817",4929,"48:40","FR_CRMHB_35510",14,17,1,-3,-3,-1,0,2,18,18,"Egalité"
"FR-1-H_30_38_4817",4930,"58:41","FR_USIHB_94200",17,17,-1,0,0,1,0,1,18,18,"Egalité"
"FR-1-H_30_38_4817",4931,"59:03","FR_CRMHB_35510",17,18,-1,-1,-1,0,0,1,18,18,"Egalité"
"FR-1-H_30_38_4818",4932,"14:24","FR_SRVHB_83700",6,10,-1,-4,-4,-4,0,0,28,30,"FR_USAMNG_30918"
"FR-1-H_30_38_4818",4933,"29:47","FR_USAMNG_30918",15,12,-2,3,3,5,0,2,30,28,"FR_USAMNG_30918"
"FR-1-H_30_38_4818",4934,"39:14","FR_USAMNG_30918",21,17,-2,4,4,4,0,0,30,28,"FR_USAMNG_30918"
"FR-1-H_30_38_4818",4935,"49:27","FR_SRVHB_83700",20,26,-3,-6,-6,-3,0,3,28,30,"FR_USAMNG_30918"
"FR-1-H_30_38_4818",4936,"58:50","FR_USAMNG_30918",29,27,-2,2,2,2,0,0,30,28,"FR_USAMNG_30918"
"FR-1-H_30_38_4819",4937,"08:37","FR_DHBGL_59140",2,7,-3,-5,-5,-9,0,-4,23,30,"FR_PSGHB_75016"
"FR-1-H_30_38_4819",4938,"12:07","FR_DHBGL_59140",2,11,-4,-9,-9,-8,0,1,23,30,"FR_PSGHB_75016"
"FR-1-H_30_38_4819",4939,"52:53","FR_DHBGL_59140",17,29,-2,-12,-12,-9,0,3,23,30,"FR_PSGHB_75016"
"FR-1-H_30_38_4820",4940,"09:30","FR_PAUC_13100",2,5,-4,-3,-3,-1,0,2,29,28,"FR_PAUC_13100"
"FR-1-H_30_38_4820",4941,"15:40","FR_PCHB_77340",7,7,-2,0,0,0,0,0,28,29,"FR_PAUC_13100"
"FR-1-H_30_38_4820",4942,"50:58","FR_PCHB_77340",24,24,-1,0,0,1,0,1,28,29,"FR_PAUC_13100"
"FR-1-H_30_38_4820",4943,"53:03","FR_PAUC_13100",24,25,-1,-1,-1,0,0,1,29,28,"FR_PAUC_13100"
"FR-1-H_30_38_4820",4944,"59:19","FR_PAUC_13100",28,28,-1,0,0,1,0,1,29,28,"FR_PAUC_13100"
"FR-1-H_30_38_4820",4945,"59:42","FR_PCHB_77340",28,29,-1,-1,-1,-1,0,0,28,29,"FR_PAUC_13100"
"FR-1-H_30_38_4821",4946,"06:16","FR_TFHB_93290",1,4,-2,-3,-3,-1,0,2,23,35,"FR_FTHB_31000"
"FR-1-H_30_38_4821",4947,"10:26","FR_FTHB_31000",5,4,-2,1,1,0,0,-1,35,23,"FR_FTHB_31000"
"FR-1-H_30_38_4821",4948,"33:27","FR_TFHB_93290",11,21,-6,-10,-10,-11,0,-1,23,35,"FR_FTHB_31000"
"FR-1-H_30_38_4821",4949,"38:32","FR_TFHB_93290",13,24,-2,-11,-11,-11,0,0,23,35,"FR_FTHB_31000"
"FR-1-H_30_39_4822",4950,"16:08","FR_TFHB_93290",6,9,-2,-3,-3,-3,0,0,26,33,"FR_PAUC_13100"
"FR-1-H_30_39_4822",4951,"24:15","FR_PAUC_13100",15,13,-2,2,2,3,0,1,33,26,"FR_PAUC_13100"
"FR-1-H_30_39_4822",4952,"52:24","FR_PAUC_13100",29,23,-1,6,6,6,0,0,33,26,"FR_PAUC_13100"
"FR-1-H_30_39_4823",4953,"20:47","FR_USAMNG_30918",11,10,-3,1,1,2,0,1,30,23,"FR_USAMNG_30918"
"FR-1-H_30_39_4823",4954,"27:17","FR_CRMHB_35510",12,15,-2,-3,-3,-3,0,0,23,30,"FR_USAMNG_30918"
"FR-1-H_30_39_4823",4955,"42:38","FR_CRMHB_35510",15,21,-4,-6,-6,-6,0,0,23,30,"FR_USAMNG_30918"
"FR-1-H_30_39_4823",4956,"51:22","FR_CRMHB_35510",18,25,-2,-7,-7,-6,0,1,23,30,"FR_USAMNG_30918"
"FR-1-H_30_39_4823",4957,"52:57","FR_USAMNG_30918",26,20,-1,6,6,7,0,1,30,23,"FR_USAMNG_30918"
"FR-1-H_30_39_4824",4958,"17:46","FR_DHBGL_59140",4,8,-3,-4,-4,-3,0,1,29,27,"FR_DHBGL_59140"
"FR-1-H_30_39_4824",4959,"24:14","FR_SRVHB_83700",10,8,-2,2,2,3,0,1,27,29,"FR_DHBGL_59140"
"FR-1-H_30_39_4824",4960,"46:02","FR_DHBGL_59140",21,22,-1,-1,-1,1,0,2,29,27,"FR_DHBGL_59140"
"FR-1-H_30_39_4824",4961,"48:42","FR_SRVHB_83700",22,23,-2,-1,-1,0,0,1,27,29,"FR_DHBGL_59140"
"FR-1-H_30_39_4824",4962,"55:20","FR_SRVHB_83700",25,26,-1,-1,-1,-1,0,0,27,29,"FR_DHBGL_59140"
"FR-1-H_30_39_4824",4963,"59:35","FR_DHBGL_59140",28,27,-1,1,1,2,0,1,29,27,"FR_DHBGL_59140"
"FR-1-H_30_39_4825",4964,"20:13","FR_CSMBHB_73000",7,7,-1,0,0,0,0,0,22,24,"FR_MHB_34000"
"FR-1-H_30_39_4825",4965,"22:49","FR_MHB_34000",7,7,0,0,0,2,0,2,24,22,"FR_MHB_34000"
"FR-1-H_30_39_4825",4966,"52:20","FR_CSMBHB_73000",19,23,-2,-4,-4,-2,0,2,22,24,"FR_MHB_34000"
"FR-1-H_30_39_4825",4967,"59:01","FR_MHB_34000",24,22,-2,2,2,2,0,0,24,22,"FR_MHB_34000"
"FR-1-H_30_39_4826",4968,"20:32","FR_IPHB_13806",10,13,-1,-3,-3,-5,0,-2,31,39,"FR_HBCN_44200"
"FR-1-H_30_39_4826",4969,"29:50","FR_HBCN_44200",22,14,-1,8,8,9,0,1,39,31,"FR_HBCN_44200"
"FR-1-H_30_39_4826",4970,"44:19","FR_IPHB_13806",22,31,-2,-9,-9,-8,0,1,31,39,"FR_HBCN_44200"
"FR-1-H_30_39_4826",4971,"51:55","FR_HBCN_44200",33,26,1,7,7,8,0,1,39,31,"FR_HBCN_44200"
"FR-1-H_30_39_4826",4972,"54:56","FR_IPHB_13806",28,36,-2,-8,-8,-8,0,0,31,39,"FR_HBCN_44200"
"FR-1-H_30_39_4827",4973,"05:41","FR_PCHB_77340",1,5,-4,-4,-4,-5,0,-1,28,29,"FR_USIHB_94200"
"FR-1-H_30_39_4827",4974,"27:57","FR_USIHB_94200",12,9,1,3,3,1,0,-2,29,28,"FR_USIHB_94200"
"FR-1-H_30_39_4827",4975,"37:23","FR_USIHB_94200",15,17,-3,-2,-2,-1,0,1,29,28,"FR_USIHB_94200"
"FR-1-H_30_39_4827",4976,"45:43","FR_PCHB_77340",21,22,-2,-1,-1,-2,0,-1,28,29,"FR_USIHB_94200"
"FR-1-H_30_39_4827",4977,"58:50","FR_USIHB_94200",28,27,1,1,1,1,0,0,29,28,"FR_USIHB_94200"
"FR-1-H_30_39_4828",4978,"23:47","FR_FTHB_31000",12,15,-2,-3,-3,-1,0,2,30,35,"FR_PSGHB_75016"
"FR-1-H_30_39_4828",4979,"29:38","FR_PSGHB_75016",18,17,1,1,1,5,0,4,35,30,"FR_PSGHB_75016"
"FR-1-H_30_39_4828",4980,"32:48","FR_FTHB_31000",17,22,-4,-5,-5,-6,0,-1,30,35,"FR_PSGHB_75016"
"FR-1-H_30_39_4828",4981,"39:14","FR_PSGHB_75016",24,20,-3,4,4,6,0,2,35,30,"FR_PSGHB_75016"
"FR-1-H_30_40_4829",4982,"09:42","FR_CSMBHB_73000",4,2,1,2,2,4,0,2,28,18,"FR_CSMBHB_73000"
"FR-1-H_30_40_4829",4983,"14:07","FR_PCHB_77340",3,7,-2,-4,-4,-3,0,1,18,28,"FR_CSMBHB_73000"
"FR-1-H_30_40_4829",4984,"36:02","FR_PCHB_77340",11,15,-2,-4,-4,-7,0,-3,18,28,"FR_CSMBHB_73000"
"FR-1-H_30_40_4830",4985,"20:08","FR_IPHB_13806",5,8,-2,-3,-3,-5,0,-2,25,24,"FR_IPHB_13806"
"FR-1-H_30_40_4830",4986,"29:24","FR_PAUC_13100",12,7,-1,5,5,6,0,1,24,25,"FR_IPHB_13806"
"FR-1-H_30_40_4830",4987,"40:10","FR_PAUC_13100",16,13,-3,3,3,1,0,-2,24,25,"FR_IPHB_13806"
"FR-1-H_30_40_4830",4988,"52:01","FR_IPHB_13806",20,20,-1,0,0,-2,0,-2,25,24,"FR_IPHB_13806"
"FR-1-H_30_40_4830",4989,"53:48","FR_IPHB_13806",20,21,-1,-1,-1,0,0,1,25,24,"FR_IPHB_13806"
"FR-1-H_30_40_4830",4990,"56:38","FR_PAUC_13100",22,22,-2,0,0,-1,0,-1,24,25,"FR_IPHB_13806"
"FR-1-H_30_40_4831",4991,"19:46","FR_USIHB_94200",8,12,1,-4,-4,-4,0,0,29,33,"FR_HBCN_44200"
"FR-1-H_30_40_4831",4992,"40:04","FR_USIHB_94200",18,23,-3,-5,-5,-4,0,1,29,33,"FR_HBCN_44200"
"FR-1-H_30_40_4831",4993,"47:24","FR_HBCN_44200",26,24,-2,2,2,4,0,2,33,29,"FR_HBCN_44200"
"FR-1-H_30_40_4831",4994,"58:14","FR_HBCN_44200",32,28,-2,4,4,5,0,1,33,29,"FR_HBCN_44200"
"FR-1-H_30_40_4831",4995,"58:56","FR_USIHB_94200",28,33,-1,-5,-5,-4,0,1,29,33,"FR_HBCN_44200"
"FR-1-H_30_40_4832",4996,"11:38","FR_DHBGL_59140",3,8,-3,-5,-5,-7,0,-2,25,27,"FR_USAMNG_30918"
"FR-1-H_30_40_4832",4997,"20:36","FR_USAMNG_30918",12,8,-3,4,4,2,0,-2,27,25,"FR_USAMNG_30918"
"FR-1-H_30_40_4832",4998,"39:11","FR_DHBGL_59140",14,19,-2,-5,-5,-6,0,-1,25,27,"FR_USAMNG_30918"
"FR-1-H_30_40_4832",4999,"47:55","FR_DHBGL_59140",19,23,-1,-4,-4,-2,0,2,25,27,"FR_USAMNG_30918"
"FR-1-H_30_40_4832",5000,"59:00","FR_USAMNG_30918",26,25,-1,1,1,2,0,1,27,25,"FR_USAMNG_30918"
"FR-1-H_30_40_4833",5001,"10:21","FR_SRVHB_83700",4,8,-1,-4,-4,-5,0,-1,24,32,"FR_MHB_34000"
"FR-1-H_30_40_4833",5002,"25:48","FR_MHB_34000",16,9,1,7,7,8,0,1,32,24,"FR_MHB_34000"
"FR-1-H_30_40_4833",5003,"46:11","FR_SRVHB_83700",19,27,-2,-8,-8,-7,0,1,24,32,"FR_MHB_34000"
"FR-1-H_30_40_4833",5004,"51:11","FR_MHB_34000",28,21,-2,7,7,7,0,0,32,24,"FR_MHB_34000"
"FR-1-H_30_40_4833",5005,"55:46","FR_MHB_34000",30,23,-1,7,7,8,0,1,32,24,"FR_MHB_34000"
"FR-1-H_30_40_4834",5006,"15:48","FR_CRMHB_35510",9,13,-1,-4,-4,-4,0,0,26,36,"FR_FTHB_31000"
"FR-1-H_30_40_4834",5007,"23:59","FR_FTHB_31000",17,13,-1,4,4,6,0,2,36,26,"FR_FTHB_31000"
"FR-1-H_30_40_4834",5008,"51:01","FR_CRMHB_35510",24,32,-1,-8,-8,-8,0,0,26,36,"FR_FTHB_31000"
"FR-1-H_30_40_4835",5009,"11:08","FR_TFHB_93290",5,6,-4,-1,-1,-3,0,-2,23,34,"FR_PSGHB_75016"
"FR-1-H_30_40_4835",5010,"20:56","FR_PSGHB_75016",9,10,-4,-1,-1,0,0,1,34,23,"FR_PSGHB_75016"
"FR-1-H_30_40_4835",5011,"36:09","FR_TFHB_93290",17,17,-3,0,0,-2,0,-2,23,34,"FR_PSGHB_75016"
"FR-1-H_30_40_4835",5012,"40:50","FR_PSGHB_75016",20,18,-1,2,2,4,0,2,34,23,"FR_PSGHB_75016"
"FR-1-H_30_40_4835",5013,"52:22","FR_TFHB_93290",22,28,-1,-6,-6,-10,0,-4,23,34,"FR_PSGHB_75016"
"FR-1-H_30_41_4836",5014,"20:27","FR_PAUC_13100",5,7,0,-2,-2,-3,0,-1,19,23,"FR_MHB_34000"
"FR-1-H_30_41_4836",5015,"27:34","FR_MHB_34000",10,8,-1,2,2,4,0,2,23,19,"FR_MHB_34000"
"FR-1-H_30_41_4836",5016,"47:37","FR_PAUC_13100",15,17,1,-2,-2,-3,0,-1,19,23,"FR_MHB_34000"
"FR-1-H_30_41_4836",5017,"58:46","FR_MHB_34000",22,19,-1,3,3,4,0,1,23,19,"FR_MHB_34000"
"FR-1-H_30_41_4837",5018,"19:52","FR_IPHB_13806",5,6,-2,-1,-1,0,0,1,23,20,"FR_IPHB_13806"
"FR-1-H_30_41_4837",5019,"25:11","FR_CRMHB_35510",7,8,-1,-1,-1,-2,0,-1,20,23,"FR_IPHB_13806"
"FR-1-H_30_41_4837",5020,"42:54","FR_IPHB_13806",14,13,-1,1,1,1,0,0,23,20,"FR_IPHB_13806"
"FR-1-H_30_41_4837",5021,"47:13","FR_CRMHB_35510",16,17,-1,-1,-1,-3,0,-2,20,23,"FR_IPHB_13806"
"FR-1-H_30_41_4837",5022,"52:41","FR_CRMHB_35510",16,20,-3,-4,-4,-2,0,2,20,23,"FR_IPHB_13806"
"FR-1-H_30_41_4837",5023,"59:05","FR_IPHB_13806",23,20,1,3,3,3,0,0,23,20,"FR_IPHB_13806"
"FR-1-H_30_41_4838",5024,"11:35","FR_DHBGL_59140",4,7,-1,-3,-3,-2,0,1,22,28,"FR_FTHB_31000"
"FR-1-H_30_41_4838",5025,"21:28","FR_FTHB_31000",9,10,-3,-1,-1,0,0,1,28,22,"FR_FTHB_31000"
"FR-1-H_30_41_4838",5026,"44:08","FR_DHBGL_59140",18,19,-2,-1,-1,-3,0,-2,22,28,"FR_FTHB_31000"
"FR-1-H_30_41_4838",5027,"49:41","FR_DHBGL_59140",19,22,-1,-3,-3,-2,0,1,22,28,"FR_FTHB_31000"
"FR-1-H_30_41_4838",5028,"52:22","FR_FTHB_31000",23,21,-1,2,2,6,0,4,28,22,"FR_FTHB_31000"
"FR-1-H_30_41_4839",5029,"17:21","FR_CSMBHB_73000",8,8,-2,0,0,1,0,1,32,22,"FR_CSMBHB_73000"
"FR-1-H_30_41_4839",5030,"25:10","FR_USIHB_94200",8,11,-2,-3,-3,-1,0,2,22,32,"FR_CSMBHB_73000"
"FR-1-H_30_41_4839",5031,"34:56","FR_USIHB_94200",13,17,-3,-4,-4,-6,0,-2,22,32,"FR_CSMBHB_73000"
"FR-1-H_30_41_4839",5032,"51:15","FR_USIHB_94200",19,26,-2,-7,-7,-11,0,-4,22,32,"FR_CSMBHB_73000"
"FR-1-H_30_41_4840",5033,"16:19","FR_USAMNG_30918",10,12,-2,-2,-2,-2,0,0,32,26,"FR_USAMNG_30918"
"FR-1-H_30_41_4840",5034,"25:14","FR_TFHB_93290",15,15,-2,0,0,0,0,0,26,32,"FR_USAMNG_30918"
"FR-1-H_30_41_4840",5035,"41:25","FR_TFHB_93290",22,23,1,-1,-1,-3,0,-2,26,32,"FR_USAMNG_30918"
"FR-1-H_30_41_4840",5036,"48:55","FR_TFHB_93290",23,28,-3,-5,-5,-6,0,-1,26,32,"FR_USAMNG_30918"
"FR-1-H_30_41_4840",5037,"51:45","FR_USAMNG_30918",29,23,1,6,6,6,0,0,32,26,"FR_USAMNG_30918"
"FR-1-H_30_41_4841",5038,"14:06","FR_HBCN_44200",6,9,-4,-3,-3,-3,0,0,29,35,"FR_PSGHB_75016"
"FR-1-H_30_41_4841",5039,"27:26","FR_PSGHB_75016",17,12,-1,5,5,6,0,1,35,29,"FR_PSGHB_75016"
"FR-1-H_30_41_4841",5040,"39:50","FR_HBCN_44200",18,27,-1,-9,-9,-11,0,-2,29,35,"FR_PSGHB_75016"
"FR-1-H_30_41_4842",5041,"09:30","FR_PCHB_77340",4,8,-3,-4,-4,-5,0,-1,27,32,"FR_SRVHB_83700"
"FR-1-H_30_41_4842",5042,"16:19","FR_SRVHB_83700",11,7,-1,4,4,3,0,-1,32,27,"FR_SRVHB_83700"
"FR-1-H_30_41_4842",5043,"38:59","FR_PCHB_77340",18,20,-3,-2,-2,-4,0,-2,27,32,"FR_SRVHB_83700"
"FR-1-H_30_41_4842",5044,"53:12","FR_SRVHB_83700",28,23,-1,5,5,6,0,1,32,27,"FR_SRVHB_83700"
"FR-1-H_30_42_4843",5045,"12:58","FR_CSMBHB_73000",4,8,-2,-4,-4,-4,0,0,21,30,"FR_PSGHB_75016"
"FR-1-H_30_42_4843",5046,"29:41","FR_PSGHB_75016",16,10,2,6,6,8,0,2,30,21,"FR_PSGHB_75016"
"FR-1-H_30_42_4843",5047,"40:19","FR_CSMBHB_73000",12,22,-2,-10,-10,-9,0,1,21,30,"FR_PSGHB_75016"
"FR-1-H_30_42_4844",5048,"20:13","FR_IPHB_13806",7,8,-1,-1,-1,0,0,1,28,23,"FR_IPHB_13806"
"FR-1-H_30_42_4844",5049,"24:41","FR_DHBGL_59140",10,10,-2,0,0,-1,0,-1,23,28,"FR_IPHB_13806"
"FR-1-H_30_42_4844",5050,"44:36","FR_DHBGL_59140",16,20,-1,-4,-4,-3,0,1,23,28,"FR_IPHB_13806"
"FR-1-H_30_42_4844",5051,"52:11","FR_IPHB_13806",23,19,2,4,4,4,0,0,28,23,"FR_IPHB_13806"
"FR-1-H_30_42_4844",5052,"54:03","FR_DHBGL_59140",20,24,-1,-4,-4,-3,0,1,23,28,"FR_IPHB_13806"
"FR-1-H_30_42_4844",5053,"58:04","FR_IPHB_13806",25,22,-1,3,3,5,0,2,28,23,"FR_IPHB_13806"
"FR-1-H_30_42_4845",5054,"27:30","FR_USIHB_94200",12,11,1,1,1,3,0,2,32,30,"FR_USIHB_94200"
"FR-1-H_30_42_4845",5055,"41:55","FR_MHB_34000",16,22,-2,-6,-6,-4,0,2,30,32,"FR_USIHB_94200"
"FR-1-H_30_42_4845",5056,"43:47","FR_USIHB_94200",22,18,-2,4,4,3,0,-1,32,30,"FR_USIHB_94200"
"FR-1-H_30_42_4845",5057,"55:15","FR_MHB_34000",24,29,-2,-5,-5,-2,0,3,30,32,"FR_USIHB_94200"
"FR-1-H_30_42_4845",5058,"57:08","FR_USIHB_94200",29,27,-3,2,2,2,0,0,32,30,"FR_USIHB_94200"
"FR-1-H_30_42_4846",5059,"08:22","FR_PCHB_77340",3,6,-2,-3,-3,-5,0,-2,24,34,"FR_HBCN_44200"
"FR-1-H_30_42_4846",5060,"24:33","FR_HBCN_44200",17,7,-1,10,10,11,0,1,34,24,"FR_HBCN_44200"
"FR-1-H_30_42_4846",5061,"46:58","FR_HBCN_44200",29,18,-1,11,11,12,0,1,34,24,"FR_HBCN_44200"
"FR-1-H_30_42_4846",5062,"57:58","FR_HBCN_44200",33,23,-2,10,10,10,0,0,34,24,"FR_HBCN_44200"
"FR-1-H_30_42_4847",5063,"19:26","FR_SRVHB_83700",9,10,-1,-1,-1,1,0,2,24,28,"FR_PAUC_13100"
"FR-1-H_30_42_4847",5064,"42:28","FR_SRVHB_83700",15,18,-1,-3,-3,-3,0,0,24,28,"FR_PAUC_13100"
"FR-1-H_30_42_4847",5065,"52:04","FR_PAUC_13100",23,19,1,4,4,5,0,1,28,24,"FR_PAUC_13100"
"FR-1-H_30_42_4847",5066,"56:12","FR_SRVHB_83700",21,26,-1,-5,-5,-4,0,1,24,28,"FR_PAUC_13100"
"FR-1-H_30_42_4848",5067,"17:36","FR_USAMNG_30918",11,9,1,2,2,4,0,2,29,29,"Egalité"
"FR-1-H_30_42_4848",5068,"26:17","FR_USAMNG_30918",17,13,-1,4,4,5,0,1,29,29,"Egalité"
"FR-1-H_30_42_4848",5069,"45:55","FR_USAMNG_30918",23,21,-2,2,2,3,0,1,29,29,"Egalité"
"FR-1-H_30_42_4848",5070,"55:43","FR_USAMNG_30918",27,27,-3,0,0,1,0,1,29,29,"Egalité"
"FR-1-H_30_42_4848",5071,"58:25","FR_FTHB_31000",28,29,-1,-1,-1,0,0,1,29,29,"Egalité"
"FR-1-H_30_42_4849",5072,"23:32","FR_TFHB_93290",13,11,-1,2,2,5,0,3,32,26,"FR_TFHB_93290"
"FR-1-H_30_42_4849",5073,"26:53","FR_CRMHB_35510",11,16,-3,-5,-5,-6,0,-1,26,32,"FR_TFHB_93290"
"FR-1-H_30_42_4849",5074,"41:22","FR_CRMHB_35510",16,26,-2,-10,-10,-11,0,-1,26,32,"FR_TFHB_93290"
"FR-1-H_30_42_4849",5075,"45:23","FR_TFHB_93290",28,17,-1,11,11,12,0,1,32,26,"FR_TFHB_93290"
"FR-1-H_30_42_4849",5076,"47:38","FR_CRMHB_35510",17,29,-1,-12,-12,-10,0,2,26,32,"FR_TFHB_93290"
"FR-1-H_30_43_4850",5077,"18:39","FR_HBCN_44200",9,10,-1,-1,-1,-1,0,0,34,23,"FR_HBCN_44200"
"FR-1-H_30_43_4850",5078,"26:26","FR_CRMHB_35510",14,15,-3,-1,-1,-2,0,-1,23,34,"FR_HBCN_44200"
"FR-1-H_30_43_4850",5079,"34:04","FR_CRMHB_35510",16,20,-3,-4,-4,-4,0,0,23,34,"FR_HBCN_44200"
"FR-1-H_30_43_4850",5080,"47:01","FR_HBCN_44200",26,18,2,8,8,9,0,1,34,23,"FR_HBCN_44200"
"FR-1-H_30_43_4850",5081,"54:19","FR_CRMHB_35510",22,30,2,-8,-8,-10,0,-2,23,34,"FR_HBCN_44200"
"FR-1-H_30_43_4851",5082,"07:13","FR_CSMBHB_73000",3,6,-2,-3,-3,-2,0,1,34,31,"FR_CSMBHB_73000"
"FR-1-H_30_43_4851",5083,"13:17","FR_TFHB_93290",8,7,-3,1,1,-2,0,-3,31,34,"FR_CSMBHB_73000"
"FR-1-H_30_43_4851",5084,"43:30","FR_TFHB_93290",21,27,-2,-6,-6,-6,0,0,31,34,"FR_CSMBHB_73000"
"FR-1-H_30_43_4852",5085,"22:34","FR_MHB_34000",5,7,-1,-2,-2,1,0,3,23,22,"FR_MHB_34000"
"FR-1-H_30_43_4852",5086,"26:29","FR_DHBGL_59140",8,9,-2,-1,-1,0,0,1,22,23,"FR_MHB_34000"
"FR-1-H_30_43_4852",5087,"44:37","FR_DHBGL_59140",17,18,-2,-1,-1,-2,0,-1,22,23,"FR_MHB_34000"
"FR-1-H_30_43_4852",5088,"50:40","FR_DHBGL_59140",18,21,-3,-3,-3,-2,0,1,22,23,"FR_MHB_34000"
"FR-1-H_30_43_4852",5089,"59:12","FR_MHB_34000",23,21,-1,2,2,1,0,-1,23,22,"FR_MHB_34000"
"FR-1-H_30_43_4853",5090,"11:28","FR_PAUC_13100",3,6,-3,-3,-3,-4,0,-1,25,23,"FR_PAUC_13100"
"FR-1-H_30_43_4853",5091,"24:40","FR_USIHB_94200",10,9,-2,1,1,0,0,-1,23,25,"FR_PAUC_13100"
"FR-1-H_30_43_4853",5092,"43:55","FR_USIHB_94200",15,18,1,-3,-3,-2,0,1,23,25,"FR_PAUC_13100"
"FR-1-H_30_43_4853",5093,"51:57","FR_PAUC_13100",21,20,-1,1,1,3,0,2,25,23,"FR_PAUC_13100"
"FR-1-H_30_43_4853",5094,"56:26","FR_USIHB_94200",21,24,-1,-3,-3,-2,0,1,23,25,"FR_PAUC_13100"
"FR-1-H_30_43_4854",5095,"18:26","FR_PCHB_77340",9,11,-2,-2,-2,-3,0,-1,30,34,"FR_USAMNG_30918"
"FR-1-H_30_43_4854",5096,"29:43","FR_USAMNG_30918",17,14,1,3,3,5,0,2,34,30,"FR_USAMNG_30918"
"FR-1-H_30_43_4854",5097,"44:33","FR_USAMNG_30918",25,23,-2,2,2,3,0,1,34,30,"FR_USAMNG_30918"
"FR-1-H_30_43_4854",5098,"49:41","FR_PCHB_77340",25,28,-2,-3,-3,-4,0,-1,30,34,"FR_USAMNG_30918"
"FR-1-H_30_43_4854",5099,"56:57","FR_PCHB_77340",27,33,-3,-6,-6,-4,0,2,30,34,"FR_USAMNG_30918"
"FR-1-H_30_43_4855",5100,"43:05","FR_IPHB_13806",24,35,-3,-11,-11,-12,0,-1,29,44,"FR_PSGHB_75016"
"FR-1-H_30_43_4856",5101,"13:30","FR_FTHB_31000",4,7,-3,-3,-3,-1,0,2,33,31,"FR_FTHB_31000"
"FR-1-H_30_43_4856",5102,"28:01","FR_SRVHB_83700",14,14,-1,0,0,-1,0,-1,31,33,"FR_FTHB_31000"
"FR-1-H_30_43_4856",5103,"47:09","FR_FTHB_31000",26,23,-2,3,3,3,0,0,33,31,"FR_FTHB_31000"
"FR-1-H_30_43_4856",5104,"54:36","FR_SRVHB_83700",27,31,-2,-4,-4,-3,0,1,31,33,"FR_FTHB_31000"
"FR-1-H_30_43_4856",5105,"58:06","FR_FTHB_31000",33,30,-2,3,3,2,0,-1,33,31,"FR_FTHB_31000"
"FR-1-H_30_44_4857",5106,"23:33","FR_USAMNG_30918",8,10,-3,-2,-2,-4,0,-2,21,25,"FR_PAUC_13100"
"FR-1-H_30_44_4857",5107,"28:42","FR_PAUC_13100",13,9,1,4,4,2,0,-2,25,21,"FR_PAUC_13100"
"FR-1-H_30_44_4857",5108,"48:02","FR_PAUC_13100",21,17,-1,4,4,4,0,0,25,21,"FR_PAUC_13100"
"FR-1-H_30_44_4857",5109,"52:27","FR_USAMNG_30918",18,22,-1,-4,-4,-3,0,1,21,25,"FR_PAUC_13100"
"FR-1-H_30_44_4857",5110,"56:28","FR_USAMNG_30918",20,23,-1,-3,-3,-4,0,-1,21,25,"FR_PAUC_13100"
"FR-1-H_30_44_4858",5111,"22:25","FR_DHBGL_59140",8,9,-2,-1,-1,0,0,1,22,22,"Egalité"
"FR-1-H_30_44_4858",5112,"25:35","FR_CRMHB_35510",10,10,1,0,0,1,0,1,22,22,"Egalité"
"FR-1-H_30_44_4858",5113,"41:08","FR_CRMHB_35510",17,16,-1,1,1,2,0,1,22,22,"Egalité"
"FR-1-H_30_44_4858",5114,"44:29","FR_DHBGL_59140",17,19,-2,-2,-2,0,0,2,22,22,"Egalité"
"FR-1-H_30_44_4858",5115,"52:47","FR_DHBGL_59140",20,21,-1,-1,-1,1,0,2,22,22,"Egalité"
"FR-1-H_30_44_4858",5116,"55:53","FR_CRMHB_35510",21,22,-2,-1,-1,0,0,1,22,22,"Egalité"
"FR-1-H_30_44_4859",5117,"17:45","FR_IPHB_13806",6,9,-2,-3,-3,-3,0,0,24,28,"FR_CSMBHB_73000"
"FR-1-H_30_44_4859",5118,"29:38","FR_CSMBHB_73000",18,12,-1,6,6,8,0,2,28,24,"FR_CSMBHB_73000"
"FR-1-H_30_44_4859",5119,"39:18","FR_CSMBHB_73000",20,16,-4,4,4,6,0,2,28,24,"FR_CSMBHB_73000"
"FR-1-H_30_44_4859",5120,"50:10","FR_IPHB_13806",19,25,2,-6,-6,-6,0,0,24,28,"FR_CSMBHB_73000"
"FR-1-H_30_44_4860",5121,"15:29","FR_USIHB_94200",5,8,-2,-3,-3,-4,0,-1,24,37,"FR_PSGHB_75016"
"FR-1-H_30_44_4860",5122,"21:50","FR_PSGHB_75016",12,10,-3,2,2,3,0,1,37,24,"FR_PSGHB_75016"
"FR-1-H_30_44_4860",5123,"27:26","FR_USIHB_94200",12,15,-1,-3,-3,-5,0,-2,24,37,"FR_PSGHB_75016"
"FR-1-H_30_44_4860",5124,"39:34","FR_USIHB_94200",16,25,-3,-9,-9,-10,0,-1,24,37,"FR_PSGHB_75016"
"FR-1-H_30_44_4861",5125,"07:27","FR_FTHB_31000",3,6,-2,-3,-3,-2,0,1,27,36,"FR_MHB_34000"
"FR-1-H_30_44_4861",5126,"24:09","FR_MHB_34000",16,13,-1,3,3,4,0,1,36,27,"FR_MHB_34000"
"FR-1-H_30_44_4861",5127,"33:38","FR_FTHB_31000",15,23,-4,-8,-8,-6,0,2,27,36,"FR_MHB_34000"
"FR-1-H_30_44_4861",5128,"53:17","FR_MHB_34000",33,26,-1,7,7,8,0,1,36,27,"FR_MHB_34000"
"FR-1-H_30_44_4861",5129,"55:57","FR_FTHB_31000",26,34,-1,-8,-8,-9,0,-1,27,36,"FR_MHB_34000"
"FR-1-H_30_44_4862",5130,"11:55","FR_SRVHB_83700",6,8,-1,-2,-2,-1,0,1,33,33,"Egalité"
"FR-1-H_30_44_4862",5131,"27:57","FR_HBCN_44200",18,14,-1,4,4,2,0,-2,33,33,"Egalité"
"FR-1-H_30_44_4862",5132,"40:26","FR_SRVHB_83700",20,24,-1,-4,-4,-3,0,1,33,33,"Egalité"
"FR-1-H_30_44_4862",5133,"48:37","FR_HBCN_44200",28,26,-2,2,2,0,0,-2,33,33,"Egalité"
"FR-1-H_30_44_4862",5134,"54:16","FR_HBCN_44200",29,29,-1,0,0,0,0,0,33,33,"Egalité"
"FR-1-H_30_44_4862",5135,"59:47","FR_SRVHB_83700",32,33,-3,-1,-1,0,0,1,33,33,"Egalité"
"FR-1-H_30_44_4863",5136,"15:55","FR_PCHB_77340",7,9,-2,-2,-2,-1,0,1,27,31,"FR_TFHB_93290"
"FR-1-H_30_44_4863",5137,"26:29","FR_TFHB_93290",13,13,-2,0,0,2,0,2,31,27,"FR_TFHB_93290"
"FR-1-H_30_44_4863",5138,"39:29","FR_TFHB_93290",19,19,-2,0,0,1,0,1,31,27,"FR_TFHB_93290"
"FR-1-H_30_44_4863",5139,"46:12","FR_PCHB_77340",20,24,-4,-4,-4,-6,0,-2,27,31,"FR_TFHB_93290"
"FR-1-H_30_44_4863",5140,"56:46","FR_TFHB_93290",29,24,0,5,5,4,0,-1,31,27,"FR_TFHB_93290"
"FR-1-H_30_45_4864",5141,"12:43","FR_PAUC_13100",4,7,-2,-3,-3,-4,0,-1,23,30,"FR_CSMBHB_73000"
"FR-1-H_30_45_4864",5142,"21:11","FR_CSMBHB_73000",9,6,-2,3,3,6,0,3,30,23,"FR_CSMBHB_73000"
"FR-1-H_30_45_4864",5143,"24:29","FR_PAUC_13100",7,13,-2,-6,-6,-5,0,1,23,30,"FR_CSMBHB_73000"
"FR-1-H_30_45_4864",5144,"47:19","FR_PAUC_13100",15,23,-3,-8,-8,-7,0,1,23,30,"FR_CSMBHB_73000"
"FR-1-H_30_45_4864",5145,"54:36","FR_CSMBHB_73000",27,20,-1,7,7,7,0,0,30,23,"FR_CSMBHB_73000"
"FR-1-H_30_45_4865",5146,"06:58","FR_PCHB_77340",2,7,-3,-5,-5,-5,0,0,26,30,"FR_DHBGL_59140"
"FR-1-H_30_45_4865",5147,"22:24","FR_DHBGL_59140",13,8,1,5,5,7,0,2,30,26,"FR_DHBGL_59140"
"FR-1-H_30_45_4865",5148,"35:21","FR_DHBGL_59140",22,16,-1,6,6,7,0,1,30,26,"FR_DHBGL_59140"
"FR-1-H_30_45_4865",5149,"41:13","FR_PCHB_77340",17,25,-2,-8,-8,-8,0,0,26,30,"FR_DHBGL_59140"
"FR-1-H_30_45_4865",5150,"53:58","FR_DHBGL_59140",28,22,-2,6,6,4,0,-2,30,26,"FR_DHBGL_59140"
"FR-1-H_30_45_4866",5151,"26:42","FR_USIHB_94200",9,12,-2,-3,-3,-2,0,1,20,25,"FR_USAMNG_30918"
"FR-1-H_30_45_4866",5152,"42:00","FR_USIHB_94200",15,18,-1,-3,-3,-2,0,1,20,25,"FR_USAMNG_30918"
"FR-1-H_30_45_4866",5153,"45:02","FR_USAMNG_30918",18,16,-1,2,2,2,0,0,25,20,"FR_USAMNG_30918"
"FR-1-H_30_45_4866",5154,"55:29","FR_USIHB_94200",19,23,-3,-4,-4,-5,0,-1,20,25,"FR_USAMNG_30918"
"FR-1-H_30_45_4867",5155,"17:07","FR_MHB_34000",5,8,-2,-3,-3,-5,0,-2,26,33,"FR_PSGHB_75016"
"FR-1-H_30_45_4867",5156,"24:16","FR_PSGHB_75016",12,6,2,6,6,4,0,-2,33,26,"FR_PSGHB_75016"
"FR-1-H_30_45_4867",5157,"27:33","FR_PSGHB_75016",14,10,1,4,4,4,0,0,33,26,"FR_PSGHB_75016"
"FR-1-H_30_45_4867",5158,"48:40","FR_MHB_34000",21,27,-2,-6,-6,-8,0,-2,26,33,"FR_PSGHB_75016"
"FR-1-H_30_45_4867",5159,"53:35","FR_MHB_34000",23,31,-2,-8,-8,-6,0,2,26,33,"FR_PSGHB_75016"
"FR-1-H_30_45_4868",5160,"21:52","FR_SRVHB_83700",9,7,1,2,2,4,0,2,29,27,"FR_SRVHB_83700"
"FR-1-H_30_45_4868",5161,"43:26","FR_CRMHB_35510",16,20,-1,-4,-4,-3,0,1,27,29,"FR_SRVHB_83700"
"FR-1-H_30_45_4868",5162,"48:55","FR_SRVHB_83700",23,20,-1,3,3,2,0,-1,29,27,"FR_SRVHB_83700"
"FR-1-H_30_45_4868",5163,"55:52","FR_CRMHB_35510",24,26,-1,-2,-2,-2,0,0,27,29,"FR_SRVHB_83700"
"FR-1-H_30_45_4869",5164,"13:30","FR_FTHB_31000",4,7,-2,-3,-3,-2,0,1,25,32,"FR_HBCN_44200"
"FR-1-H_30_45_4869",5165,"25:24","FR_HBCN_44200",13,12,-2,1,1,5,0,4,32,25,"FR_HBCN_44200"
"FR-1-H_30_45_4869",5166,"38:54","FR_HBCN_44200",20,17,-3,3,3,5,0,2,32,25,"FR_HBCN_44200"
"FR-1-H_30_45_4869",5167,"53:31","FR_HBCN_44200",28,23,-2,5,5,8,0,3,32,25,"FR_HBCN_44200"
"FR-1-H_30_45_4870",5168,"05:14","FR_TFHB_93290",1,5,-3,-4,-4,-1,0,3,27,26,"FR_TFHB_93290"
"FR-1-H_30_45_4870",5169,"24:32","FR_IPHB_13806",10,10,-2,0,0,2,0,2,26,27,"FR_TFHB_93290"
"FR-1-H_30_45_4870",5170,"37:07","FR_IPHB_13806",20,18,2,2,2,2,0,0,26,27,"FR_TFHB_93290"
"FR-1-H_30_45_4870",5171,"59:29","FR_IPHB_13806",25,27,-2,-2,-2,-1,0,1,26,27,"FR_TFHB_93290"
"FR-1-H_30_45_4870",5172,"59:34","FR_TFHB_93290",27,26,-1,1,1,1,0,0,27,26,"FR_TFHB_93290"
"FR-1-H_30_46_4871",5173,"29:28","FR_PSGHB_75016",12,10,4,2,2,4,0,2,29,20,"FR_PSGHB_75016"
"FR-1-H_30_46_4871",5174,"36:29","FR_PAUC_13100",10,15,-2,-5,-5,-4,0,1,20,29,"FR_PSGHB_75016"
"FR-1-H_30_46_4871",5175,"39:24","FR_PSGHB_75016",16,12,-1,4,4,8,0,4,29,20,"FR_PSGHB_75016"
"FR-1-H_30_46_4872",5176,"10:30","FR_CRMHB_35510",1,6,-3,-5,-5,-3,0,2,18,28,"FR_CSMBHB_73000"
"FR-1-H_30_46_4872",5177,"15:55","FR_CSMBHB_73000",6,3,-1,3,3,3,0,0,28,18,"FR_CSMBHB_73000"
"FR-1-H_30_46_4872",5178,"40:05","FR_CRMHB_35510",10,18,-3,-8,-8,-10,0,-2,18,28,"FR_CSMBHB_73000"
"FR-1-H_30_46_4872",5179,"53:07","FR_CRMHB_35510",15,27,-1,-12,-12,-12,0,0,18,28,"FR_CSMBHB_73000"
"FR-1-H_30_46_4873",5180,"08:42","FR_IPHB_13806",1,5,-3,-4,-4,-3,0,1,22,28,"FR_SRVHB_83700"
"FR-1-H_30_46_4873",5181,"12:18","FR_SRVHB_83700",5,2,-1,3,3,4,0,1,28,22,"FR_SRVHB_83700"
"FR-1-H_30_46_4873",5182,"43:40","FR_IPHB_13806",12,19,-1,-7,-7,-6,0,1,22,28,"FR_SRVHB_83700"
"FR-1-H_30_46_4873",5183,"45:54","FR_SRVHB_83700",19,13,-1,6,6,5,0,-1,28,22,"FR_SRVHB_83700"
"FR-1-H_30_46_4873",5184,"50:54","FR_IPHB_13806",15,20,1,-5,-5,-6,0,-1,22,28,"FR_SRVHB_83700"
"FR-1-H_30_46_4874",5185,"24:51","FR_DHBGL_59140",11,9,-1,2,2,2,0,0,30,28,"FR_DHBGL_59140"
"FR-1-H_30_46_4874",5186,"29:28","FR_USIHB_94200",10,12,-1,-2,-2,-3,0,-1,28,30,"FR_DHBGL_59140"
"FR-1-H_30_46_4874",5187,"39:01","FR_USIHB_94200",15,19,1,-4,-4,-2,0,2,28,30,"FR_DHBGL_59140"
"FR-1-H_30_46_4874",5188,"44:12","FR_DHBGL_59140",20,19,-3,1,1,2,0,1,30,28,"FR_DHBGL_59140"
"FR-1-H_30_46_4874",5189,"51:45","FR_USIHB_94200",21,26,-3,-5,-5,-2,0,3,28,30,"FR_DHBGL_59140"
"FR-1-H_30_46_4874",5190,"58:15","FR_DHBGL_59140",29,28,-2,1,1,2,0,1,30,28,"FR_DHBGL_59140"
"FR-1-H_30_46_4875",5191,"19:13","FR_TFHB_93290",8,13,-3,-5,-5,-7,0,-2,24,30,"FR_MHB_34000"
"FR-1-H_30_46_4875",5192,"25:31","FR_MHB_34000",16,9,3,7,7,7,0,0,30,24,"FR_MHB_34000"
"FR-1-H_30_46_4875",5193,"40:28","FR_TFHB_93290",14,21,-1,-7,-7,-7,0,0,24,30,"FR_MHB_34000"
"FR-1-H_30_46_4875",5194,"47:35","FR_MHB_34000",24,20,-3,4,4,6,0,2,30,24,"FR_MHB_34000"
"FR-1-H_30_46_4875",5195,"55:27","FR_TFHB_93290",22,28,-1,-6,-6,-7,0,-1,24,30,"FR_MHB_34000"
"FR-1-H_30_46_4875",5196,"57:36","FR_MHB_34000",29,22,1,7,7,6,0,-1,30,24,"FR_MHB_34000"
"FR-1-H_30_46_4876",5197,"18:10","FR_USAMNG_30918",9,11,-2,-2,-2,-2,0,0,36,33,"FR_USAMNG_30918"
"FR-1-H_30_46_4876",5198,"26:30","FR_HBCN_44200",17,13,2,4,4,3,0,-1,33,36,"FR_USAMNG_30918"
"FR-1-H_30_46_4876",5199,"44:23","FR_HBCN_44200",26,24,-2,2,2,3,0,1,33,36,"FR_USAMNG_30918"
"FR-1-H_30_46_4876",5200,"54:22","FR_USAMNG_30918",30,31,1,-1,-1,1,0,2,36,33,"FR_USAMNG_30918"
"FR-1-H_30_46_4876",5201,"56:15","FR_HBCN_44200",31,32,-2,-1,-1,-1,0,0,33,36,"FR_USAMNG_30918"
"FR-1-H_30_46_4876",5202,"58:55","FR_USAMNG_30918",34,33,-1,1,1,3,0,2,36,33,"FR_USAMNG_30918"
"FR-1-H_30_46_4877",5203,"07:11","FR_FTHB_31000",2,5,-2,-3,-3,-1,0,2,30,27,"FR_FTHB_31000"
"FR-1-H_30_46_4877",5204,"18:56","FR_PCHB_77340",10,9,-2,1,1,1,0,0,27,30,"FR_FTHB_31000"
"FR-1-H_30_46_4877",5205,"40:08","FR_PCHB_77340",20,21,-2,-1,-1,-3,0,-2,27,30,"FR_FTHB_31000"
"FR-1-H_30_46_4877",5206,"46:25","FR_FTHB_31000",23,22,-2,1,1,2,0,1,30,27,"FR_FTHB_31000"
"FR-1-H_30_47_4878",5207,"08:31","FR_DHBGL_59140",1,5,-3,-4,-4,-4,0,0,24,30,"FR_CSMBHB_73000"
"FR-1-H_30_47_4878",5208,"21:40","FR_CSMBHB_73000",12,9,1,3,3,3,0,0,30,24,"FR_CSMBHB_73000"
"FR-1-H_30_47_4878",5209,"44:42","FR_DHBGL_59140",18,25,-2,-7,-7,-6,0,1,24,30,"FR_CSMBHB_73000"
"FR-1-H_30_47_4878",5210,"50:33","FR_DHBGL_59140",21,28,-2,-7,-7,-7,0,0,24,30,"FR_CSMBHB_73000"
"FR-1-H_30_47_4879",5211,"20:47","FR_HBCN_44200",10,10,-1,0,0,1,0,1,28,29,"FR_PAUC_13100"
"FR-1-H_30_47_4879",5212,"46:39","FR_PAUC_13100",21,21,-2,0,0,1,0,1,29,28,"FR_PAUC_13100"
"FR-1-H_30_47_4879",5213,"49:06","FR_HBCN_44200",22,23,-1,-1,-1,-1,0,0,28,29,"FR_PAUC_13100"
"FR-1-H_30_47_4879",5214,"57:09","FR_HBCN_44200",26,27,-1,-1,-1,-1,0,0,28,29,"FR_PAUC_13100"
"FR-1-H_30_47_4879",5215,"59:06","FR_PAUC_13100",28,27,-1,1,1,1,0,0,29,28,"FR_PAUC_13100"
"FR-1-H_30_47_4880",5216,"16:14","FR_USAMNG_30918",3,7,-2,-4,-4,-3,0,1,24,25,"FR_MHB_34000"
"FR-1-H_30_47_4880",5217,"34:02","FR_USAMNG_30918",10,17,-2,-7,-7,-6,0,1,24,25,"FR_MHB_34000"
"FR-1-H_30_47_4880",5218,"47:30","FR_MHB_34000",20,16,-2,4,4,3,0,-1,25,24,"FR_MHB_34000"
"FR-1-H_30_47_4880",5219,"56:54","FR_USAMNG_30918",21,25,-2,-4,-4,-1,0,3,24,25,"FR_MHB_34000"
"FR-1-H_30_47_4880",5220,"58:51","FR_MHB_34000",25,24,-3,1,1,1,0,0,25,24,"FR_MHB_34000"
"FR-1-H_30_47_4881",5221,"22:10","FR_CRMHB_35510",8,10,-2,-2,-2,-3,0,-1,22,28,"FR_PCHB_77340"
"FR-1-H_30_47_4881",5222,"27:50","FR_PCHB_77340",13,10,1,3,3,3,0,0,28,22,"FR_PCHB_77340"
"FR-1-H_30_47_4881",5223,"37:24","FR_CRMHB_35510",12,17,-3,-5,-5,-6,0,-1,22,28,"FR_PCHB_77340"
"FR-1-H_30_47_4881",5224,"49:49","FR_PCHB_77340",22,18,-2,4,4,4,0,0,28,22,"FR_PCHB_77340"
"FR-1-H_30_47_4881",5225,"55:05","FR_CRMHB_35510",20,24,-2,-4,-4,-6,0,-2,22,28,"FR_PCHB_77340"
"FR-1-H_30_47_4882",5226,"02:12","FR_PSGHB_75016",0,3,-3,-3,-3,-1,0,2,31,33,"FR_SRVHB_83700"
"FR-1-H_30_47_4882",5227,"13:47","FR_SRVHB_83700",9,9,-1,0,0,0,0,0,33,31,"FR_SRVHB_83700"
"FR-1-H_30_47_4882",5228,"29:47","FR_PSGHB_75016",15,15,-1,0,0,-1,0,-1,31,33,"FR_SRVHB_83700"
"FR-1-H_30_47_4882",5229,"44:34","FR_SRVHB_83700",23,21,-1,2,2,3,0,1,33,31,"FR_SRVHB_83700"
"FR-1-H_30_47_4882",5230,"55:55","FR_PSGHB_75016",28,30,-1,-2,-2,-1,0,1,31,33,"FR_SRVHB_83700"
"FR-1-H_30_47_4882",5231,"58:10","FR_SRVHB_83700",31,30,1,1,1,2,0,1,33,31,"FR_SRVHB_83700"
"FR-1-H_30_47_4883",5232,"07:29","FR_FTHB_31000",1,5,-3,-4,-4,-3,0,1,26,28,"FR_IPHB_13806"
"FR-1-H_30_47_4883",5233,"14:45","FR_IPHB_13806",6,4,-2,2,2,4,0,2,28,26,"FR_IPHB_13806"
"FR-1-H_30_47_4883",5234,"52:00","FR_IPHB_13806",23,21,1,2,2,3,0,1,28,26,"FR_IPHB_13806"
"FR-1-H_30_47_4883",5235,"53:17","FR_FTHB_31000",22,25,-1,-3,-3,-2,0,1,26,28,"FR_IPHB_13806"
"FR-1-H_30_47_4883",5236,"58:45","FR_IPHB_13806",28,26,-1,2,2,2,0,0,28,26,"FR_IPHB_13806"
"FR-1-H_30_47_4884",5237,"08:16","FR_TFHB_93290",2,6,-5,-4,-4,0,0,4,28,27,"FR_TFHB_93290"
"FR-1-H_30_47_4884",5238,"25:42","FR_USIHB_94200",13,11,-2,2,2,3,0,1,27,28,"FR_TFHB_93290"
"FR-1-H_30_47_4884",5239,"42:47","FR_USIHB_94200",20,18,-3,2,2,2,0,0,27,28,"FR_TFHB_93290"
"FR-1-H_30_47_4884",5240,"54:44","FR_TFHB_93290",25,25,-1,0,0,2,0,2,28,27,"FR_TFHB_93290"
"FR-1-H_30_47_4884",5241,"58:13","FR_USIHB_94200",25,27,-2,-2,-2,-1,0,1,27,28,"FR_TFHB_93290"
"FR-1-H_30_47_4884",5242,"59:54","FR_TFHB_93290",28,27,-1,1,1,1,0,0,28,27,"FR_TFHB_93290"
"FR-1-H_30_48_4885",5243,"19:29","FR_CRMHB_35510",7,9,-3,-2,-2,-2,0,0,21,33,"FR_PAUC_13100"
"FR-1-H_30_48_4885",5244,"29:27","FR_PAUC_13100",14,12,-2,2,2,5,0,3,33,21,"FR_PAUC_13100"
"FR-1-H_30_48_4885",5245,"35:52","FR_CRMHB_35510",12,19,-4,-7,-7,-8,0,-1,21,33,"FR_PAUC_13100"
"FR-1-H_30_48_4885",5246,"43:19","FR_CRMHB_35510",14,23,-1,-9,-9,-10,0,-1,21,33,"FR_PAUC_13100"
"FR-1-H_30_48_4886",5247,"08:16","FR_FTHB_31000",3,8,-3,-5,-5,-6,0,-1,27,35,"FR_CSMBHB_73000"
"FR-1-H_30_48_4886",5248,"22:09","FR_CSMBHB_73000",14,9,-2,5,5,6,0,1,35,27,"FR_CSMBHB_73000"
"FR-1-H_30_48_4887",5249,"19:58","FR_PCHB_77340",8,11,-2,-3,-3,-1,0,2,27,28,"FR_IPHB_13806"
"FR-1-H_30_48_4887",5250,"28:55","FR_IPHB_13806",15,12,2,3,3,3,0,0,28,27,"FR_IPHB_13806"
"FR-1-H_30_48_4887",5251,"48:52","FR_PCHB_77340",21,24,-3,-3,-3,0,0,3,27,28,"FR_IPHB_13806"
"FR-1-H_30_48_4887",5252,"52:11","FR_IPHB_13806",24,24,-3,0,0,2,0,2,28,27,"FR_IPHB_13806"
"FR-1-H_30_48_4887",5253,"59:36","FR_PCHB_77340",26,28,-1,-2,-2,-1,0,1,27,28,"FR_IPHB_13806"
"FR-1-H_30_48_4888",5254,"15:08","FR_USIHB_94200",3,8,-5,-5,-5,-6,0,-1,31,34,"FR_SRVHB_83700"
"FR-1-H_30_48_4888",5255,"22:47","FR_SRVHB_83700",12,7,-1,5,5,4,0,-1,34,31,"FR_SRVHB_83700"
"FR-1-H_30_48_4888",5256,"42:21","FR_USIHB_94200",17,23,-1,-6,-6,-6,0,0,31,34,"FR_SRVHB_83700"
"FR-1-H_30_48_4888",5257,"43:38","FR_SRVHB_83700",24,18,-1,6,6,4,0,-2,34,31,"FR_SRVHB_83700"
"FR-1-H_30_48_4888",5258,"56:11","FR_SRVHB_83700",32,28,-2,4,4,3,0,-1,34,31,"FR_SRVHB_83700"
"FR-1-H_30_48_4889",5259,"17:07","FR_HBCN_44200",4,7,-1,-3,-3,0,0,3,25,26,"FR_MHB_34000"
"FR-1-H_30_48_4889",5260,"21:02","FR_MHB_34000",8,8,-4,0,0,1,0,1,26,25,"FR_MHB_34000"
"FR-1-H_30_48_4889",5261,"44:52","FR_MHB_34000",17,18,-2,-1,-1,-1,0,0,26,25,"FR_MHB_34000"
"FR-1-H_30_48_4889",5262,"46:54","FR_HBCN_44200",20,19,-1,1,1,0,0,-1,25,26,"FR_MHB_34000"
"FR-1-H_30_48_4889",5263,"58:13","FR_HBCN_44200",24,26,-1,-2,-2,-1,0,1,25,26,"FR_MHB_34000"
"FR-1-H_30_48_4889",5264,"59:26","FR_MHB_34000",26,25,-1,1,1,1,0,0,26,25,"FR_MHB_34000"
"FR-1-H_30_48_4890",5265,"10:02","FR_USAMNG_30918",5,9,-2,-4,-4,-6,0,-2,29,41,"FR_PSGHB_75016"
"FR-1-H_30_48_4890",5266,"29:05","FR_PSGHB_75016",19,14,2,5,5,6,0,1,41,29,"FR_PSGHB_75016"
"FR-1-H_30_48_4890",5267,"37:50","FR_USAMNG_30918",19,26,-2,-7,-7,-9,0,-2,29,41,"FR_PSGHB_75016"
"FR-1-H_30_48_4891",5268,"15:19","FR_TFHB_93290",7,10,-1,-3,-3,-4,0,-1,23,29,"FR_DHBGL_59140"
"FR-1-H_30_48_4891",5269,"25:00","FR_DHBGL_59140",13,11,-1,2,2,5,0,3,29,23,"FR_DHBGL_59140"
"FR-1-H_30_48_4891",5270,"41:42","FR_TFHB_93290",16,23,-1,-7,-7,-6,0,1,23,29,"FR_DHBGL_59140"
"FR-1-H_30_48_4891",5271,"44:35","FR_DHBGL_59140",25,19,-1,6,6,7,0,1,29,23,"FR_DHBGL_59140"
"FR-1-H_30_48_4891",5272,"50:08","FR_TFHB_93290",21,28,-2,-7,-7,-6,0,1,23,29,"FR_DHBGL_59140"
"FR-1-H_30_48_4891",5273,"53:40","FR_DHBGL_59140",28,22,-1,6,6,6,0,0,29,23,"FR_DHBGL_59140"
"FR-1-H_30_49_4892",5274,"11:29","FR_DHBGL_59140",4,8,-3,-4,-4,-6,0,-2,22,24,"FR_PAUC_13100"
"FR-1-H_30_49_4892",5275,"27:55","FR_PAUC_13100",16,12,-1,4,4,3,0,-1,24,22,"FR_PAUC_13100"
"FR-1-H_30_49_4892",5276,"39:36","FR_DHBGL_59140",15,18,1,-3,-3,-2,0,1,22,24,"FR_PAUC_13100"
"FR-1-H_30_49_4892",5277,"52:11","FR_PAUC_13100",22,20,-2,2,2,2,0,0,24,22,"FR_PAUC_13100"
"FR-1-H_30_49_4892",5278,"53:49","FR_DHBGL_59140",21,23,1,-2,-2,-3,0,-1,22,24,"FR_PAUC_13100"
"FR-1-H_30_49_4893",5279,"25:55","FR_CRMHB_35510",11,11,2,0,0,0,0,0,24,30,"FR_MHB_34000"
"FR-1-H_30_49_4893",5280,"39:51","FR_CRMHB_35510",16,18,-2,-2,-2,-3,0,-1,24,30,"FR_MHB_34000"
"FR-1-H_30_49_4893",5281,"54:10","FR_CRMHB_35510",22,27,-1,-5,-5,-7,0,-2,24,30,"FR_MHB_34000"
"FR-1-H_30_49_4894",5282,"25:28","FR_FTHB_31000",14,13,-1,1,1,1,0,0,29,27,"FR_FTHB_31000"
"FR-1-H_30_49_4894",5283,"29:35","FR_USIHB_94200",15,16,-1,-1,-1,-5,0,-4,27,29,"FR_FTHB_31000"
"FR-1-H_30_49_4894",5284,"34:46","FR_USIHB_94200",15,20,-4,-5,-5,-4,0,1,27,29,"FR_FTHB_31000"
"FR-1-H_30_49_4894",5285,"44:13","FR_FTHB_31000",22,21,-3,1,1,0,0,-1,29,27,"FR_FTHB_31000"
"FR-1-H_30_49_4894",5286,"55:23","FR_FTHB_31000",25,24,-1,1,1,3,0,2,29,27,"FR_FTHB_31000"
"FR-1-H_30_49_4894",5287,"56:34","FR_USIHB_94200",24,27,-2,-3,-3,-2,0,1,27,29,"FR_FTHB_31000"
"FR-1-H_30_49_4895",5288,"14:25","FR_TFHB_93290",6,10,-3,-4,-4,-6,0,-2,25,38,"FR_HBCN_44200"
"FR-1-H_30_49_4895",5289,"22:38","FR_HBCN_44200",15,10,-1,5,5,6,0,1,38,25,"FR_HBCN_44200"
"FR-1-H_30_49_4895",5290,"41:55","FR_TFHB_93290",17,27,-1,-10,-10,-10,0,0,25,38,"FR_HBCN_44200"
"FR-1-H_30_49_4895",5291,"54:39","FR_TFHB_93290",24,34,-1,-10,-10,-13,0,-3,25,38,"FR_HBCN_44200"
"FR-1-H_30_49_4896",5292,"18:00","FR_IPHB_13806",7,9,-2,-2,-2,-3,0,-1,26,27,"FR_USAMNG_30918"
"FR-1-H_30_49_4896",5293,"25:04","FR_USAMNG_30918",11,10,-2,1,1,1,0,0,27,26,"FR_USAMNG_30918"
"FR-1-H_30_49_4896",5294,"50:37","FR_USAMNG_30918",22,21,-2,1,1,3,0,2,27,26,"FR_USAMNG_30918"
"FR-1-H_30_49_4896",5295,"52:50","FR_IPHB_13806",21,24,-2,-3,-3,-3,0,0,26,27,"FR_USAMNG_30918"
"FR-1-H_30_49_4896",5296,"59:14","FR_USAMNG_30918",27,26,-2,1,1,1,0,0,27,26,"FR_USAMNG_30918"
"FR-1-H_30_49_4897",5297,"07:54","FR_PCHB_77340",1,6,-4,-5,-5,-1,0,4,23,39,"FR_PSGHB_75016"
"FR-1-H_30_49_4897",5298,"15:44","FR_PCHB_77340",7,9,-1,-2,-2,-5,0,-3,23,39,"FR_PSGHB_75016"
"FR-1-H_30_49_4897",5299,"28:51","FR_PSGHB_75016",19,11,1,8,8,8,0,0,39,23,"FR_PSGHB_75016"
"FR-1-H_30_49_4897",5300,"37:31","FR_PCHB_77340",14,25,-3,-11,-11,-14,0,-3,23,39,"FR_PSGHB_75016"
"FR-1-H_30_49_4898",5301,"08:51","FR_CSMBHB_73000",4,7,-4,-3,-3,0,0,3,30,28,"FR_CSMBHB_73000"
"FR-1-H_30_49_4898",5302,"15:18","FR_SRVHB_83700",8,9,-3,-1,-1,-1,0,0,28,30,"FR_CSMBHB_73000"
"FR-1-H_30_49_4898",5303,"33:17","FR_SRVHB_83700",14,20,-3,-6,-6,-3,0,3,28,30,"FR_CSMBHB_73000"
"FR-1-H_30_49_4898",5304,"34:45","FR_CSMBHB_73000",20,17,-3,3,3,4,0,1,30,28,"FR_CSMBHB_73000"
"FR-1-H_30_49_4898",5305,"56:57","FR_SRVHB_83700",26,30,-2,-4,-4,-2,0,2,28,30,"FR_CSMBHB_73000"
"FR-1-H_30_50_4899",5306,"04:54","FR_CSMBHB_73000",0,4,-4,-4,-4,-2,0,2,28,27,"FR_CSMBHB_73000"
"FR-1-H_30_50_4899",5307,"12:11","FR_USAMNG_30918",5,5,-3,0,0,0,0,0,27,28,"FR_CSMBHB_73000"
"FR-1-H_30_50_4899",5308,"46:59","FR_USAMNG_30918",20,22,1,-2,-2,-1,0,1,27,28,"FR_CSMBHB_73000"
"FR-1-H_30_50_4899",5309,"53:33","FR_CSMBHB_73000",24,25,-3,-1,-1,-1,0,0,28,27,"FR_CSMBHB_73000"
"FR-1-H_30_50_4899",5310,"58:36","FR_CSMBHB_73000",26,27,-1,-1,-1,0,0,1,28,27,"FR_CSMBHB_73000"
"FR-1-H_30_50_4899",5311,"59:02","FR_USAMNG_30918",27,27,-1,0,0,-1,0,-1,27,28,"FR_CSMBHB_73000"
"FR-1-H_30_50_4900",5312,"23:22","FR_DHBGL_59140",11,13,-1,-2,-2,-2,0,0,25,28,"FR_HBCN_44200"
"FR-1-H_30_50_4900",5313,"25:03","FR_HBCN_44200",14,12,1,2,2,1,0,-1,28,25,"FR_HBCN_44200"
"FR-1-H_30_50_4900",5314,"39:01","FR_DHBGL_59140",17,21,-2,-4,-4,-5,0,-1,25,28,"FR_HBCN_44200"
"FR-1-H_30_50_4900",5315,"46:56","FR_HBCN_44200",25,19,-1,6,6,4,0,-2,28,25,"FR_HBCN_44200"
"FR-1-H_30_50_4900",5316,"55:37","FR_DHBGL_59140",23,28,-1,-5,-5,-5,0,0,25,28,"FR_HBCN_44200"
"FR-1-H_30_50_4900",5317,"57:15","FR_HBCN_44200",28,23,0,5,5,3,0,-2,28,25,"FR_HBCN_44200"
"FR-1-H_30_50_4901",5318,"10:30","FR_USIHB_94200",2,7,-4,-5,-5,-6,0,-1,30,35,"FR_IPHB_13806"
"FR-1-H_30_50_4901",5319,"22:56","FR_IPHB_13806",13,9,-2,4,4,4,0,0,35,30,"FR_IPHB_13806"
"FR-1-H_30_50_4901",5320,"46:52","FR_USIHB_94200",26,27,-1,-1,-1,-2,0,-1,30,35,"FR_IPHB_13806"
"FR-1-H_30_50_4901",5321,"53:11","FR_USIHB_94200",28,31,-1,-3,-3,-3,0,0,30,35,"FR_IPHB_13806"
"FR-1-H_30_50_4901",5322,"56:06","FR_IPHB_13806",32,29,1,3,3,5,0,2,35,30,"FR_IPHB_13806"
"FR-1-H_30_50_4901",5323,"59:34","FR_IPHB_13806",35,30,3,5,5,5,0,0,35,30,"FR_IPHB_13806"
"FR-1-H_30_50_4902",5324,"12:41","FR_PCHB_77340",4,7,-2,-3,-3,0,0,3,23,32,"FR_MHB_34000"
"FR-1-H_30_50_4902",5325,"19:50","FR_MHB_34000",8,7,1,1,1,4,0,3,32,23,"FR_MHB_34000"
"FR-1-H_30_50_4902",5326,"38:00","FR_PCHB_77340",12,22,-4,-10,-10,-8,0,2,23,32,"FR_MHB_34000"
"FR-1-H_30_50_4903",5327,"11:51","FR_CRMHB_35510",3,7,-2,-4,-4,-4,0,0,20,29,"FR_PSGHB_75016"
"FR-1-H_30_50_4903",5328,"29:33","FR_CRMHB_35510",10,16,-3,-6,-6,-6,0,0,20,29,"FR_PSGHB_75016"
"FR-1-H_30_50_4903",5329,"53:35","FR_CRMHB_35510",18,28,-4,-10,-10,-9,0,1,20,29,"FR_PSGHB_75016"
"FR-1-H_30_50_4903",5330,"58:16","FR_PSGHB_75016",29,20,-1,9,9,9,0,0,29,20,"FR_PSGHB_75016"
"FR-1-H_30_50_4904",5331,"08:23","FR_PAUC_13100",1,5,-2,-4,-4,-5,0,-1,24,29,"FR_FTHB_31000"
"FR-1-H_30_50_4904",5332,"18:05","FR_FTHB_31000",8,5,-2,3,3,1,0,-2,29,24,"FR_FTHB_31000"
"FR-1-H_30_50_4904",5333,"44:49","FR_PAUC_13100",18,21,-2,-3,-3,-2,0,1,24,29,"FR_FTHB_31000"
"FR-1-H_30_50_4904",5334,"48:55","FR_FTHB_31000",23,21,-2,2,2,2,0,0,29,24,"FR_FTHB_31000"
"FR-1-H_30_50_4905",5335,"19:55","FR_SRVHB_83700",9,11,-2,-2,-2,-1,0,1,32,33,"FR_TFHB_93290"
"FR-1-H_30_50_4905",5336,"22:20","FR_TFHB_93290",12,11,-1,1,1,3,0,2,33,32,"FR_TFHB_93290"
"FR-1-H_30_50_4905",5337,"42:23","FR_SRVHB_83700",20,25,-3,-5,-5,-2,0,3,32,33,"FR_TFHB_93290"
"FR-1-H_30_50_4905",5338,"49:51","FR_TFHB_93290",29,28,-2,1,1,0,0,-1,33,32,"FR_TFHB_93290"
"FR-1-H_30_50_4905",5339,"59:29","FR_SRVHB_83700",32,33,-1,-1,-1,-1,0,0,32,33,"FR_TFHB_93290"
"FR-1-H_31_25_5269",5340,"12:00","FR_CSMBHB_73000",4,7,-2,-3,-3,-1,0,2,33,25,"FR_CSMBHB_73000"
"FR-1-H_31_25_5269",5341,"15:42","FR_TFHB_93290",8,7,-3,1,1,0,0,-1,25,33,"FR_CSMBHB_73000"
"FR-1-H_31_25_5269",5342,"45:37","FR_TFHB_93290",19,25,-4,-6,-6,-8,0,-2,25,33,"FR_CSMBHB_73000"
"FR-1-H_31_25_5269",5343,"52:01","FR_TFHB_93290",19,28,-3,-9,-9,-7,0,2,25,33,"FR_CSMBHB_73000"
"FR-1-H_31_25_5270",5344,"13:29","FR_PAUC_13100",7,10,-4,-3,-3,-2,0,1,29,25,"FR_PAUC_13100"
"FR-1-H_31_25_5270",5345,"53:30","FR_PAUC_13100",25,22,-2,3,3,4,0,1,29,25,"FR_PAUC_13100"
"FR-1-H_31_25_5271",5346,"15:56","FR_IPHB_13806",5,9,-2,-4,-4,-5,0,-1,25,35,"FR_PSGHB_75016"
"FR-1-H_31_25_5271",5347,"23:03","FR_PSGHB_75016",13,8,-1,5,5,6,0,1,35,25,"FR_PSGHB_75016"
"FR-1-H_31_25_5271",5348,"55:55","FR_IPHB_13806",22,33,-2,-11,-11,-10,0,1,25,35,"FR_PSGHB_75016"
"FR-1-H_31_25_5272",5349,"07:29","FR_USIHB_94200",1,6,-4,-5,-5,-6,0,-1,26,32,"FR_USAMNG_30918"
"FR-1-H_31_25_5272",5350,"23:44","FR_USIHB_94200",6,14,-2,-8,-8,-6,0,2,26,32,"FR_USAMNG_30918"
"FR-1-H_31_25_5272",5351,"29:08","FR_USAMNG_30918",15,10,-2,5,5,5,0,0,32,26,"FR_USAMNG_30918"
"FR-1-H_31_25_5272",5352,"54:28","FR_USAMNG_30918",28,22,-2,6,6,7,0,1,32,26,"FR_USAMNG_30918"
"FR-1-H_31_25_5273",5353,"18:47","FR_USCHB_94000",6,11,-3,-5,-5,-3,0,2,25,36,"FR_MHB_34000"
"FR-1-H_31_25_5273",5354,"25:18","FR_MHB_34000",13,11,-1,2,2,3,0,1,36,25,"FR_MHB_34000"
"FR-1-H_31_25_5273",5355,"38:40","FR_USCHB_94000",16,23,-4,-7,-7,-8,0,-1,25,36,"FR_MHB_34000"
"FR-1-H_31_25_5273",5356,"44:44","FR_USCHB_94000",17,27,-4,-10,-10,-13,0,-3,25,36,"FR_MHB_34000"
"FR-1-H_31_25_5273",5357,"51:21","FR_MHB_34000",31,19,-1,12,12,10,0,-2,36,25,"FR_MHB_34000"
"FR-1-H_31_25_5274",5358,"13:29","FR_DHBGL_59140",4,7,-2,-3,-3,-3,0,0,24,29,"FR_HBCN_44200"
"FR-1-H_31_25_5274",5359,"24:39","FR_HBCN_44200",10,10,-4,0,0,2,0,2,29,24,"FR_HBCN_44200"
"FR-1-H_31_25_5274",5360,"36:59","FR_HBCN_44200",17,16,-3,1,1,1,0,0,29,24,"FR_HBCN_44200"
"FR-1-H_31_25_5274",5361,"40:34","FR_DHBGL_59140",17,18,-1,-1,-1,-2,0,-1,24,29,"FR_HBCN_44200"
"FR-1-H_31_25_5274",5362,"54:19","FR_DHBGL_59140",21,25,-1,-4,-4,-6,0,-2,24,29,"FR_HBCN_44200"
"FR-1-H_31_25_5275",5363,"08:15","FR_SRVHB_83700",2,7,-3,-5,-5,-7,0,-2,32,33,"FR_FTHB_31000"
"FR-1-H_31_25_5275",5364,"16:51","FR_SRVHB_83700",3,11,-1,-8,-8,-7,0,1,32,33,"FR_FTHB_31000"
"FR-1-H_31_25_5275",5365,"20:13","FR_FTHB_31000",12,5,-1,7,7,9,0,2,33,32,"FR_FTHB_31000"
"FR-1-H_31_25_5275",5366,"40:09","FR_FTHB_31000",25,20,-1,5,5,3,0,-2,33,32,"FR_FTHB_31000"
"FR-1-H_31_25_5275",5367,"52:23","FR_SRVHB_83700",26,29,-1,-3,-3,-1,0,2,32,33,"FR_FTHB_31000"
"FR-1-H_31_25_5275",5368,"59:51","FR_FTHB_31000",32,32,-1,0,0,1,0,1,33,32,"FR_FTHB_31000"
"FR-1-H_31_26_5276",5369,"19:56","FR_CSMBHB_73000",8,11,-3,-3,-3,0,0,3,28,29,"FR_PAUC_13100"
"FR-1-H_31_26_5276",5370,"24:04","FR_PAUC_13100",11,11,-3,0,0,0,0,0,29,28,"FR_PAUC_13100"
"FR-1-H_31_26_5276",5371,"42:47","FR_CSMBHB_73000",20,23,-3,-3,-3,-3,0,0,28,29,"FR_PAUC_13100"
"FR-1-H_31_26_5276",5372,"52:28","FR_PAUC_13100",27,24,-1,3,3,2,0,-1,29,28,"FR_PAUC_13100"
"FR-1-H_31_26_5277",5373,"04:26","FR_CCMHB_28000",0,3,-3,-3,-3,-5,0,-2,27,26,"FR_CCMHB_28000"
"FR-1-H_31_26_5277",5374,"24:55","FR_USCHB_94000",15,10,-2,5,5,5,0,0,26,27,"FR_CCMHB_28000"
"FR-1-H_31_26_5277",5375,"45:36","FR_USCHB_94000",19,20,-1,-1,-1,0,0,1,26,27,"FR_CCMHB_28000"
"FR-1-H_31_26_5277",5376,"48:54","FR_CCMHB_28000",21,21,-1,0,0,2,0,2,27,26,"FR_CCMHB_28000"
"FR-1-H_31_26_5277",5377,"59:03","FR_CCMHB_28000",26,25,-2,1,1,1,0,0,27,26,"FR_CCMHB_28000"
"FR-1-H_31_26_5278",5378,"20:08","FR_DHBGL_59140",10,7,-2,3,3,3,0,0,26,22,"FR_DHBGL_59140"
"FR-1-H_31_26_5278",5379,"24:32","FR_USIHB_94200",9,12,-1,-3,-3,-4,0,-1,22,26,"FR_DHBGL_59140"
"FR-1-H_31_26_5278",5380,"37:00","FR_USIHB_94200",12,18,-1,-6,-6,-6,0,0,22,26,"FR_DHBGL_59140"
"FR-1-H_31_26_5278",5381,"50:46","FR_DHBGL_59140",24,19,-1,5,5,5,0,0,26,22,"FR_DHBGL_59140"
"FR-1-H_31_26_5278",5382,"55:39","FR_USIHB_94200",20,25,-1,-5,-5,-4,0,1,22,26,"FR_DHBGL_59140"
"FR-1-H_31_26_5278",5383,"57:53","FR_DHBGL_59140",25,21,-1,4,4,4,0,0,26,22,"FR_DHBGL_59140"
"FR-1-H_31_26_5279",5384,"22:23","FR_MHB_34000",6,9,-1,-3,-3,-1,0,2,24,24,"Egalité"
"FR-1-H_31_26_5279",5385,"50:29","FR_USAMNG_30918",19,21,-2,-2,-2,-2,0,0,24,24,"Egalité"
"FR-1-H_31_26_5279",5386,"54:21","FR_MHB_34000",24,22,-1,2,2,0,0,-2,24,24,"Egalité"
"FR-1-H_31_26_5279",5387,"58:11","FR_MHB_34000",24,24,-2,0,0,0,0,0,24,24,"Egalité"
"FR-1-H_31_26_5279",5388,"58:55","FR_USAMNG_30918",24,24,0,0,0,0,0,0,24,24,"Egalité"
"FR-1-H_31_26_5280",5389,"06:29","FR_PSGHB_75016",4,3,-1,1,1,4,0,3,32,29,"FR_PSGHB_75016"
"FR-1-H_31_26_5280",5390,"10:39","FR_HBCN_44200",4,8,-2,-4,-4,-3,0,1,29,32,"FR_PSGHB_75016"
"FR-1-H_31_26_5280",5391,"43:10","FR_HBCN_44200",21,25,-1,-4,-4,-4,0,0,29,32,"FR_PSGHB_75016"
"FR-1-H_31_26_5280",5392,"44:45","FR_PSGHB_75016",25,21,0,4,4,5,0,1,32,29,"FR_PSGHB_75016"
"FR-1-H_31_26_5280",5393,"57:20","FR_HBCN_44200",26,30,-2,-4,-4,-3,0,1,29,32,"FR_PSGHB_75016"
"FR-1-H_31_26_5281",5394,"18:53","FR_IPHB_13806",8,11,-3,-3,-3,-3,0,0,33,29,"FR_IPHB_13806"
"FR-1-H_31_26_5281",5395,"23:26","FR_SRVHB_83700",14,11,-2,3,3,2,0,-1,29,33,"FR_IPHB_13806"
"FR-1-H_31_26_5281",5396,"36:29","FR_SRVHB_83700",18,20,-3,-2,-2,-2,0,0,29,33,"FR_IPHB_13806"
"FR-1-H_31_26_5281",5397,"45:06","FR_SRVHB_83700",20,25,-4,-5,-5,-2,0,3,29,33,"FR_IPHB_13806"
"FR-1-H_31_26_5281",5398,"53:04","FR_IPHB_13806",26,25,-2,1,1,3,0,2,33,29,"FR_IPHB_13806"
"FR-1-H_31_26_5282",5399,"11:38","FR_FTHB_31000",3,7,-1,-4,-4,-1,0,3,22,31,"FR_TFHB_93290"
"FR-1-H_31_26_5282",5400,"14:51","FR_TFHB_93290",7,6,-3,1,1,3,0,2,31,22,"FR_TFHB_93290"
"FR-1-H_31_27_5283",5401,"14:42","FR_CCMHB_28000",9,10,-1,-1,-1,-1,0,0,30,36,"FR_PSGHB_75016"
"FR-1-H_31_27_5283",5402,"29:48","FR_PSGHB_75016",16,14,-1,2,2,5,0,3,36,30,"FR_PSGHB_75016"
"FR-1-H_31_27_5283",5403,"37:29","FR_CCMHB_28000",16,23,-3,-7,-7,-8,0,-1,30,36,"FR_PSGHB_75016"
"FR-1-H_31_27_5283",5404,"43:08","FR_PSGHB_75016",26,19,-2,7,7,8,0,1,36,30,"FR_PSGHB_75016"
"FR-1-H_31_27_5284",5405,"12:45","FR_IPHB_13806",2,7,-2,-5,-5,-4,0,1,24,23,"FR_IPHB_13806"
"FR-1-H_31_27_5284",5406,"19:11","FR_TFHB_93290",8,5,-2,3,3,5,0,2,23,24,"FR_IPHB_13806"
"FR-1-H_31_27_5284",5407,"45:57","FR_TFHB_93290",18,20,-3,-2,-2,0,0,2,23,24,"FR_IPHB_13806"
"FR-1-H_31_27_5284",5408,"51:30","FR_IPHB_13806",21,21,-2,0,0,0,0,0,24,23,"FR_IPHB_13806"
"FR-1-H_31_27_5284",5409,"58:48","FR_TFHB_93290",23,24,-1,-1,-1,-1,0,0,23,24,"FR_IPHB_13806"
"FR-1-H_31_27_5285",5410,"09:58","FR_PAUC_13100",1,4,-3,-3,-3,-4,0,-1,23,23,"Egalité"
"FR-1-H_31_27_5285",5411,"26:31","FR_USIHB_94200",10,6,-2,4,4,4,0,0,23,23,"Egalité"
"FR-1-H_31_27_5285",5412,"37:57","FR_USIHB_94200",16,14,-2,2,2,0,0,-2,23,23,"Egalité"
"FR-1-H_31_27_5285",5413,"49:24","FR_PAUC_13100",19,20,-2,-1,-1,-2,0,-1,23,23,"Egalité"
"FR-1-H_31_27_5285",5414,"58:50","FR_USIHB_94200",23,23,-1,0,0,0,0,0,23,23,"Egalité"
"FR-1-H_31_27_5285",5415,"59:26","FR_PAUC_13100",23,23,0,0,0,0,0,0,23,23,"Egalité"
"FR-1-H_31_27_5286",5416,"23:58","FR_MHB_34000",11,12,-2,-1,-1,-1,0,0,28,27,"FR_MHB_34000"
"FR-1-H_31_27_5286",5417,"27:09","FR_CSMBHB_73000",14,13,-2,1,1,-1,0,-2,27,28,"FR_MHB_34000"
"FR-1-H_31_27_5286",5418,"50:34","FR_CSMBHB_73000",23,26,-1,-3,-3,-1,0,2,27,28,"FR_MHB_34000"
"FR-1-H_31_27_5286",5419,"52:03","FR_MHB_34000",26,25,-2,1,1,-1,0,-2,28,27,"FR_MHB_34000"
"FR-1-H_31_27_5286",5420,"54:26","FR_MHB_34000",26,27,-2,-1,-1,0,0,1,28,27,"FR_MHB_34000"
"FR-1-H_31_27_5286",5421,"59:36","FR_CSMBHB_73000",27,28,-2,-1,-1,-1,0,0,27,28,"FR_MHB_34000"
"FR-1-H_31_27_5287",5422,"19:28","FR_HBCN_44200",8,8,-2,0,0,1,0,1,28,22,"FR_HBCN_44200"
"FR-1-H_31_27_5287",5423,"22:39","FR_SRVHB_83700",8,9,-1,-1,-1,0,0,1,22,28,"FR_HBCN_44200"
"FR-1-H_31_27_5287",5424,"43:53","FR_HBCN_44200",20,17,-1,3,3,4,0,1,28,22,"FR_HBCN_44200"
"FR-1-H_31_27_5287",5425,"44:47","FR_SRVHB_83700",17,21,-1,-4,-4,-4,0,0,22,28,"FR_HBCN_44200"
"FR-1-H_31_27_5287",5426,"52:02","FR_HBCN_44200",23,20,-1,3,3,3,0,0,28,22,"FR_HBCN_44200"
"FR-1-H_31_27_5287",5427,"55:21","FR_SRVHB_83700",21,24,-1,-3,-3,-6,0,-3,22,28,"FR_HBCN_44200"
"FR-1-H_31_27_5288",5428,"14:29","FR_USAMNG_30918",10,12,-1,-2,-2,-3,0,-1,29,35,"FR_USCHB_94000"
"FR-1-H_31_27_5288",5429,"23:35","FR_USCHB_94000",14,13,-2,1,1,-1,0,-2,35,29,"FR_USCHB_94000"
"FR-1-H_31_27_5288",5430,"42:34","FR_USAMNG_30918",21,23,-1,-2,-2,-3,0,-1,29,35,"FR_USCHB_94000"
"FR-1-H_31_27_5288",5431,"48:37","FR_USCHB_94000",26,23,-1,3,3,3,0,0,35,29,"FR_USCHB_94000"
"FR-1-H_31_27_5288",5432,"55:18","FR_USAMNG_30918",26,30,-2,-4,-4,-6,0,-2,29,35,"FR_USCHB_94000"
"FR-1-H_31_27_5289",5433,"14:02","FR_DHBGL_59140",5,6,-1,-1,-1,-2,0,-1,28,31,"FR_FTHB_31000"
"FR-1-H_31_27_5289",5434,"21:50","FR_FTHB_31000",9,8,-2,1,1,0,0,-1,31,28,"FR_FTHB_31000"
"FR-1-H_31_27_5289",5435,"39:43","FR_FTHB_31000",18,20,-2,-2,-2,-1,0,1,31,28,"FR_FTHB_31000"
"FR-1-H_31_27_5289",5436,"46:06","FR_DHBGL_59140",21,21,-2,0,0,-1,0,-1,28,31,"FR_FTHB_31000"
"FR-1-H_31_27_5289",5437,"54:59","FR_DHBGL_59140",25,28,-3,-3,-3,-1,0,2,28,31,"FR_FTHB_31000"
"FR-1-H_31_27_5289",5438,"56:45","FR_FTHB_31000",28,27,-2,1,1,3,0,2,31,28,"FR_FTHB_31000"
"FR-1-H_31_28_5290",5439,"08:21","FR_IPHB_13806",1,5,-4,-4,-4,-7,0,-3,23,31,"FR_PAUC_13100"
"FR-1-H_31_28_5290",5440,"17:41","FR_IPHB_13806",2,13,-4,-11,-11,-11,0,0,23,31,"FR_PAUC_13100"
"FR-1-H_31_28_5290",5441,"26:46","FR_PAUC_13100",16,6,-2,10,10,12,0,2,31,23,"FR_PAUC_13100"
"FR-1-H_31_28_5290",5442,"37:38","FR_PAUC_13100",22,13,-3,9,9,11,0,2,31,23,"FR_PAUC_13100"
"FR-1-H_31_28_5291",5443,"20:25","FR_USAMNG_30918",9,11,-2,-2,-2,0,0,2,28,28,"Egalité"
"FR-1-H_31_28_5291",5444,"29:41","FR_CSMBHB_73000",15,15,-1,0,0,0,0,0,28,28,"Egalité"
"FR-1-H_31_28_5291",5445,"43:54","FR_CSMBHB_73000",20,23,-2,-3,-3,-3,0,0,28,28,"Egalité"
"FR-1-H_31_28_5291",5446,"50:17","FR_USAMNG_30918",25,22,-1,3,3,1,0,-2,28,28,"Egalité"
"FR-1-H_31_28_5291",5447,"57:28","FR_CSMBHB_73000",26,28,-1,-2,-2,0,0,2,28,28,"Egalité"
"FR-1-H_31_28_5291",5448,"58:57","FR_USAMNG_30918",28,28,-2,0,0,0,0,0,28,28,"Egalité"
"FR-1-H_31_28_5292",5449,"10:59","FR_CCMHB_28000",5,8,-2,-3,-3,-6,0,-3,28,38,"FR_HBCN_44200"
"FR-1-H_31_28_5292",5450,"20:08","FR_CCMHB_28000",7,17,-5,-10,-10,-14,0,-4,28,38,"FR_HBCN_44200"
"FR-1-H_31_28_5292",5451,"27:51","FR_HBCN_44200",21,9,-2,12,12,14,0,2,38,28,"FR_HBCN_44200"
"FR-1-H_31_28_5292",5452,"40:55","FR_HBCN_44200",29,17,-2,12,12,12,0,0,38,28,"FR_HBCN_44200"
"FR-1-H_31_28_5292",5453,"51:46","FR_HBCN_44200",33,27,-4,6,6,7,0,1,38,28,"FR_HBCN_44200"
"FR-1-H_31_28_5293",5454,"07:08","FR_DHBGL_59140",2,5,-2,-3,-3,-2,0,1,27,20,"FR_DHBGL_59140"
"FR-1-H_31_28_5293",5455,"27:58","FR_USCHB_94000",12,10,1,2,2,-2,0,-4,20,27,"FR_DHBGL_59140"
"FR-1-H_31_28_5293",5456,"35:06","FR_USCHB_94000",12,16,-5,-4,-4,-5,0,-1,20,27,"FR_DHBGL_59140"
"FR-1-H_31_28_5293",5457,"46:35","FR_DHBGL_59140",21,16,-1,5,5,5,0,0,27,20,"FR_DHBGL_59140"
"FR-1-H_31_28_5293",5458,"52:36","FR_USCHB_94000",17,23,-1,-6,-6,-7,0,-1,20,27,"FR_DHBGL_59140"
"FR-1-H_31_28_5293",5459,"56:26","FR_DHBGL_59140",25,18,1,7,7,7,0,0,27,20,"FR_DHBGL_59140"
"FR-1-H_31_28_5294",5460,"16:26","FR_FTHB_31000",7,9,-1,-2,-2,-2,0,0,28,34,"FR_PSGHB_75016"
"FR-1-H_31_28_5294",5461,"28:46","FR_PSGHB_75016",19,16,1,3,3,5,0,2,34,28,"FR_PSGHB_75016"
"FR-1-H_31_28_5294",5462,"46:44","FR_PSGHB_75016",27,22,2,5,5,5,0,0,34,28,"FR_PSGHB_75016"
"FR-1-H_31_28_5295",5463,"42:14","FR_SRVHB_83700",20,22,-2,-2,-2,-4,0,-2,28,31,"FR_USIHB_94200"
"FR-1-H_31_28_5295",5464,"48:30","FR_SRVHB_83700",21,25,-1,-4,-4,-2,0,2,28,31,"FR_USIHB_94200"
"FR-1-H_31_28_5295",5465,"50:32","FR_USIHB_94200",25,23,-2,2,2,4,0,2,31,28,"FR_USIHB_94200"
"FR-1-H_31_28_5295",5466,"57:01","FR_USIHB_94200",28,26,-2,2,2,3,0,1,31,28,"FR_USIHB_94200"
"FR-1-H_31_28_5296",5467,"23:18","FR_MHB_34000",12,12,-2,0,0,-1,0,-1,26,25,"FR_MHB_34000"
"FR-1-H_31_28_5296",5468,"28:20","FR_TFHB_93290",13,12,1,1,1,1,0,0,25,26,"FR_MHB_34000"
"FR-1-H_31_28_5296",5469,"52:01","FR_MHB_34000",22,23,-2,-1,-1,-1,0,0,26,25,"FR_MHB_34000"
"FR-1-H_31_28_5296",5470,"54:49","FR_TFHB_93290",24,23,-1,1,1,-1,0,-2,25,26,"FR_MHB_34000"
"FR-1-H_31_28_5296",5471,"58:11","FR_MHB_34000",25,25,3,0,0,1,0,1,26,25,"FR_MHB_34000"
"FR-1-H_31_28_5296",5472,"59:50","FR_TFHB_93290",25,26,0,-1,-1,-1,0,0,25,26,"FR_MHB_34000"
"FR-1-H_31_29_5297",5473,"21:58","FR_SRVHB_83700",8,9,-2,-1,-1,0,0,1,25,27,"FR_DHBGL_59140"
"FR-1-H_31_29_5297",5474,"28:27","FR_DHBGL_59140",12,12,-1,0,0,3,0,3,27,25,"FR_DHBGL_59140"
"FR-1-H_31_29_5297",5475,"40:35","FR_DHBGL_59140",19,18,-1,1,1,2,0,1,27,25,"FR_DHBGL_59140"
"FR-1-H_31_29_5297",5476,"47:16","FR_SRVHB_83700",20,22,-1,-2,-2,-2,0,0,25,27,"FR_DHBGL_59140"
"FR-1-H_31_29_5297",5477,"55:27","FR_SRVHB_83700",23,26,-2,-3,-3,-2,0,1,25,27,"FR_DHBGL_59140"
"FR-1-H_31_29_5297",5478,"57:11","FR_DHBGL_59140",26,24,-1,2,2,2,0,0,27,25,"FR_DHBGL_59140"
"FR-1-H_31_29_5298",5479,"23:36","FR_USCHB_94000",12,13,-1,-1,-1,2,0,3,30,32,"FR_IPHB_13806"
"FR-1-H_31_29_5298",5480,"25:58","FR_IPHB_13806",13,15,-3,-2,-2,-1,0,1,32,30,"FR_IPHB_13806"
"FR-1-H_31_29_5298",5481,"41:59","FR_USCHB_94000",21,20,-1,1,1,2,0,1,30,32,"FR_IPHB_13806"
"FR-1-H_31_29_5298",5482,"53:45","FR_USCHB_94000",26,28,-5,-2,-2,-2,0,0,30,32,"FR_IPHB_13806"
"FR-1-H_31_29_5298",5483,"54:15","FR_IPHB_13806",28,26,0,2,2,3,0,1,32,30,"FR_IPHB_13806"
"FR-1-H_31_29_5298",5484,"59:21","FR_IPHB_13806",31,29,2,2,2,2,0,0,32,30,"FR_IPHB_13806"
"FR-1-H_31_29_5299",5485,"28:40","FR_CSMBHB_73000",13,14,-3,-1,-1,0,0,1,24,28,"FR_USIHB_94200"
"FR-1-H_31_29_5299",5486,"29:17","FR_USIHB_94200",14,14,-1,0,0,1,0,1,28,24,"FR_USIHB_94200"
"FR-1-H_31_29_5299",5487,"44:24","FR_USIHB_94200",21,21,-2,0,0,1,0,1,28,24,"FR_USIHB_94200"
"FR-1-H_31_29_5299",5488,"50:06","FR_USIHB_94200",23,22,1,1,1,2,0,1,28,24,"FR_USIHB_94200"
"FR-1-H_31_29_5299",5489,"50:41","FR_CSMBHB_73000",22,24,-1,-2,-2,-3,0,-1,24,28,"FR_USIHB_94200"
"FR-1-H_31_29_5299",5490,"57:11","FR_USIHB_94200",26,23,1,3,3,3,0,0,28,24,"FR_USIHB_94200"
"FR-1-H_31_29_5299",5491,"58:40","FR_USIHB_94200",27,24,-1,3,3,4,0,1,28,24,"FR_USIHB_94200"
"FR-1-H_31_29_5300",5492,"11:24","FR_CCMHB_28000",5,9,-4,-4,-4,-4,0,0,25,29,"FR_MHB_34000"
"FR-1-H_31_29_5300",5493,"22:31","FR_MHB_34000",13,7,1,6,6,2,0,-4,29,25,"FR_MHB_34000"
"FR-1-H_31_29_5300",5494,"34:41","FR_MHB_34000",18,13,3,5,5,4,0,-1,29,25,"FR_MHB_34000"
"FR-1-H_31_29_5300",5495,"46:49","FR_MHB_34000",23,20,-2,3,3,2,0,-1,29,25,"FR_MHB_34000"
"FR-1-H_31_29_5300",5496,"56:27","FR_CCMHB_28000",23,27,-2,-4,-4,-4,0,0,25,29,"FR_MHB_34000"
"FR-1-H_31_29_5300",5497,"58:51","FR_MHB_34000",29,25,-1,4,4,4,0,0,29,25,"FR_MHB_34000"
"FR-1-H_31_29_5301",5498,"07:40","FR_TFHB_93290",3,7,-2,-4,-4,-7,0,-3,20,39,"FR_HBCN_44200"
"FR-1-H_31_29_5301",5499,"23:55","FR_HBCN_44200",15,9,-2,6,6,9,0,3,39,20,"FR_HBCN_44200"
"FR-1-H_31_29_5301",5500,"36:30","FR_TFHB_93290",12,26,-5,-14,-14,-14,0,0,20,39,"FR_HBCN_44200"
"FR-1-H_31_29_5302",5501,"10:22","FR_USAMNG_30918",3,7,-1,-4,-4,-3,0,1,28,31,"FR_PSGHB_75016"
"FR-1-H_31_29_5302",5502,"16:45","FR_PSGHB_75016",10,7,1,3,3,2,0,-1,31,28,"FR_PSGHB_75016"
"FR-1-H_31_29_5302",5503,"34:56","FR_USAMNG_30918",14,20,-2,-6,-6,-5,0,1,28,31,"FR_PSGHB_75016"
"FR-1-H_31_29_5302",5504,"48:22","FR_PSGHB_75016",26,23,-1,3,3,3,0,0,31,28,"FR_PSGHB_75016"
"FR-1-H_31_29_5302",5505,"52:15","FR_PSGHB_75016",28,25,1,3,3,4,0,1,31,28,"FR_PSGHB_75016"
"FR-1-H_31_29_5303",5506,"23:41","FR_FTHB_31000",9,9,1,0,0,0,0,0,27,27,"Egalité"
"FR-1-H_31_29_5303",5507,"29:16","FR_PAUC_13100",11,11,1,0,0,-1,0,-1,27,27,"Egalité"
"FR-1-H_31_29_5303",5508,"46:52","FR_PAUC_13100",19,19,1,0,0,-1,0,-1,27,27,"Egalité"
"FR-1-H_31_29_5303",5509,"54:14","FR_FTHB_31000",23,24,-1,-1,-1,-1,0,0,27,27,"Egalité"
"FR-1-H_31_29_5303",5510,"58:49","FR_FTHB_31000",26,27,-1,-1,-1,0,0,1,27,27,"Egalité"
"FR-1-H_31_30_5304",5511,"10:02","FR_DHBGL_59140",2,6,-4,-4,-4,-3,0,1,24,27,"FR_PAUC_13100"
"FR-1-H_31_30_5304",5512,"29:17","FR_PAUC_13100",14,10,-1,4,4,1,0,-3,27,24,"FR_PAUC_13100"
"FR-1-H_31_30_5304",5513,"33:46","FR_PAUC_13100",14,13,-3,1,1,1,0,0,27,24,"FR_PAUC_13100"
"FR-1-H_31_30_5304",5514,"47:31","FR_DHBGL_59140",19,21,-1,-2,-2,-2,0,0,24,27,"FR_PAUC_13100"
"FR-1-H_31_30_5304",5515,"58:04","FR_PAUC_13100",26,23,-1,3,3,3,0,0,27,24,"FR_PAUC_13100"
"FR-1-H_31_30_5305",5516,"15:24","FR_IPHB_13806",5,8,-1,-3,-3,-3,0,0,23,25,"FR_CCMHB_28000"
"FR-1-H_31_30_5305",5517,"23:45","FR_IPHB_13806",8,11,1,-3,-3,0,0,3,23,25,"FR_CCMHB_28000"
"FR-1-H_31_30_5305",5518,"43:41","FR_CCMHB_28000",18,19,-1,-1,-1,1,0,2,25,23,"FR_CCMHB_28000"
"FR-1-H_31_30_5305",5519,"52:59","FR_IPHB_13806",21,22,-1,-1,-1,-2,0,-1,23,25,"FR_CCMHB_28000"
"FR-1-H_31_30_5305",5520,"57:16","FR_IPHB_13806",22,24,-1,-2,-2,-2,0,0,23,25,"FR_CCMHB_28000"
"FR-1-H_31_30_5306",5521,"05:37","FR_USCHB_94000",1,4,-3,-3,-3,-2,0,1,27,34,"FR_HBCN_44200"
"FR-1-H_31_30_5306",5522,"19:12","FR_HBCN_44200",11,10,-1,1,1,1,0,0,34,27,"FR_HBCN_44200"
"FR-1-H_31_30_5306",5523,"38:40","FR_USCHB_94000",17,20,-3,-3,-3,-3,0,0,27,34,"FR_HBCN_44200"
"FR-1-H_31_30_5306",5524,"46:01","FR_HBCN_44200",24,19,2,5,5,5,0,0,34,27,"FR_HBCN_44200"
"FR-1-H_31_30_5306",5525,"55:58","FR_USCHB_94000",25,31,-1,-6,-6,-5,0,1,27,34,"FR_HBCN_44200"
"FR-1-H_31_30_5306",5526,"57:43","FR_HBCN_44200",32,27,-1,5,5,7,0,2,34,27,"FR_HBCN_44200"
"FR-1-H_31_30_5307",5527,"13:42","FR_PSGHB_75016",8,5,-1,3,3,4,0,1,32,29,"FR_PSGHB_75016"
"FR-1-H_31_30_5307",5528,"15:58","FR_CSMBHB_73000",7,11,-1,-4,-4,-5,0,-1,29,32,"FR_PSGHB_75016"
"FR-1-H_31_30_5307",5529,"29:56","FR_PSGHB_75016",18,15,1,3,3,5,0,2,32,29,"FR_PSGHB_75016"
"FR-1-H_31_30_5307",5530,"35:18","FR_CSMBHB_73000",16,22,-2,-6,-6,-4,0,2,29,32,"FR_PSGHB_75016"
"FR-1-H_31_30_5307",5531,"57:30","FR_CSMBHB_73000",27,30,-2,-3,-3,-2,0,1,29,32,"FR_PSGHB_75016"
"FR-1-H_31_30_5307",5532,"58:38","FR_PSGHB_75016",31,29,-1,2,2,3,0,1,32,29,"FR_PSGHB_75016"
"FR-1-H_31_30_5308",5533,"22:49","FR_MHB_34000",10,10,-2,0,0,0,0,0,29,29,"Egalité"
"FR-1-H_31_30_5308",5534,"23:33","FR_SRVHB_83700",10,10,0,0,0,-1,0,-1,29,29,"Egalité"
"FR-1-H_31_30_5308",5535,"41:36","FR_MHB_34000",18,20,-2,-2,-2,-1,0,1,29,29,"Egalité"
"FR-1-H_31_30_5308",5536,"45:17","FR_SRVHB_83700",21,20,-1,1,1,-2,0,-3,29,29,"Egalité"
"FR-1-H_31_30_5308",5537,"53:10","FR_SRVHB_83700",24,26,-1,-2,-2,1,0,3,29,29,"Egalité"
"FR-1-H_31_30_5308",5538,"57:47","FR_MHB_34000",27,28,-2,-1,-1,0,0,1,29,29,"Egalité"
"FR-1-H_31_30_5309",5539,"12:57","FR_FTHB_31000",6,8,-2,-2,-2,-2,0,0,32,32,"Egalité"
"FR-1-H_31_30_5309",5540,"20:57","FR_USAMNG_30918",11,8,2,3,3,2,0,-1,32,32,"Egalité"
"FR-1-H_31_30_5309",5541,"52:55","FR_USAMNG_30918",28,29,-4,-1,-1,1,0,2,32,32,"Egalité"
"FR-1-H_31_30_5309",5542,"56:24","FR_FTHB_31000",30,31,-2,-1,-1,0,0,1,32,32,"Egalité"
"FR-1-H_31_30_5310",5543,"20:39","FR_USIHB_94200",9,12,-3,-3,-3,-1,0,2,31,23,"FR_USIHB_94200"
"FR-1-H_31_30_5310",5544,"28:38","FR_TFHB_93290",13,13,-1,0,0,-2,0,-2,23,31,"FR_USIHB_94200"
"FR-1-H_31_30_5310",5545,"41:20","FR_TFHB_93290",16,20,-3,-4,-4,-4,0,0,23,31,"FR_USIHB_94200"
"FR-1-H_31_30_5310",5546,"51:41","FR_USIHB_94200",26,21,-2,5,5,6,0,1,31,23,"FR_USIHB_94200"
"FR-1-H_31_31_5311",5547,"13:35","FR_PAUC_13100",6,9,-2,-3,-3,-2,0,1,25,27,"FR_SRVHB_83700"
"FR-1-H_31_31_5311",5548,"19:07","FR_SRVHB_83700",10,9,-3,1,1,4,0,3,27,25,"FR_SRVHB_83700"
"FR-1-H_31_31_5311",5549,"44:14","FR_SRVHB_83700",19,19,1,0,0,1,0,1,27,25,"FR_SRVHB_83700"
"FR-1-H_31_31_5311",5550,"48:02","FR_PAUC_13100",19,20,-1,-1,-1,-2,0,-1,25,27,"FR_SRVHB_83700"
"FR-1-H_31_31_5311",5551,"57:52","FR_SRVHB_83700",26,24,1,2,2,2,0,0,27,25,"FR_SRVHB_83700"
"FR-1-H_31_31_5312",5552,"07:42","FR_CSMBHB_73000",2,4,-3,-2,-2,1,0,3,30,20,"FR_CSMBHB_73000"
"FR-1-H_31_31_5312",5553,"26:03","FR_CCMHB_28000",10,13,-2,-3,-3,-1,0,2,20,30,"FR_CSMBHB_73000"
"FR-1-H_31_31_5312",5554,"35:06","FR_CCMHB_28000",14,17,-1,-3,-3,-5,0,-2,20,30,"FR_CSMBHB_73000"
"FR-1-H_31_31_5312",5555,"38:56","FR_CCMHB_28000",15,20,-3,-5,-5,-6,0,-1,20,30,"FR_CSMBHB_73000"
"FR-1-H_31_31_5313",5556,"17:42","FR_DHBGL_59140",3,6,-4,-3,-3,-1,0,2,16,25,"FR_USAMNG_30918"
"FR-1-H_31_31_5313",5557,"29:33","FR_USAMNG_30918",12,8,2,4,4,6,0,2,25,16,"FR_USAMNG_30918"
"FR-1-H_31_31_5313",5558,"34:35","FR_DHBGL_59140",9,15,-1,-6,-6,-5,0,1,16,25,"FR_USAMNG_30918"
"FR-1-H_31_31_5313",5559,"42:36","FR_DHBGL_59140",10,17,-2,-7,-7,-7,0,0,16,25,"FR_USAMNG_30918"
"FR-1-H_31_31_5314",5560,"16:00","FR_MHB_34000",4,8,-1,-4,-4,-4,0,0,25,25,"Egalité"
"FR-1-H_31_31_5314",5561,"23:48","FR_IPHB_13806",12,9,-2,3,3,4,0,1,25,25,"Egalité"
"FR-1-H_31_31_5314",5562,"26:56","FR_MHB_34000",10,14,-2,-4,-4,-3,0,1,25,25,"Egalité"
"FR-1-H_31_31_5314",5563,"45:05","FR_MHB_34000",17,21,-2,-4,-4,-2,0,2,25,25,"Egalité"
"FR-1-H_31_31_5314",5564,"50:54","FR_IPHB_13806",22,20,-3,2,2,0,0,-2,25,25,"Egalité"
"FR-1-H_31_31_5314",5565,"57:49","FR_IPHB_13806",24,24,1,0,0,0,0,0,25,25,"Egalité"
"FR-1-H_31_31_5315",5566,"06:55","FR_PSGHB_75016",5,2,1,3,3,5,0,2,30,24,"FR_PSGHB_75016"
"FR-1-H_31_31_5315",5567,"15:12","FR_USIHB_94200",3,10,-1,-7,-7,-7,0,0,24,30,"FR_PSGHB_75016"
"FR-1-H_31_31_5315",5568,"23:47","FR_PSGHB_75016",14,8,-2,6,6,7,0,1,30,24,"FR_PSGHB_75016"
"FR-1-H_31_31_5315",5569,"51:58","FR_USIHB_94200",20,28,2,-8,-8,-6,0,2,24,30,"FR_PSGHB_75016"
"FR-1-H_31_31_5316",5570,"15:36","FR_FTHB_31000",8,10,-2,-2,-2,2,0,4,34,26,"FR_FTHB_31000"
"FR-1-H_31_31_5316",5571,"19:40","FR_HBCN_44200",10,12,-4,-2,-2,-1,0,1,26,34,"FR_FTHB_31000"
"FR-1-H_31_31_5316",5572,"37:46","FR_HBCN_44200",17,24,-1,-7,-7,-8,0,-1,26,34,"FR_FTHB_31000"
"FR-1-H_31_31_5316",5573,"49:49","FR_FTHB_31000",29,23,-2,6,6,7,0,1,34,26,"FR_FTHB_31000"
"FR-1-H_31_31_5316",5574,"53:21","FR_HBCN_44200",23,30,-1,-7,-7,-9,0,-2,26,34,"FR_FTHB_31000"
"FR-1-H_31_31_5317",5575,"10:29","FR_USCHB_94000",1,4,-2,-3,-3,-2,0,1,21,23,"FR_TFHB_93290"
"FR-1-H_31_31_5317",5576,"23:16","FR_TFHB_93290",8,5,1,3,3,4,0,1,23,21,"FR_TFHB_93290"
"FR-1-H_31_31_5317",5577,"37:26","FR_USCHB_94000",9,14,-1,-5,-5,-5,0,0,21,23,"FR_TFHB_93290"
"FR-1-H_31_31_5317",5578,"43:39","FR_TFHB_93290",15,11,-2,4,4,8,0,4,23,21,"FR_TFHB_93290"
"FR-1-H_31_31_5317",5579,"54:54","FR_TFHB_93290",21,18,-4,3,3,2,0,-1,23,21,"FR_TFHB_93290"
"FR-1-H_31_31_5317",5580,"59:35","FR_USCHB_94000",21,23,1,-2,-2,-2,0,0,21,23,"FR_TFHB_93290"
"FR-1-H_31_32_5318",5581,"16:55","FR_CSMBHB_73000",6,8,-3,-2,-2,-3,0,-1,25,25,"Egalité"
"FR-1-H_31_32_5318",5582,"19:12","FR_USCHB_94000",9,6,1,3,3,1,0,-2,25,25,"Egalité"
"FR-1-H_31_32_5318",5583,"40:52","FR_USCHB_94000",17,19,-1,-2,-2,-3,0,-1,25,25,"Egalité"
"FR-1-H_31_32_5318",5584,"52:52","FR_CSMBHB_73000",23,23,-2,0,0,1,0,1,25,25,"Egalité"
"FR-1-H_31_32_5318",5585,"58:43","FR_USCHB_94000",24,25,-1,-1,-1,0,0,1,25,25,"Egalité"
"FR-1-H_31_32_5318",5586,"59:23","FR_CSMBHB_73000",25,25,-1,0,0,0,0,0,25,25,"Egalité"
"FR-1-H_31_32_5319",5587,"15:50","FR_DHBGL_59140",4,4,-1,0,0,0,0,0,24,24,"Egalité"
"FR-1-H_31_32_5319",5588,"21:06","FR_CCMHB_28000",6,7,-2,-1,-1,0,0,1,24,24,"Egalité"
"FR-1-H_31_32_5319",5589,"31:44","FR_CCMHB_28000",11,14,-4,-3,-3,1,0,4,24,24,"Egalité"
"FR-1-H_31_32_5319",5590,"36:18","FR_DHBGL_59140",15,16,-4,-1,-1,-1,0,0,24,24,"Egalité"
"FR-1-H_31_32_5319",5591,"56:52","FR_CCMHB_28000",22,24,-2,-2,-2,0,0,2,24,24,"Egalité"
"FR-1-H_31_32_5319",5592,"59:02","FR_DHBGL_59140",24,24,-2,0,0,0,0,0,24,24,"Egalité"
"FR-1-H_31_32_5320",5593,"17:45","FR_USIHB_94200",6,12,-3,-6,-6,-6,0,0,24,27,"FR_MHB_34000"
"FR-1-H_31_32_5320",5594,"24:27","FR_MHB_34000",15,9,-1,6,6,6,0,0,27,24,"FR_MHB_34000"
"FR-1-H_31_32_5320",5595,"40:23","FR_MHB_34000",21,17,-2,4,4,6,0,2,27,24,"FR_MHB_34000"
"FR-1-H_31_32_5320",5596,"56:35","FR_USIHB_94200",22,27,1,-5,-5,-3,0,2,24,27,"FR_MHB_34000"
"FR-1-H_31_32_5321",5597,"27:52","FR_USAMNG_30918",12,14,-2,-2,-2,-3,0,-1,26,25,"FR_USAMNG_30918"
"FR-1-H_31_32_5321",5598,"29:47","FR_HBCN_44200",15,12,1,3,3,3,0,0,25,26,"FR_USAMNG_30918"
"FR-1-H_31_32_5321",5599,"40:31","FR_HBCN_44200",20,18,-2,2,2,1,0,-1,25,26,"FR_USAMNG_30918"
"FR-1-H_31_32_5321",5600,"47:10","FR_USAMNG_30918",20,22,-1,-2,-2,-1,0,1,26,25,"FR_USAMNG_30918"
"FR-1-H_31_32_5321",5601,"58:20","FR_HBCN_44200",25,26,-1,-1,-1,-1,0,0,25,26,"FR_USAMNG_30918"
"FR-1-H_31_32_5321",5602,"59:12","FR_USAMNG_30918",26,25,0,1,1,1,0,0,26,25,"FR_USAMNG_30918"
"FR-1-H_31_32_5322",5603,"19:12","FR_PAUC_13100",10,12,-4,-2,-2,-4,0,-2,23,36,"FR_PSGHB_75016"
"FR-1-H_31_32_5322",5604,"30:00","FR_PSGHB_75016",17,12,-1,5,5,6,0,1,36,23,"FR_PSGHB_75016"
"FR-1-H_31_32_5322",5605,"46:39","FR_PAUC_13100",18,27,-4,-9,-9,-11,0,-2,23,36,"FR_PSGHB_75016"
"FR-1-H_31_32_5323",5606,"20:55","FR_TFHB_93290",12,10,-2,2,2,3,0,1,26,29,"FR_SRVHB_83700"
"FR-1-H_31_32_5323",5607,"49:49","FR_SRVHB_83700",23,24,-1,-1,-1,1,0,2,29,26,"FR_SRVHB_83700"
"FR-1-H_31_32_5323",5608,"54:56","FR_TFHB_93290",25,26,-2,-1,-1,-2,0,-1,26,29,"FR_SRVHB_83700"
"FR-1-H_31_32_5323",5609,"57:39","FR_SRVHB_83700",28,26,1,2,2,3,0,1,29,26,"FR_SRVHB_83700"
"FR-1-H_31_32_5324",5610,"09:30","FR_IPHB_13806",2,7,-3,-5,-5,-4,0,1,25,28,"FR_FTHB_31000"
"FR-1-H_31_32_5324",5611,"40:12","FR_FTHB_31000",19,16,-3,3,3,4,0,1,28,25,"FR_FTHB_31000"
"FR-1-H_31_32_5324",5612,"55:13","FR_IPHB_13806",23,27,1,-4,-4,-3,0,1,25,28,"FR_FTHB_31000"
"FR-1-H_31_33_5325",5613,"18:49","FR_USCHB_94000",8,9,-1,-1,-1,-1,0,0,23,28,"FR_PAUC_13100"
"FR-1-H_31_33_5325",5614,"36:09","FR_USCHB_94000",13,18,-3,-5,-5,-4,0,1,23,28,"FR_PAUC_13100"
"FR-1-H_31_33_5325",5615,"51:40","FR_USCHB_94000",20,25,1,-5,-5,-3,0,2,23,28,"FR_PAUC_13100"
"FR-1-H_31_33_5325",5616,"52:00","FR_PAUC_13100",25,22,-1,3,3,5,0,2,28,23,"FR_PAUC_13100"
"FR-1-H_31_33_5326",5617,"14:06","FR_FTHB_31000",7,9,-4,-2,-2,0,0,2,25,24,"FR_FTHB_31000"
"FR-1-H_31_33_5326",5618,"24:34","FR_CSMBHB_73000",12,11,-1,1,1,-1,0,-2,24,25,"FR_FTHB_31000"
"FR-1-H_31_33_5326",5619,"51:55","FR_CSMBHB_73000",19,21,-1,-2,-2,-2,0,0,24,25,"FR_FTHB_31000"
"FR-1-H_31_33_5326",5620,"59:12","FR_CSMBHB_73000",23,25,-1,-2,-2,-1,0,1,24,25,"FR_FTHB_31000"
"FR-1-H_31_33_5326",5621,"59:28","FR_FTHB_31000",25,24,-1,1,1,1,0,0,25,24,"FR_FTHB_31000"
"FR-1-H_31_33_5327",5622,"14:40","FR_CCMHB_28000",7,11,-2,-4,-4,-4,0,0,29,33,"FR_SRVHB_83700"
"FR-1-H_31_33_5327",5623,"27:22","FR_SRVHB_83700",18,14,-1,4,4,6,0,2,33,29,"FR_SRVHB_83700"
"FR-1-H_31_33_5327",5624,"35:06","FR_SRVHB_83700",21,17,-3,4,4,4,0,0,33,29,"FR_SRVHB_83700"
"FR-1-H_31_33_5327",5625,"45:53","FR_CCMHB_28000",22,26,-1,-4,-4,-4,0,0,29,33,"FR_SRVHB_83700"
"FR-1-H_31_33_5327",5626,"54:47","FR_SRVHB_83700",30,27,-2,3,3,4,0,1,33,29,"FR_SRVHB_83700"
"FR-1-H_31_33_5328",5627,"24:32","FR_IPHB_13806",11,11,-3,0,0,1,0,1,26,30,"FR_DHBGL_59140"
"FR-1-H_31_33_5328",5628,"34:06","FR_DHBGL_59140",15,18,-3,-3,-3,-2,0,1,30,26,"FR_DHBGL_59140"
"FR-1-H_31_33_5328",5629,"44:49","FR_IPHB_13806",22,23,-2,-1,-1,-1,0,0,26,30,"FR_DHBGL_59140"
"FR-1-H_31_33_5328",5630,"57:49","FR_DHBGL_59140",29,26,2,3,3,4,0,1,30,26,"FR_DHBGL_59140"
"FR-1-H_31_33_5329",5631,"13:19","FR_HBCN_44200",6,7,-4,-1,-1,0,0,1,32,26,"FR_HBCN_44200"
"FR-1-H_31_33_5329",5632,"21:50","FR_USIHB_94200",12,14,-4,-2,-2,-2,0,0,26,32,"FR_HBCN_44200"
"FR-1-H_31_33_5329",5633,"44:06","FR_USIHB_94200",20,24,-1,-4,-4,-6,0,-2,26,32,"FR_HBCN_44200"
"FR-1-H_31_33_5329",5634,"52:54","FR_HBCN_44200",29,23,-1,6,6,7,0,1,32,26,"FR_HBCN_44200"
"FR-1-H_31_33_5330",5635,"10:14","FR_MHB_34000",3,8,-4,-5,-5,-5,0,0,30,35,"FR_PSGHB_75016"
"FR-1-H_31_33_5330",5636,"29:29","FR_PSGHB_75016",20,15,-1,5,5,6,0,1,35,30,"FR_PSGHB_75016"
"FR-1-H_31_33_5330",5637,"42:17","FR_PSGHB_75016",27,22,-3,5,5,6,0,1,35,30,"FR_PSGHB_75016"
"FR-1-H_31_33_5330",5638,"47:07","FR_MHB_34000",23,29,1,-6,-6,-5,0,1,30,35,"FR_PSGHB_75016"
"FR-1-H_31_33_5330",5639,"59:03","FR_PSGHB_75016",34,30,-1,4,4,5,0,1,35,30,"FR_PSGHB_75016"
"FR-1-H_31_33_5331",5640,"10:11","FR_TFHB_93290",3,6,-4,-3,-3,-1,0,2,28,34,"FR_USAMNG_30918"
"FR-1-H_31_33_5331",5641,"29:27","FR_USAMNG_30918",16,12,-1,4,4,7,0,3,34,28,"FR_USAMNG_30918"
"FR-1-H_31_34_5332",5642,"14:27","FR_USCHB_94000",10,8,-1,2,2,1,0,-1,29,38,"FR_PSGHB_75016"
"FR-1-H_31_34_5332",5643,"24:55","FR_PSGHB_75016",15,12,4,3,3,6,0,3,38,29,"FR_PSGHB_75016"
"FR-1-H_31_34_5332",5644,"49:45","FR_USCHB_94000",23,33,-1,-10,-10,-8,0,2,29,38,"FR_PSGHB_75016"
"FR-1-H_31_34_5333",5645,"15:30","FR_TFHB_93290",1,6,-3,-5,-5,-6,0,-1,19,24,"FR_DHBGL_59140"
"FR-1-H_31_34_5333",5646,"21:32","FR_DHBGL_59140",8,2,1,6,6,4,0,-2,24,19,"FR_DHBGL_59140"
"FR-1-H_31_34_5333",5647,"44:48","FR_TFHB_93290",14,18,-2,-4,-4,-4,0,0,19,24,"FR_DHBGL_59140"
"FR-1-H_31_34_5333",5648,"52:10","FR_DHBGL_59140",19,16,-2,3,3,4,0,1,24,19,"FR_DHBGL_59140"
"FR-1-H_31_34_5333",5649,"58:06","FR_DHBGL_59140",22,19,-1,3,3,5,0,2,24,19,"FR_DHBGL_59140"
"FR-1-H_31_34_5334",5650,"11:38","FR_PAUC_13100",4,7,-2,-3,-3,-3,0,0,26,32,"FR_MHB_34000"
"FR-1-H_31_34_5334",5651,"27:37","FR_MHB_34000",14,12,-1,2,2,2,0,0,32,26,"FR_MHB_34000"
"FR-1-H_31_34_5334",5652,"43:41","FR_PAUC_13100",18,23,-2,-5,-5,-4,0,1,26,32,"FR_MHB_34000"
"FR-1-H_31_34_5334",5653,"53:49","FR_MHB_34000",29,25,-1,4,4,6,0,2,32,26,"FR_MHB_34000"
"FR-1-H_31_34_5335",5654,"15:44","FR_IPHB_13806",8,12,-3,-4,-4,-5,0,-1,26,29,"FR_HBCN_44200"
"FR-1-H_31_34_5335",5655,"24:04","FR_HBCN_44200",15,11,-1,4,4,6,0,2,29,26,"FR_HBCN_44200"
"FR-1-H_31_34_5335",5656,"49:05","FR_IPHB_13806",20,27,1,-7,-7,-5,0,2,26,29,"FR_HBCN_44200"
"FR-1-H_31_34_5335",5657,"55:47","FR_HBCN_44200",28,24,-3,4,4,3,0,-1,29,26,"FR_HBCN_44200"
"FR-1-H_31_34_5336",5658,"20:28","FR_CCMHB_28000",8,10,-2,-2,-2,-2,0,0,25,32,"FR_USAMNG_30918"
"FR-1-H_31_34_5336",5659,"29:37","FR_USAMNG_30918",16,12,-1,4,4,4,0,0,32,25,"FR_USAMNG_30918"
"FR-1-H_31_34_5336",5660,"41:57","FR_CCMHB_28000",18,23,-1,-5,-5,-5,0,0,25,32,"FR_USAMNG_30918"
"FR-1-H_31_34_5336",5661,"49:34","FR_USAMNG_30918",27,22,1,5,5,4,0,-1,32,25,"FR_USAMNG_30918"
"FR-1-H_31_34_5337",5662,"18:58","FR_CSMBHB_73000",6,8,-1,-2,-2,-3,0,-1,23,28,"FR_SRVHB_83700"
"FR-1-H_31_34_5337",5663,"29:33","FR_SRVHB_83700",14,8,1,6,6,6,0,0,28,23,"FR_SRVHB_83700"
"FR-1-H_31_34_5337",5664,"40:36","FR_SRVHB_83700",17,13,-2,4,4,1,0,-3,28,23,"FR_SRVHB_83700"
"FR-1-H_31_34_5337",5665,"53:10","FR_CSMBHB_73000",20,23,-2,-3,-3,-5,0,-2,23,28,"FR_SRVHB_83700"
"FR-1-H_31_34_5338",5666,"05:25","FR_USIHB_94200",0,1,-1,-1,-1,-5,0,-4,23,32,"FR_FTHB_31000"
"FR-1-H_31_34_5338",5667,"13:37","FR_FTHB_31000",9,6,-3,3,3,4,0,1,32,23,"FR_FTHB_31000"
"FR-1-H_31_34_5338",5668,"36:02","FR_USIHB_94200",14,20,-4,-6,-6,-6,0,0,23,32,"FR_FTHB_31000"
"FR-1-H_31_34_5338",5669,"52:32","FR_USIHB_94200",19,28,-3,-9,-9,-9,0,0,23,32,"FR_FTHB_31000"
"FR-1-H_31_35_5339",5670,"22:24","FR_PAUC_13100",10,13,-3,-3,-3,-4,0,-1,29,34,"FR_USAMNG_30918"
"FR-1-H_31_35_5339",5671,"27:45","FR_USAMNG_30918",16,13,-1,3,3,4,0,1,34,29,"FR_USAMNG_30918"
"FR-1-H_31_35_5339",5672,"46:42","FR_PAUC_13100",22,26,-2,-4,-4,-5,0,-1,29,34,"FR_USAMNG_30918"
"FR-1-H_31_35_5339",5673,"54:26","FR_USAMNG_30918",31,27,-2,4,4,4,0,0,34,29,"FR_USAMNG_30918"
"FR-1-H_31_35_5340",5674,"02:56","FR_HBCN_44200",0,4,-4,-4,-4,-3,0,1,29,28,"FR_HBCN_44200"
"FR-1-H_31_35_5340",5675,"19:12","FR_CSMBHB_73000",11,6,1,5,5,4,0,-1,28,29,"FR_HBCN_44200"
"FR-1-H_31_35_5340",5676,"40:52","FR_HBCN_44200",15,18,-2,-3,-3,-1,0,2,29,28,"FR_HBCN_44200"
"FR-1-H_31_35_5340",5677,"57:59","FR_HBCN_44200",26,28,-1,-2,-2,0,0,2,29,28,"FR_HBCN_44200"
"FR-1-H_31_35_5340",5678,"59:12","FR_CSMBHB_73000",28,28,-2,0,0,-1,0,-1,28,29,"FR_HBCN_44200"
"FR-1-H_31_35_5341",5679,"17:28","FR_TFHB_93290",7,9,-4,-2,-2,-2,0,0,23,23,"Egalité"
"FR-1-H_31_35_5341",5680,"28:07","FR_CCMHB_28000",11,9,-2,2,2,3,0,1,23,23,"Egalité"
"FR-1-H_31_35_5341",5681,"37:06","FR_TFHB_93290",12,17,-3,-5,-5,-4,0,1,23,23,"Egalité"
"FR-1-H_31_35_5341",5682,"49:49","FR_CCMHB_28000",22,18,-2,4,4,1,0,-3,23,23,"Egalité"
"FR-1-H_31_35_5341",5683,"57:40","FR_CCMHB_28000",23,21,1,2,2,2,0,0,23,23,"Egalité"
"FR-1-H_31_35_5341",5684,"58:02","FR_TFHB_93290",21,23,0,-2,-2,0,0,2,23,23,"Egalité"
"FR-1-H_31_35_5342",5685,"14:14","FR_USCHB_94000",6,7,-1,-1,-1,-2,0,-1,23,29,"FR_FTHB_31000"
"FR-1-H_31_35_5342",5686,"29:07","FR_FTHB_31000",15,12,-1,3,3,4,0,1,29,23,"FR_FTHB_31000"
"FR-1-H_31_35_5342",5687,"44:57","FR_FTHB_31000",21,19,-4,2,2,1,0,-1,29,23,"FR_FTHB_31000"
"FR-1-H_31_35_5342",5688,"50:02","FR_USCHB_94000",21,23,-2,-2,-2,-2,0,0,23,29,"FR_FTHB_31000"
"FR-1-H_31_35_5343",5689,"22:13","FR_USIHB_94200",8,11,-3,-3,-3,-3,0,0,26,29,"FR_IPHB_13806"
"FR-1-H_31_35_5343",5690,"26:17","FR_IPHB_13806",13,10,1,3,3,3,0,0,29,26,"FR_IPHB_13806"
"FR-1-H_31_35_5343",5691,"38:40","FR_USIHB_94200",15,19,-2,-4,-4,-4,0,0,26,29,"FR_IPHB_13806"
"FR-1-H_31_35_5343",5692,"45:21","FR_IPHB_13806",22,19,-1,3,3,4,0,1,29,26,"FR_IPHB_13806"
"FR-1-H_31_35_5343",5693,"54:03","FR_USIHB_94200",23,27,-1,-4,-4,-2,0,2,26,29,"FR_IPHB_13806"
"FR-1-H_31_35_5343",5694,"56:30","FR_IPHB_13806",27,25,-2,2,2,3,0,1,29,26,"FR_IPHB_13806"
"FR-1-H_31_35_5344",5695,"14:26","FR_DHBGL_59140",7,8,-3,-1,-1,-4,0,-3,28,29,"FR_MHB_34000"
"FR-1-H_31_35_5344",5696,"18:45","FR_DHBGL_59140",8,12,-4,-4,-4,-5,0,-1,28,29,"FR_MHB_34000"
"FR-1-H_31_35_5344",5697,"27:00","FR_MHB_34000",16,13,-2,3,3,1,0,-2,29,28,"FR_MHB_34000"
"FR-1-H_31_35_5344",5698,"43:35","FR_DHBGL_59140",21,23,-2,-2,-2,-1,0,1,28,29,"FR_MHB_34000"
"FR-1-H_31_35_5344",5699,"57:56","FR_MHB_34000",28,27,-1,1,1,1,0,0,29,28,"FR_MHB_34000"
"FR-1-H_31_35_5345",5700,"09:00","FR_SRVHB_83700",6,6,-1,0,0,0,0,0,26,39,"FR_PSGHB_75016"
"FR-1-H_31_35_5345",5701,"30:03","FR_SRVHB_83700",9,9,-3,0,0,-7,0,-7,26,39,"FR_PSGHB_75016"
"FR-1-H_31_35_5345",5702,"44:51","FR_SRVHB_83700",21,30,-3,-9,-9,-9,0,0,26,39,"FR_PSGHB_75016"
"FR-1-H_31_36_5346",5703,"09:24","FR_DHBGL_59140",3,6,-3,-3,-3,-4,0,-1,22,23,"FR_CSMBHB_73000"
"FR-1-H_31_36_5346",5704,"23:12","FR_DHBGL_59140",7,12,-1,-5,-5,-6,0,-1,22,23,"FR_CSMBHB_73000"
"FR-1-H_31_36_5346",5705,"28:30","FR_CSMBHB_73000",15,9,-1,6,6,4,0,-2,23,22,"FR_CSMBHB_73000"
"FR-1-H_31_36_5346",5706,"36:25","FR_CSMBHB_73000",15,14,-4,1,1,1,0,0,23,22,"FR_CSMBHB_73000"
"FR-1-H_31_36_5346",5707,"46:19","FR_DHBGL_59140",16,18,-2,-2,-2,0,0,2,22,23,"FR_CSMBHB_73000"
"FR-1-H_31_36_5346",5708,"58:04","FR_CSMBHB_73000",22,22,-1,0,0,1,0,1,23,22,"FR_CSMBHB_73000"
"FR-1-H_31_36_5347",5709,"26:38","FR_USIHB_94200",11,12,-2,-1,-1,-1,0,0,26,28,"FR_CCMHB_28000"
"FR-1-H_31_36_5347",5710,"29:15","FR_CCMHB_28000",13,12,1,1,1,1,0,0,28,26,"FR_CCMHB_28000"
"FR-1-H_31_36_5347",5711,"39:36","FR_USIHB_94200",15,19,-3,-4,-4,-3,0,1,26,28,"FR_CCMHB_28000"
"FR-1-H_31_36_5347",5712,"48:37","FR_CCMHB_28000",23,21,1,2,2,3,0,1,28,26,"FR_CCMHB_28000"
"FR-1-H_31_36_5347",5713,"56:08","FR_USIHB_94200",23,26,-1,-3,-3,-2,0,1,26,28,"FR_CCMHB_28000"
"FR-1-H_31_36_5347",5714,"58:51","FR_CCMHB_28000",27,25,-1,2,2,2,0,0,28,26,"FR_CCMHB_28000"
"FR-1-H_31_36_5348",5715,"21:31","FR_HBCN_44200",9,10,-2,-1,-1,-4,0,-3,25,24,"FR_HBCN_44200"
"FR-1-H_31_36_5348",5716,"26:49","FR_HBCN_44200",9,13,-3,-4,-4,-4,0,0,25,24,"FR_HBCN_44200"
"FR-1-H_31_36_5348",5717,"27:39","FR_PAUC_13100",13,9,0,4,4,2,0,-2,24,25,"FR_HBCN_44200"
"FR-1-H_31_36_5348",5718,"46:38","FR_PAUC_13100",17,20,-3,-3,-3,-1,0,2,24,25,"FR_HBCN_44200"
"FR-1-H_31_36_5348",5719,"51:58","FR_HBCN_44200",21,20,-3,1,1,1,0,0,25,24,"FR_HBCN_44200"
"FR-1-H_31_36_5348",5720,"58:55","FR_PAUC_13100",24,25,-1,-1,-1,-1,0,0,24,25,"FR_HBCN_44200"
"FR-1-H_31_36_5349",5721,"17:20","FR_IPHB_13806",7,10,-2,-3,-3,-4,0,-1,22,34,"FR_USAMNG_30918"
"FR-1-H_31_36_5349",5722,"44:28","FR_IPHB_13806",19,26,-1,-7,-7,-8,0,-1,22,34,"FR_USAMNG_30918"
"FR-1-H_31_36_5349",5723,"51:28","FR_IPHB_13806",20,28,1,-8,-8,-11,0,-3,22,34,"FR_USAMNG_30918"
"FR-1-H_31_36_5350",5724,"13:13","FR_SRVHB_83700",5,7,1,-2,-2,-1,0,1,32,29,"FR_SRVHB_83700"
"FR-1-H_31_36_5350",5725,"27:41","FR_USCHB_94000",15,16,-1,-1,-1,-1,0,0,29,32,"FR_SRVHB_83700"
"FR-1-H_31_36_5350",5726,"37:39","FR_USCHB_94000",18,22,-3,-4,-4,-2,0,2,29,32,"FR_SRVHB_83700"
"FR-1-H_31_36_5350",5727,"42:43","FR_SRVHB_83700",23,21,-2,2,2,2,0,0,32,29,"FR_SRVHB_83700"
"FR-1-H_31_36_5350",5728,"58:45","FR_SRVHB_83700",31,28,-4,3,3,3,0,0,32,29,"FR_SRVHB_83700"
"FR-1-H_31_36_5351",5729,"24:12","FR_FTHB_31000",12,14,-1,-2,-2,-2,0,0,25,33,"FR_MHB_34000"
"FR-1-H_31_36_5351",5730,"27:30","FR_MHB_34000",14,12,0,2,2,2,0,0,33,25,"FR_MHB_34000"
"FR-1-H_31_36_5351",5731,"45:20","FR_MHB_34000",23,17,-2,6,6,7,0,1,33,25,"FR_MHB_34000"
"FR-1-H_31_36_5352",5732,"17:32","FR_TFHB_93290",9,13,-3,-4,-4,-5,0,-1,32,41,"FR_PSGHB_75016"
"FR-1-H_31_36_5352",5733,"29:49","FR_PSGHB_75016",23,19,-2,4,4,4,0,0,41,32,"FR_PSGHB_75016"
"FR-1-H_31_36_5352",5734,"33:48","FR_PSGHB_75016",24,20,-1,4,4,5,0,1,41,32,"FR_PSGHB_75016"
"FR-1-H_31_36_5352",5735,"40:36","FR_TFHB_93290",22,29,-3,-7,-7,-5,0,2,32,41,"FR_PSGHB_75016"
"FR-1-H_31_37_5353",5736,"25:05","FR_TFHB_93290",8,12,-2,-4,-4,-2,0,2,26,28,"FR_PAUC_13100"
"FR-1-H_31_37_5353",5737,"47:32","FR_TFHB_93290",18,23,-3,-5,-5,-6,0,-1,26,28,"FR_PAUC_13100"
"FR-1-H_31_37_5353",5738,"53:58","FR_PAUC_13100",25,20,-1,5,5,2,0,-3,28,26,"FR_PAUC_13100"
"FR-1-H_31_37_5354",5739,"15:22","FR_CSMBHB_73000",6,8,-2,-2,-2,-1,0,1,29,23,"FR_CSMBHB_73000"
"FR-1-H_31_37_5354",5740,"22:55","FR_IPHB_13806",12,11,1,1,1,-2,0,-3,23,29,"FR_CSMBHB_73000"
"FR-1-H_31_37_5354",5741,"53:40","FR_IPHB_13806",21,25,-3,-4,-4,-4,0,0,23,29,"FR_CSMBHB_73000"
"FR-1-H_31_37_5354",5742,"54:14","FR_IPHB_13806",21,25,0,-4,-4,-5,0,-1,23,29,"FR_CSMBHB_73000"
"FR-1-H_31_37_5355",5743,"14:18","FR_CCMHB_28000",4,6,-2,-2,-2,-4,0,-2,24,30,"FR_FTHB_31000"
"FR-1-H_31_37_5355",5744,"24:39","FR_FTHB_31000",12,8,-1,4,4,5,0,1,30,24,"FR_FTHB_31000"
"FR-1-H_31_37_5355",5745,"44:11","FR_FTHB_31000",21,18,-2,3,3,6,0,3,30,24,"FR_FTHB_31000"
"FR-1-H_31_37_5355",5746,"47:51","FR_CCMHB_28000",18,24,-3,-6,-6,-7,0,-1,24,30,"FR_FTHB_31000"
"FR-1-H_31_37_5356",5747,"10:18","FR_USIHB_94200",3,7,-3,-4,-4,-2,0,2,24,27,"FR_USCHB_94000"
"FR-1-H_31_37_5356",5748,"23:01","FR_USCHB_94000",13,12,-1,1,1,0,0,-1,27,24,"FR_USCHB_94000"
"FR-1-H_31_37_5356",5749,"38:05","FR_USIHB_94200",15,19,-3,-4,-4,-1,0,3,24,27,"FR_USCHB_94000"
"FR-1-H_31_37_5356",5750,"44:12","FR_USCHB_94000",19,19,-3,0,0,0,0,0,27,24,"FR_USCHB_94000"
"FR-1-H_31_37_5356",5751,"52:55","FR_USIHB_94200",23,26,-2,-3,-3,-4,0,-1,24,27,"FR_USCHB_94000"
"FR-1-H_31_37_5357",5752,"18:43","FR_HBCN_44200",7,10,-2,-3,-3,-2,0,1,29,28,"FR_HBCN_44200"
"FR-1-H_31_37_5357",5753,"21:48","FR_HBCN_44200",9,11,1,-2,-2,-1,0,1,29,28,"FR_HBCN_44200"
"FR-1-H_31_37_5357",5754,"27:28","FR_MHB_34000",13,13,-3,0,0,-1,0,-1,28,29,"FR_HBCN_44200"
"FR-1-H_31_37_5357",5755,"41:22","FR_MHB_34000",19,21,-3,-2,-2,-4,0,-2,28,29,"FR_HBCN_44200"
"FR-1-H_31_37_5357",5756,"48:08","FR_HBCN_44200",25,22,-1,3,3,1,0,-2,29,28,"FR_HBCN_44200"
"FR-1-H_31_37_5357",5757,"57:37","FR_MHB_34000",27,29,-1,-2,-2,-1,0,1,28,29,"FR_HBCN_44200"
"FR-1-H_31_37_5357",5758,"57:49","FR_HBCN_44200",29,28,-1,1,1,1,0,0,29,28,"FR_HBCN_44200"
"FR-1-H_31_37_5358",5759,"24:52","FR_DHBGL_59140",12,16,-4,-4,-4,-7,0,-3,25,36,"FR_PSGHB_75016"
"FR-1-H_31_37_5358",5760,"29:02","FR_PSGHB_75016",19,12,3,7,7,9,0,2,36,25,"FR_PSGHB_75016"
"FR-1-H_31_37_5358",5761,"49:24","FR_DHBGL_59140",21,30,-2,-9,-9,-10,0,-1,25,36,"FR_PSGHB_75016"
"FR-1-H_31_37_5358",5762,"58:09","FR_DHBGL_59140",24,35,-2,-11,-11,-11,0,0,25,36,"FR_PSGHB_75016"
"FR-1-H_31_37_5359",5763,"11:43","FR_USAMNG_30918",3,7,-4,-4,-4,-4,0,0,27,30,"FR_SRVHB_83700"
"FR-1-H_31_37_5359",5764,"24:32","FR_SRVHB_83700",14,10,-1,4,4,7,0,3,30,27,"FR_SRVHB_83700"
"FR-1-H_31_37_5359",5765,"44:51","FR_SRVHB_83700",23,21,-2,2,2,1,0,-1,30,27,"FR_SRVHB_83700"
"FR-1-H_31_37_5359",5766,"53:35","FR_USAMNG_30918",25,27,1,-2,-2,-3,0,-1,27,30,"FR_SRVHB_83700"
"FR-1-H_31_37_5359",5767,"59:01","FR_SRVHB_83700",30,27,1,3,3,3,0,0,30,27,"FR_SRVHB_83700"
"FR-1-H_31_38_5360",5768,"16:22","FR_USCHB_94000",6,7,-1,-1,-1,0,0,1,25,26,"FR_DHBGL_59140"
"FR-1-H_31_38_5360",5769,"26:44","FR_DHBGL_59140",13,10,-1,3,3,4,0,1,26,25,"FR_DHBGL_59140"
"FR-1-H_31_38_5360",5770,"35:32","FR_DHBGL_59140",17,15,-1,2,2,1,0,-1,26,25,"FR_DHBGL_59140"
"FR-1-H_31_38_5360",5771,"46:35","FR_USCHB_94000",19,22,-3,-3,-3,-2,0,1,25,26,"FR_DHBGL_59140"
"FR-1-H_31_38_5360",5772,"59:31","FR_DHBGL_59140",25,24,-1,1,1,1,0,0,26,25,"FR_DHBGL_59140"
"FR-1-H_31_38_5361",5773,"09:45","FR_PAUC_13100",2,5,-1,-3,-3,-2,0,1,25,21,"FR_PAUC_13100"
"FR-1-H_31_38_5361",5774,"25:54","FR_IPHB_13806",11,11,1,0,0,-1,0,-1,21,25,"FR_PAUC_13100"
"FR-1-H_31_38_5361",5775,"52:19","FR_IPHB_13806",20,22,1,-2,-2,-3,0,-1,21,25,"FR_PAUC_13100"
"FR-1-H_31_38_5361",5776,"58:24","FR_IPHB_13806",20,23,-1,-3,-3,-4,0,-1,21,25,"FR_PAUC_13100"
"FR-1-H_31_38_5362",5777,"20:28","FR_MHB_34000",10,9,-2,1,1,0,0,-1,25,30,"FR_USIHB_94200"
"FR-1-H_31_38_5362",5778,"34:22","FR_MHB_34000",11,15,-3,-4,-4,-5,0,-1,25,30,"FR_USIHB_94200"
"FR-1-H_31_38_5362",5779,"43:44","FR_USIHB_94200",20,17,-2,3,3,5,0,2,30,25,"FR_USIHB_94200"
"FR-1-H_31_38_5362",5780,"54:26","FR_MHB_34000",22,27,1,-5,-5,-5,0,0,25,30,"FR_USIHB_94200"
"FR-1-H_31_38_5362",5781,"57:51","FR_USIHB_94200",29,24,-1,5,5,5,0,0,30,25,"FR_USIHB_94200"
"FR-1-H_31_38_5363",5782,"16:49","FR_HBCN_44200",10,10,-1,0,0,2,0,2,33,31,"FR_HBCN_44200"
"FR-1-H_31_38_5363",5783,"20:38","FR_CCMHB_28000",11,13,1,-2,-2,0,0,2,31,33,"FR_HBCN_44200"
"FR-1-H_31_38_5363",5784,"40:06","FR_CCMHB_28000",20,25,-4,-5,-5,-4,0,1,31,33,"FR_HBCN_44200"
"FR-1-H_31_38_5363",5785,"44:05","FR_HBCN_44200",26,22,-1,4,4,3,0,-1,33,31,"FR_HBCN_44200"
"FR-1-H_31_38_5363",5786,"53:56","FR_CCMHB_28000",28,30,1,-2,-2,-2,0,0,31,33,"FR_HBCN_44200"
"FR-1-H_31_38_5363",5787,"58:06","FR_HBCN_44200",32,30,1,2,2,2,0,0,33,31,"FR_HBCN_44200"
"FR-1-H_31_38_5364",5788,"14:39","FR_CSMBHB_73000",7,7,1,0,0,1,0,1,31,38,"FR_USAMNG_30918"
"FR-1-H_31_38_5364",5789,"25:42","FR_USAMNG_30918",14,13,-2,1,1,5,0,4,38,31,"FR_USAMNG_30918"
"FR-1-H_31_38_5364",5790,"44:11","FR_CSMBHB_73000",19,27,-3,-8,-8,-9,0,-1,31,38,"FR_USAMNG_30918"
"FR-1-H_31_38_5364",5791,"53:45","FR_USAMNG_30918",34,27,-1,7,7,6,0,-1,38,31,"FR_USAMNG_30918"
"FR-1-H_31_38_5365",5792,"18:17","FR_FTHB_31000",12,10,-1,2,2,3,0,1,28,36,"FR_PSGHB_75016"
"FR-1-H_31_38_5365",5793,"25:12","FR_PSGHB_75016",12,16,-1,-4,-4,0,0,4,36,28,"FR_PSGHB_75016"
"FR-1-H_31_38_5365",5794,"39:17","FR_FTHB_31000",20,22,-1,-2,-2,-4,0,-2,28,36,"FR_PSGHB_75016"
"FR-1-H_31_38_5365",5795,"44:01","FR_FTHB_31000",21,25,-3,-4,-4,-7,0,-3,28,36,"FR_PSGHB_75016"
"FR-1-H_31_38_5366",5796,"13:23","FR_SRVHB_83700",6,10,-3,-4,-4,-3,0,1,31,34,"FR_TFHB_93290"
"FR-1-H_31_38_5366",5797,"29:10","FR_TFHB_93290",19,16,-1,3,3,5,0,2,34,31,"FR_TFHB_93290"
"FR-1-H_31_38_5366",5798,"43:14","FR_SRVHB_83700",23,27,-1,-4,-4,-2,0,2,31,34,"FR_TFHB_93290"
"FR-1-H_31_38_5366",5799,"52:54","FR_TFHB_93290",31,30,-1,1,1,2,0,1,34,31,"FR_TFHB_93290"
"FR-1-H_31_38_5366",5800,"58:31","FR_TFHB_93290",33,31,2,2,2,3,0,1,34,31,"FR_TFHB_93290"
"FR-1-H_31_39_5367",5801,"14:19","FR_PAUC_13100",4,8,-1,-4,-4,-5,0,-1,29,37,"FR_PSGHB_75016"
"FR-1-H_31_39_5367",5802,"29:53","FR_PSGHB_75016",17,11,-1,6,6,9,0,3,37,29,"FR_PSGHB_75016"
"FR-1-H_31_39_5368",5803,"42:34","FR_CCMHB_28000",17,17,-3,0,0,2,0,2,26,22,"FR_CCMHB_28000"
"FR-1-H_31_39_5368",5804,"47:45","FR_CSMBHB_73000",17,19,-1,-2,-2,-4,0,-2,22,26,"FR_CCMHB_28000"
"FR-1-H_31_39_5369",5805,"20:08","FR_USCHB_94000",10,14,-2,-4,-4,-5,0,-1,28,35,"FR_USAMNG_30918"
"FR-1-H_31_39_5369",5806,"29:54","FR_USAMNG_30918",19,14,-1,5,5,8,0,3,35,28,"FR_USAMNG_30918"
"FR-1-H_31_39_5369",5807,"44:39","FR_USCHB_94000",18,29,-4,-11,-11,-10,0,1,28,35,"FR_USAMNG_30918"
"FR-1-H_31_39_5369",5808,"48:46","FR_USAMNG_30918",30,20,-1,10,10,8,0,-2,35,28,"FR_USAMNG_30918"
"FR-1-H_31_39_5370",5809,"22:52","FR_MHB_34000",10,10,-1,0,0,0,0,0,27,28,"FR_IPHB_13806"
"FR-1-H_31_39_5370",5810,"24:04","FR_IPHB_13806",11,11,-1,0,0,0,0,0,28,27,"FR_IPHB_13806"
"FR-1-H_31_39_5370",5811,"47:24","FR_MHB_34000",22,23,-1,-1,-1,-1,0,0,27,28,"FR_IPHB_13806"
"FR-1-H_31_39_5370",5812,"52:53","FR_IPHB_13806",25,24,2,1,1,2,0,1,28,27,"FR_IPHB_13806"
"FR-1-H_31_39_5370",5813,"58:00","FR_MHB_34000",26,28,-1,-2,-2,-1,0,1,27,28,"FR_IPHB_13806"
"FR-1-H_31_39_5370",5814,"58:57","FR_IPHB_13806",28,27,-1,1,1,1,0,0,28,27,"FR_IPHB_13806"
"FR-1-H_31_39_5371",5815,"16:49","FR_HBCN_44200",9,8,-3,1,1,4,0,3,38,24,"FR_HBCN_44200"
"FR-1-H_31_39_5371",5816,"19:39","FR_USIHB_94200",8,12,-3,-4,-4,-6,0,-2,24,38,"FR_HBCN_44200"
"FR-1-H_31_39_5371",5817,"38:33","FR_USIHB_94200",17,23,-1,-6,-6,-8,0,-2,24,38,"FR_HBCN_44200"
"FR-1-H_31_39_5371",5818,"49:09","FR_HBCN_44200",30,20,1,10,10,13,0,3,38,24,"FR_HBCN_44200"
"FR-1-H_31_39_5372",5819,"13:30","FR_FTHB_31000",4,6,-1,-2,-2,-4,0,-2,18,20,"FR_SRVHB_83700"
"FR-1-H_31_39_5372",5820,"20:10","FR_SRVHB_83700",9,5,2,4,4,3,0,-1,20,18,"FR_SRVHB_83700"
"FR-1-H_31_39_5372",5821,"39:08","FR_SRVHB_83700",15,12,1,3,3,3,0,0,20,18,"FR_SRVHB_83700"
"FR-1-H_31_39_5372",5822,"54:55","FR_SRVHB_83700",18,14,-1,4,4,2,0,-2,20,18,"FR_SRVHB_83700"
"FR-1-H_31_39_5372",5823,"57:48","FR_FTHB_31000",17,19,-1,-2,-2,-2,0,0,18,20,"FR_SRVHB_83700"
"FR-1-H_31_39_5373",5824,"16:54","FR_DHBGL_59140",7,8,-1,-1,-1,1,0,2,30,28,"FR_DHBGL_59140"
"FR-1-H_31_39_5373",5825,"27:11","FR_TFHB_93290",11,14,-2,-3,-3,-5,0,-2,28,30,"FR_DHBGL_59140"
"FR-1-H_31_39_5373",5826,"45:24","FR_DHBGL_59140",24,20,-1,4,4,7,0,3,30,28,"FR_DHBGL_59140"
"FR-1-H_31_39_5373",5827,"56:21","FR_DHBGL_59140",29,24,-2,5,5,2,0,-3,30,28,"FR_DHBGL_59140"
"FR-1-H_31_40_5374",5828,"17:30","FR_CSMBHB_73000",6,7,-1,-1,-1,0,0,1,27,24,"FR_CSMBHB_73000"
"FR-1-H_31_40_5374",5829,"21:06","FR_MHB_34000",8,8,-2,0,0,-1,0,-1,24,27,"FR_CSMBHB_73000"
"FR-1-H_31_40_5374",5830,"45:42","FR_MHB_34000",17,19,-3,-2,-2,-4,0,-2,24,27,"FR_CSMBHB_73000"
"FR-1-H_31_40_5374",5831,"53:25","FR_CSMBHB_73000",23,21,-2,2,2,2,0,0,27,24,"FR_CSMBHB_73000"
"FR-1-H_31_40_5374",5832,"59:32","FR_CSMBHB_73000",26,24,-1,2,2,3,0,1,27,24,"FR_CSMBHB_73000"
"FR-1-H_31_40_5375",5833,"07:30","FR_DHBGL_59140",0,4,-3,-4,-4,-4,0,0,15,34,"FR_HBCN_44200"
"FR-1-H_31_40_5375",5834,"15:24","FR_DHBGL_59140",1,8,-4,-7,-7,-10,0,-3,15,34,"FR_HBCN_44200"
"FR-1-H_31_40_5375",5835,"22:03","FR_HBCN_44200",11,1,2,10,10,11,0,1,34,15,"FR_HBCN_44200"
"FR-1-H_31_40_5375",5836,"50:08","FR_DHBGL_59140",9,28,-2,-19,-19,-17,0,2,15,34,"FR_HBCN_44200"
"FR-1-H_31_40_5376",5837,"21:37","FR_IPHB_13806",7,10,-2,-3,-3,-4,0,-1,24,30,"FR_CCMHB_28000"
"FR-1-H_31_40_5376",5838,"28:45","FR_CCMHB_28000",14,10,-1,4,4,5,0,1,30,24,"FR_CCMHB_28000"
"FR-1-H_31_40_5376",5839,"52:34","FR_CCMHB_28000",25,20,-1,5,5,6,0,1,30,24,"FR_CCMHB_28000"
"FR-1-H_31_40_5377",5840,"10:04","FR_SRVHB_83700",2,6,-2,-4,-4,-5,0,-1,30,31,"FR_USIHB_94200"
"FR-1-H_31_40_5377",5841,"22:03","FR_USIHB_94200",12,9,-3,3,3,1,0,-2,31,30,"FR_USIHB_94200"
"FR-1-H_31_40_5377",5842,"37:38","FR_SRVHB_83700",17,19,1,-2,-2,1,0,3,30,31,"FR_USIHB_94200"
"FR-1-H_31_40_5377",5843,"42:17","FR_USIHB_94200",20,21,-3,-1,-1,1,0,2,31,30,"FR_USIHB_94200"
"FR-1-H_31_40_5377",5844,"45:53","FR_SRVHB_83700",22,23,-3,-1,-1,0,0,1,30,31,"FR_USIHB_94200"
"FR-1-H_31_40_5377",5845,"56:48","FR_SRVHB_83700",29,30,-1,-1,-1,-1,0,0,30,31,"FR_USIHB_94200"
"FR-1-H_31_40_5377",5846,"58:57","FR_USIHB_94200",31,30,-1,1,1,1,0,0,31,30,"FR_USIHB_94200"
"FR-1-H_31_40_5378",5847,"14:44","FR_PAUC_13100",6,10,-2,-4,-4,-4,0,0,28,30,"FR_USAMNG_30918"
"FR-1-H_31_40_5378",5848,"22:37","FR_USAMNG_30918",15,12,-2,3,3,2,0,-1,30,28,"FR_USAMNG_30918"
"FR-1-H_31_40_5378",5849,"42:38","FR_USAMNG_30918",21,21,-2,0,0,2,0,2,30,28,"FR_USAMNG_30918"
"FR-1-H_31_40_5378",5850,"50:01","FR_PAUC_13100",23,27,-3,-4,-4,-1,0,3,28,30,"FR_USAMNG_30918"
"FR-1-H_31_40_5379",5851,"41:41","FR_USCHB_94000",17,27,-4,-10,-10,-11,0,-1,26,39,"FR_PSGHB_75016"
"FR-1-H_31_40_5380",5852,"08:45","FR_TFHB_93290",2,6,-4,-4,-4,-5,0,-1,27,36,"FR_FTHB_31000"
"FR-1-H_31_40_5380",5853,"13:42","FR_FTHB_31000",10,5,-1,5,5,3,0,-2,36,27,"FR_FTHB_31000"
"FR-1-H_31_40_5380",5854,"36:27","FR_TFHB_93290",16,23,-3,-7,-7,-10,0,-3,27,36,"FR_FTHB_31000"
"FR-1-H_31_41_5381",5855,"08:06","FR_USIHB_94200",1,6,-3,-5,-5,-5,0,0,25,32,"FR_PAUC_13100"
"FR-1-H_31_41_5381",5856,"34:11","FR_PAUC_13100",18,12,-3,6,6,8,0,2,32,25,"FR_PAUC_13100"
"FR-1-H_31_41_5381",5857,"50:14","FR_USIHB_94200",19,28,-2,-9,-9,-10,0,-1,25,32,"FR_PAUC_13100"
"FR-1-H_31_41_5381",5858,"54:24","FR_USIHB_94200",20,30,1,-10,-10,-7,0,3,25,32,"FR_PAUC_13100"
"FR-1-H_31_41_5382",5859,"20:34","FR_IPHB_13806",8,7,1,1,1,1,0,0,26,27,"FR_USCHB_94000"
"FR-1-H_31_41_5382",5860,"28:03","FR_USCHB_94000",10,10,-1,0,0,2,0,2,27,26,"FR_USCHB_94000"
"FR-1-H_31_41_5382",5861,"43:57","FR_IPHB_13806",16,20,-3,-4,-4,-5,0,-1,26,27,"FR_USCHB_94000"
"FR-1-H_31_41_5382",5862,"50:22","FR_IPHB_13806",18,23,-2,-5,-5,-5,0,0,26,27,"FR_USCHB_94000"
"FR-1-H_31_41_5382",5863,"58:29","FR_USCHB_94000",27,25,-3,2,2,1,0,-1,27,26,"FR_USCHB_94000"
"FR-1-H_31_41_5383",5864,"21:36","FR_SRVHB_83700",13,13,-2,0,0,-3,0,-3,34,35,"FR_MHB_34000"
"FR-1-H_31_41_5383",5865,"29:28","FR_MHB_34000",20,17,-1,3,3,3,0,0,35,34,"FR_MHB_34000"
"FR-1-H_31_41_5383",5866,"35:22","FR_MHB_34000",24,23,-3,1,1,3,0,2,35,34,"FR_MHB_34000"
"FR-1-H_31_41_5383",5867,"41:16","FR_SRVHB_83700",24,29,-3,-5,-5,-5,0,0,34,35,"FR_MHB_34000"
"FR-1-H_31_41_5383",5868,"48:51","FR_SRVHB_83700",27,32,-1,-5,-5,-2,0,3,34,35,"FR_MHB_34000"
"FR-1-H_31_41_5383",5869,"56:58","FR_MHB_34000",34,32,-1,2,2,1,0,-1,35,34,"FR_MHB_34000"
"FR-1-H_31_41_5384",5870,"02:51","FR_PSGHB_75016",0,4,-4,-4,-4,-4,0,0,29,29,"Egalité"
"FR-1-H_31_41_5384",5871,"26:49","FR_HBCN_44200",16,13,-1,3,3,1,0,-2,29,29,"Egalité"
"FR-1-H_31_41_5384",5872,"47:46","FR_PSGHB_75016",24,25,1,-1,-1,-1,0,0,29,29,"Egalité"
"FR-1-H_31_41_5384",5873,"51:31","FR_HBCN_44200",27,26,-1,1,1,0,0,-1,29,29,"Egalité"
"FR-1-H_31_41_5384",5874,"57:17","FR_HBCN_44200",28,28,-2,0,0,0,0,0,29,29,"Egalité"
"FR-1-H_31_41_5385",5875,"24:17","FR_DHBGL_59140",12,13,-1,-1,-1,-1,0,0,28,30,"FR_USAMNG_30918"
"FR-1-H_31_41_5385",5876,"36:31","FR_DHBGL_59140",18,21,-4,-3,-3,-3,0,0,28,30,"FR_USAMNG_30918"
"FR-1-H_31_41_5385",5877,"42:37","FR_DHBGL_59140",21,25,-2,-4,-4,-4,0,0,28,30,"FR_USAMNG_30918"
"FR-1-H_31_41_5385",5878,"50:37","FR_USAMNG_30918",28,25,-1,3,3,1,0,-2,30,28,"FR_USAMNG_30918"
"FR-1-H_31_41_5386",5879,"17:42","FR_FTHB_31000",10,11,2,-1,-1,-3,0,-2,29,33,"FR_CCMHB_28000"
"FR-1-H_31_41_5386",5880,"29:11","FR_CCMHB_28000",19,15,2,4,4,5,0,1,33,29,"FR_CCMHB_28000"
"FR-1-H_31_41_5386",5881,"51:13","FR_FTHB_31000",24,29,-1,-5,-5,-4,0,1,29,33,"FR_CCMHB_28000"
"FR-1-H_31_41_5386",5882,"54:51","FR_CCMHB_28000",30,26,-1,4,4,4,0,0,33,29,"FR_CCMHB_28000"
"FR-1-H_31_41_5387",5883,"21:52","FR_TFHB_93290",9,11,-1,-2,-2,-2,0,0,29,27,"FR_TFHB_93290"
"FR-1-H_31_41_5387",5884,"28:10","FR_CSMBHB_73000",14,12,1,2,2,1,0,-1,27,29,"FR_TFHB_93290"
"FR-1-H_31_41_5387",5885,"44:59","FR_CSMBHB_73000",18,21,-2,-3,-3,-2,0,1,27,29,"FR_TFHB_93290"
"FR-1-H_31_41_5387",5886,"51:40","FR_TFHB_93290",25,24,-1,1,1,2,0,1,29,27,"FR_TFHB_93290"
"FR-1-H_31_41_5387",5887,"58:36","FR_TFHB_93290",28,26,-1,2,2,2,0,0,29,27,"FR_TFHB_93290"
"FR-1-H_31_42_5388",5888,"29:23","FR_PAUC_13100",11,13,1,-2,-2,0,0,2,22,30,"FR_CSMBHB_73000"
"FR-1-H_31_42_5388",5889,"42:24","FR_PAUC_13100",16,20,-4,-4,-4,-5,0,-1,22,30,"FR_CSMBHB_73000"
"FR-1-H_31_42_5388",5890,"48:55","FR_PAUC_13100",19,25,-2,-6,-6,-6,0,0,22,30,"FR_CSMBHB_73000"
"FR-1-H_31_42_5388",5891,"52:54","FR_CSMBHB_73000",26,20,1,6,6,7,0,1,30,22,"FR_CSMBHB_73000"
"FR-1-H_31_42_5389",5892,"12:27","FR_USCHB_94000",5,7,-2,-2,-2,-5,0,-3,30,29,"FR_USCHB_94000"
"FR-1-H_31_42_5389",5893,"22:40","FR_CCMHB_28000",14,11,-3,3,3,5,0,2,29,30,"FR_USCHB_94000"
"FR-1-H_31_42_5389",5894,"37:16","FR_CCMHB_28000",19,18,-2,1,1,-1,0,-2,29,30,"FR_USCHB_94000"
"FR-1-H_31_42_5389",5895,"46:51","FR_CCMHB_28000",20,24,-4,-4,-4,-3,0,1,29,30,"FR_USCHB_94000"
"FR-1-H_31_42_5389",5896,"53:36","FR_USCHB_94000",27,25,-2,2,2,2,0,0,30,29,"FR_USCHB_94000"
"FR-1-H_31_42_5389",5897,"59:01","FR_USCHB_94000",30,29,-2,1,1,1,0,0,30,29,"FR_USCHB_94000"
"FR-1-H_31_42_5390",5898,"20:57","FR_DHBGL_59140",7,9,-3,-2,-2,-2,0,0,24,26,"FR_IPHB_13806"
"FR-1-H_31_42_5390",5899,"25:30","FR_IPHB_13806",11,9,1,2,2,1,0,-1,26,24,"FR_IPHB_13806"
"FR-1-H_31_42_5390",5900,"43:07","FR_IPHB_13806",18,19,-1,-1,-1,1,0,2,26,24,"FR_IPHB_13806"
"FR-1-H_31_42_5390",5901,"46:39","FR_DHBGL_59140",20,21,-2,-1,-1,2,0,3,24,26,"FR_IPHB_13806"
"FR-1-H_31_42_5390",5902,"56:51","FR_DHBGL_59140",23,24,-3,-1,-1,-1,0,0,24,26,"FR_IPHB_13806"
"FR-1-H_31_42_5390",5903,"59:30","FR_IPHB_13806",25,24,-1,1,1,2,0,1,26,24,"FR_IPHB_13806"
"FR-1-H_31_42_5391",5904,"06:44","FR_FTHB_31000",1,3,-2,-2,-2,-2,0,0,29,36,"FR_USIHB_94200"
"FR-1-H_31_42_5391",5905,"24:36","FR_USIHB_94200",12,11,-3,1,1,1,0,0,36,29,"FR_USIHB_94200"
"FR-1-H_31_42_5391",5906,"44:23","FR_FTHB_31000",22,25,-3,-3,-3,-2,0,1,29,36,"FR_USIHB_94200"
"FR-1-H_31_42_5391",5907,"52:01","FR_USIHB_94200",30,26,-1,4,4,6,0,2,36,29,"FR_USIHB_94200"
"FR-1-H_31_42_5392",5908,"16:35","FR_TFHB_93290",6,8,-2,-2,-2,-3,0,-1,25,36,"FR_MHB_34000"
"FR-1-H_31_42_5392",5909,"25:27","FR_MHB_34000",13,10,-1,3,3,3,0,0,36,25,"FR_MHB_34000"
"FR-1-H_31_42_5392",5910,"34:27","FR_MHB_34000",18,12,3,6,6,7,0,1,36,25,"FR_MHB_34000"
"FR-1-H_31_42_5392",5911,"43:02","FR_TFHB_93290",18,26,-1,-8,-8,-10,0,-2,25,36,"FR_MHB_34000"
"FR-1-H_31_42_5392",5912,"50:34","FR_MHB_34000",31,21,-1,10,10,8,0,-2,36,25,"FR_MHB_34000"
"FR-1-H_31_42_5392",5913,"57:00","FR_MHB_34000",32,25,-3,7,7,11,0,4,36,25,"FR_MHB_34000"
"FR-1-H_31_42_5393",5914,"17:53","FR_USAMNG_30918",7,12,-2,-5,-5,-4,0,1,29,39,"FR_PSGHB_75016"
"FR-1-H_31_42_5393",5915,"23:42","FR_PSGHB_75016",15,11,-2,4,4,4,0,0,39,29,"FR_PSGHB_75016"
"FR-1-H_31_42_5393",5916,"40:35","FR_USAMNG_30918",19,25,-1,-6,-6,-8,0,-2,29,39,"FR_PSGHB_75016"
"FR-1-H_31_42_5393",5917,"45:02","FR_PSGHB_75016",29,22,-2,7,7,11,0,4,39,29,"FR_PSGHB_75016"
"FR-1-H_31_42_5393",5918,"49:16","FR_USAMNG_30918",22,33,-4,-11,-11,-11,0,0,29,39,"FR_PSGHB_75016"
"FR-1-H_31_42_5394",5919,"20:24","FR_HBCN_44200",9,11,-1,-2,-2,-1,0,1,33,29,"FR_HBCN_44200"
"FR-1-H_31_42_5394",5920,"21:51","FR_SRVHB_83700",12,11,-1,1,1,1,0,0,29,33,"FR_HBCN_44200"
"FR-1-H_31_42_5394",5921,"38:20","FR_SRVHB_83700",18,21,-2,-3,-3,-1,0,2,29,33,"FR_HBCN_44200"
"FR-1-H_31_42_5394",5922,"41:01","FR_HBCN_44200",21,20,-2,1,1,4,0,3,33,29,"FR_HBCN_44200"
"FR-1-H_31_42_5394",5923,"51:33","FR_HBCN_44200",27,25,-2,2,2,3,0,1,33,29,"FR_HBCN_44200"
"FR-1-H_31_42_5394",5924,"55:22","FR_SRVHB_83700",27,30,-1,-3,-3,-4,0,-1,29,33,"FR_HBCN_44200"
"FR-1-H_32_25_5656",5925,"06:14","FR_SRVHB_83700",1,5,-3,-4,-4,-4,0,0,27,27,"Egalité"
"FR-1-H_32_25_5656",5926,"22:12","FR_CRMHB_35510",11,6,-1,5,5,3,0,-2,27,27,"Egalité"
"FR-1-H_32_25_5656",5927,"38:25","FR_CRMHB_35510",16,17,-2,-1,-1,0,0,1,27,27,"Egalité"
"FR-1-H_32_25_5656",5928,"47:20","FR_SRVHB_83700",22,21,1,1,1,2,0,1,27,27,"Egalité"
"FR-1-H_32_25_5656",5929,"59:09","FR_SRVHB_83700",27,26,1,1,1,0,0,-1,27,27,"Egalité"
"FR-1-H_32_25_5657",5930,"18:01","FR_CSMBHB_73000",8,11,-2,-3,-3,-3,0,0,24,28,"FR_FTHB_31000"
"FR-1-H_32_25_5657",5931,"28:42","FR_FTHB_31000",17,12,-1,5,5,7,0,2,28,24,"FR_FTHB_31000"
"FR-1-H_32_25_5657",5932,"46:29","FR_CSMBHB_73000",19,25,-1,-6,-6,-5,0,1,24,28,"FR_FTHB_31000"
"FR-1-H_32_25_5657",5933,"50:19","FR_FTHB_31000",26,21,-2,5,5,7,0,2,28,24,"FR_FTHB_31000"
"FR-1-H_32_25_5658",5934,"28:41","FR_USCHB_94000",15,15,-1,0,0,0,0,0,30,25,"FR_USCHB_94000"
"FR-1-H_32_25_5658",5935,"29:27","FR_DHBGL_59140",15,15,0,0,0,0,0,0,25,30,"FR_USCHB_94000"
"FR-1-H_32_25_5658",5936,"44:44","FR_DHBGL_59140",19,21,-1,-2,-2,-5,0,-3,25,30,"FR_USCHB_94000"
"FR-1-H_32_25_5658",5937,"49:17","FR_DHBGL_59140",20,25,-2,-5,-5,-3,0,2,25,30,"FR_USCHB_94000"
"FR-1-H_32_25_5658",5938,"54:58","FR_USCHB_94000",26,24,-2,2,2,5,0,3,30,25,"FR_USCHB_94000"
"FR-1-H_32_25_5659",5939,"26:54","FR_IPHB_13806",11,9,-1,2,2,3,0,1,29,24,"FR_IPHB_13806"
"FR-1-H_32_25_5659",5940,"35:29","FR_TFHB_93290",11,16,-3,-5,-5,-5,0,0,24,29,"FR_IPHB_13806"
"FR-1-H_32_25_5659",5941,"49:39","FR_IPHB_13806",22,18,-1,4,4,6,0,2,29,24,"FR_IPHB_13806"
"FR-1-H_32_25_5659",5942,"58:39","FR_IPHB_13806",27,24,-3,3,3,5,0,2,29,24,"FR_IPHB_13806"
"FR-1-H_32_25_5660",5943,"05:41","FR_CCMHB_28000",1,5,-3,-4,-4,-4,0,0,25,31,"FR_MHB_34000"
"FR-1-H_32_25_5660",5944,"22:34","FR_MHB_34000",12,7,-2,5,5,6,0,1,31,25,"FR_MHB_34000"
"FR-1-H_32_25_5660",5945,"38:48","FR_CCMHB_28000",15,21,-1,-6,-6,-4,0,2,25,31,"FR_MHB_34000"
"FR-1-H_32_25_5660",5946,"53:49","FR_MHB_34000",28,22,2,6,6,6,0,0,31,25,"FR_MHB_34000"
"FR-1-H_32_25_5660",5947,"58:18","FR_MHB_34000",30,24,1,6,6,6,0,0,31,25,"FR_MHB_34000"
"FR-1-H_32_25_5661",5948,"21:55","FR_USIHB_94200",8,12,-2,-4,-4,-2,0,2,24,30,"FR_HBCN_44200"
"FR-1-H_32_25_5661",5949,"26:32","FR_HBCN_44200",13,11,-2,2,2,2,0,0,30,24,"FR_HBCN_44200"
"FR-1-H_32_25_5661",5950,"38:22","FR_USIHB_94200",16,20,-1,-4,-4,-6,0,-2,24,30,"FR_HBCN_44200"
"FR-1-H_32_25_5661",5951,"45:38","FR_USIHB_94200",17,24,-3,-7,-7,-7,0,0,24,30,"FR_HBCN_44200"
"FR-1-H_32_25_5661",5952,"46:42","FR_HBCN_44200",25,18,1,7,7,6,0,-1,30,24,"FR_HBCN_44200"
"FR-1-H_32_25_5662",5953,"09:09","FR_LHB_87000",1,7,-3,-6,-6,-7,0,-1,23,31,"FR_USAMNG_30918"
"FR-1-H_32_25_5662",5954,"23:04","FR_USAMNG_30918",14,6,-1,8,8,9,0,1,31,23,"FR_USAMNG_30918"
"FR-1-H_32_25_5662",5955,"40:13","FR_USAMNG_30918",20,16,-3,4,4,6,0,2,31,23,"FR_USAMNG_30918"
"FR-1-H_32_25_5662",5956,"43:35","FR_LHB_87000",16,22,-2,-6,-6,-4,0,2,23,31,"FR_USAMNG_30918"
"FR-1-H_32_25_5662",5957,"54:52","FR_LHB_87000",21,28,-2,-7,-7,-7,0,0,23,31,"FR_USAMNG_30918"
"FR-1-H_32_25_5663",5958,"16:28","FR_PAUC_13100",7,9,-2,-2,-2,-1,0,1,31,34,"FR_PSGHB_75016"
"FR-1-H_32_25_5663",5959,"21:59","FR_PSGHB_75016",11,11,-3,0,0,2,0,2,34,31,"FR_PSGHB_75016"
"FR-1-H_32_25_5663",5960,"38:55","FR_PAUC_13100",19,21,-2,-2,-2,-1,0,1,31,34,"FR_PSGHB_75016"
"FR-1-H_32_25_5663",5961,"53:54","FR_PAUC_13100",28,30,-2,-2,-2,-1,0,1,31,34,"FR_PSGHB_75016"
"FR-1-H_32_25_5663",5962,"57:52","FR_PSGHB_75016",32,31,-2,1,1,3,0,2,34,31,"FR_PSGHB_75016"
"FR-1-H_32_26_5664",5963,"07:45","FR_PAUC_13100",3,6,-5,-3,-3,-2,0,1,27,32,"FR_MHB_34000"
"FR-1-H_32_26_5664",5964,"40:38","FR_MHB_34000",23,22,-2,1,1,1,0,0,32,27,"FR_MHB_34000"
"FR-1-H_32_26_5664",5965,"41:41","FR_PAUC_13100",22,23,0,-1,-1,-3,0,-2,27,32,"FR_MHB_34000"
"FR-1-H_32_26_5664",5966,"48:31","FR_PAUC_13100",23,26,1,-3,-3,-2,0,1,27,32,"FR_MHB_34000"
"FR-1-H_32_26_5665",5967,"10:33","FR_HBCN_44200",4,6,-2,-2,-2,-2,0,0,25,24,"FR_HBCN_44200"
"FR-1-H_32_26_5665",5968,"21:27","FR_CCMHB_28000",9,9,-3,0,0,1,0,1,24,25,"FR_HBCN_44200"
"FR-1-H_32_26_5665",5969,"43:24","FR_HBCN_44200",19,19,-2,0,0,1,0,1,25,24,"FR_HBCN_44200"
"FR-1-H_32_26_5665",5970,"53:56","FR_CCMHB_28000",22,23,1,-1,-1,-1,0,0,24,25,"FR_HBCN_44200"
"FR-1-H_32_26_5665",5971,"57:06","FR_CCMHB_28000",23,24,-1,-1,-1,-1,0,0,24,25,"FR_HBCN_44200"
"FR-1-H_32_26_5665",5972,"58:52","FR_HBCN_44200",25,24,1,1,1,1,0,0,25,24,"FR_HBCN_44200"
"FR-1-H_32_26_5666",5973,"18:31","FR_IPHB_13806",4,7,-1,-3,-3,-3,0,0,20,20,"Egalité"
"FR-1-H_32_26_5666",5974,"25:05","FR_DHBGL_59140",9,6,-1,3,3,2,0,-1,20,20,"Egalité"
"FR-1-H_32_26_5666",5975,"36:00","FR_DHBGL_59140",13,11,-1,2,2,3,0,1,20,20,"Egalité"
"FR-1-H_32_26_5666",5976,"45:58","FR_IPHB_13806",14,17,-1,-3,-3,-2,0,1,20,20,"Egalité"
"FR-1-H_32_26_5666",5977,"54:25","FR_DHBGL_59140",18,18,-3,0,0,0,0,0,20,20,"Egalité"
"FR-1-H_32_26_5666",5978,"59:11","FR_IPHB_13806",20,20,-2,0,0,0,0,0,20,20,"Egalité"
"FR-1-H_32_26_5667",5979,"16:19","FR_USIHB_94200",9,13,-3,-4,-4,-3,0,1,34,34,"Egalité"
"FR-1-H_32_26_5667",5980,"22:29","FR_SRVHB_83700",15,12,-1,3,3,4,0,1,34,34,"Egalité"
"FR-1-H_32_26_5667",5981,"42:00","FR_SRVHB_83700",26,24,-2,2,2,3,0,1,34,34,"Egalité"
"FR-1-H_32_26_5667",5982,"43:02","FR_USIHB_94200",24,27,-1,-3,-3,0,0,3,34,34,"Egalité"
"FR-1-H_32_26_5667",5983,"55:57","FR_USIHB_94200",31,33,-1,-2,-2,-1,0,1,34,34,"Egalité"
"FR-1-H_32_26_5667",5984,"59:00","FR_SRVHB_83700",34,33,1,1,1,0,0,-1,34,34,"Egalité"
"FR-1-H_32_26_5668",5985,"20:20","FR_LHB_87000",10,13,-2,-3,-3,-3,0,0,29,28,"FR_LHB_87000"
"FR-1-H_32_26_5668",5986,"28:16","FR_USCHB_94000",16,12,2,4,4,2,0,-2,28,29,"FR_LHB_87000"
"FR-1-H_32_26_5668",5987,"45:56","FR_USCHB_94000",21,20,-3,1,1,0,0,-1,28,29,"FR_LHB_87000"
"FR-1-H_32_26_5668",5988,"54:22","FR_LHB_87000",25,25,-1,0,0,0,0,0,29,28,"FR_LHB_87000"
"FR-1-H_32_26_5668",5989,"58:21","FR_LHB_87000",27,27,1,0,0,1,0,1,29,28,"FR_LHB_87000"
"FR-1-H_32_26_5668",5990,"59:14","FR_LHB_87000",28,27,1,1,1,1,0,0,29,28,"FR_LHB_87000"
"FR-1-H_32_26_5669",5991,"16:02","FR_CRMHB_35510",5,10,-2,-5,-5,-9,0,-4,21,39,"FR_PSGHB_75016"
"FR-1-H_32_26_5669",5992,"47:42","FR_CRMHB_35510",16,30,-2,-14,-14,-17,0,-3,21,39,"FR_PSGHB_75016"
"FR-1-H_32_26_5670",5993,"13:39","FR_FTHB_31000",6,8,-1,-2,-2,-2,0,0,28,29,"FR_USAMNG_30918"
"FR-1-H_32_26_5670",5994,"23:18","FR_USAMNG_30918",12,8,2,4,4,4,0,0,29,28,"FR_USAMNG_30918"
"FR-1-H_32_26_5670",5995,"44:41","FR_USAMNG_30918",22,19,-2,3,3,1,0,-2,29,28,"FR_USAMNG_30918"
"FR-1-H_32_26_5670",5996,"58:56","FR_FTHB_31000",28,28,1,0,0,-1,0,-1,28,29,"FR_USAMNG_30918"
"FR-1-H_32_26_5670",5997,"59:33","FR_FTHB_31000",28,29,-1,-1,-1,-1,0,0,28,29,"FR_USAMNG_30918"
"FR-1-H_32_26_5671",5998,"06:21","FR_TFHB_93290",1,5,-5,-4,-4,-1,0,3,24,27,"FR_CSMBHB_73000"
"FR-1-H_32_26_5671",5999,"11:13","FR_CSMBHB_73000",5,4,-3,1,1,3,0,2,27,24,"FR_CSMBHB_73000"
"FR-1-H_32_26_5671",6000,"34:21","FR_TFHB_93290",14,17,-3,-3,-3,0,0,3,24,27,"FR_CSMBHB_73000"
"FR-1-H_32_26_5671",6001,"52:52","FR_CSMBHB_73000",24,23,-2,1,1,2,0,1,27,24,"FR_CSMBHB_73000"
"FR-1-H_32_26_5671",6002,"57:45","FR_TFHB_93290",24,26,-1,-2,-2,-2,0,0,24,27,"FR_CSMBHB_73000"
"FR-1-H_32_26_5671",6003,"58:20","FR_CSMBHB_73000",26,24,0,2,2,3,0,1,27,24,"FR_CSMBHB_73000"
"FR-1-H_32_27_5672",6004,"15:56","FR_TFHB_93290",9,8,-1,1,1,-1,0,-2,28,28,"Egalité"
"FR-1-H_32_27_5672",6005,"24:47","FR_CRMHB_35510",16,14,-1,2,2,4,0,2,28,28,"Egalité"
"FR-1-H_32_27_5672",6006,"39:18","FR_TFHB_93290",20,24,-2,-4,-4,-4,0,0,28,28,"Egalité"
"FR-1-H_32_27_5672",6007,"49:30","FR_CRMHB_35510",25,23,-1,2,2,3,0,1,28,28,"Egalité"
"FR-1-H_32_27_5672",6008,"58:07","FR_CRMHB_35510",28,26,1,2,2,0,0,-2,28,28,"Egalité"
"FR-1-H_32_27_5673",6009,"18:16","FR_CSMBHB_73000",7,8,-1,-1,-1,-2,0,-1,29,32,"FR_LHB_87000"
"FR-1-H_32_27_5673",6010,"25:04","FR_LHB_87000",12,10,2,2,2,3,0,1,32,29,"FR_LHB_87000"
"FR-1-H_32_27_5673",6011,"47:20","FR_LHB_87000",28,23,-1,5,5,5,0,0,32,29,"FR_LHB_87000"
"FR-1-H_32_27_5673",6012,"56:41","FR_LHB_87000",32,28,-1,4,4,3,0,-1,32,29,"FR_LHB_87000"
"FR-1-H_32_27_5674",6013,"28:50","FR_USCHB_94000",15,14,-1,1,1,4,0,3,32,24,"FR_USCHB_94000"
"FR-1-H_32_27_5674",6014,"37:31","FR_CCMHB_28000",15,22,-4,-7,-7,-6,0,1,24,32,"FR_USCHB_94000"
"FR-1-H_32_27_5674",6015,"54:34","FR_USCHB_94000",30,22,-1,8,8,7,0,-1,32,24,"FR_USCHB_94000"
"FR-1-H_32_27_5674",6016,"57:36","FR_USCHB_94000",31,24,-1,7,7,8,0,1,32,24,"FR_USCHB_94000"
"FR-1-H_32_27_5675",6017,"14:31","FR_IPHB_13806",7,9,-4,-2,-2,-1,0,1,21,27,"FR_PAUC_13100"
"FR-1-H_32_27_5675",6018,"22:50","FR_PAUC_13100",13,11,1,2,2,2,0,0,27,21,"FR_PAUC_13100"
"FR-1-H_32_27_5675",6019,"40:11","FR_PAUC_13100",18,17,1,1,1,4,0,3,27,21,"FR_PAUC_13100"
"FR-1-H_32_27_5675",6020,"46:38","FR_IPHB_13806",17,22,-3,-5,-5,-5,0,0,21,27,"FR_PAUC_13100"
"FR-1-H_32_27_5675",6021,"52:57","FR_PAUC_13100",25,21,-1,4,4,6,0,2,27,21,"FR_PAUC_13100"
"FR-1-H_32_27_5676",6022,"23:33","FR_USIHB_94200",5,6,1,-1,-1,-2,0,-1,20,23,"FR_DHBGL_59140"
"FR-1-H_32_27_5676",6023,"27:02","FR_DHBGL_59140",8,6,1,2,2,1,0,-1,23,20,"FR_DHBGL_59140"
"FR-1-H_32_27_5676",6024,"42:13","FR_USIHB_94200",15,14,-1,1,1,2,0,1,20,23,"FR_DHBGL_59140"
"FR-1-H_32_27_5676",6025,"51:17","FR_DHBGL_59140",18,18,2,0,0,2,0,2,23,20,"FR_DHBGL_59140"
"FR-1-H_32_27_5676",6026,"56:03","FR_USIHB_94200",19,21,-1,-2,-2,-2,0,0,20,23,"FR_DHBGL_59140"
"FR-1-H_32_27_5676",6027,"59:07","FR_DHBGL_59140",22,20,-1,2,2,3,0,1,23,20,"FR_DHBGL_59140"
"FR-1-H_32_27_5677",6028,"20:14","FR_FTHB_31000",8,10,-3,-2,-2,-2,0,0,28,31,"FR_HBCN_44200"
"FR-1-H_32_27_5677",6029,"24:43","FR_HBCN_44200",13,11,1,2,2,2,0,0,31,28,"FR_HBCN_44200"
"FR-1-H_32_27_5677",6030,"39:29","FR_HBCN_44200",19,18,-2,1,1,-1,0,-2,31,28,"FR_HBCN_44200"
"FR-1-H_32_27_5677",6031,"51:02","FR_FTHB_31000",24,24,-1,0,0,-1,0,-1,28,31,"FR_HBCN_44200"
"FR-1-H_32_27_5677",6032,"59:05","FR_HBCN_44200",30,28,1,2,2,3,0,1,31,28,"FR_HBCN_44200"
"FR-1-H_32_27_5678",6033,"17:54","FR_USAMNG_30918",6,11,-3,-5,-5,-4,0,1,24,25,"FR_MHB_34000"
"FR-1-H_32_27_5678",6034,"40:54","FR_MHB_34000",19,18,-1,1,1,-1,0,-2,25,24,"FR_MHB_34000"
"FR-1-H_32_27_5678",6035,"47:47","FR_USAMNG_30918",21,21,-1,0,0,-2,0,-2,24,25,"FR_MHB_34000"
"FR-1-H_32_27_5678",6036,"58:12","FR_MHB_34000",25,23,1,2,2,1,0,-1,25,24,"FR_MHB_34000"
"FR-1-H_32_27_5679",6037,"17:11","FR_SRVHB_83700",7,12,-1,-5,-5,-7,0,-2,23,37,"FR_PSGHB_75016"
"FR-1-H_32_27_5679",6038,"23:49","FR_SRVHB_83700",9,18,-3,-9,-9,-11,0,-2,23,37,"FR_PSGHB_75016"
"FR-1-H_32_27_5679",6039,"40:11","FR_SRVHB_83700",13,29,-2,-16,-16,-15,0,1,23,37,"FR_PSGHB_75016"
"FR-1-H_32_28_5680",6040,"08:44","FR_CSMBHB_73000",2,6,-4,-4,-4,-3,0,1,28,29,"FR_PAUC_13100"
"FR-1-H_32_28_5680",6041,"19:31","FR_PAUC_13100",11,8,-1,3,3,0,0,-3,29,28,"FR_PAUC_13100"
"FR-1-H_32_28_5680",6042,"34:42","FR_CSMBHB_73000",16,20,-4,-4,-4,0,0,4,28,29,"FR_PAUC_13100"
"FR-1-H_32_28_5680",6043,"41:24","FR_PAUC_13100",21,23,-3,-2,-2,0,0,2,29,28,"FR_PAUC_13100"
"FR-1-H_32_28_5680",6044,"51:57","FR_PAUC_13100",25,27,-3,-2,-2,0,0,2,29,28,"FR_PAUC_13100"
"FR-1-H_32_28_5680",6045,"59:56","FR_CSMBHB_73000",28,29,-2,-1,-1,-1,0,0,28,29,"FR_PAUC_13100"
"FR-1-H_32_28_5681",6046,"09:07","FR_CCMHB_28000",3,7,-2,-4,-4,-4,0,0,25,28,"FR_CRMHB_35510"
"FR-1-H_32_28_5681",6047,"20:48","FR_CRMHB_35510",9,7,-1,2,2,1,0,-1,28,25,"FR_CRMHB_35510"
"FR-1-H_32_28_5681",6048,"48:51","FR_CRMHB_35510",25,20,-2,5,5,4,0,-1,28,25,"FR_CRMHB_35510"
"FR-1-H_32_28_5681",6049,"55:10","FR_CCMHB_28000",22,26,2,-4,-4,-3,0,1,25,28,"FR_CRMHB_35510"
"FR-1-H_32_28_5681",6050,"58:23","FR_CRMHB_35510",27,24,-1,3,3,3,0,0,28,25,"FR_CRMHB_35510"
"FR-1-H_32_28_5682",6051,"25:10","FR_SRVHB_83700",8,11,-2,-3,-3,-2,0,1,25,24,"FR_SRVHB_83700"
"FR-1-H_32_28_5682",6052,"28:46","FR_DHBGL_59140",13,11,-1,2,2,2,0,0,24,25,"FR_SRVHB_83700"
"FR-1-H_32_28_5682",6053,"38:40","FR_SRVHB_83700",15,17,-2,-2,-2,-1,0,1,25,24,"FR_SRVHB_83700"
"FR-1-H_32_28_5682",6054,"44:35","FR_DHBGL_59140",19,19,-1,0,0,0,0,0,24,25,"FR_SRVHB_83700"
"FR-1-H_32_28_5682",6055,"53:08","FR_DHBGL_59140",22,23,-1,-1,-1,-2,0,-1,24,25,"FR_SRVHB_83700"
"FR-1-H_32_28_5682",6056,"59:07","FR_SRVHB_83700",25,24,-1,1,1,1,0,0,25,24,"FR_SRVHB_83700"
"FR-1-H_32_28_5683",6057,"23:25","FR_IPHB_13806",11,11,-1,0,0,0,0,0,27,27,"Egalité"
"FR-1-H_32_28_5683",6058,"27:20","FR_LHB_87000",12,12,1,0,0,-1,0,-1,27,27,"Egalité"
"FR-1-H_32_28_5683",6059,"38:49","FR_LHB_87000",16,19,-3,-3,-3,-2,0,1,27,27,"Egalité"
"FR-1-H_32_28_5683",6060,"50:09","FR_IPHB_13806",22,21,-1,1,1,1,0,0,27,27,"Egalité"
"FR-1-H_32_28_5683",6061,"57:19","FR_LHB_87000",24,27,-3,-3,-3,-2,0,1,27,27,"Egalité"
"FR-1-H_32_28_5683",6062,"57:49","FR_IPHB_13806",27,25,-1,2,2,0,0,-2,27,27,"Egalité"
"FR-1-H_32_28_5684",6063,"21:54","FR_HBCN_44200",10,12,-2,-2,-2,-3,0,-1,27,27,"Egalité"
"FR-1-H_32_28_5684",6064,"27:57","FR_MHB_34000",14,12,-1,2,2,1,0,-1,27,27,"Egalité"
"FR-1-H_32_28_5684",6065,"43:34","FR_MHB_34000",18,19,-2,-1,-1,-2,0,-1,27,27,"Egalité"
"FR-1-H_32_28_5684",6066,"49:25","FR_MHB_34000",20,23,-2,-3,-3,-1,0,2,27,27,"Egalité"
"FR-1-H_32_28_5684",6067,"51:55","FR_HBCN_44200",23,22,-2,1,1,1,0,0,27,27,"Egalité"
"FR-1-H_32_28_5684",6068,"59:47","FR_HBCN_44200",27,27,-1,0,0,0,0,0,27,27,"Egalité"
"FR-1-H_32_28_5685",6069,"22:22","FR_USCHB_94000",10,10,-2,0,0,2,0,2,25,22,"FR_USCHB_94000"
"FR-1-H_32_28_5685",6070,"27:51","FR_USAMNG_30918",11,13,-2,-2,-2,-3,0,-1,22,25,"FR_USCHB_94000"
"FR-1-H_32_28_5685",6071,"42:31","FR_USCHB_94000",20,17,-1,3,3,1,0,-2,25,22,"FR_USCHB_94000"
"FR-1-H_32_28_5685",6072,"48:58","FR_USAMNG_30918",19,21,-1,-2,-2,-3,0,-1,22,25,"FR_USCHB_94000"
"FR-1-H_32_28_5685",6073,"55:45","FR_USAMNG_30918",20,24,-1,-4,-4,-2,0,2,22,25,"FR_USCHB_94000"
"FR-1-H_32_28_5685",6074,"57:37","FR_USCHB_94000",24,22,-2,2,2,3,0,1,25,22,"FR_USCHB_94000"
"FR-1-H_32_28_5686",6075,"18:38","FR_FTHB_31000",14,15,-1,-1,-1,0,0,1,35,41,"FR_PSGHB_75016"
"FR-1-H_32_28_5686",6076,"32:14","FR_PSGHB_75016",22,19,1,3,3,5,0,2,41,35,"FR_PSGHB_75016"
"FR-1-H_32_28_5686",6077,"36:14","FR_FTHB_31000",20,25,-2,-5,-5,-6,0,-1,35,41,"FR_PSGHB_75016"
"FR-1-H_32_28_5687",6078,"17:53","FR_TFHB_93290",5,7,1,-2,-2,-2,0,0,24,25,"FR_USIHB_94200"
"FR-1-H_32_28_5687",6079,"21:04","FR_TFHB_93290",6,8,-1,-2,-2,0,0,2,24,25,"FR_USIHB_94200"
"FR-1-H_32_28_5687",6080,"29:31","FR_USIHB_94200",11,10,1,1,1,-2,0,-3,25,24,"FR_USIHB_94200"
"FR-1-H_32_28_5687",6081,"37:22","FR_TFHB_93290",14,15,-3,-1,-1,-1,0,0,24,25,"FR_USIHB_94200"
"FR-1-H_32_28_5687",6082,"48:43","FR_USIHB_94200",22,18,1,4,4,3,0,-1,25,24,"FR_USIHB_94200"
"FR-1-H_32_28_5687",6083,"58:18","FR_USIHB_94200",25,23,-1,2,2,1,0,-1,25,24,"FR_USIHB_94200"
"FR-1-H_32_29_5688",6084,"13:18","FR_LHB_87000",4,6,1,-2,-2,-1,0,1,30,26,"FR_LHB_87000"
"FR-1-H_32_29_5688",6085,"18:46","FR_CRMHB_35510",8,8,-2,0,0,3,0,3,26,30,"FR_LHB_87000"
"FR-1-H_32_29_5688",6086,"40:49","FR_LHB_87000",17,20,-2,-3,-3,0,0,3,30,26,"FR_LHB_87000"
"FR-1-H_32_29_5688",6087,"44:24","FR_CRMHB_35510",20,20,-3,0,0,-1,0,-1,26,30,"FR_LHB_87000"
"FR-1-H_32_29_5688",6088,"52:01","FR_CRMHB_35510",22,25,-2,-3,-3,-2,0,1,26,30,"FR_LHB_87000"
"FR-1-H_32_29_5688",6089,"57:11","FR_LHB_87000",27,25,1,2,2,4,0,2,30,26,"FR_LHB_87000"
"FR-1-H_32_29_5689",6090,"08:31","FR_CSMBHB_73000",3,6,-2,-3,-3,-2,0,1,29,29,"Egalité"
"FR-1-H_32_29_5689",6091,"17:26","FR_USAMNG_30918",9,8,-1,1,1,4,0,3,29,29,"Egalité"
"FR-1-H_32_29_5689",6092,"53:56","FR_USAMNG_30918",27,28,-1,-1,-1,1,0,2,29,29,"Egalité"
"FR-1-H_32_29_5689",6093,"59:28","FR_USAMNG_30918",29,29,-1,0,0,0,0,0,29,29,"Egalité"
"FR-1-H_32_29_5690",6094,"13:07","FR_USCHB_94000",4,9,-2,-5,-5,-6,0,-1,27,31,"FR_PAUC_13100"
"FR-1-H_32_29_5690",6095,"24:39","FR_PAUC_13100",14,9,-2,5,5,6,0,1,31,27,"FR_PAUC_13100"
"FR-1-H_32_29_5690",6096,"37:11","FR_PAUC_13100",19,17,-2,2,2,3,0,1,31,27,"FR_PAUC_13100"
"FR-1-H_32_29_5690",6097,"44:50","FR_USCHB_94000",22,25,-2,-3,-3,-2,0,1,27,31,"FR_PAUC_13100"
"FR-1-H_32_29_5690",6098,"55:30","FR_USCHB_94000",25,29,1,-4,-4,-5,0,-1,27,31,"FR_PAUC_13100"
"FR-1-H_32_29_5690",6099,"56:36","FR_PAUC_13100",30,25,1,5,5,4,0,-1,31,27,"FR_PAUC_13100"
"FR-1-H_32_29_5691",6100,"18:45","FR_IPHB_13806",7,10,-1,-3,-3,-3,0,0,26,34,"FR_MHB_34000"
"FR-1-H_32_29_5691",6101,"26:34","FR_MHB_34000",15,13,-1,2,2,1,0,-1,34,26,"FR_MHB_34000"
"FR-1-H_32_29_5691",6102,"41:09","FR_IPHB_13806",18,24,-3,-6,-6,-9,0,-3,26,34,"FR_MHB_34000"
"FR-1-H_32_29_5691",6103,"49:20","FR_MHB_34000",30,22,-2,8,8,8,0,0,34,26,"FR_MHB_34000"
"FR-1-H_32_29_5691",6104,"56:47","FR_IPHB_13806",24,33,-2,-9,-9,-8,0,1,26,34,"FR_MHB_34000"
"FR-1-H_32_29_5692",6105,"04:18","FR_USIHB_94200",2,4,-1,-2,-2,-1,0,1,25,35,"FR_PSGHB_75016"
"FR-1-H_32_29_5692",6106,"13:46","FR_PSGHB_75016",11,8,2,3,3,5,0,2,35,25,"FR_PSGHB_75016"
"FR-1-H_32_29_5692",6107,"17:32","FR_USIHB_94200",9,14,-2,-5,-5,-5,0,0,25,35,"FR_PSGHB_75016"
"FR-1-H_32_29_5692",6108,"37:31","FR_PSGHB_75016",21,19,-4,2,2,3,0,1,35,25,"FR_PSGHB_75016"
"FR-1-H_32_29_5692",6109,"44:34","FR_USIHB_94200",21,24,1,-3,-3,-6,0,-3,25,35,"FR_PSGHB_75016"
"FR-1-H_32_29_5692",6110,"58:34","FR_USIHB_94200",24,34,-2,-10,-10,-10,0,0,25,35,"FR_PSGHB_75016"
"FR-1-H_32_29_5693",6111,"05:14","FR_TFHB_93290",2,5,-3,-3,-3,-2,0,1,25,32,"FR_HBCN_44200"
"FR-1-H_32_29_5693",6112,"19:50","FR_HBCN_44200",11,10,-2,1,1,3,0,2,32,25,"FR_HBCN_44200"
"FR-1-H_32_29_5693",6113,"42:20","FR_HBCN_44200",20,20,-2,0,0,1,0,1,32,25,"FR_HBCN_44200"
"FR-1-H_32_29_5693",6114,"48:04","FR_TFHB_93290",23,24,-1,-1,-1,-3,0,-2,25,32,"FR_HBCN_44200"
"FR-1-H_32_29_5693",6115,"51:36","FR_TFHB_93290",23,26,-2,-3,-3,-4,0,-1,25,32,"FR_HBCN_44200"
"FR-1-H_32_29_5693",6116,"57:01","FR_HBCN_44200",28,25,-1,3,3,7,0,4,32,25,"FR_HBCN_44200"
"FR-1-H_32_29_5694",6117,"15:52","FR_CCMHB_28000",7,9,-3,-2,-2,-3,0,-1,34,33,"FR_CCMHB_28000"
"FR-1-H_32_29_5694",6118,"21:54","FR_SRVHB_83700",13,11,-1,2,2,-1,0,-3,33,34,"FR_CCMHB_28000"
"FR-1-H_32_29_5694",6119,"34:52","FR_CCMHB_28000",19,19,-1,0,0,-3,0,-3,34,33,"FR_CCMHB_28000"
"FR-1-H_32_29_5694",6120,"42:29","FR_CCMHB_28000",21,25,-2,-4,-4,-3,0,1,34,33,"FR_CCMHB_28000"
"FR-1-H_32_29_5694",6121,"44:21","FR_SRVHB_83700",25,23,-2,2,2,1,0,-1,33,34,"FR_CCMHB_28000"
"FR-1-H_32_29_5694",6122,"52:12","FR_SRVHB_83700",28,30,-3,-2,-2,0,0,2,33,34,"FR_CCMHB_28000"
"FR-1-H_32_29_5695",6123,"05:51","FR_FTHB_31000",1,6,-4,-5,-5,-1,0,4,27,31,"FR_DHBGL_59140"
"FR-1-H_32_29_5695",6124,"19:09","FR_DHBGL_59140",11,12,-3,-1,-1,-1,0,0,31,27,"FR_DHBGL_59140"
"FR-1-H_32_29_5695",6125,"44:31","FR_DHBGL_59140",21,23,-2,-2,-2,-1,0,1,31,27,"FR_DHBGL_59140"
"FR-1-H_32_29_5695",6126,"54:26","FR_FTHB_31000",25,27,-3,-2,-2,-4,0,-2,27,31,"FR_DHBGL_59140"
"FR-1-H_32_29_5695",6127,"57:08","FR_DHBGL_59140",29,25,2,4,4,4,0,0,31,27,"FR_DHBGL_59140"
"FR-1-H_32_30_5696",6128,"24:04","FR_PAUC_13100",12,12,1,0,0,1,0,1,27,25,"FR_PAUC_13100"
"FR-1-H_32_30_5696",6129,"49:11","FR_USIHB_94200",22,24,-2,-2,-2,-1,0,1,25,27,"FR_PAUC_13100"
"FR-1-H_32_30_5696",6130,"56:41","FR_USIHB_94200",24,26,-1,-2,-2,-2,0,0,25,27,"FR_PAUC_13100"
"FR-1-H_32_30_5696",6131,"59:42","FR_PAUC_13100",27,25,1,2,2,2,0,0,27,25,"FR_PAUC_13100"
"FR-1-H_32_30_5697",6132,"14:39","FR_CCMHB_28000",6,10,-2,-4,-4,-5,0,-1,25,27,"FR_FTHB_31000"
"FR-1-H_32_30_5697",6133,"20:59","FR_FTHB_31000",14,11,-2,3,3,2,0,-1,27,25,"FR_FTHB_31000"
"FR-1-H_32_30_5697",6134,"41:37","FR_CCMHB_28000",17,19,-2,-2,-2,-2,0,0,25,27,"FR_FTHB_31000"
"FR-1-H_32_30_5697",6135,"51:02","FR_FTHB_31000",24,23,-2,1,1,1,0,0,27,25,"FR_FTHB_31000"
"FR-1-H_32_30_5697",6136,"56:50","FR_CCMHB_28000",24,26,-1,-2,-2,-1,0,1,25,27,"FR_FTHB_31000"
"FR-1-H_32_30_5697",6137,"59:38","FR_FTHB_31000",26,25,-1,1,1,2,0,1,27,25,"FR_FTHB_31000"
"FR-1-H_32_30_5698",6138,"15:45","FR_CSMBHB_73000",8,8,-3,0,0,1,0,1,25,24,"FR_CSMBHB_73000"
"FR-1-H_32_30_5698",6139,"26:36","FR_USCHB_94000",9,12,-2,-3,-3,-5,0,-2,24,25,"FR_CSMBHB_73000"
"FR-1-H_32_30_5698",6140,"44:24","FR_USCHB_94000",16,20,1,-4,-4,-3,0,1,24,25,"FR_CSMBHB_73000"
"FR-1-H_32_30_5698",6141,"54:37","FR_CSMBHB_73000",24,21,-2,3,3,1,0,-2,25,24,"FR_CSMBHB_73000"
"FR-1-H_32_30_5698",6142,"59:18","FR_CSMBHB_73000",25,24,-3,1,1,1,0,0,25,24,"FR_CSMBHB_73000"
"FR-1-H_32_30_5698",6143,"59:58","FR_USCHB_94000",24,25,0,-1,-1,-1,0,0,24,25,"FR_CSMBHB_73000"
"FR-1-H_32_30_5699",6144,"08:18","FR_DHBGL_59140",5,7,-3,-2,-2,0,0,2,32,29,"FR_DHBGL_59140"
"FR-1-H_32_30_5699",6145,"20:26","FR_CRMHB_35510",10,13,-3,-3,-3,0,0,3,29,32,"FR_DHBGL_59140"
"FR-1-H_32_30_5699",6146,"37:43","FR_CRMHB_35510",19,23,-3,-4,-4,-3,0,1,29,32,"FR_DHBGL_59140"
"FR-1-H_32_30_5699",6147,"50:15","FR_CRMHB_35510",23,29,-3,-6,-6,-5,0,1,29,32,"FR_DHBGL_59140"
"FR-1-H_32_30_5699",6148,"51:30","FR_DHBGL_59140",29,24,-1,5,5,5,0,0,32,29,"FR_DHBGL_59140"
"FR-1-H_32_30_5699",6149,"58:20","FR_DHBGL_59140",31,28,-4,3,3,3,0,0,32,29,"FR_DHBGL_59140"
"FR-1-H_32_30_5700",6150,"08:52","FR_LHB_87000",1,5,-2,-4,-4,-3,0,1,32,31,"FR_LHB_87000"
"FR-1-H_32_30_5700",6151,"21:09","FR_HBCN_44200",10,8,-2,2,2,3,0,1,31,32,"FR_LHB_87000"
"FR-1-H_32_30_5700",6152,"43:03","FR_HBCN_44200",23,24,-1,-1,-1,-1,0,0,31,32,"FR_LHB_87000"
"FR-1-H_32_30_5700",6153,"52:17","FR_HBCN_44200",27,30,-2,-3,-3,-2,0,1,31,32,"FR_LHB_87000"
"FR-1-H_32_30_5700",6154,"52:55","FR_LHB_87000",30,28,-1,2,2,1,0,-1,32,31,"FR_LHB_87000"
"FR-1-H_32_30_5700",6155,"57:48","FR_LHB_87000",31,30,-1,1,1,1,0,0,32,31,"FR_LHB_87000"
"FR-1-H_32_30_5701",6156,"22:52","FR_MHB_34000",8,8,2,0,0,2,0,2,29,21,"FR_MHB_34000"
"FR-1-H_32_30_5701",6157,"27:05","FR_SRVHB_83700",9,11,-3,-2,-2,-4,0,-2,21,29,"FR_MHB_34000"
"FR-1-H_32_30_5701",6158,"36:11","FR_SRVHB_83700",12,17,-3,-5,-5,-3,0,2,21,29,"FR_MHB_34000"
"FR-1-H_32_30_5701",6159,"47:03","FR_SRVHB_83700",16,22,-3,-6,-6,-7,0,-1,21,29,"FR_MHB_34000"
"FR-1-H_32_30_5701",6160,"52:29","FR_MHB_34000",23,17,-1,6,6,6,0,0,29,21,"FR_MHB_34000"
"FR-1-H_32_30_5701",6161,"56:58","FR_MHB_34000",26,20,-1,6,6,8,0,2,29,21,"FR_MHB_34000"
"FR-1-H_32_30_5702",6162,"23:08","FR_IPHB_13806",9,12,-2,-3,-3,-5,0,-2,25,30,"FR_USAMNG_30918"
"FR-1-H_32_30_5702",6163,"26:45","FR_USAMNG_30918",14,9,2,5,5,6,0,1,30,25,"FR_USAMNG_30918"
"FR-1-H_32_30_5702",6164,"42:07","FR_IPHB_13806",15,23,-1,-8,-8,-7,0,1,25,30,"FR_USAMNG_30918"
"FR-1-H_32_30_5702",6165,"46:58","FR_USAMNG_30918",25,18,-2,7,7,5,0,-2,30,25,"FR_USAMNG_30918"
"FR-1-H_32_30_5703",6166,"10:38","FR_TFHB_93290",5,8,-1,-3,-3,-3,0,0,30,33,"FR_PSGHB_75016"
"FR-1-H_32_30_5703",6167,"28:18","FR_PSGHB_75016",15,15,-1,0,0,-1,0,-1,33,30,"FR_PSGHB_75016"
"FR-1-H_32_30_5703",6168,"38:08","FR_PSGHB_75016",21,22,-2,-1,-1,2,0,3,33,30,"FR_PSGHB_75016"
"FR-1-H_32_30_5703",6169,"41:15","FR_TFHB_93290",22,24,-3,-2,-2,-2,0,0,30,33,"FR_PSGHB_75016"
"FR-1-H_32_30_5703",6170,"53:46","FR_TFHB_93290",27,31,-3,-4,-4,-3,0,1,30,33,"FR_PSGHB_75016"
"FR-1-H_32_31_5704",6171,"15:09","FR_CRMHB_35510",3,5,-2,-2,-2,-2,0,0,21,26,"FR_CSMBHB_73000"
"FR-1-H_32_31_5704",6172,"27:44","FR_CSMBHB_73000",10,7,1,3,3,4,0,1,26,21,"FR_CSMBHB_73000"
"FR-1-H_32_31_5704",6173,"37:53","FR_CRMHB_35510",9,15,-2,-6,-6,-5,0,1,21,26,"FR_CSMBHB_73000"
"FR-1-H_32_31_5704",6174,"55:52","FR_CRMHB_35510",18,24,-2,-6,-6,-5,0,1,21,26,"FR_CSMBHB_73000"
"FR-1-H_32_31_5705",6175,"14:44","FR_DHBGL_59140",4,8,-3,-4,-4,-2,0,2,21,23,"FR_USAMNG_30918"
"FR-1-H_32_31_5705",6176,"21:24","FR_USAMNG_30918",9,8,-1,1,1,2,0,1,23,21,"FR_USAMNG_30918"
"FR-1-H_32_31_5705",6177,"43:50","FR_DHBGL_59140",15,19,-2,-4,-4,-5,0,-1,21,23,"FR_USAMNG_30918"
"FR-1-H_32_31_5705",6178,"50:35","FR_DHBGL_59140",16,20,1,-4,-4,-3,0,1,21,23,"FR_USAMNG_30918"
"FR-1-H_32_31_5705",6179,"54:50","FR_USAMNG_30918",21,18,-2,3,3,3,0,0,23,21,"FR_USAMNG_30918"
"FR-1-H_32_31_5706",6180,"19:25","FR_CCMHB_28000",7,11,-2,-4,-4,-2,0,2,32,27,"FR_CCMHB_28000"
"FR-1-H_32_31_5706",6181,"27:01","FR_IPHB_13806",13,11,-1,2,2,0,0,-2,27,32,"FR_CCMHB_28000"
"FR-1-H_32_31_5706",6182,"46:28","FR_CCMHB_28000",24,22,-1,2,2,4,0,2,32,27,"FR_CCMHB_28000"
"FR-1-H_32_31_5706",6183,"48:43","FR_IPHB_13806",22,26,-2,-4,-4,-4,0,0,27,32,"FR_CCMHB_28000"
"FR-1-H_32_31_5706",6184,"58:46","FR_IPHB_13806",27,32,-2,-5,-5,-5,0,0,27,32,"FR_CCMHB_28000"
"FR-1-H_32_31_5707",6185,"04:59","FR_USIHB_94200",0,4,-4,-4,-4,-3,0,1,27,31,"FR_MHB_34000"
"FR-1-H_32_31_5707",6186,"21:44","FR_USIHB_94200",5,13,-3,-8,-8,-7,0,1,27,31,"FR_MHB_34000"
"FR-1-H_32_31_5707",6187,"27:03","FR_USIHB_94200",9,16,1,-7,-7,-7,0,0,27,31,"FR_MHB_34000"
"FR-1-H_32_31_5707",6188,"43:36","FR_MHB_34000",22,19,-3,3,3,5,0,2,31,27,"FR_MHB_34000"
"FR-1-H_32_31_5707",6189,"52:08","FR_USIHB_94200",22,28,-2,-6,-6,-5,0,1,27,31,"FR_MHB_34000"
"FR-1-H_32_31_5708",6190,"10:41","FR_USCHB_94000",2,7,-3,-5,-5,-4,0,1,25,27,"FR_HBCN_44200"
"FR-1-H_32_31_5708",6191,"18:25","FR_HBCN_44200",9,6,-1,3,3,4,0,1,27,25,"FR_HBCN_44200"
"FR-1-H_32_31_5708",6192,"48:08","FR_HBCN_44200",24,21,-2,3,3,3,0,0,27,25,"FR_HBCN_44200"
"FR-1-H_32_31_5708",6193,"53:59","FR_USCHB_94000",23,26,1,-3,-3,-3,0,0,25,27,"FR_HBCN_44200"
"FR-1-H_32_31_5708",6194,"58:39","FR_HBCN_44200",27,24,1,3,3,3,0,0,27,25,"FR_HBCN_44200"
"FR-1-H_32_31_5708",6195,"59:18","FR_USCHB_94000",24,27,0,-3,-3,-2,0,1,25,27,"FR_HBCN_44200"
"FR-1-H_32_31_5709",6196,"12:49","FR_LHB_87000",2,7,-4,-5,-5,-6,0,-1,20,42,"FR_PSGHB_75016"
"FR-1-H_32_31_5710",6197,"14:21","FR_SRVHB_83700",7,9,-3,-2,-2,-4,0,-2,26,29,"FR_PAUC_13100"
"FR-1-H_32_31_5710",6198,"21:48","FR_PAUC_13100",12,9,-1,3,3,2,0,-1,29,26,"FR_PAUC_13100"
"FR-1-H_32_31_5710",6199,"34:50","FR_SRVHB_83700",14,21,-3,-7,-7,-6,0,1,26,29,"FR_PAUC_13100"
"FR-1-H_32_31_5710",6200,"44:16","FR_PAUC_13100",24,19,-2,5,5,4,0,-1,29,26,"FR_PAUC_13100"
"FR-1-H_32_31_5710",6201,"55:11","FR_SRVHB_83700",24,27,2,-3,-3,-2,0,1,26,29,"FR_PAUC_13100"
"FR-1-H_32_31_5710",6202,"58:01","FR_PAUC_13100",28,26,-2,2,2,3,0,1,29,26,"FR_PAUC_13100"
"FR-1-H_32_31_5711",6203,"16:37","FR_FTHB_31000",7,7,1,0,0,1,0,1,25,24,"FR_FTHB_31000"
"FR-1-H_32_31_5711",6204,"23:03","FR_TFHB_93290",10,12,-2,-2,-2,-1,0,1,24,25,"FR_FTHB_31000"
"FR-1-H_32_31_5711",6205,"43:06","FR_TFHB_93290",18,19,-1,-1,-1,-1,0,0,24,25,"FR_FTHB_31000"
"FR-1-H_32_31_5711",6206,"46:48","FR_FTHB_31000",20,19,-1,1,1,2,0,1,25,24,"FR_FTHB_31000"
"FR-1-H_32_31_5711",6207,"53:54","FR_TFHB_93290",21,24,-3,-3,-3,-1,0,2,24,25,"FR_FTHB_31000"
"FR-1-H_32_31_5711",6208,"58:20","FR_FTHB_31000",24,23,-2,1,1,1,0,0,25,24,"FR_FTHB_31000"
"FR-1-H_32_32_5712",6209,"26:59","FR_DHBGL_59140",16,12,-1,4,4,3,0,-1,25,26,"FR_PAUC_13100"
"FR-1-H_32_32_5712",6210,"36:11","FR_PAUC_13100",14,19,-2,-5,-5,-5,0,0,26,25,"FR_PAUC_13100"
"FR-1-H_32_32_5712",6211,"53:25","FR_DHBGL_59140",23,23,-3,0,0,-1,0,-1,25,26,"FR_PAUC_13100"
"FR-1-H_32_32_5712",6212,"56:10","FR_DHBGL_59140",24,25,-2,-1,-1,-1,0,0,25,26,"FR_PAUC_13100"
"FR-1-H_32_32_5712",6213,"59:49","FR_PAUC_13100",26,25,1,1,1,1,0,0,26,25,"FR_PAUC_13100"
"FR-1-H_32_32_5713",6214,"18:25","FR_CSMBHB_73000",7,11,-2,-4,-4,-5,0,-1,26,35,"FR_HBCN_44200"
"FR-1-H_32_32_5713",6215,"51:55","FR_CSMBHB_73000",20,30,-1,-10,-10,-10,0,0,26,35,"FR_HBCN_44200"
"FR-1-H_32_32_5713",6216,"54:47","FR_CSMBHB_73000",21,31,-1,-10,-10,-9,0,1,26,35,"FR_HBCN_44200"
"FR-1-H_32_32_5714",6217,"20:17","FR_CCMHB_28000",18,11,2,7,7,7,0,0,32,28,"FR_CCMHB_28000"
"FR-1-H_32_32_5714",6218,"40:21","FR_USIHB_94200",17,25,-2,-8,-8,-7,0,1,28,32,"FR_CCMHB_28000"
"FR-1-H_32_32_5714",6219,"43:21","FR_CCMHB_28000",28,21,-2,7,7,7,0,0,32,28,"FR_CCMHB_28000"
"FR-1-H_32_32_5715",6220,"09:35","FR_USCHB_94000",2,6,-4,-4,-4,-4,0,0,23,27,"FR_IPHB_13806"
"FR-1-H_32_32_5715",6221,"23:04","FR_IPHB_13806",11,4,1,7,7,8,0,1,27,23,"FR_IPHB_13806"
"FR-1-H_32_32_5715",6222,"45:32","FR_IPHB_13806",20,16,-2,4,4,6,0,2,27,23,"FR_IPHB_13806"
"FR-1-H_32_32_5715",6223,"49:52","FR_USCHB_94000",16,22,-2,-6,-6,-4,0,2,23,27,"FR_IPHB_13806"
"FR-1-H_32_32_5715",6224,"58:46","FR_IPHB_13806",25,22,-1,3,3,4,0,1,27,23,"FR_IPHB_13806"
"FR-1-H_32_32_5716",6225,"15:07","FR_FTHB_31000",5,10,-3,-5,-5,-6,0,-1,26,30,"FR_LHB_87000"
"FR-1-H_32_32_5716",6226,"20:35","FR_LHB_87000",12,7,-1,5,5,7,0,2,30,26,"FR_LHB_87000"
"FR-1-H_32_32_5716",6227,"46:05","FR_FTHB_31000",18,26,-2,-8,-8,-8,0,0,26,30,"FR_LHB_87000"
"FR-1-H_32_32_5716",6228,"51:13","FR_LHB_87000",27,20,-2,7,7,5,0,-2,30,26,"FR_LHB_87000"
"FR-1-H_32_32_5717",6229,"22:06","FR_CRMHB_35510",14,14,-1,0,0,0,0,0,28,28,"Egalité"
"FR-1-H_32_32_5717",6230,"24:13","FR_MHB_34000",15,15,1,0,0,-1,0,-1,28,28,"Egalité"
"FR-1-H_32_32_5717",6231,"47:42","FR_CRMHB_35510",26,25,-1,1,1,1,0,0,28,28,"Egalité"
"FR-1-H_32_32_5717",6232,"51:19","FR_MHB_34000",26,27,-1,-1,-1,-2,0,-1,28,28,"Egalité"
"FR-1-H_32_32_5717",6233,"57:54","FR_CRMHB_35510",28,28,-2,0,0,0,0,0,28,28,"Egalité"
"FR-1-H_32_32_5717",6234,"59:02","FR_MHB_34000",28,28,0,0,0,0,0,0,28,28,"Egalité"
"FR-1-H_32_32_5718",6235,"21:56","FR_PSGHB_75016",12,13,1,-1,-1,-1,0,0,31,27,"FR_PSGHB_75016"
"FR-1-H_32_32_5718",6236,"29:55","FR_PSGHB_75016",16,16,1,0,0,2,0,2,31,27,"FR_PSGHB_75016"
"FR-1-H_32_32_5718",6237,"47:32","FR_PSGHB_75016",22,23,-3,-1,-1,0,0,1,31,27,"FR_PSGHB_75016"
"FR-1-H_32_32_5718",6238,"53:37","FR_USAMNG_30918",25,26,-2,-1,-1,-1,0,0,27,31,"FR_PSGHB_75016"
"FR-1-H_32_32_5718",6239,"56:58","FR_PSGHB_75016",28,27,-1,1,1,4,0,3,31,27,"FR_PSGHB_75016"
"FR-1-H_32_32_5719",6240,"11:39","FR_TFHB_93290",4,7,-2,-3,-3,-5,0,-2,25,35,"FR_SRVHB_83700"
"FR-1-H_32_32_5719",6241,"19:27","FR_SRVHB_83700",11,6,1,5,5,8,0,3,35,25,"FR_SRVHB_83700"
"FR-1-H_32_32_5719",6242,"22:39","FR_TFHB_93290",7,15,-3,-8,-8,-8,0,0,25,35,"FR_SRVHB_83700"
"FR-1-H_32_32_5719",6243,"43:15","FR_SRVHB_83700",27,17,1,10,10,12,0,2,35,25,"FR_SRVHB_83700"
"FR-1-H_32_32_5719",6244,"45:32","FR_TFHB_93290",17,29,-2,-12,-12,-12,0,0,25,35,"FR_SRVHB_83700"
"FR-1-H_32_33_5720",6245,"04:55","FR_CRMHB_35510",0,4,-4,-4,-4,-4,0,0,23,24,"FR_PAUC_13100"
"FR-1-H_32_33_5720",6246,"19:01","FR_PAUC_13100",9,8,-4,1,1,2,0,1,24,23,"FR_PAUC_13100"
"FR-1-H_32_33_5720",6247,"36:18","FR_PAUC_13100",16,15,-2,1,1,-1,0,-2,24,23,"FR_PAUC_13100"
"FR-1-H_32_33_5720",6248,"48:29","FR_CRMHB_35510",19,20,-2,-1,-1,-1,0,0,23,24,"FR_PAUC_13100"
"FR-1-H_32_33_5720",6249,"54:27","FR_PAUC_13100",21,20,1,1,1,2,0,1,24,23,"FR_PAUC_13100"
"FR-1-H_32_33_5720",6250,"58:33","FR_CRMHB_35510",22,24,-1,-2,-2,-1,0,1,23,24,"FR_PAUC_13100"
"FR-1-H_32_33_5721",6251,"13:02","FR_LHB_87000",3,7,-3,-4,-4,-4,0,0,28,32,"FR_DHBGL_59140"
"FR-1-H_32_33_5721",6252,"27:00","FR_DHBGL_59140",16,10,-1,6,6,8,0,2,32,28,"FR_DHBGL_59140"
"FR-1-H_32_33_5721",6253,"38:55","FR_DHBGL_59140",23,17,-2,6,6,7,0,1,32,28,"FR_DHBGL_59140"
"FR-1-H_32_33_5721",6254,"46:57","FR_LHB_87000",22,27,-1,-5,-5,-5,0,0,28,32,"FR_DHBGL_59140"
"FR-1-H_32_33_5721",6255,"53:46","FR_DHBGL_59140",28,25,-3,3,3,4,0,1,32,28,"FR_DHBGL_59140"
"FR-1-H_32_33_5722",6256,"16:14","FR_IPHB_13806",5,9,-3,-4,-4,-5,0,-1,24,30,"FR_CSMBHB_73000"
"FR-1-H_32_33_5722",6257,"29:42","FR_CSMBHB_73000",16,10,-1,6,6,4,0,-2,30,24,"FR_CSMBHB_73000"
"FR-1-H_32_33_5722",6258,"37:26","FR_CSMBHB_73000",18,16,-3,2,2,2,0,0,30,24,"FR_CSMBHB_73000"
"FR-1-H_32_33_5722",6259,"54:07","FR_IPHB_13806",24,26,-1,-2,-2,-5,0,-3,24,30,"FR_CSMBHB_73000"
"FR-1-H_32_33_5723",6260,"19:03","FR_USAMNG_30918",9,7,-2,2,2,3,0,1,33,25,"FR_USAMNG_30918"
"FR-1-H_32_33_5723",6261,"23:38","FR_USIHB_94200",11,14,-2,-3,-3,-1,0,2,25,33,"FR_USAMNG_30918"
"FR-1-H_32_33_5723",6262,"39:21","FR_USIHB_94200",18,23,-3,-5,-5,-5,0,0,25,33,"FR_USAMNG_30918"
"FR-1-H_32_33_5723",6263,"45:00","FR_USAMNG_30918",25,21,-2,4,4,5,0,1,33,25,"FR_USAMNG_30918"
"FR-1-H_32_33_5724",6264,"08:01","FR_CCMHB_28000",2,7,-1,-5,-5,-5,0,0,23,36,"FR_PSGHB_75016"
"FR-1-H_32_33_5725",6265,"09:35","FR_HBCN_44200",3,7,-2,-4,-4,-4,0,0,28,26,"FR_HBCN_44200"
"FR-1-H_32_33_5725",6266,"21:01","FR_HBCN_44200",6,11,-2,-5,-5,-2,0,3,28,26,"FR_HBCN_44200"
"FR-1-H_32_33_5725",6267,"24:00","FR_SRVHB_83700",11,9,-3,2,2,3,0,1,26,28,"FR_HBCN_44200"
"FR-1-H_32_33_5725",6268,"37:44","FR_SRVHB_83700",18,17,-3,1,1,1,0,0,26,28,"FR_HBCN_44200"
"FR-1-H_32_33_5725",6269,"53:17","FR_SRVHB_83700",22,25,-2,-3,-3,-2,0,1,26,28,"FR_HBCN_44200"
"FR-1-H_32_33_5725",6270,"54:58","FR_HBCN_44200",25,23,-1,2,2,2,0,0,28,26,"FR_HBCN_44200"
"FR-1-H_32_33_5726",6271,"21:25","FR_USCHB_94000",11,10,-1,1,1,-1,0,-2,29,30,"FR_FTHB_31000"
"FR-1-H_32_33_5726",6272,"29:10","FR_FTHB_31000",14,12,3,2,2,3,0,1,30,29,"FR_FTHB_31000"
"FR-1-H_32_33_5726",6273,"50:05","FR_FTHB_31000",26,24,-1,2,2,1,0,-1,30,29,"FR_FTHB_31000"
"FR-1-H_32_33_5726",6274,"53:39","FR_USCHB_94000",26,27,1,-1,-1,-2,0,-1,29,30,"FR_FTHB_31000"
"FR-1-H_32_33_5726",6275,"59:31","FR_FTHB_31000",30,28,-1,2,2,1,0,-1,30,29,"FR_FTHB_31000"
"FR-1-H_32_33_5727",6276,"14:59","FR_TFHB_93290",8,9,-1,-1,-1,1,0,2,30,31,"FR_MHB_34000"
"FR-1-H_32_33_5727",6277,"20:52","FR_MHB_34000",10,13,-5,-3,-3,-4,0,-1,31,30,"FR_MHB_34000"
"FR-1-H_32_33_5727",6278,"39:05","FR_TFHB_93290",20,20,-2,0,0,1,0,1,30,31,"FR_MHB_34000"
"FR-1-H_32_33_5727",6279,"52:23","FR_TFHB_93290",26,27,-3,-1,-1,-3,0,-2,30,31,"FR_MHB_34000"
"FR-1-H_32_33_5727",6280,"59:46","FR_MHB_34000",31,30,-1,1,1,1,0,0,31,30,"FR_MHB_34000"
"FR-1-H_32_34_5728",6281,"06:15","FR_SRVHB_83700",1,4,-1,-3,-3,-5,0,-2,29,29,"Egalité"
"FR-1-H_32_34_5728",6282,"15:07","FR_SRVHB_83700",4,11,-2,-7,-7,-9,0,-2,29,29,"Egalité"
"FR-1-H_32_34_5728",6283,"23:58","FR_CSMBHB_73000",19,10,-1,9,9,9,0,0,29,29,"Egalité"
"FR-1-H_32_34_5728",6284,"35:04","FR_CSMBHB_73000",20,16,-4,4,4,1,0,-3,29,29,"Egalité"
"FR-1-H_32_34_5728",6285,"57:50","FR_SRVHB_83700",29,29,2,0,0,0,0,0,29,29,"Egalité"
"FR-1-H_32_34_5729",6286,"39:30","FR_PAUC_13100",16,17,-2,-1,-1,1,0,2,27,26,"FR_PAUC_13100"
"FR-1-H_32_34_5729",6287,"52:17","FR_CCMHB_28000",23,25,-1,-2,-2,-2,0,0,26,27,"FR_PAUC_13100"
"FR-1-H_32_34_5729",6288,"58:31","FR_CCMHB_28000",25,27,1,-2,-2,-1,0,1,26,27,"FR_PAUC_13100"
"FR-1-H_32_34_5729",6289,"58:53","FR_PAUC_13100",27,26,-1,1,1,1,0,0,27,26,"FR_PAUC_13100"
"FR-1-H_32_34_5730",6290,"10:51","FR_USCHB_94000",3,8,-3,-5,-5,-5,0,0,27,40,"FR_PSGHB_75016"
"FR-1-H_32_34_5730",6291,"45:46","FR_USCHB_94000",18,32,-1,-14,-14,-13,0,1,27,40,"FR_PSGHB_75016"
"FR-1-H_32_34_5731",6292,"17:23","FR_LHB_87000",9,10,-1,-1,-1,-2,0,-1,32,27,"FR_LHB_87000"
"FR-1-H_32_34_5731",6293,"38:20","FR_USIHB_94200",18,22,-2,-4,-4,-4,0,0,27,32,"FR_LHB_87000"
"FR-1-H_32_34_5731",6294,"49:19","FR_LHB_87000",27,24,-2,3,3,2,0,-1,32,27,"FR_LHB_87000"
"FR-1-H_32_34_5731",6295,"55:28","FR_USIHB_94200",27,30,-2,-3,-3,-5,0,-2,27,32,"FR_LHB_87000"
"FR-1-H_32_34_5732",6296,"11:57","FR_DHBGL_59140",2,7,-1,-5,-5,-4,0,1,21,26,"FR_MHB_34000"
"FR-1-H_32_34_5732",6297,"24:46","FR_MHB_34000",11,8,-3,3,3,5,0,2,26,21,"FR_MHB_34000"
"FR-1-H_32_34_5732",6298,"43:03","FR_DHBGL_59140",14,21,-2,-7,-7,-4,0,3,21,26,"FR_MHB_34000"
"FR-1-H_32_34_5732",6299,"47:07","FR_MHB_34000",21,17,-3,4,4,4,0,0,26,21,"FR_MHB_34000"
"FR-1-H_32_34_5732",6300,"54:36","FR_DHBGL_59140",19,23,1,-4,-4,-4,0,0,21,26,"FR_MHB_34000"
"FR-1-H_32_34_5733",6301,"15:06","FR_CRMHB_35510",4,9,-3,-5,-5,-4,0,1,21,41,"FR_HBCN_44200"
"FR-1-H_32_34_5733",6302,"20:54","FR_HBCN_44200",11,7,-1,4,4,4,0,0,41,21,"FR_HBCN_44200"
"FR-1-H_32_34_5733",6303,"27:06","FR_HBCN_44200",14,11,-2,3,3,4,0,1,41,21,"FR_HBCN_44200"
"FR-1-H_32_34_5733",6304,"38:53","FR_CRMHB_35510",14,23,-3,-9,-9,-10,0,-1,21,41,"FR_HBCN_44200"
"FR-1-H_32_34_5733",6305,"46:07","FR_CRMHB_35510",17,29,-5,-12,-12,-16,0,-4,21,41,"FR_HBCN_44200"
"FR-1-H_32_34_5734",6306,"14:27","FR_TFHB_93290",9,7,-1,2,2,0,0,-2,27,30,"FR_USAMNG_30918"
"FR-1-H_32_34_5734",6307,"21:51","FR_USAMNG_30918",10,10,-1,0,0,1,0,1,30,27,"FR_USAMNG_30918"
"FR-1-H_32_34_5734",6308,"40:47","FR_TFHB_93290",17,20,-3,-3,-3,-3,0,0,27,30,"FR_USAMNG_30918"
"FR-1-H_32_34_5734",6309,"51:58","FR_USAMNG_30918",27,23,-1,4,4,2,0,-2,30,27,"FR_USAMNG_30918"
"FR-1-H_32_34_5734",6310,"57:02","FR_TFHB_93290",26,28,-1,-2,-2,-3,0,-1,27,30,"FR_USAMNG_30918"
"FR-1-H_32_34_5735",6311,"23:45","FR_IPHB_13806",11,12,-2,-1,-1,-2,0,-1,21,30,"FR_FTHB_31000"
"FR-1-H_32_34_5735",6312,"28:46","FR_FTHB_31000",14,12,2,2,2,1,0,-1,30,21,"FR_FTHB_31000"
"FR-1-H_32_34_5735",6313,"39:35","FR_IPHB_13806",15,18,0,-3,-3,-4,0,-1,21,30,"FR_FTHB_31000"
"FR-1-H_32_34_5735",6314,"50:01","FR_FTHB_31000",23,17,1,6,6,9,0,3,30,21,"FR_FTHB_31000"
"FR-1-H_32_34_5735",6315,"53:43","FR_IPHB_13806",19,28,-2,-9,-9,-9,0,0,21,30,"FR_FTHB_31000"
"FR-1-H_32_35_5736",6316,"07:17","FR_USAMNG_30918",2,6,-4,-4,-4,-5,0,-1,17,30,"FR_PAUC_13100"
"FR-1-H_32_35_5736",6317,"24:53","FR_PAUC_13100",13,8,-1,5,5,7,0,2,30,17,"FR_PAUC_13100"
"FR-1-H_32_35_5736",6318,"40:15","FR_PAUC_13100",19,12,-1,7,7,8,0,1,30,17,"FR_PAUC_13100"
"FR-1-H_32_35_5736",6319,"44:03","FR_USAMNG_30918",12,20,-1,-8,-8,-8,0,0,17,30,"FR_PAUC_13100"
"FR-1-H_32_35_5737",6320,"19:47","FR_CRMHB_35510",8,10,-2,-2,-2,0,0,2,29,24,"FR_CRMHB_35510"
"FR-1-H_32_35_5737",6321,"26:02","FR_USCHB_94000",11,11,-1,0,0,1,0,1,24,29,"FR_CRMHB_35510"
"FR-1-H_32_35_5737",6322,"41:05","FR_USCHB_94000",19,19,-1,0,0,-4,0,-4,24,29,"FR_CRMHB_35510"
"FR-1-H_32_35_5737",6323,"45:23","FR_USCHB_94000",21,25,-3,-4,-4,-4,0,0,24,29,"FR_CRMHB_35510"
"FR-1-H_32_35_5738",6324,"20:14","FR_HBCN_44200",7,7,-3,0,0,1,0,1,25,20,"FR_HBCN_44200"
"FR-1-H_32_35_5738",6325,"24:11","FR_DHBGL_59140",8,9,-2,-1,-1,0,0,1,20,25,"FR_HBCN_44200"
"FR-1-H_32_35_5738",6326,"44:09","FR_HBCN_44200",18,16,1,2,2,2,0,0,25,20,"FR_HBCN_44200"
"FR-1-H_32_35_5738",6327,"46:31","FR_DHBGL_59140",17,19,1,-2,-2,-1,0,1,20,25,"FR_HBCN_44200"
"FR-1-H_32_35_5738",6328,"55:58","FR_DHBGL_59140",19,23,-3,-4,-4,-4,0,0,20,25,"FR_HBCN_44200"
"FR-1-H_32_35_5738",6329,"57:44","FR_HBCN_44200",23,19,0,4,4,5,0,1,25,20,"FR_HBCN_44200"
"FR-1-H_32_35_5739",6330,"09:05","FR_FTHB_31000",5,5,-2,0,0,3,0,3,25,24,"FR_FTHB_31000"
"FR-1-H_32_35_5739",6331,"25:30","FR_USIHB_94200",12,15,-1,-3,-3,-1,0,2,24,25,"FR_FTHB_31000"
"FR-1-H_32_35_5739",6332,"50:44","FR_FTHB_31000",22,21,2,1,1,1,0,0,25,24,"FR_FTHB_31000"
"FR-1-H_32_35_5739",6333,"57:46","FR_USIHB_94200",23,25,-2,-2,-2,-1,0,1,24,25,"FR_FTHB_31000"
"FR-1-H_32_35_5739",6334,"59:48","FR_FTHB_31000",25,24,-1,1,1,1,0,0,25,24,"FR_FTHB_31000"
"FR-1-H_32_35_5740",6335,"04:12","FR_CSMBHB_73000",0,4,-4,-4,-4,-6,0,-2,27,42,"FR_MHB_34000"
"FR-1-H_32_35_5740",6336,"16:12","FR_MHB_34000",10,7,-2,3,3,6,0,3,42,27,"FR_MHB_34000"
"FR-1-H_32_35_5740",6337,"22:02","FR_CSMBHB_73000",7,14,-4,-7,-7,-6,0,1,27,42,"FR_MHB_34000"
"FR-1-H_32_35_5740",6338,"42:58","FR_CSMBHB_73000",19,31,-3,-12,-12,-12,0,0,27,42,"FR_MHB_34000"
"FR-1-H_32_35_5740",6339,"48:35","FR_MHB_34000",35,23,-2,12,12,14,0,2,42,27,"FR_MHB_34000"
"FR-1-H_32_35_5741",6340,"17:42","FR_IPHB_13806",9,11,-1,-2,-2,-1,0,1,26,39,"FR_PSGHB_75016"
"FR-1-H_32_35_5741",6341,"29:34","FR_PSGHB_75016",19,14,2,5,5,6,0,1,39,26,"FR_PSGHB_75016"
"FR-1-H_32_35_5741",6342,"46:14","FR_IPHB_13806",19,30,-4,-11,-11,-9,0,2,26,39,"FR_PSGHB_75016"
"FR-1-H_32_35_5741",6343,"55:02","FR_IPHB_13806",24,34,-2,-10,-10,-13,0,-3,26,39,"FR_PSGHB_75016"
"FR-1-H_32_35_5742",6344,"17:32","FR_LHB_87000",9,12,-3,-3,-3,-2,0,1,30,35,"FR_SRVHB_83700"
"FR-1-H_32_35_5742",6345,"21:49","FR_SRVHB_83700",13,11,-2,2,2,0,0,-2,35,30,"FR_SRVHB_83700"
"FR-1-H_32_35_5742",6346,"34:30","FR_LHB_87000",16,20,1,-4,-4,-4,0,0,30,35,"FR_SRVHB_83700"
"FR-1-H_32_35_5742",6347,"46:09","FR_SRVHB_83700",26,22,-1,4,4,6,0,2,35,30,"FR_SRVHB_83700"
"FR-1-H_32_35_5742",6348,"48:34","FR_LHB_87000",23,29,-2,-6,-6,-5,0,1,30,35,"FR_SRVHB_83700"
"FR-1-H_32_35_5742",6349,"58:12","FR_SRVHB_83700",34,30,1,4,4,5,0,1,35,30,"FR_SRVHB_83700"
"FR-1-H_32_35_5743",6350,"18:20","FR_TFHB_93290",7,7,-2,0,0,0,0,0,23,28,"FR_CCMHB_28000"
"FR-1-H_32_35_5743",6351,"22:15","FR_CCMHB_28000",8,8,-1,0,0,1,0,1,28,23,"FR_CCMHB_28000"
"FR-1-H_32_35_5743",6352,"37:48","FR_TFHB_93290",12,16,-3,-4,-4,-5,0,-1,23,28,"FR_CCMHB_28000"
"FR-1-H_32_36_5744",6353,"18:08","FR_USIHB_94200",7,11,-3,-4,-4,-3,0,1,27,31,"FR_CSMBHB_73000"
"FR-1-H_32_36_5744",6354,"29:12","FR_CSMBHB_73000",15,11,1,4,4,7,0,3,31,27,"FR_CSMBHB_73000"
"FR-1-H_32_36_5744",6355,"37:31","FR_USIHB_94200",14,21,-1,-7,-7,-8,0,-1,27,31,"FR_CSMBHB_73000"
"FR-1-H_32_36_5744",6356,"51:32","FR_CSMBHB_73000",27,23,-3,4,4,5,0,1,31,27,"FR_CSMBHB_73000"
"FR-1-H_32_36_5744",6357,"56:38","FR_USIHB_94200",24,29,1,-5,-5,-4,0,1,27,31,"FR_CSMBHB_73000"
"FR-1-H_32_36_5745",6358,"15:41","FR_DHBGL_59140",7,9,-2,-2,-2,-1,0,1,23,27,"FR_CCMHB_28000"
"FR-1-H_32_36_5745",6359,"23:00","FR_CCMHB_28000",11,11,-1,0,0,1,0,1,27,23,"FR_CCMHB_28000"
"FR-1-H_32_36_5745",6360,"41:09","FR_DHBGL_59140",17,19,-2,-2,-2,-5,0,-3,23,27,"FR_CCMHB_28000"
"FR-1-H_32_36_5745",6361,"46:48","FR_DHBGL_59140",17,22,-3,-5,-5,-6,0,-1,23,27,"FR_CCMHB_28000"
"FR-1-H_32_36_5745",6362,"49:46","FR_DHBGL_59140",17,23,-1,-6,-6,-4,0,2,23,27,"FR_CCMHB_28000"
"FR-1-H_32_36_5746",6363,"17:49","FR_USCHB_94000",6,11,-2,-5,-5,-6,0,-1,25,32,"FR_MHB_34000"
"FR-1-H_32_36_5746",6364,"25:05","FR_MHB_34000",14,9,-1,5,5,6,0,1,32,25,"FR_MHB_34000"
"FR-1-H_32_36_5746",6365,"35:25","FR_MHB_34000",19,16,-3,3,3,5,0,2,32,25,"FR_MHB_34000"
"FR-1-H_32_36_5746",6366,"46:53","FR_USCHB_94000",20,25,-1,-5,-5,-6,0,-1,25,32,"FR_MHB_34000"
"FR-1-H_32_36_5746",6367,"56:04","FR_MHB_34000",30,23,1,7,7,7,0,0,32,25,"FR_MHB_34000"
"FR-1-H_32_36_5747",6368,"17:09","FR_CRMHB_35510",6,8,-3,-2,-2,-2,0,0,26,26,"Egalité"
"FR-1-H_32_36_5747",6369,"25:55","FR_IPHB_13806",13,11,-2,2,2,1,0,-1,26,26,"Egalité"
"FR-1-H_32_36_5747",6370,"50:03","FR_CRMHB_35510",20,22,-1,-2,-2,-1,0,1,26,26,"Egalité"
"FR-1-H_32_36_5747",6371,"52:52","FR_IPHB_13806",23,22,-2,1,1,0,0,-1,26,26,"Egalité"
"FR-1-H_32_36_5747",6372,"58:35","FR_CRMHB_35510",25,26,-2,-1,-1,0,0,1,26,26,"Egalité"
"FR-1-H_32_36_5747",6373,"59:17","FR_IPHB_13806",26,26,-1,0,0,0,0,0,26,26,"Egalité"
"FR-1-H_32_36_5748",6374,"19:20","FR_TFHB_93290",6,10,-2,-4,-4,-4,0,0,26,33,"FR_LHB_87000"
"FR-1-H_32_36_5748",6375,"27:31","FR_LHB_87000",11,9,-2,2,2,4,0,2,33,26,"FR_LHB_87000"
"FR-1-H_32_36_5748",6376,"37:38","FR_TFHB_93290",14,16,1,-2,-2,-3,0,-1,26,33,"FR_LHB_87000"
"FR-1-H_32_36_5748",6377,"53:14","FR_TFHB_93290",23,27,-2,-4,-4,-3,0,1,26,33,"FR_LHB_87000"
"FR-1-H_32_36_5748",6378,"54:36","FR_LHB_87000",28,25,-1,3,3,7,0,4,33,26,"FR_LHB_87000"
"FR-1-H_32_36_5749",6379,"21:12","FR_PSGHB_75016",8,10,-2,-2,-2,0,0,2,26,24,"FR_PSGHB_75016"
"FR-1-H_32_36_5749",6380,"26:22","FR_HBCN_44200",10,10,-2,0,0,-2,0,-2,24,26,"FR_PSGHB_75016"
"FR-1-H_32_36_5749",6381,"32:36","FR_HBCN_44200",11,15,-4,-4,-4,-1,0,3,24,26,"FR_PSGHB_75016"
"FR-1-H_32_36_5749",6382,"54:57","FR_HBCN_44200",20,23,-1,-3,-3,-2,0,1,24,26,"FR_PSGHB_75016"
"FR-1-H_32_36_5749",6383,"55:56","FR_PSGHB_75016",23,21,-1,2,2,2,0,0,26,24,"FR_PSGHB_75016"
"FR-1-H_32_36_5750",6384,"17:14","FR_SRVHB_83700",8,9,-1,-1,-1,-2,0,-1,29,30,"FR_USAMNG_30918"
"FR-1-H_32_36_5750",6385,"21:48","FR_USAMNG_30918",12,10,1,2,2,1,0,-1,30,29,"FR_USAMNG_30918"
"FR-1-H_32_36_5750",6386,"34:34","FR_SRVHB_83700",15,18,-4,-3,-3,-3,0,0,29,30,"FR_USAMNG_30918"
"FR-1-H_32_36_5750",6387,"45:51","FR_USAMNG_30918",22,20,-2,2,2,3,0,1,30,29,"FR_USAMNG_30918"
"FR-1-H_32_36_5750",6388,"57:04","FR_SRVHB_83700",27,30,-1,-3,-3,-2,0,1,29,30,"FR_USAMNG_30918"
"FR-1-H_32_36_5750",6389,"58:34","FR_USAMNG_30918",30,28,-1,2,2,1,0,-1,30,29,"FR_USAMNG_30918"
"FR-1-H_32_36_5751",6390,"14:31","FR_FTHB_31000",7,11,-2,-4,-4,-4,0,0,28,35,"FR_PAUC_13100"
"FR-1-H_32_36_5751",6391,"17:29","FR_PAUC_13100",11,7,0,4,4,5,0,1,35,28,"FR_PAUC_13100"
"FR-1-H_32_36_5751",6392,"47:57","FR_PAUC_13100",28,19,2,9,9,9,0,0,35,28,"FR_PAUC_13100"
"FR-1-H_32_37_5752",6393,"06:18","FR_HBCN_44200",1,5,-4,-4,-4,-2,0,2,29,31,"FR_PAUC_13100"
"FR-1-H_32_37_5752",6394,"28:49","FR_PAUC_13100",14,12,1,2,2,4,0,2,31,29,"FR_PAUC_13100"
"FR-1-H_32_37_5752",6395,"34:31","FR_HBCN_44200",12,17,-3,-5,-5,-4,0,1,29,31,"FR_PAUC_13100"
"FR-1-H_32_37_5752",6396,"41:46","FR_PAUC_13100",19,17,-2,2,2,2,0,0,31,29,"FR_PAUC_13100"
"FR-1-H_32_37_5752",6397,"56:26","FR_HBCN_44200",26,29,-1,-3,-3,-3,0,0,29,31,"FR_PAUC_13100"
"FR-1-H_32_37_5752",6398,"58:40","FR_PAUC_13100",31,28,-1,3,3,2,0,-1,31,29,"FR_PAUC_13100"
"FR-1-H_32_37_5753",6399,"12:39","FR_USAMNG_30918",4,6,-3,-2,-2,1,0,3,30,28,"FR_USAMNG_30918"
"FR-1-H_32_37_5753",6400,"16:25","FR_CRMHB_35510",7,8,-2,-1,-1,-2,0,-1,28,30,"FR_USAMNG_30918"
"FR-1-H_32_37_5753",6401,"40:10","FR_CRMHB_35510",19,23,-1,-4,-4,-3,0,1,28,30,"FR_USAMNG_30918"
"FR-1-H_32_37_5753",6402,"44:00","FR_USAMNG_30918",24,21,-1,3,3,2,0,-1,30,28,"FR_USAMNG_30918"
"FR-1-H_32_37_5753",6403,"55:16","FR_CRMHB_35510",24,27,-1,-3,-3,-2,0,1,28,30,"FR_USAMNG_30918"
"FR-1-H_32_37_5754",6404,"57:07","FR_LHB_87000",33,32,-1,1,1,3,0,2,35,32,"FR_LHB_87000"
"FR-1-H_32_37_5755",6405,"07:49","FR_CSMBHB_73000",0,2,-1,-2,-2,-3,0,-1,21,21,"Egalité"
"FR-1-H_32_37_5755",6406,"21:56","FR_DHBGL_59140",6,6,2,0,0,2,0,2,21,21,"Egalité"
"FR-1-H_32_37_5755",6407,"51:25","FR_CSMBHB_73000",18,19,-1,-1,-1,-1,0,0,21,21,"Egalité"
"FR-1-H_32_37_5755",6408,"53:44","FR_DHBGL_59140",20,19,1,1,1,0,0,-1,21,21,"Egalité"
"FR-1-H_32_37_5755",6409,"58:55","FR_CSMBHB_73000",21,21,1,0,0,0,0,0,21,21,"Egalité"
"FR-1-H_32_37_5756",6410,"21:43","FR_IPHB_13806",7,11,1,-4,-4,-5,0,-1,24,25,"FR_USIHB_94200"
"FR-1-H_32_37_5756",6411,"29:37","FR_USIHB_94200",15,11,-1,4,4,3,0,-1,25,24,"FR_USIHB_94200"
"FR-1-H_32_37_5756",6412,"49:31","FR_USIHB_94200",22,18,-1,4,4,5,0,1,25,24,"FR_USIHB_94200"
"FR-1-H_32_37_5756",6413,"53:03","FR_IPHB_13806",20,25,-1,-5,-5,-3,0,2,24,25,"FR_USIHB_94200"
"FR-1-H_32_37_5756",6414,"56:53","FR_USIHB_94200",25,22,-2,3,3,1,0,-2,25,24,"FR_USIHB_94200"
"FR-1-H_32_37_5756",6415,"58:51","FR_IPHB_13806",24,25,2,-1,-1,-1,0,0,24,25,"FR_USIHB_94200"
"FR-1-H_32_37_5757",6416,"17:23","FR_PSGHB_75016",9,12,-3,-3,-3,-1,0,2,36,32,"FR_PSGHB_75016"
"FR-1-H_32_37_5757",6417,"23:05","FR_MHB_34000",14,13,-2,1,1,1,0,0,32,36,"FR_PSGHB_75016"
"FR-1-H_32_37_5757",6418,"29:32","FR_PSGHB_75016",17,19,-1,-2,-2,0,0,2,36,32,"FR_PSGHB_75016"
"FR-1-H_32_37_5757",6419,"49:56","FR_MHB_34000",27,30,-3,-3,-3,-4,0,-1,32,36,"FR_PSGHB_75016"
"FR-1-H_32_37_5757",6420,"56:57","FR_MHB_34000",30,35,1,-5,-5,-4,0,1,32,36,"FR_PSGHB_75016"
"FR-1-H_32_37_5757",6421,"59:50","FR_PSGHB_75016",36,32,-1,4,4,4,0,0,36,32,"FR_PSGHB_75016"
"FR-1-H_32_37_5758",6422,"09:23","FR_SRVHB_83700",3,6,-2,-3,-3,-3,0,0,30,29,"FR_SRVHB_83700"
"FR-1-H_32_37_5758",6423,"17:27","FR_FTHB_31000",9,7,-1,2,2,3,0,1,29,30,"FR_SRVHB_83700"
"FR-1-H_32_37_5758",6424,"39:19","FR_SRVHB_83700",17,20,-2,-3,-3,0,0,3,30,29,"FR_SRVHB_83700"
"FR-1-H_32_37_5758",6425,"43:28","FR_FTHB_31000",21,21,-1,0,0,0,0,0,29,30,"FR_SRVHB_83700"
"FR-1-H_32_37_5758",6426,"51:43","FR_FTHB_31000",25,27,-2,-2,-2,-1,0,1,29,30,"FR_SRVHB_83700"
"FR-1-H_32_37_5758",6427,"55:45","FR_SRVHB_83700",28,27,-1,1,1,1,0,0,30,29,"FR_SRVHB_83700"
"FR-1-H_32_37_5759",6428,"17:20","FR_TFHB_93290",7,5,2,2,2,1,0,-1,26,21,"FR_TFHB_93290"
"FR-1-H_32_37_5759",6429,"42:27","FR_USCHB_94000",13,17,-2,-4,-4,-5,0,-1,21,26,"FR_TFHB_93290"
"FR-1-H_32_37_5759",6430,"44:54","FR_TFHB_93290",18,13,1,5,5,8,0,3,26,21,"FR_TFHB_93290"
"FR-1-H_32_37_5759",6431,"54:41","FR_TFHB_93290",23,17,-3,6,6,6,0,0,26,21,"FR_TFHB_93290"
"FR-1-H_32_38_5760",6432,"12:30","FR_TFHB_93290",5,9,-3,-4,-4,-4,0,0,27,32,"FR_PAUC_13100"
"FR-1-H_32_38_5760",6433,"22:28","FR_PAUC_13100",13,10,1,3,3,6,0,3,32,27,"FR_PAUC_13100"
"FR-1-H_32_38_5760",6434,"26:02","FR_TFHB_93290",11,17,-3,-6,-6,-7,0,-1,27,32,"FR_PAUC_13100"
"FR-1-H_32_38_5760",6435,"46:35","FR_PAUC_13100",28,23,-2,5,5,7,0,2,32,27,"FR_PAUC_13100"
"FR-1-H_32_38_5760",6436,"57:42","FR_TFHB_93290",25,32,-1,-7,-7,-5,0,2,27,32,"FR_PAUC_13100"
"FR-1-H_32_38_5761",6437,"18:07","FR_CSMBHB_73000",7,9,-1,-2,-2,-2,0,0,27,31,"FR_CCMHB_28000"
"FR-1-H_32_38_5761",6438,"28:00","FR_CCMHB_28000",13,11,-1,2,2,4,0,2,31,27,"FR_CCMHB_28000"
"FR-1-H_32_38_5761",6439,"33:46","FR_CSMBHB_73000",13,18,-3,-5,-5,-6,0,-1,27,31,"FR_CCMHB_28000"
"FR-1-H_32_38_5761",6440,"50:31","FR_CCMHB_28000",27,23,-2,4,4,5,0,1,31,27,"FR_CCMHB_28000"
"FR-1-H_32_38_5762",6441,"14:53","FR_USCHB_94000",8,8,-1,0,0,-1,0,-1,33,28,"FR_USCHB_94000"
"FR-1-H_32_38_5762",6442,"27:19","FR_USIHB_94200",14,16,-2,-2,-2,-2,0,0,28,33,"FR_USCHB_94000"
"FR-1-H_32_38_5762",6443,"41:14","FR_USIHB_94200",21,24,-2,-3,-3,-5,0,-2,28,33,"FR_USCHB_94000"
"FR-1-H_32_38_5762",6444,"53:13","FR_USIHB_94200",25,30,-2,-5,-5,-6,0,-1,28,33,"FR_USCHB_94000"
"FR-1-H_32_38_5762",6445,"58:45","FR_USCHB_94000",33,28,-1,5,5,5,0,0,33,28,"FR_USCHB_94000"
"FR-1-H_32_38_5763",6446,"16:49","FR_IPHB_13806",8,11,-3,-3,-3,-2,0,1,30,32,"FR_SRVHB_83700"
"FR-1-H_32_38_5763",6447,"27:46","FR_SRVHB_83700",17,13,2,4,4,3,0,-1,32,30,"FR_SRVHB_83700"
"FR-1-H_32_38_5763",6448,"35:08","FR_SRVHB_83700",19,18,-3,1,1,1,0,0,32,30,"FR_SRVHB_83700"
"FR-1-H_32_38_5763",6449,"51:16","FR_SRVHB_83700",26,28,-2,-2,-2,0,0,2,32,30,"FR_SRVHB_83700"
"FR-1-H_32_38_5763",6450,"53:46","FR_IPHB_13806",28,28,-2,0,0,-2,0,-2,30,32,"FR_SRVHB_83700"
"FR-1-H_32_38_5763",6451,"56:37","FR_IPHB_13806",28,30,-2,-2,-2,-2,0,0,30,32,"FR_SRVHB_83700"
"FR-1-H_32_38_5764",6452,"25:26","FR_LHB_87000",11,11,-1,0,0,-3,0,-3,20,27,"FR_MHB_34000"
"FR-1-H_32_38_5764",6453,"33:38","FR_LHB_87000",12,17,-3,-5,-5,-5,0,0,20,27,"FR_MHB_34000"
"FR-1-H_32_38_5764",6454,"49:01","FR_LHB_87000",16,21,-1,-5,-5,-5,0,0,20,27,"FR_MHB_34000"
"FR-1-H_32_38_5764",6455,"53:49","FR_MHB_34000",23,18,1,5,5,6,0,1,27,20,"FR_MHB_34000"
"FR-1-H_32_38_5764",6456,"57:53","FR_MHB_34000",26,20,-1,6,6,7,0,1,27,20,"FR_MHB_34000"
"FR-1-H_32_38_5765",6457,"23:16","FR_USAMNG_30918",14,16,-1,-2,-2,-2,0,0,33,32,"FR_USAMNG_30918"
"FR-1-H_32_38_5765",6458,"36:45","FR_HBCN_44200",20,22,-4,-2,-2,-2,0,0,32,33,"FR_USAMNG_30918"
"FR-1-H_32_38_5765",6459,"47:29","FR_HBCN_44200",24,29,-3,-5,-5,-5,0,0,32,33,"FR_USAMNG_30918"
"FR-1-H_32_38_5765",6460,"47:55","FR_USAMNG_30918",29,24,0,5,5,4,0,-1,33,32,"FR_USAMNG_30918"
"FR-1-H_32_38_5765",6461,"54:16","FR_USAMNG_30918",31,29,-2,2,2,1,0,-1,33,32,"FR_USAMNG_30918"
"FR-1-H_32_38_5766",6462,"08:12","FR_DHBGL_59140",2,6,-2,-4,-4,-5,0,-1,10,16,"FR_PSGHB_75016"
"FR-1-H_32_38_5766",6463,"28:40","FR_PSGHB_75016",14,8,1,6,6,7,0,1,16,10,"FR_PSGHB_75016"
"FR-1-H_32_38_5766",6464,"36:00","FR_DHBGL_59140",10,16,1,-6,-6,-6,0,0,10,16,"FR_PSGHB_75016"
"FR-1-H_32_38_5766",6465,"37:39","FR_DHBGL_59140",10,16,0,-6,-6,-6,0,0,10,16,"FR_PSGHB_75016"
"FR-1-H_32_38_5767",6466,"16:23","FR_CRMHB_35510",7,10,-3,-3,-3,-4,0,-1,30,30,"Egalité"
"FR-1-H_32_38_5767",6467,"22:52","FR_CRMHB_35510",9,13,1,-4,-4,-3,0,1,30,30,"Egalité"
"FR-1-H_32_38_5767",6468,"41:18","FR_CRMHB_35510",17,20,-3,-3,-3,-2,0,1,30,30,"Egalité"
"FR-1-H_32_38_5767",6469,"53:22","FR_FTHB_31000",27,26,-1,1,1,1,0,0,30,30,"Egalité"
"FR-1-H_32_38_5767",6470,"58:52","FR_CRMHB_35510",29,30,1,-1,-1,-1,0,0,30,30,"Egalité"
"FR-1-H_32_38_5767",6471,"59:13","FR_FTHB_31000",30,30,0,0,0,0,0,0,30,30,"Egalité"
"FR-1-H_32_39_5768",6472,"13:07","FR_CRMHB_35510",6,9,-3,-3,-3,-3,0,0,28,32,"FR_USIHB_94200"
"FR-1-H_32_39_5768",6473,"24:49","FR_USIHB_94200",14,14,-3,0,0,2,0,2,32,28,"FR_USIHB_94200"
"FR-1-H_32_39_5768",6474,"45:47","FR_CRMHB_35510",20,27,-2,-7,-7,-5,0,2,28,32,"FR_USIHB_94200"
"FR-1-H_32_39_5768",6475,"48:01","FR_USIHB_94200",27,23,-2,4,4,5,0,1,32,28,"FR_USIHB_94200"
"FR-1-H_32_39_5769",6476,"15:28","FR_CSMBHB_73000",8,9,-2,-1,-1,0,0,1,32,32,"Egalité"
"FR-1-H_32_39_5769",6477,"29:27","FR_PSGHB_75016",18,14,3,4,4,3,0,-1,32,32,"Egalité"
"FR-1-H_32_39_5769",6478,"38:32","FR_PSGHB_75016",21,21,-4,0,0,0,0,0,32,32,"Egalité"
"FR-1-H_32_39_5769",6479,"53:16","FR_CSMBHB_73000",29,30,-2,-1,-1,0,0,1,32,32,"Egalité"
"FR-1-H_32_39_5769",6480,"59:14","FR_CSMBHB_73000",32,32,1,0,0,0,0,0,32,32,"Egalité"
"FR-1-H_32_39_5770",6481,"24:53","FR_CCMHB_28000",11,15,-2,-4,-4,-5,0,-1,28,35,"FR_USAMNG_30918"
"FR-1-H_32_39_5770",6482,"38:32","FR_USAMNG_30918",20,17,-3,3,3,5,0,2,35,28,"FR_USAMNG_30918"
"FR-1-H_32_39_5770",6483,"46:45","FR_CCMHB_28000",20,27,-3,-7,-7,-5,0,2,28,35,"FR_USAMNG_30918"
"FR-1-H_32_39_5771",6484,"21:30","FR_TFHB_93290",9,9,-1,0,0,1,0,1,24,25,"FR_DHBGL_59140"
"FR-1-H_32_39_5771",6485,"29:35","FR_DHBGL_59140",12,12,-1,0,0,-1,0,-1,25,24,"FR_DHBGL_59140"
"FR-1-H_32_39_5771",6486,"36:20","FR_DHBGL_59140",14,16,-2,-2,-2,-3,0,-1,25,24,"FR_DHBGL_59140"
"FR-1-H_32_39_5771",6487,"44:35","FR_TFHB_93290",19,18,-2,1,1,2,0,1,24,25,"FR_DHBGL_59140"
"FR-1-H_32_39_5771",6488,"51:02","FR_DHBGL_59140",19,21,-2,-2,-2,-1,0,1,25,24,"FR_DHBGL_59140"
"FR-1-H_32_39_5771",6489,"59:19","FR_TFHB_93290",24,25,-2,-1,-1,-1,0,0,24,25,"FR_DHBGL_59140"
"FR-1-H_32_39_5772",6490,"17:32","FR_LHB_87000",11,11,-1,0,0,1,0,1,31,31,"Egalité"
"FR-1-H_32_39_5772",6491,"23:35","FR_PAUC_13100",13,15,-1,-2,-2,-2,0,0,31,31,"Egalité"
"FR-1-H_32_39_5772",6492,"45:32","FR_LHB_87000",25,24,-2,1,1,-1,0,-2,31,31,"Egalité"
"FR-1-H_32_39_5772",6493,"52:03","FR_PAUC_13100",28,27,2,1,1,2,0,1,31,31,"Egalité"
"FR-1-H_32_39_5772",6494,"55:02","FR_LHB_87000",28,30,-1,-2,-2,-2,0,0,31,31,"Egalité"
"FR-1-H_32_39_5772",6495,"58:04","FR_PAUC_13100",31,29,-1,2,2,0,0,-2,31,31,"Egalité"
"FR-1-H_32_39_5773",6496,"19:51","FR_MHB_34000",10,11,-1,-1,-1,-1,0,0,34,31,"FR_MHB_34000"
"FR-1-H_32_39_5773",6497,"25:39","FR_FTHB_31000",14,14,-2,0,0,-2,0,-2,31,34,"FR_MHB_34000"
"FR-1-H_32_39_5773",6498,"35:18","FR_FTHB_31000",18,22,-2,-4,-4,-2,0,2,31,34,"FR_MHB_34000"
"FR-1-H_32_39_5773",6499,"52:49","FR_MHB_34000",32,26,3,6,6,5,0,-1,34,31,"FR_MHB_34000"
"FR-1-H_32_39_5773",6500,"57:30","FR_MHB_34000",34,29,-1,5,5,3,0,-2,34,31,"FR_MHB_34000"
"FR-1-H_32_39_5774",6501,"19:52","FR_HBCN_44200",11,10,-1,1,1,4,0,3,38,27,"FR_HBCN_44200"
"FR-1-H_32_39_5774",6502,"25:50","FR_IPHB_13806",11,16,-3,-5,-5,-6,0,-1,27,38,"FR_HBCN_44200"
"FR-1-H_32_39_5774",6503,"39:16","FR_HBCN_44200",23,18,-2,5,5,8,0,3,38,27,"FR_HBCN_44200"
"FR-1-H_32_39_5774",6504,"44:43","FR_IPHB_13806",19,28,-4,-9,-9,-10,0,-1,27,38,"FR_HBCN_44200"
"FR-1-H_32_39_5774",6505,"49:36","FR_IPHB_13806",22,32,-2,-10,-10,-9,0,1,27,38,"FR_HBCN_44200"
"FR-1-H_32_39_5775",6506,"08:41","FR_USCHB_94000",2,6,-4,-4,-4,-5,0,-1,25,29,"FR_SRVHB_83700"
"FR-1-H_32_39_5775",6507,"26:04","FR_SRVHB_83700",14,10,-1,4,4,7,0,3,29,25,"FR_SRVHB_83700"
"FR-1-H_32_39_5775",6508,"45:06","FR_SRVHB_83700",24,20,-2,4,4,6,0,2,29,25,"FR_SRVHB_83700"
"FR-1-H_32_40_5776",6509,"21:54","FR_CRMHB_35510",10,11,-1,-1,-1,-1,0,0,28,33,"FR_PAUC_13100"
"FR-1-H_32_40_5776",6510,"23:04","FR_PAUC_13100",11,10,0,1,1,3,0,2,33,28,"FR_PAUC_13100"
"FR-1-H_32_40_5776",6511,"44:16","FR_CRMHB_35510",22,26,-3,-4,-4,-4,0,0,28,33,"FR_PAUC_13100"
"FR-1-H_32_40_5776",6512,"50:57","FR_PAUC_13100",29,26,-1,3,3,4,0,1,33,28,"FR_PAUC_13100"
"FR-1-H_32_40_5776",6513,"55:15","FR_PAUC_13100",31,27,-1,4,4,5,0,1,33,28,"FR_PAUC_13100"
"FR-1-H_32_40_5776",6514,"56:57","FR_CRMHB_35510",27,32,-1,-5,-5,-5,0,0,28,33,"FR_PAUC_13100"
"FR-1-H_32_40_5777",6515,"22:45","FR_IPHB_13806",14,15,-1,-1,-1,0,0,1,29,28,"FR_IPHB_13806"
"FR-1-H_32_40_5777",6516,"27:59","FR_DHBGL_59140",17,17,-1,0,0,-1,0,-1,28,29,"FR_IPHB_13806"
"FR-1-H_32_40_5777",6517,"41:40","FR_DHBGL_59140",20,23,-3,-3,-3,-2,0,1,28,29,"FR_IPHB_13806"
"FR-1-H_32_40_5777",6518,"46:33","FR_IPHB_13806",24,22,-1,2,2,2,0,0,29,28,"FR_IPHB_13806"
"FR-1-H_32_40_5777",6519,"52:49","FR_DHBGL_59140",25,28,-1,-3,-3,-2,0,1,28,29,"FR_IPHB_13806"
"FR-1-H_32_40_5777",6520,"57:50","FR_IPHB_13806",29,27,1,2,2,1,0,-1,29,28,"FR_IPHB_13806"
"FR-1-H_32_40_5778",6521,"19:04","FR_CCMHB_28000",7,10,-2,-3,-3,-2,0,1,23,31,"FR_USIHB_94200"
"FR-1-H_32_40_5778",6522,"29:30","FR_USIHB_94200",16,13,1,3,3,4,0,1,31,23,"FR_USIHB_94200"
"FR-1-H_32_40_5778",6523,"40:14","FR_CCMHB_28000",15,20,-1,-5,-5,-5,0,0,23,31,"FR_USIHB_94200"
"FR-1-H_32_40_5778",6524,"53:45","FR_CCMHB_28000",20,29,-3,-9,-9,-8,0,1,23,31,"FR_USIHB_94200"
"FR-1-H_32_40_5778",6525,"54:30","FR_USIHB_94200",29,21,-1,8,8,8,0,0,31,23,"FR_USIHB_94200"
"FR-1-H_32_40_5779",6526,"14:05","FR_USAMNG_30918",4,8,-3,-4,-4,-2,0,2,28,32,"FR_CSMBHB_73000"
"FR-1-H_32_40_5779",6527,"28:13","FR_CSMBHB_73000",13,12,-1,1,1,0,0,-1,32,28,"FR_CSMBHB_73000"
"FR-1-H_32_40_5779",6528,"48:32","FR_USAMNG_30918",22,23,-1,-1,-1,-4,0,-3,28,32,"FR_CSMBHB_73000"
"FR-1-H_32_40_5780",6529,"48:17","FR_USCHB_94000",20,24,1,-4,-4,-7,0,-3,24,28,"FR_PSGHB_75016"
"FR-1-H_32_40_5781",6530,"25:52","FR_SRVHB_83700",16,16,-2,0,0,2,0,2,29,30,"FR_MHB_34000"
"FR-1-H_32_40_5781",6531,"28:13","FR_MHB_34000",16,18,-2,-2,-2,-3,0,-1,30,29,"FR_MHB_34000"
"FR-1-H_32_40_5781",6532,"40:46","FR_SRVHB_83700",23,22,-2,1,1,-2,0,-3,29,30,"FR_MHB_34000"
"FR-1-H_32_40_5781",6533,"46:20","FR_SRVHB_83700",23,25,-3,-2,-2,-1,0,1,29,30,"FR_MHB_34000"
"FR-1-H_32_40_5781",6534,"59:18","FR_MHB_34000",29,29,-1,0,0,1,0,1,30,29,"FR_MHB_34000"
"FR-1-H_32_40_5782",6535,"12:17","FR_FTHB_31000",5,9,-3,-4,-4,-1,0,3,31,33,"FR_LHB_87000"
"FR-1-H_32_40_5782",6536,"20:54","FR_LHB_87000",11,11,-1,0,0,1,0,1,33,31,"FR_LHB_87000"
"FR-1-H_32_40_5782",6537,"39:54","FR_LHB_87000",20,23,-3,-3,-3,-1,0,2,33,31,"FR_LHB_87000"
"FR-1-H_32_40_5782",6538,"53:43","FR_FTHB_31000",29,30,-2,-1,-1,-2,0,-1,31,33,"FR_LHB_87000"
"FR-1-H_32_40_5783",6539,"15:50","FR_TFHB_93290",7,10,-2,-3,-3,-4,0,-1,22,35,"FR_HBCN_44200"
"FR-1-H_32_40_5783",6540,"26:50","FR_HBCN_44200",15,12,-1,3,3,7,0,4,35,22,"FR_HBCN_44200"
"FR-1-H_32_40_5783",6541,"37:33","FR_TFHB_93290",14,22,-2,-8,-8,-7,0,1,22,35,"FR_HBCN_44200"
"FR-1-H_32_41_5784",6542,"20:16","FR_CRMHB_35510",9,11,-2,-2,-2,-2,0,0,26,27,"FR_IPHB_13806"
"FR-1-H_32_41_5784",6543,"24:54","FR_IPHB_13806",12,10,1,2,2,1,0,-1,27,26,"FR_IPHB_13806"
"FR-1-H_32_41_5784",6544,"46:35","FR_CRMHB_35510",18,20,-4,-2,-2,1,0,3,26,27,"FR_IPHB_13806"
"FR-1-H_32_41_5784",6545,"50:00","FR_IPHB_13806",20,21,-3,-1,-1,0,0,1,27,26,"FR_IPHB_13806"
"FR-1-H_32_41_5784",6546,"57:48","FR_CRMHB_35510",25,26,-1,-1,-1,-1,0,0,26,27,"FR_IPHB_13806"
"FR-1-H_32_41_5784",6547,"58:51","FR_IPHB_13806",26,25,0,1,1,1,0,0,27,26,"FR_IPHB_13806"
"FR-1-H_32_41_5785",6548,"14:34","FR_TFHB_93290",6,7,-1,-1,-1,2,0,3,27,25,"FR_TFHB_93290"
"FR-1-H_32_41_5785",6549,"19:50","FR_CSMBHB_73000",7,9,-3,-2,-2,-2,0,0,25,27,"FR_TFHB_93290"
"FR-1-H_32_41_5785",6550,"44:32","FR_TFHB_93290",20,17,-2,3,3,4,0,1,27,25,"FR_TFHB_93290"
"FR-1-H_32_41_5785",6551,"45:10","FR_CSMBHB_73000",17,21,-1,-4,-4,-4,0,0,25,27,"FR_TFHB_93290"
"FR-1-H_32_41_5785",6552,"55:16","FR_TFHB_93290",24,22,-2,2,2,2,0,0,27,25,"FR_TFHB_93290"
"FR-1-H_32_41_5786",6553,"08:06","FR_CCMHB_28000",3,7,-6,-4,-4,-4,0,0,29,39,"FR_PSGHB_75016"
"FR-1-H_32_41_5786",6554,"25:16","FR_PSGHB_75016",18,14,1,4,4,5,0,1,39,29,"FR_PSGHB_75016"
"FR-1-H_32_41_5787",6555,"13:54","FR_USCHB_94000",5,8,-3,-3,-3,-5,0,-2,26,29,"FR_USAMNG_30918"
"FR-1-H_32_41_5787",6556,"25:37","FR_USAMNG_30918",12,11,-3,1,1,2,0,1,29,26,"FR_USAMNG_30918"
"FR-1-H_32_41_5787",6557,"39:08","FR_USAMNG_30918",20,19,-2,1,1,3,0,2,29,26,"FR_USAMNG_30918"
"FR-1-H_32_41_5788",6558,"15:35","FR_DHBGL_59140",6,9,-1,-3,-3,-2,0,1,26,27,"FR_FTHB_31000"
"FR-1-H_32_41_5788",6559,"28:22","FR_FTHB_31000",13,10,-2,3,3,1,0,-2,27,26,"FR_FTHB_31000"
"FR-1-H_32_41_5788",6560,"44:52","FR_DHBGL_59140",20,21,-3,-1,-1,0,0,1,26,27,"FR_FTHB_31000"
"FR-1-H_32_41_5788",6561,"55:57","FR_FTHB_31000",25,24,-1,1,1,2,0,1,27,26,"FR_FTHB_31000"
"FR-1-H_32_41_5788",6562,"56:21","FR_DHBGL_59140",24,26,-1,-2,-2,-1,0,1,26,27,"FR_FTHB_31000"
"FR-1-H_32_41_5789",6563,"24:08","FR_LHB_87000",13,15,-1,-2,-2,-1,0,1,31,29,"FR_LHB_87000"
"FR-1-H_32_41_5789",6564,"28:07","FR_SRVHB_83700",16,15,-1,1,1,0,0,-1,29,31,"FR_LHB_87000"
"FR-1-H_32_41_5789",6565,"36:57","FR_SRVHB_83700",18,20,-2,-2,-2,-3,0,-1,29,31,"FR_LHB_87000"
"FR-1-H_32_41_5789",6566,"45:36","FR_LHB_87000",24,23,-3,1,1,1,0,0,31,29,"FR_LHB_87000"
"FR-1-H_32_41_5789",6567,"58:51","FR_LHB_87000",30,28,-1,2,2,2,0,0,31,29,"FR_LHB_87000"
"FR-1-H_32_41_5790",6568,"26:16","FR_USIHB_94200",13,14,-1,-1,-1,0,0,1,26,34,"FR_MHB_34000"
"FR-1-H_32_41_5790",6569,"43:29","FR_USIHB_94200",18,22,-2,-4,-4,-3,0,1,26,34,"FR_MHB_34000"
"FR-1-H_32_41_5790",6570,"52:38","FR_USIHB_94200",22,28,-3,-6,-6,-7,0,-1,26,34,"FR_MHB_34000"
"FR-1-H_32_41_5790",6571,"54:28","FR_MHB_34000",30,23,1,7,7,8,0,1,34,26,"FR_MHB_34000"
"FR-1-H_32_41_5791",6572,"10:54","FR_PAUC_13100",2,6,-3,-4,-4,-4,0,0,23,23,"Egalité"
"FR-1-H_32_41_5791",6573,"20:01","FR_PAUC_13100",4,9,-2,-5,-5,-4,0,1,23,23,"Egalité"
"FR-1-H_32_41_5791",6574,"25:36","FR_HBCN_44200",11,7,1,4,4,4,0,0,23,23,"Egalité"
"FR-1-H_32_41_5791",6575,"35:45","FR_HBCN_44200",16,14,-3,2,2,0,0,-2,23,23,"Egalité"
"FR-1-H_32_41_5791",6576,"51:32","FR_HBCN_44200",18,20,-2,-2,-2,-1,0,1,23,23,"Egalité"
"FR-1-H_32_41_5791",6577,"58:40","FR_PAUC_13100",23,23,-2,0,0,0,0,0,23,23,"Egalité"
"FR-1-H_32_42_5792",6578,"03:09","FR_CCMHB_28000",0,4,-4,-4,-4,-4,0,0,25,24,"FR_CCMHB_28000"
"FR-1-H_32_42_5792",6579,"15:51","FR_PAUC_13100",6,5,-3,1,1,1,0,0,24,25,"FR_CCMHB_28000"
"FR-1-H_32_42_5792",6580,"43:08","FR_PAUC_13100",15,18,-2,-3,-3,-2,0,1,24,25,"FR_CCMHB_28000"
"FR-1-H_32_42_5792",6581,"47:20","FR_CCMHB_28000",19,17,1,2,2,2,0,0,25,24,"FR_CCMHB_28000"
"FR-1-H_32_42_5792",6582,"56:54","FR_PAUC_13100",21,24,-3,-3,-3,-1,0,2,24,25,"FR_CCMHB_28000"
"FR-1-H_32_42_5792",6583,"58:36","FR_CCMHB_28000",24,23,-2,1,1,1,0,0,25,24,"FR_CCMHB_28000"
"FR-1-H_32_42_5793",6584,"14:12","FR_IPHB_13806",2,4,0,-2,-2,-1,0,1,22,32,"FR_PSGHB_75016"
"FR-1-H_32_42_5793",6585,"21:16","FR_PSGHB_75016",7,8,-4,-1,-1,-1,0,0,32,22,"FR_PSGHB_75016"
"FR-1-H_32_42_5793",6586,"29:54","FR_PSGHB_75016",14,13,1,1,1,4,0,3,32,22,"FR_PSGHB_75016"
"FR-1-H_32_42_5793",6587,"32:31","FR_IPHB_13806",13,17,-3,-4,-4,-5,0,-1,22,32,"FR_PSGHB_75016"
"FR-1-H_32_42_5793",6588,"53:21","FR_IPHB_13806",20,29,-2,-9,-9,-10,0,-1,22,32,"FR_PSGHB_75016"
"FR-1-H_32_42_5794",6589,"20:16","FR_HBCN_44200",7,9,-2,-2,-2,0,0,2,25,24,"FR_HBCN_44200"
"FR-1-H_32_42_5794",6590,"27:22","FR_USIHB_94200",12,10,2,2,2,3,0,1,24,25,"FR_HBCN_44200"
"FR-1-H_32_42_5794",6591,"33:37","FR_HBCN_44200",12,16,-3,-4,-4,-5,0,-1,25,24,"FR_HBCN_44200"
"FR-1-H_32_42_5794",6592,"39:54","FR_HBCN_44200",13,18,-1,-5,-5,-3,0,2,25,24,"FR_HBCN_44200"
"FR-1-H_32_42_5794",6593,"42:47","FR_USIHB_94200",18,15,-2,3,3,1,0,-2,24,25,"FR_HBCN_44200"
"FR-1-H_32_42_5794",6594,"54:20","FR_USIHB_94200",21,23,-3,-2,-2,-2,0,0,24,25,"FR_HBCN_44200"
"FR-1-H_32_42_5794",6595,"57:58","FR_HBCN_44200",25,23,-1,2,2,1,0,-1,25,24,"FR_HBCN_44200"
"FR-1-H_32_42_5795",6596,"21:28","FR_MHB_34000",11,15,-1,-4,-4,-3,0,1,29,28,"FR_MHB_34000"
"FR-1-H_32_42_5795",6597,"27:45","FR_USCHB_94000",16,13,-1,3,3,1,0,-2,28,29,"FR_MHB_34000"
"FR-1-H_32_42_5795",6598,"50:24","FR_MHB_34000",25,26,-1,-1,-1,0,0,1,29,28,"FR_MHB_34000"
"FR-1-H_32_42_5795",6599,"57:32","FR_USCHB_94000",28,29,-1,-1,-1,-1,0,0,28,29,"FR_MHB_34000"
"FR-1-H_32_42_5796",6600,"15:02","FR_DHBGL_59140",10,10,-1,0,0,-1,0,-1,29,29,"Egalité"
"FR-1-H_32_42_5796",6601,"27:50","FR_USAMNG_30918",16,15,1,1,1,1,0,0,29,29,"Egalité"
"FR-1-H_32_42_5796",6602,"39:46","FR_USAMNG_30918",20,21,-2,-1,-1,-2,0,-1,29,29,"Egalité"
"FR-1-H_32_42_5796",6603,"48:37","FR_DHBGL_59140",24,25,-3,-1,-1,-3,0,-2,29,29,"Egalité"
"FR-1-H_32_42_5796",6604,"53:15","FR_DHBGL_59140",24,27,-2,-3,-3,-1,0,2,29,29,"Egalité"
"FR-1-H_32_42_5796",6605,"58:54","FR_USAMNG_30918",29,28,-1,1,1,0,0,-1,29,29,"Egalité"
"FR-1-H_32_42_5797",6606,"22:33","FR_SRVHB_83700",7,7,-2,0,0,-2,0,-2,27,25,"FR_SRVHB_83700"
"FR-1-H_32_42_5797",6607,"28:20","FR_CRMHB_35510",10,8,3,2,2,0,0,-2,25,27,"FR_SRVHB_83700"
"FR-1-H_32_42_5797",6608,"43:40","FR_CRMHB_35510",16,16,-2,0,0,0,0,0,25,27,"FR_SRVHB_83700"
"FR-1-H_32_42_5797",6609,"48:40","FR_SRVHB_83700",20,20,-2,0,0,2,0,2,27,25,"FR_SRVHB_83700"
"FR-1-H_32_42_5797",6610,"55:41","FR_CRMHB_35510",23,26,-2,-3,-3,-2,0,1,25,27,"FR_SRVHB_83700"
"FR-1-H_32_42_5798",6611,"05:20","FR_FTHB_31000",0,4,-4,-4,-4,-5,0,-1,25,26,"FR_CSMBHB_73000"
"FR-1-H_32_42_5798",6612,"22:24","FR_CSMBHB_73000",11,10,-4,1,1,2,0,1,26,25,"FR_CSMBHB_73000"
"FR-1-H_32_42_5798",6613,"47:39","FR_FTHB_31000",17,21,-2,-4,-4,-5,0,-1,25,26,"FR_CSMBHB_73000"
"FR-1-H_32_42_5798",6614,"54:39","FR_CSMBHB_73000",24,21,-3,3,3,1,0,-2,26,25,"FR_CSMBHB_73000"
"FR-1-H_32_42_5798",6615,"59:19","FR_CSMBHB_73000",26,25,-3,1,1,1,0,0,26,25,"FR_CSMBHB_73000"
"FR-1-H_32_42_5799",6616,"21:31","FR_TFHB_93290",14,12,0,2,2,2,0,0,30,29,"FR_TFHB_93290"
"FR-1-H_32_42_5799",6617,"24:37","FR_LHB_87000",13,15,0,-2,-2,-3,0,-1,29,30,"FR_TFHB_93290"
"FR-1-H_32_42_5799",6618,"42:04","FR_TFHB_93290",24,22,0,2,2,1,0,-1,30,29,"FR_TFHB_93290"
"FR-1-H_32_42_5799",6619,"49:50","FR_LHB_87000",25,26,0,-1,-1,-1,0,0,29,30,"FR_TFHB_93290"
"FR-1-H_32_42_5799",6620,"57:15","FR_LHB_87000",29,30,0,-1,-1,-1,0,0,29,30,"FR_TFHB_93290"
"FR-1-H_32_43_5800",6621,"12:08","FR_PAUC_13100",4,7,-1,-3,-3,-4,0,-1,26,28,"FR_SRVHB_83700"
"FR-1-H_32_43_5800",6622,"25:29","FR_SRVHB_83700",13,9,1,4,4,1,0,-3,28,26,"FR_SRVHB_83700"
"FR-1-H_32_43_5800",6623,"39:18","FR_PAUC_13100",16,20,-1,-4,-4,-5,0,-1,26,28,"FR_SRVHB_83700"
"FR-1-H_32_43_5800",6624,"43:53","FR_PAUC_13100",18,23,-3,-5,-5,-5,0,0,26,28,"FR_SRVHB_83700"
"FR-1-H_32_43_5800",6625,"50:24","FR_SRVHB_83700",26,22,-1,4,4,2,0,-2,28,26,"FR_SRVHB_83700"
"FR-1-H_32_43_5800",6626,"53:44","FR_SRVHB_83700",26,24,-2,2,2,2,0,0,28,26,"FR_SRVHB_83700"
"FR-1-H_32_43_5801",6627,"20:41","FR_CRMHB_35510",9,7,-1,2,2,4,0,2,23,31,"FR_FTHB_31000"
"FR-1-H_32_43_5801",6628,"22:22","FR_FTHB_31000",7,11,-2,-4,-4,-2,0,2,31,23,"FR_FTHB_31000"
"FR-1-H_32_43_5801",6629,"40:51","FR_CRMHB_35510",16,17,-2,-1,-1,-2,0,-1,23,31,"FR_FTHB_31000"
"FR-1-H_32_43_5801",6630,"47:52","FR_CRMHB_35510",19,23,-2,-4,-4,-7,0,-3,23,31,"FR_FTHB_31000"
"FR-1-H_32_43_5802",6631,"17:32","FR_IPHB_13806",8,9,-4,-1,-1,0,0,1,28,29,"FR_CCMHB_28000"
"FR-1-H_32_43_5802",6632,"29:13","FR_CCMHB_28000",14,15,-2,-1,-1,0,0,1,29,28,"FR_CCMHB_28000"
"FR-1-H_32_43_5802",6633,"50:45","FR_CCMHB_28000",24,26,-2,-2,-2,-1,0,1,29,28,"FR_CCMHB_28000"
"FR-1-H_32_43_5802",6634,"52:49","FR_IPHB_13806",26,25,-1,1,1,1,0,0,28,29,"FR_CCMHB_28000"
"FR-1-H_32_43_5802",6635,"56:29","FR_IPHB_13806",28,27,-2,1,1,-1,0,-2,28,29,"FR_CCMHB_28000"
"FR-1-H_32_43_5802",6636,"59:42","FR_CCMHB_28000",29,28,2,1,1,1,0,0,29,28,"FR_CCMHB_28000"
"FR-1-H_32_43_5803",6637,"06:59","FR_TFHB_93290",2,6,-2,-4,-4,-2,0,2,20,24,"FR_USCHB_94000"
"FR-1-H_32_43_5803",6638,"24:55","FR_USCHB_94000",12,9,-1,3,3,5,0,2,24,20,"FR_USCHB_94000"
"FR-1-H_32_43_5803",6639,"39:54","FR_USCHB_94000",17,15,-3,2,2,4,0,2,24,20,"FR_USCHB_94000"
"FR-1-H_32_43_5803",6640,"43:01","FR_TFHB_93290",15,19,-2,-4,-4,-3,0,1,20,24,"FR_USCHB_94000"
"FR-1-H_32_43_5803",6641,"59:12","FR_USCHB_94000",23,20,1,3,3,4,0,1,24,20,"FR_USCHB_94000"
"FR-1-H_32_43_5804",6642,"24:56","FR_DHBGL_59140",13,12,-2,1,1,-1,0,-2,28,34,"FR_MHB_34000"
"FR-1-H_32_43_5804",6643,"29:54","FR_MHB_34000",15,14,-1,1,1,3,0,2,34,28,"FR_MHB_34000"
"FR-1-H_32_43_5804",6644,"34:11","FR_DHBGL_59140",16,19,-2,-3,-3,-4,0,-1,28,34,"FR_MHB_34000"
"FR-1-H_32_43_5804",6645,"45:24","FR_DHBGL_59140",19,25,-2,-6,-6,-5,0,1,28,34,"FR_MHB_34000"
"FR-1-H_32_43_5804",6646,"52:20","FR_MHB_34000",30,25,-1,5,5,6,0,1,34,28,"FR_MHB_34000"
"FR-1-H_32_43_5805",6647,"14:14","FR_LHB_87000",5,9,-2,-4,-4,-4,0,0,33,34,"FR_CSMBHB_73000"
"FR-1-H_32_43_5805",6648,"20:37","FR_CSMBHB_73000",12,8,-1,4,4,5,0,1,34,33,"FR_CSMBHB_73000"
"FR-1-H_32_43_5805",6649,"40:39","FR_LHB_87000",21,24,-3,-3,-3,-2,0,1,33,34,"FR_CSMBHB_73000"
"FR-1-H_32_43_5805",6650,"54:03","FR_CSMBHB_73000",30,30,-1,0,0,1,0,1,34,33,"FR_CSMBHB_73000"
"FR-1-H_32_43_5805",6651,"57:09","FR_LHB_87000",31,32,-1,-1,-1,-1,0,0,33,34,"FR_CSMBHB_73000"
"FR-1-H_32_43_5805",6652,"59:27","FR_CSMBHB_73000",34,33,-1,1,1,1,0,0,34,33,"FR_CSMBHB_73000"
"FR-1-H_32_43_5806",6653,"23:18","FR_HBCN_44200",13,12,1,1,1,2,0,1,31,27,"FR_HBCN_44200"
"FR-1-H_32_43_5806",6654,"34:45","FR_USAMNG_30918",15,19,-3,-4,-4,-4,0,0,27,31,"FR_HBCN_44200"
"FR-1-H_32_43_5806",6655,"43:37","FR_HBCN_44200",21,20,-3,1,1,4,0,3,31,27,"FR_HBCN_44200"
"FR-1-H_32_43_5806",6656,"55:00","FR_HBCN_44200",26,24,-3,2,2,4,0,2,31,27,"FR_HBCN_44200"
"FR-1-H_32_43_5807",6657,"17:44","FR_PSGHB_75016",7,8,-2,-1,-1,-1,0,0,34,25,"FR_PSGHB_75016"
"FR-1-H_32_43_5807",6658,"28:03","FR_USIHB_94200",15,13,-1,2,2,1,0,-1,25,34,"FR_PSGHB_75016"
"FR-1-H_32_43_5807",6659,"46:38","FR_USIHB_94200",22,24,-1,-2,-2,-4,0,-2,25,34,"FR_PSGHB_75016"
"FR-1-H_32_43_5807",6660,"49:25","FR_PSGHB_75016",26,22,2,4,4,5,0,1,34,25,"FR_PSGHB_75016"
"FR-1-H_32_43_5807",6661,"55:03","FR_USIHB_94200",24,29,-1,-5,-5,-9,0,-4,25,34,"FR_PSGHB_75016"
"FR-1-H_32_44_5808",6662,"10:13","FR_CRMHB_35510",2,7,-4,-5,-5,-6,0,-1,21,25,"FR_HBCN_44200"
"FR-1-H_32_44_5808",6663,"28:27","FR_HBCN_44200",14,8,-1,6,6,7,0,1,25,21,"FR_HBCN_44200"
"FR-1-H_32_44_5808",6664,"41:44","FR_HBCN_44200",19,10,-1,9,9,6,0,-3,25,21,"FR_HBCN_44200"
"FR-1-H_32_44_5808",6665,"51:38","FR_CRMHB_35510",14,22,-1,-8,-8,-6,0,2,21,25,"FR_HBCN_44200"
"FR-1-H_32_44_5809",6666,"19:08","FR_PAUC_13100",8,10,-1,-2,-2,-3,0,-1,23,27,"FR_CSMBHB_73000"
"FR-1-H_32_44_5809",6667,"28:12","FR_CSMBHB_73000",14,11,-1,3,3,3,0,0,27,23,"FR_CSMBHB_73000"
"FR-1-H_32_44_5809",6668,"36:33","FR_PAUC_13100",14,20,-3,-6,-6,-5,0,1,23,27,"FR_CSMBHB_73000"
"FR-1-H_32_44_5809",6669,"56:26","FR_PAUC_13100",22,26,-1,-4,-4,-4,0,0,23,27,"FR_CSMBHB_73000"
"FR-1-H_32_44_5809",6670,"58:00","FR_CSMBHB_73000",26,22,0,4,4,4,0,0,27,23,"FR_CSMBHB_73000"
"FR-1-H_32_44_5810",6671,"20:24","FR_USCHB_94000",6,12,-2,-6,-6,-7,0,-1,21,25,"FR_IPHB_13806"
"FR-1-H_32_44_5810",6672,"25:11","FR_IPHB_13806",16,9,-1,7,7,6,0,-1,25,21,"FR_IPHB_13806"
"FR-1-H_32_44_5810",6673,"50:34","FR_IPHB_13806",22,19,-3,3,3,3,0,0,25,21,"FR_IPHB_13806"
"FR-1-H_32_44_5811",6674,"16:52","FR_TFHB_93290",6,8,-1,-2,-2,0,0,2,29,32,"FR_USIHB_94200"
"FR-1-H_32_44_5811",6675,"23:09","FR_USIHB_94200",9,9,-2,0,0,-1,0,-1,32,29,"FR_USIHB_94200"
"FR-1-H_32_44_5811",6676,"37:52","FR_TFHB_93290",18,20,-2,-2,-2,-2,0,0,29,32,"FR_USIHB_94200"
"FR-1-H_32_44_5811",6677,"46:37","FR_USIHB_94200",25,25,-2,0,0,1,0,1,32,29,"FR_USIHB_94200"
"FR-1-H_32_44_5811",6678,"53:06","FR_TFHB_93290",26,29,-3,-3,-3,-5,0,-2,29,32,"FR_USIHB_94200"
"FR-1-H_32_44_5811",6679,"58:25","FR_USIHB_94200",32,28,-1,4,4,3,0,-1,32,29,"FR_USIHB_94200"
"FR-1-H_32_44_5812",6680,"27:48","FR_LHB_87000",16,19,-2,-3,-3,-3,0,0,29,37,"FR_MHB_34000"
"FR-1-H_32_44_5812",6681,"28:46","FR_MHB_34000",19,16,0,3,3,6,0,3,37,29,"FR_MHB_34000"
"FR-1-H_32_44_5812",6682,"34:06","FR_LHB_87000",17,23,-3,-6,-6,-4,0,2,29,37,"FR_MHB_34000"
"FR-1-H_32_44_5812",6683,"49:19","FR_LHB_87000",24,32,-2,-8,-8,-8,0,0,29,37,"FR_MHB_34000"
"FR-1-H_32_44_5812",6684,"54:01","FR_MHB_34000",35,27,-1,8,8,8,0,0,37,29,"FR_MHB_34000"
"FR-1-H_32_44_5813",6685,"10:15","FR_CCMHB_28000",4,8,-2,-4,-4,-3,0,1,20,34,"FR_USAMNG_30918"
"FR-1-H_32_44_5813",6686,"28:52","FR_USAMNG_30918",17,9,-1,8,8,9,0,1,34,20,"FR_USAMNG_30918"
"FR-1-H_32_44_5814",6687,"21:22","FR_SRVHB_83700",5,7,-2,-2,-2,-1,0,1,23,27,"FR_DHBGL_59140"
"FR-1-H_32_44_5814",6688,"29:19","FR_DHBGL_59140",8,9,-2,-1,-1,3,0,4,27,23,"FR_DHBGL_59140"
"FR-1-H_32_44_5814",6689,"40:13","FR_SRVHB_83700",12,16,-2,-4,-4,-4,0,0,23,27,"FR_DHBGL_59140"
"FR-1-H_32_44_5814",6690,"49:22","FR_DHBGL_59140",19,17,-2,2,2,4,0,2,27,23,"FR_DHBGL_59140"
"FR-1-H_32_44_5814",6691,"54:01","FR_SRVHB_83700",19,23,-2,-4,-4,-3,0,1,23,27,"FR_DHBGL_59140"
"FR-1-H_32_44_5814",6692,"58:19","FR_DHBGL_59140",26,23,-1,3,3,4,0,1,27,23,"FR_DHBGL_59140"
"FR-1-H_32_44_5815",6693,"06:17","FR_FTHB_31000",1,4,-3,-3,-3,-1,0,2,28,40,"FR_PSGHB_75016"
"FR-1-H_32_44_5815",6694,"29:29","FR_PSGHB_75016",19,12,3,7,7,8,0,1,40,28,"FR_PSGHB_75016"
"FR-1-H_32_45_5816",6695,"16:16","FR_PAUC_13100",5,9,-2,-4,-4,-3,0,1,34,30,"FR_PAUC_13100"
"FR-1-H_32_45_5816",6696,"20:41","FR_IPHB_13806",10,7,-2,3,3,2,0,-1,30,34,"FR_PAUC_13100"
"FR-1-H_32_45_5816",6697,"38:44","FR_PAUC_13100",18,22,-2,-4,-4,-2,0,2,34,30,"FR_PAUC_13100"
"FR-1-H_32_45_5816",6698,"48:31","FR_IPHB_13806",26,25,-1,1,1,-1,0,-2,30,34,"FR_PAUC_13100"
"FR-1-H_32_45_5816",6699,"55:23","FR_IPHB_13806",28,31,-3,-3,-3,-3,0,0,30,34,"FR_PAUC_13100"
"FR-1-H_32_45_5816",6700,"57:12","FR_PAUC_13100",32,29,-1,3,3,4,0,1,34,30,"FR_PAUC_13100"
"FR-1-H_32_45_5817",6701,"26:29","FR_MHB_34000",15,10,3,5,5,5,0,0,31,28,"FR_MHB_34000"
"FR-1-H_32_45_5817",6702,"38:53","FR_MHB_34000",21,18,-3,3,3,3,0,0,31,28,"FR_MHB_34000"
"FR-1-H_32_45_5817",6703,"51:38","FR_CCMHB_28000",24,26,2,-2,-2,-3,0,-1,28,31,"FR_MHB_34000"
"FR-1-H_32_45_5817",6704,"59:20","FR_MHB_34000",30,28,-1,2,2,3,0,1,31,28,"FR_MHB_34000"
"FR-1-H_32_45_5818",6705,"19:32","FR_FTHB_31000",7,10,-3,-3,-3,-4,0,-1,24,25,"FR_USCHB_94000"
"FR-1-H_32_45_5818",6706,"46:25","FR_USCHB_94000",18,19,-2,-1,-1,1,0,2,25,24,"FR_USCHB_94000"
"FR-1-H_32_45_5818",6707,"51:21","FR_FTHB_31000",21,22,-3,-1,-1,-1,0,0,24,25,"FR_USCHB_94000"
"FR-1-H_32_45_5818",6708,"59:34","FR_USCHB_94000",25,24,-1,1,1,1,0,0,25,24,"FR_USCHB_94000"
"FR-1-H_32_45_5819",6709,"21:17","FR_USIHB_94200",8,13,-2,-5,-5,-5,0,0,20,33,"FR_DHBGL_59140"
"FR-1-H_32_45_5819",6710,"26:36","FR_DHBGL_59140",15,10,-1,5,5,6,0,1,33,20,"FR_DHBGL_59140"
"FR-1-H_32_45_5819",6711,"38:51","FR_USIHB_94200",12,20,-3,-8,-8,-8,0,0,20,33,"FR_DHBGL_59140"
"FR-1-H_32_45_5819",6712,"46:41","FR_USIHB_94200",17,24,1,-7,-7,-9,0,-2,20,33,"FR_DHBGL_59140"
"FR-1-H_32_45_5819",6713,"54:03","FR_DHBGL_59140",28,18,2,10,10,11,0,1,33,20,"FR_DHBGL_59140"
"FR-1-H_32_45_5820",6714,"10:36","FR_LHB_87000",3,7,-3,-4,-4,-7,0,-3,21,34,"FR_USAMNG_30918"
"FR-1-H_32_45_5820",6715,"22:22","FR_LHB_87000",7,15,-1,-8,-8,-9,0,-1,21,34,"FR_USAMNG_30918"
"FR-1-H_32_45_5820",6716,"27:38","FR_USAMNG_30918",18,9,-1,9,9,9,0,0,34,21,"FR_USAMNG_30918"
"FR-1-H_32_45_5821",6717,"13:16","FR_HBCN_44200",3,7,-2,-4,-4,-2,0,2,27,32,"FR_SRVHB_83700"
"FR-1-H_32_45_5821",6718,"19:41","FR_SRVHB_83700",9,8,-2,1,1,4,0,3,32,27,"FR_SRVHB_83700"
"FR-1-H_32_45_5821",6719,"38:19","FR_HBCN_44200",15,19,-2,-4,-4,-2,0,2,27,32,"FR_SRVHB_83700"
"FR-1-H_32_45_5821",6720,"39:59","FR_SRVHB_83700",19,17,-2,2,2,1,0,-1,32,27,"FR_SRVHB_83700"
"FR-1-H_32_45_5821",6721,"52:20","FR_HBCN_44200",23,28,-1,-5,-5,-3,0,2,27,32,"FR_SRVHB_83700"
"FR-1-H_32_45_5821",6722,"53:42","FR_SRVHB_83700",28,25,-2,3,3,4,0,1,32,27,"FR_SRVHB_83700"
"FR-1-H_32_45_5822",6723,"21:48","FR_CSMBHB_73000",11,14,-2,-3,-3,-5,0,-2,23,34,"FR_PSGHB_75016"
"FR-1-H_32_45_5822",6724,"25:42","FR_PSGHB_75016",17,12,3,5,5,4,0,-1,34,23,"FR_PSGHB_75016"
"FR-1-H_32_45_5822",6725,"29:26","FR_PSGHB_75016",18,14,-1,4,4,8,0,4,34,23,"FR_PSGHB_75016"
"FR-1-H_32_45_5822",6726,"35:11","FR_CSMBHB_73000",14,23,-4,-9,-9,-10,0,-1,23,34,"FR_PSGHB_75016"
"FR-1-H_32_45_5822",6727,"56:28","FR_CSMBHB_73000",21,31,-3,-10,-10,-11,0,-1,23,34,"FR_PSGHB_75016"
"FR-1-H_32_45_5823",6728,"12:15","FR_TFHB_93290",2,5,-2,-3,-3,-4,0,-1,26,27,"FR_CRMHB_35510"
"FR-1-H_32_45_5823",6729,"21:12","FR_CRMHB_35510",9,7,-2,2,2,3,0,1,27,26,"FR_CRMHB_35510"
"FR-1-H_32_45_5823",6730,"41:08","FR_CRMHB_35510",18,20,-2,-2,-2,-1,0,1,27,26,"FR_CRMHB_35510"
"FR-1-H_32_45_5823",6731,"45:35","FR_TFHB_93290",22,21,-1,1,1,2,0,1,26,27,"FR_CRMHB_35510"
"FR-1-H_32_45_5823",6732,"57:04","FR_TFHB_93290",24,26,-3,-2,-2,-1,0,1,26,27,"FR_CRMHB_35510"
"FR-1-H_32_45_5823",6733,"58:36","FR_CRMHB_35510",26,25,-1,1,1,1,0,0,27,26,"FR_CRMHB_35510"
"FR-1-H_32_46_5824",6734,"15:40","FR_CCMHB_28000",6,9,-3,-3,-3,-1,0,2,24,31,"FR_CRMHB_35510"
"FR-1-H_32_46_5824",6735,"19:57","FR_CRMHB_35510",10,9,-2,1,1,2,0,1,31,24,"FR_CRMHB_35510"
"FR-1-H_32_46_5824",6736,"43:54","FR_CCMHB_28000",15,22,-2,-7,-7,-7,0,0,24,31,"FR_CRMHB_35510"
"FR-1-H_32_46_5824",6737,"49:14","FR_CRMHB_35510",26,19,-1,7,7,9,0,2,31,24,"FR_CRMHB_35510"
"FR-1-H_32_46_5825",6738,"12:30","FR_USCHB_94000",6,7,-1,-1,-1,2,0,3,30,28,"FR_USCHB_94000"
"FR-1-H_32_46_5825",6739,"24:48","FR_USCHB_94000",13,12,-1,1,1,1,0,0,30,28,"FR_USCHB_94000"
"FR-1-H_32_46_5825",6740,"29:28","FR_CSMBHB_73000",14,15,1,-1,-1,-2,0,-1,28,30,"FR_USCHB_94000"
"FR-1-H_32_46_5825",6741,"38:07","FR_CSMBHB_73000",17,21,-2,-4,-4,-3,0,1,28,30,"FR_USCHB_94000"
"FR-1-H_32_46_5825",6742,"53:28","FR_CSMBHB_73000",23,26,-1,-3,-3,-2,0,1,28,30,"FR_USCHB_94000"
"FR-1-H_32_46_5826",6743,"05:24","FR_DHBGL_59140",1,3,-3,-2,-2,-2,0,0,22,30,"FR_PSGHB_75016"
"FR-1-H_32_46_5826",6744,"29:04","FR_PSGHB_75016",14,11,-1,3,3,4,0,1,30,22,"FR_PSGHB_75016"
"FR-1-H_32_46_5826",6745,"42:50","FR_DHBGL_59140",14,22,-3,-8,-8,-11,0,-3,22,30,"FR_PSGHB_75016"
"FR-1-H_32_46_5826",6746,"46:06","FR_DHBGL_59140",14,25,-3,-11,-11,-10,0,1,22,30,"FR_PSGHB_75016"
"FR-1-H_32_46_5827",6747,"21:32","FR_LHB_87000",6,14,-1,-8,-8,-5,0,3,28,28,"Egalité"
"FR-1-H_32_46_5827",6748,"24:16","FR_USIHB_94200",14,9,-3,5,5,5,0,0,28,28,"Egalité"
"FR-1-H_32_46_5827",6749,"43:21","FR_USIHB_94200",23,21,-2,2,2,1,0,-1,28,28,"Egalité"
"FR-1-H_32_46_5827",6750,"50:39","FR_LHB_87000",24,26,-2,-2,-2,1,0,3,28,28,"Egalité"
"FR-1-H_32_46_5827",6751,"56:54","FR_USIHB_94200",26,27,-3,-1,-1,0,0,1,28,28,"Egalité"
"FR-1-H_32_46_5828",6752,"14:09","FR_IPHB_13806",3,8,-3,-5,-5,-5,0,0,24,33,"FR_MHB_34000"
"FR-1-H_32_46_5828",6753,"27:50","FR_MHB_34000",16,10,-2,6,6,8,0,2,33,24,"FR_MHB_34000"
"FR-1-H_32_46_5828",6754,"37:54","FR_MHB_34000",20,16,1,4,4,7,0,3,33,24,"FR_MHB_34000"
"FR-1-H_32_46_5828",6755,"43:42","FR_IPHB_13806",18,25,-1,-7,-7,-10,0,-3,24,33,"FR_MHB_34000"
"FR-1-H_32_46_5828",6756,"50:42","FR_IPHB_13806",20,29,1,-9,-9,-10,0,-1,24,33,"FR_MHB_34000"
"FR-1-H_32_46_5828",6757,"56:38","FR_MHB_34000",32,22,2,10,10,9,0,-1,33,24,"FR_MHB_34000"
"FR-1-H_32_46_5829",6758,"21:37","FR_USAMNG_30918",9,7,-2,2,2,3,0,1,25,26,"FR_PAUC_13100"
"FR-1-H_32_46_5829",6759,"29:00","FR_PAUC_13100",11,14,-2,-3,-3,-2,0,1,26,25,"FR_PAUC_13100"
"FR-1-H_32_46_5829",6760,"49:43","FR_USAMNG_30918",21,21,-3,0,0,-2,0,-2,25,26,"FR_PAUC_13100"
"FR-1-H_32_46_5829",6761,"55:22","FR_PAUC_13100",26,23,3,3,3,1,0,-2,26,25,"FR_PAUC_13100"
"FR-1-H_32_46_5830",6762,"16:03","FR_TFHB_93290",5,6,-1,-1,-1,0,0,1,26,27,"FR_SRVHB_83700"
"FR-1-H_32_46_5830",6763,"26:45","FR_SRVHB_83700",11,11,-2,0,0,0,0,0,27,26,"FR_SRVHB_83700"
"FR-1-H_32_46_5830",6764,"43:22","FR_TFHB_93290",20,21,-1,-1,-1,-1,0,0,26,27,"FR_SRVHB_83700"
"FR-1-H_32_46_5830",6765,"46:43","FR_SRVHB_83700",23,22,1,1,1,1,0,0,27,26,"FR_SRVHB_83700"
"FR-1-H_32_46_5830",6766,"58:55","FR_TFHB_93290",26,26,1,0,0,0,0,0,26,27,"FR_SRVHB_83700"
"FR-1-H_32_46_5830",6767,"59:51","FR_SRVHB_83700",26,26,0,0,0,1,0,1,27,26,"FR_SRVHB_83700"
"FR-1-H_32_46_5831",6768,"21:54","FR_HBCN_44200",9,10,-1,-1,-1,0,0,1,29,29,"Egalité"
"FR-1-H_32_46_5831",6769,"26:27","FR_FTHB_31000",12,12,-2,0,0,1,0,1,29,29,"Egalité"
"FR-1-H_32_46_5831",6770,"39:12","FR_HBCN_44200",17,19,-2,-2,-2,-3,0,-1,29,29,"Egalité"
"FR-1-H_32_46_5831",6771,"57:26","FR_HBCN_44200",25,28,1,-3,-3,-2,0,1,29,29,"Egalité"
"FR-1-H_32_46_5831",6772,"57:44","FR_FTHB_31000",28,26,-1,2,2,0,0,-2,29,29,"Egalité"
"FR-1-H_32_47_5832",6773,"24:10","FR_PAUC_13100",12,11,-1,1,1,3,0,2,33,22,"FR_PAUC_13100"
"FR-1-H_32_47_5832",6774,"27:03","FR_USCHB_94000",11,14,-2,-3,-3,-3,0,0,22,33,"FR_PAUC_13100"
"FR-1-H_32_47_5832",6775,"45:45","FR_USCHB_94000",19,24,-1,-5,-5,-9,0,-4,22,33,"FR_PAUC_13100"
"FR-1-H_32_47_5833",6776,"25:23","FR_CSMBHB_73000",9,12,-1,-3,-3,-3,0,0,22,21,"FR_CSMBHB_73000"
"FR-1-H_32_47_5833",6777,"26:03","FR_CCMHB_28000",13,10,1,3,3,0,0,-3,21,22,"FR_CSMBHB_73000"
"FR-1-H_32_47_5833",6778,"47:26","FR_CSMBHB_73000",15,19,-2,-4,-4,-2,0,2,22,21,"FR_CSMBHB_73000"
"FR-1-H_32_47_5833",6779,"49:50","FR_CCMHB_28000",20,18,-2,2,2,1,0,-1,21,22,"FR_CSMBHB_73000"
"FR-1-H_32_47_5833",6780,"59:28","FR_CSMBHB_73000",22,21,2,1,1,1,0,0,22,21,"FR_CSMBHB_73000"
"FR-1-H_32_47_5834",6781,"24:39","FR_IPHB_13806",9,10,1,-1,-1,0,0,1,30,28,"FR_IPHB_13806"
"FR-1-H_32_47_5834",6782,"27:29","FR_USIHB_94200",11,11,-1,0,0,-1,0,-1,28,30,"FR_IPHB_13806"
"FR-1-H_32_47_5834",6783,"42:51","FR_USIHB_94200",18,21,-3,-3,-3,-2,0,1,28,30,"FR_IPHB_13806"
"FR-1-H_32_47_5834",6784,"47:39","FR_IPHB_13806",23,21,-1,2,2,4,0,2,30,28,"FR_IPHB_13806"
"FR-1-H_32_47_5834",6785,"49:50","FR_USIHB_94200",21,25,-2,-4,-4,-2,0,2,28,30,"FR_IPHB_13806"
"FR-1-H_32_47_5834",6786,"59:13","FR_IPHB_13806",30,28,-1,2,2,2,0,0,30,28,"FR_IPHB_13806"
"FR-1-H_32_47_5835",6787,"17:23","FR_CRMHB_35510",7,9,-3,-2,-2,-4,0,-2,27,26,"FR_CRMHB_35510"
"FR-1-H_32_47_5835",6788,"28:47","FR_LHB_87000",16,12,-2,4,4,4,0,0,26,27,"FR_CRMHB_35510"
"FR-1-H_32_47_5835",6789,"49:18","FR_CRMHB_35510",20,24,-1,-4,-4,-3,0,1,27,26,"FR_CRMHB_35510"
"FR-1-H_32_47_5835",6790,"51:22","FR_LHB_87000",25,22,-1,3,3,-1,0,-4,26,27,"FR_CRMHB_35510"
"FR-1-H_32_47_5835",6791,"58:40","FR_CRMHB_35510",27,26,-1,1,1,1,0,0,27,26,"FR_CRMHB_35510"
"FR-1-H_32_47_5836",6792,"10:14","FR_HBCN_44200",9,9,-2,0,0,0,0,0,43,28,"FR_HBCN_44200"
"FR-1-H_32_47_5836",6793,"19:05","FR_DHBGL_59140",14,14,1,0,0,-4,0,-4,28,43,"FR_HBCN_44200"
"FR-1-H_32_47_5836",6794,"25:25","FR_DHBGL_59140",14,19,-5,-5,-5,-6,0,-1,28,43,"FR_HBCN_44200"
"FR-1-H_32_47_5836",6795,"36:45","FR_DHBGL_59140",19,29,-2,-10,-10,-11,0,-1,28,43,"FR_HBCN_44200"
"FR-1-H_32_47_5837",6796,"26:23","FR_MHB_34000",12,18,-3,-6,-6,-3,0,3,28,31,"FR_PSGHB_75016"
"FR-1-H_32_47_5837",6797,"29:34","FR_PSGHB_75016",18,15,-3,3,3,4,0,1,31,28,"FR_PSGHB_75016"
"FR-1-H_32_47_5837",6798,"35:36","FR_PSGHB_75016",21,18,-1,3,3,3,0,0,31,28,"FR_PSGHB_75016"
"FR-1-H_32_47_5837",6799,"43:11","FR_MHB_34000",20,26,-3,-6,-6,-5,0,1,28,31,"FR_PSGHB_75016"
"FR-1-H_32_47_5837",6800,"51:55","FR_MHB_34000",24,29,-1,-5,-5,-4,0,1,28,31,"FR_PSGHB_75016"
"FR-1-H_32_47_5838",6801,"08:49","FR_USAMNG_30918",2,5,-3,-3,-3,-4,0,-1,34,30,"FR_USAMNG_30918"
"FR-1-H_32_47_5838",6802,"21:49","FR_SRVHB_83700",11,9,-2,2,2,3,0,1,30,34,"FR_USAMNG_30918"
"FR-1-H_32_47_5838",6803,"44:34","FR_SRVHB_83700",21,22,-2,-1,-1,-1,0,0,30,34,"FR_USAMNG_30918"
"FR-1-H_32_47_5838",6804,"53:10","FR_USAMNG_30918",28,26,-1,2,2,3,0,1,34,30,"FR_USAMNG_30918"
"FR-1-H_32_47_5838",6805,"58:07","FR_SRVHB_83700",29,32,-1,-3,-3,-4,0,-1,30,34,"FR_USAMNG_30918"
"FR-1-H_32_47_5839",6806,"13:03","FR_TFHB_93290",5,9,-2,-4,-4,-7,0,-3,26,31,"FR_FTHB_31000"
"FR-1-H_32_47_5839",6807,"18:31","FR_TFHB_93290",6,14,-2,-8,-8,-9,0,-1,26,31,"FR_FTHB_31000"
"FR-1-H_32_47_5839",6808,"43:25","FR_FTHB_31000",25,16,-1,9,9,9,0,0,31,26,"FR_FTHB_31000"
"FR-1-H_32_48_5840",6809,"17:38","FR_CSMBHB_73000",7,5,-1,2,2,5,0,3,30,21,"FR_CSMBHB_73000"
"FR-1-H_32_48_5840",6810,"24:22","FR_IPHB_13806",5,11,-2,-6,-6,-6,0,0,21,30,"FR_CSMBHB_73000"
"FR-1-H_32_48_5840",6811,"25:39","FR_CSMBHB_73000",12,6,1,6,6,5,0,-1,30,21,"FR_CSMBHB_73000"
"FR-1-H_32_48_5840",6812,"42:33","FR_IPHB_13806",15,21,-1,-6,-6,-8,0,-2,21,30,"FR_CSMBHB_73000"
"FR-1-H_32_48_5840",6813,"57:40","FR_IPHB_13806",19,28,-1,-9,-9,-9,0,0,21,30,"FR_CSMBHB_73000"
"FR-1-H_32_48_5841",6814,"22:23","FR_LHB_87000",12,12,-2,0,0,-1,0,-1,31,34,"FR_USCHB_94000"
"FR-1-H_32_48_5841",6815,"28:14","FR_USCHB_94000",14,14,-1,0,0,1,0,1,34,31,"FR_USCHB_94000"
"FR-1-H_32_48_5841",6816,"36:56","FR_LHB_87000",17,20,-3,-3,-3,-3,0,0,31,34,"FR_USCHB_94000"
"FR-1-H_32_48_5841",6817,"48:24","FR_LHB_87000",23,27,-1,-4,-4,-3,0,1,31,34,"FR_USCHB_94000"
"FR-1-H_32_48_5841",6818,"56:15","FR_USCHB_94000",31,28,-2,3,3,3,0,0,34,31,"FR_USCHB_94000"
"FR-1-H_32_48_5842",6819,"10:17","FR_DHBGL_59140",3,8,-3,-5,-5,-4,0,1,28,29,"FR_CCMHB_28000"
"FR-1-H_32_48_5842",6820,"21:50","FR_CCMHB_28000",13,11,-1,2,2,0,0,-2,29,28,"FR_CCMHB_28000"
"FR-1-H_32_48_5842",6821,"53:45","FR_DHBGL_59140",27,26,1,1,1,0,0,-1,28,29,"FR_CCMHB_28000"
"FR-1-H_32_48_5842",6822,"59:14","FR_CCMHB_28000",28,28,1,0,0,1,0,1,29,28,"FR_CCMHB_28000"
"FR-1-H_32_48_5842",6823,"59:41","FR_DHBGL_59140",28,29,-1,-1,-1,-1,0,0,28,29,"FR_CCMHB_28000"
"FR-1-H_32_48_5843",6824,"08:46","FR_USIHB_94200",2,5,-2,-3,-3,-2,0,1,23,22,"FR_USIHB_94200"
"FR-1-H_32_48_5843",6825,"19:48","FR_PAUC_13100",7,9,-4,-2,-2,-1,0,1,22,23,"FR_USIHB_94200"
"FR-1-H_32_48_5843",6826,"38:56","FR_PAUC_13100",13,15,-2,-2,-2,-3,0,-1,22,23,"FR_USIHB_94200"
"FR-1-H_32_48_5843",6827,"50:28","FR_PAUC_13100",14,19,0,-5,-5,-4,0,1,22,23,"FR_USIHB_94200"
"FR-1-H_32_48_5843",6828,"53:16","FR_USIHB_94200",20,16,-2,4,4,2,0,-2,23,22,"FR_USIHB_94200"
"FR-1-H_32_48_5843",6829,"58:47","FR_USIHB_94200",22,21,-3,1,1,1,0,0,23,22,"FR_USIHB_94200"
"FR-1-H_32_48_5844",6830,"13:23","FR_TFHB_93290",3,6,-1,-3,-3,-2,0,1,22,34,"FR_MHB_34000"
"FR-1-H_32_48_5844",6831,"26:14","FR_MHB_34000",14,11,-2,3,3,3,0,0,34,22,"FR_MHB_34000"
"FR-1-H_32_48_5844",6832,"36:37","FR_TFHB_93290",14,20,-3,-6,-6,-10,0,-4,22,34,"FR_MHB_34000"
"FR-1-H_32_48_5844",6833,"41:25","FR_TFHB_93290",14,24,-4,-10,-10,-13,0,-3,22,34,"FR_MHB_34000"
"FR-1-H_32_48_5844",6834,"48:33","FR_MHB_34000",28,15,-1,13,13,15,0,2,34,22,"FR_MHB_34000"
"FR-1-H_32_48_5845",6835,"08:45","FR_USAMNG_30918",1,5,-2,-4,-4,-3,0,1,29,27,"FR_USAMNG_30918"
"FR-1-H_32_48_5845",6836,"40:41","FR_CRMHB_35510",17,19,-3,-2,-2,-1,0,1,27,29,"FR_USAMNG_30918"
"FR-1-H_32_48_5845",6837,"48:06","FR_USAMNG_30918",22,23,-2,-1,-1,0,0,1,29,27,"FR_USAMNG_30918"
"FR-1-H_32_48_5845",6838,"58:10","FR_CRMHB_35510",26,28,-2,-2,-2,-2,0,0,27,29,"FR_USAMNG_30918"
"FR-1-H_32_48_5845",6839,"58:33","FR_USAMNG_30918",28,26,0,2,2,2,0,0,29,27,"FR_USAMNG_30918"
"FR-1-H_32_48_5846",6840,"23:26","FR_PSGHB_75016",10,11,-1,-1,-1,-1,0,0,24,25,"FR_HBCN_44200"
"FR-1-H_32_48_5846",6841,"28:49","FR_HBCN_44200",12,12,-1,0,0,2,0,2,25,24,"FR_HBCN_44200"
"FR-1-H_32_48_5846",6842,"46:06","FR_HBCN_44200",20,18,-1,2,2,2,0,0,25,24,"FR_HBCN_44200"
"FR-1-H_32_48_5846",6843,"57:52","FR_HBCN_44200",25,22,-1,3,3,2,0,-1,25,24,"FR_HBCN_44200"
"FR-1-H_32_48_5846",6844,"59:28","FR_PSGHB_75016",23,25,1,-2,-2,-1,0,1,24,25,"FR_HBCN_44200"
"FR-1-H_32_48_5847",6845,"12:04","FR_SRVHB_83700",3,7,-3,-4,-4,-2,0,2,27,32,"FR_FTHB_31000"
"FR-1-H_32_48_5847",6846,"35:56","FR_SRVHB_83700",13,19,-3,-6,-6,-7,0,-1,27,32,"FR_FTHB_31000"
"FR-1-H_32_48_5847",6847,"41:46","FR_SRVHB_83700",15,23,-3,-8,-8,-7,0,1,27,32,"FR_FTHB_31000"
"FR-1-H_32_48_5847",6848,"51:50","FR_FTHB_31000",28,23,-2,5,5,5,0,0,32,27,"FR_FTHB_31000"
"FR-1-H_32_49_5848",6849,"19:46","FR_PAUC_13100",8,12,-1,-4,-4,-4,0,0,28,29,"FR_FTHB_31000"
"FR-1-H_32_49_5848",6850,"21:34","FR_FTHB_31000",13,9,-1,4,4,4,0,0,29,28,"FR_FTHB_31000"
"FR-1-H_32_49_5848",6851,"42:04","FR_PAUC_13100",19,21,1,-2,-2,-3,0,-1,28,29,"FR_FTHB_31000"
"FR-1-H_32_49_5848",6852,"46:39","FR_PAUC_13100",20,23,1,-3,-3,-4,0,-1,28,29,"FR_FTHB_31000"
"FR-1-H_32_49_5848",6853,"51:04","FR_PAUC_13100",20,24,-1,-4,-4,-3,0,1,28,29,"FR_FTHB_31000"
"FR-1-H_32_49_5848",6854,"58:04","FR_FTHB_31000",28,26,-1,2,2,1,0,-1,29,28,"FR_FTHB_31000"
"FR-1-H_32_49_5849",6855,"09:47","FR_CRMHB_35510",5,8,-3,-3,-3,-5,0,-2,28,33,"FR_MHB_34000"
"FR-1-H_32_49_5849",6856,"27:08","FR_MHB_34000",17,14,-1,3,3,4,0,1,33,28,"FR_MHB_34000"
"FR-1-H_32_49_5849",6857,"53:38","FR_CRMHB_35510",26,28,1,-2,-2,-3,0,-1,28,33,"FR_MHB_34000"
"FR-1-H_32_49_5849",6858,"57:19","FR_MHB_34000",30,27,1,3,3,5,0,2,33,28,"FR_MHB_34000"
"FR-1-H_32_49_5850",6859,"24:43","FR_USCHB_94000",8,11,-1,-3,-3,-2,0,1,22,31,"FR_CCMHB_28000"
"FR-1-H_32_49_5850",6860,"29:41","FR_CCMHB_28000",13,11,-2,2,2,4,0,2,31,22,"FR_CCMHB_28000"
"FR-1-H_32_49_5850",6861,"46:38","FR_USCHB_94000",18,25,-2,-7,-7,-7,0,0,22,31,"FR_CCMHB_28000"
"FR-1-H_32_49_5851",6862,"22:59","FR_USAMNG_30918",12,12,-1,0,0,-1,0,-1,32,27,"FR_USAMNG_30918"
"FR-1-H_32_49_5851",6863,"29:26","FR_IPHB_13806",15,14,-1,1,1,0,0,-1,27,32,"FR_USAMNG_30918"
"FR-1-H_32_49_5851",6864,"42:03","FR_IPHB_13806",20,23,-1,-3,-3,-4,0,-1,27,32,"FR_USAMNG_30918"
"FR-1-H_32_49_5851",6865,"50:42","FR_USAMNG_30918",27,23,-1,4,4,5,0,1,32,27,"FR_USAMNG_30918"
"FR-1-H_32_49_5852",6866,"08:57","FR_LHB_87000",5,9,-4,-4,-4,-5,0,-1,28,41,"FR_PSGHB_75016"
"FR-1-H_32_49_5852",6867,"26:18","FR_PSGHB_75016",19,17,-4,2,2,3,0,1,41,28,"FR_PSGHB_75016"
"FR-1-H_32_49_5852",6868,"40:20","FR_LHB_87000",22,26,-1,-4,-4,-8,0,-4,28,41,"FR_PSGHB_75016"
"FR-1-H_32_49_5852",6869,"47:38","FR_LHB_87000",24,34,-2,-10,-10,-13,0,-3,28,41,"FR_PSGHB_75016"
"FR-1-H_32_49_5853",6870,"05:47","FR_CSMBHB_73000",0,4,-4,-4,-4,-3,0,1,24,30,"FR_HBCN_44200"
"FR-1-H_32_49_5853",6871,"20:24","FR_HBCN_44200",10,9,-2,1,1,0,0,-1,30,24,"FR_HBCN_44200"
"FR-1-H_32_49_5853",6872,"40:19","FR_CSMBHB_73000",16,18,-4,-2,-2,0,0,2,24,30,"FR_HBCN_44200"
"FR-1-H_32_49_5853",6873,"42:15","FR_HBCN_44200",18,18,-2,0,0,1,0,1,30,24,"FR_HBCN_44200"
"FR-1-H_32_49_5853",6874,"53:34","FR_CSMBHB_73000",21,25,-2,-4,-4,-6,0,-2,24,30,"FR_HBCN_44200"
"FR-1-H_32_49_5854",6875,"17:24","FR_SRVHB_83700",8,10,-2,-2,-2,-5,0,-3,29,28,"FR_SRVHB_83700"
"FR-1-H_32_49_5854",6876,"27:16","FR_USIHB_94200",15,12,-3,3,3,1,0,-2,28,29,"FR_SRVHB_83700"
"FR-1-H_32_49_5854",6877,"47:40","FR_USIHB_94200",22,23,-3,-1,-1,0,0,1,28,29,"FR_SRVHB_83700"
"FR-1-H_32_49_5854",6878,"50:55","FR_SRVHB_83700",24,24,-2,0,0,1,0,1,29,28,"FR_SRVHB_83700"
"FR-1-H_32_49_5854",6879,"57:21","FR_USIHB_94200",25,27,-1,-2,-2,-1,0,1,28,29,"FR_SRVHB_83700"
"FR-1-H_32_49_5854",6880,"58:29","FR_SRVHB_83700",27,26,-1,1,1,1,0,0,29,28,"FR_SRVHB_83700"
"FR-1-H_32_49_5855",6881,"13:51","FR_DHBGL_59140",5,5,-1,0,0,0,0,0,28,22,"FR_DHBGL_59140"
"FR-1-H_32_49_5855",6882,"18:49","FR_TFHB_93290",7,7,-1,0,0,-2,0,-2,22,28,"FR_DHBGL_59140"
"FR-1-H_32_49_5855",6883,"32:52","FR_TFHB_93290",10,16,-2,-6,-6,-4,0,2,22,28,"FR_DHBGL_59140"
"FR-1-H_32_49_5855",6884,"46:39","FR_DHBGL_59140",21,19,-2,2,2,4,0,2,28,22,"FR_DHBGL_59140"
"FR-1-H_32_49_5855",6885,"56:11","FR_TFHB_93290",22,25,1,-3,-3,-6,0,-3,22,28,"FR_DHBGL_59140"
"FR-1-H_32_50_5856",6886,"11:10","FR_MHB_34000",3,6,-2,-3,-3,-3,0,0,29,29,"Egalité"
"FR-1-H_32_50_5856",6887,"19:07","FR_CSMBHB_73000",9,8,-3,1,1,2,0,1,29,29,"Egalité"
"FR-1-H_32_50_5856",6888,"47:05","FR_MHB_34000",21,23,-2,-2,-2,-2,0,0,29,29,"Egalité"
"FR-1-H_32_50_5856",6889,"54:25","FR_CSMBHB_73000",28,26,-1,2,2,1,0,-1,29,29,"Egalité"
"FR-1-H_32_50_5856",6890,"58:45","FR_CSMBHB_73000",29,28,-2,1,1,0,0,-1,29,29,"Egalité"
"FR-1-H_32_50_5857",6891,"24:04","FR_SRVHB_83700",12,12,-2,0,0,0,0,0,26,31,"FR_USCHB_94000"
"FR-1-H_32_50_5857",6892,"45:22","FR_SRVHB_83700",22,22,-2,0,0,-2,0,-2,26,31,"FR_USCHB_94000"
"FR-1-H_32_50_5857",6893,"51:32","FR_SRVHB_83700",22,25,-2,-3,-3,-3,0,0,26,31,"FR_USCHB_94000"
"FR-1-H_32_50_5858",6894,"15:05","FR_DHBGL_59140",5,9,-3,-4,-4,-4,0,0,24,29,"FR_PAUC_13100"
"FR-1-H_32_50_5858",6895,"21:03","FR_PAUC_13100",9,5,0,4,4,7,0,3,29,24,"FR_PAUC_13100"
"FR-1-H_32_50_5858",6896,"37:55","FR_PAUC_13100",16,15,-3,1,1,1,0,0,29,24,"FR_PAUC_13100"
"FR-1-H_32_50_5858",6897,"47:16","FR_DHBGL_59140",20,21,-1,-1,-1,-1,0,0,24,29,"FR_PAUC_13100"
"FR-1-H_32_50_5858",6898,"54:07","FR_DHBGL_59140",22,25,-3,-3,-3,-5,0,-2,24,29,"FR_PAUC_13100"
"FR-1-H_32_50_5859",6899,"20:24","FR_IPHB_13806",10,11,1,-1,-1,0,0,1,26,33,"FR_HBCN_44200"
"FR-1-H_32_50_5859",6900,"28:47","FR_HBCN_44200",13,12,1,1,1,2,0,1,33,26,"FR_HBCN_44200"
"FR-1-H_32_50_5859",6901,"43:33","FR_IPHB_13806",17,24,-3,-7,-7,-7,0,0,26,33,"FR_HBCN_44200"
"FR-1-H_32_50_5859",6902,"54:28","FR_IPHB_13806",23,32,-2,-9,-9,-7,0,2,26,33,"FR_HBCN_44200"
"FR-1-H_32_50_5860",6903,"14:36","FR_USIHB_94200",4,7,-3,-3,-3,-4,0,-1,17,32,"FR_CRMHB_35510"
"FR-1-H_32_50_5860",6904,"22:02","FR_USIHB_94200",4,10,-2,-6,-6,-6,0,0,17,32,"FR_CRMHB_35510"
"FR-1-H_32_50_5860",6905,"28:55","FR_CRMHB_35510",13,8,-1,5,5,6,0,1,32,17,"FR_CRMHB_35510"
"FR-1-H_32_50_5860",6906,"39:11","FR_USIHB_94200",12,20,-1,-8,-8,-9,0,-1,17,32,"FR_CRMHB_35510"
"FR-1-H_32_50_5860",6907,"45:54","FR_CRMHB_35510",24,14,1,10,10,10,0,0,32,17,"FR_CRMHB_35510"
"FR-1-H_32_50_5861",6908,"16:13","FR_CCMHB_28000",6,9,-2,-3,-3,-2,0,1,27,29,"FR_LHB_87000"
"FR-1-H_32_50_5861",6909,"20:28","FR_LHB_87000",11,9,-1,2,2,0,0,-2,29,27,"FR_LHB_87000"
"FR-1-H_32_50_5861",6910,"50:28","FR_LHB_87000",23,23,-1,0,0,2,0,2,29,27,"FR_LHB_87000"
"FR-1-H_32_50_5861",6911,"51:47","FR_CCMHB_28000",23,25,-2,-2,-2,-3,0,-1,27,29,"FR_LHB_87000"
"FR-1-H_32_50_5861",6912,"54:21","FR_CCMHB_28000",23,26,-1,-3,-3,-1,0,2,27,29,"FR_LHB_87000"
"FR-1-H_32_50_5861",6913,"58:22","FR_LHB_87000",28,27,-1,1,1,2,0,1,29,27,"FR_LHB_87000"
"FR-1-H_32_50_5862",6914,"25:57","FR_FTHB_31000",14,15,-1,-1,-1,1,0,2,35,34,"FR_FTHB_31000"
"FR-1-H_32_50_5862",6915,"29:08","FR_USAMNG_30918",15,16,-2,-1,-1,-1,0,0,34,35,"FR_FTHB_31000"
"FR-1-H_32_50_5862",6916,"43:07","FR_FTHB_31000",24,26,-2,-2,-2,1,0,3,35,34,"FR_FTHB_31000"
"FR-1-H_32_50_5862",6917,"46:18","FR_USAMNG_30918",26,27,-3,-1,-1,-1,0,0,34,35,"FR_FTHB_31000"
"FR-1-H_32_50_5862",6918,"58:37","FR_FTHB_31000",34,34,-1,0,0,1,0,1,35,34,"FR_FTHB_31000"
"FR-1-H_32_50_5862",6919,"59:32","FR_USAMNG_30918",34,35,-1,-1,-1,-1,0,0,34,35,"FR_FTHB_31000"
"FR-1-H_32_91_5864",6920,"24:02","FR_PAUC_13100",10,12,-1,-2,-2,-2,0,0,28,29,"FR_PSGHB_75016"
"FR-1-H_32_91_5864",6921,"29:38","FR_PSGHB_75016",13,12,-2,1,1,1,0,0,29,28,"FR_PSGHB_75016"
"FR-1-H_32_91_5864",6922,"45:23","FR_PAUC_13100",22,23,-1,-1,-1,-3,0,-2,28,29,"FR_PSGHB_75016"
"FR-1-H_32_91_5864",6923,"58:36","FR_PAUC_13100",28,29,1,-1,-1,-1,0,0,28,29,"FR_PSGHB_75016"
"FR-1-H_32_91_5864",6924,"59:20","FR_PSGHB_75016",29,28,0,1,1,1,0,0,29,28,"FR_PSGHB_75016"
"FR-1-H_32_91_5865",6925,"19:08","FR_CRMHB_35510",7,9,-2,-2,-2,-3,0,-1,23,30,"FR_DHBGL_59140"
"FR-1-H_32_91_5865",6926,"26:28","FR_DHBGL_59140",12,11,-3,1,1,1,0,0,30,23,"FR_DHBGL_59140"
"FR-1-H_32_91_5865",6927,"44:56","FR_CRMHB_35510",18,23,-3,-5,-5,-7,0,-2,23,30,"FR_DHBGL_59140"
"FR-1-H_32_91_5865",6928,"49:01","FR_CRMHB_35510",19,26,-3,-7,-7,-7,0,0,23,30,"FR_DHBGL_59140"
"FR-1-H_32_91_5865",6929,"50:12","FR_DHBGL_59140",26,19,0,7,7,8,0,1,30,23,"FR_DHBGL_59140"
"FR-1-H_32_91_5866",6930,"21:36","FR_USCHB_94000",7,8,-2,-1,-1,-1,0,0,28,24,"FR_USCHB_94000"
"FR-1-H_32_91_5866",6931,"27:31","FR_USIHB_94200",10,10,-1,0,0,-3,0,-3,24,28,"FR_USCHB_94000"
"FR-1-H_32_91_5866",6932,"37:34","FR_USIHB_94200",13,17,-2,-4,-4,-4,0,0,24,28,"FR_USCHB_94000"
"FR-1-H_32_91_5866",6933,"44:37","FR_USCHB_94000",21,20,-3,1,1,1,0,0,28,24,"FR_USCHB_94000"
"FR-1-H_32_91_5866",6934,"53:24","FR_USIHB_94200",22,26,-3,-4,-4,-4,0,0,24,28,"FR_USCHB_94000"
"FR-1-H_32_91_5866",6935,"56:05","FR_USCHB_94000",26,22,0,4,4,4,0,0,28,24,"FR_USCHB_94000"
"FR-1-H_32_91_5867",6936,"18:50","FR_USAMNG_30918",10,10,-1,0,0,1,0,1,29,29,"Egalité"
"FR-1-H_32_91_5867",6937,"27:24","FR_MHB_34000",13,13,2,0,0,1,0,1,29,29,"Egalité"
"FR-1-H_32_91_5867",6938,"37:54","FR_MHB_34000",18,19,-1,-1,-1,0,0,1,29,29,"Egalité"
"FR-1-H_32_91_5867",6939,"42:55","FR_USAMNG_30918",21,21,-1,0,0,0,0,0,29,29,"Egalité"
"FR-1-H_32_91_5867",6940,"59:01","FR_USAMNG_30918",28,28,-1,0,0,0,0,0,29,29,"Egalité"
"FR-1-H_32_91_5868",6941,"13:54","FR_LHB_87000",7,8,1,-1,-1,-3,0,-2,22,39,"FR_HBCN_44200"
"FR-1-H_32_91_5868",6942,"26:01","FR_HBCN_44200",14,10,-1,4,4,6,0,2,39,22,"FR_HBCN_44200"
"FR-1-H_32_91_5868",6943,"36:34","FR_LHB_87000",14,23,-3,-9,-9,-7,0,2,22,39,"FR_HBCN_44200"
"FR-1-H_32_91_5868",6944,"49:53","FR_LHB_87000",20,30,-2,-10,-10,-13,0,-3,22,39,"FR_HBCN_44200"
"FR-1-H_32_91_5869",6945,"12:08","FR_CSMBHB_73000",3,6,-2,-3,-3,-3,0,0,25,25,"Egalité"
"FR-1-H_32_91_5869",6946,"26:50","FR_SRVHB_83700",12,9,-2,3,3,5,0,2,25,25,"Egalité"
"FR-1-H_32_91_5869",6947,"38:51","FR_CSMBHB_73000",12,18,-2,-6,-6,-3,0,3,25,25,"Egalité"
"FR-1-H_32_91_5869",6948,"44:32","FR_SRVHB_83700",19,16,-2,3,3,1,0,-2,25,25,"Egalité"
"FR-1-H_32_91_5869",6949,"55:29","FR_CSMBHB_73000",23,24,-2,-1,-1,0,0,1,25,25,"Egalité"
"FR-1-H_32_91_5869",6950,"59:21","FR_SRVHB_83700",25,25,-1,0,0,0,0,0,25,25,"Egalité"
"FR-1-H_32_91_5870",6951,"14:19","FR_CCMHB_28000",5,8,-2,-3,-3,-2,0,1,22,24,"FR_FTHB_31000"
"FR-1-H_32_91_5870",6952,"25:20","FR_FTHB_31000",10,11,-3,-1,-1,2,0,3,24,22,"FR_FTHB_31000"
"FR-1-H_32_91_5870",6953,"43:50","FR_FTHB_31000",19,18,-1,1,1,2,0,1,24,22,"FR_FTHB_31000"
"FR-1-H_32_91_5870",6954,"47:23","FR_CCMHB_28000",19,21,-1,-2,-2,-3,0,-1,22,24,"FR_FTHB_31000"
"FR-1-H_32_91_5870",6955,"53:48","FR_CCMHB_28000",20,23,-2,-3,-3,-1,0,2,22,24,"FR_FTHB_31000"
"FR-1-H_32_91_5870",6956,"59:31","FR_FTHB_31000",24,22,1,2,2,2,0,0,24,22,"FR_FTHB_31000"
"FR-1-H_32_91_5871",6957,"14:03","FR_TFHB_93290",5,7,-2,-2,-2,-1,0,1,26,27,"FR_IPHB_13806"
"FR-1-H_32_91_5871",6958,"23:15","FR_IPHB_13806",11,10,-1,1,1,0,0,-1,27,26,"FR_IPHB_13806"
"FR-1-H_32_91_5871",6959,"41:31","FR_TFHB_93290",20,18,-1,2,2,1,0,-1,26,27,"FR_IPHB_13806"
"FR-1-H_32_91_5871",6960,"53:51","FR_IPHB_13806",24,25,-2,-1,-1,1,0,2,27,26,"FR_IPHB_13806"
"FR-1-H_32_91_5871",6961,"55:35","FR_TFHB_93290",25,26,-2,-1,-1,0,0,1,26,27,"FR_IPHB_13806"
"FR-1-H_32_91_5871",6962,"58:48","FR_IPHB_13806",26,26,-1,0,0,1,0,1,27,26,"FR_IPHB_13806"
"FR-1-H_32_92_5872",6963,"14:15","FR_CSMBHB_73000",6,6,1,0,0,-1,0,-1,28,28,"Egalité"
"FR-1-H_32_92_5872",6964,"21:07","FR_CRMHB_35510",11,10,-1,1,1,-2,0,-3,28,28,"Egalité"
"FR-1-H_32_92_5872",6965,"40:12","FR_CRMHB_35510",19,22,-2,-3,-3,-3,0,0,28,28,"Egalité"
"FR-1-H_32_92_5872",6966,"53:57","FR_CSMBHB_73000",28,25,-1,3,3,1,0,-2,28,28,"Egalité"
"FR-1-H_32_92_5872",6967,"58:44","FR_CRMHB_35510",27,28,2,-1,-1,0,0,1,28,28,"Egalité"
"FR-1-H_32_92_5872",6968,"59:45","FR_CSMBHB_73000",28,28,-1,0,0,0,0,0,28,28,"Egalité"
"FR-1-H_32_92_5873",6969,"15:43","FR_TFHB_93290",8,10,-1,-2,-2,-3,0,-1,29,33,"FR_CCMHB_28000"
"FR-1-H_32_92_5873",6970,"26:42","FR_CCMHB_28000",16,12,-1,4,4,6,0,2,33,29,"FR_CCMHB_28000"
"FR-1-H_32_92_5873",6971,"44:25","FR_TFHB_93290",18,28,-2,-10,-10,-7,0,3,29,33,"FR_CCMHB_28000"
"FR-1-H_32_92_5873",6972,"49:15","FR_CCMHB_28000",29,22,-3,7,7,7,0,0,33,29,"FR_CCMHB_28000"
"FR-1-H_32_92_5874",6973,"06:36","FR_USCHB_94000",1,5,-3,-4,-4,-5,0,-1,23,36,"FR_HBCN_44200"
"FR-1-H_32_92_5874",6974,"26:46","FR_HBCN_44200",17,6,-1,11,11,11,0,0,36,23,"FR_HBCN_44200"
"FR-1-H_32_92_5874",6975,"43:52","FR_HBCN_44200",27,17,-1,10,10,11,0,1,36,23,"FR_HBCN_44200"
"FR-1-H_32_92_5875",6976,"15:41","FR_IPHB_13806",8,10,-1,-2,-2,-2,0,0,25,34,"FR_FTHB_31000"
"FR-1-H_32_92_5875",6977,"37:06","FR_FTHB_31000",22,16,-3,6,6,5,0,-1,34,25,"FR_FTHB_31000"
"FR-1-H_32_92_5875",6978,"49:10","FR_IPHB_13806",20,27,-2,-7,-7,-9,0,-2,25,34,"FR_FTHB_31000"
"FR-1-H_32_92_5876",6979,"15:31","FR_LHB_87000",6,8,-3,-2,-2,-1,0,1,25,25,"Egalité"
"FR-1-H_32_92_5876",6980,"22:15","FR_DHBGL_59140",10,10,-3,0,0,0,0,0,25,25,"Egalité"
"FR-1-H_32_92_5876",6981,"40:35","FR_LHB_87000",18,20,-1,-2,-2,-3,0,-1,25,25,"Egalité"
"FR-1-H_32_92_5876",6982,"47:28","FR_DHBGL_59140",22,21,-2,1,1,0,0,-1,25,25,"Egalité"
"FR-1-H_32_92_5876",6983,"57:52","FR_LHB_87000",25,25,1,0,0,0,0,0,25,25,"Egalité"
"FR-1-H_32_92_5876",6984,"59:48","FR_DHBGL_59140",25,25,0,0,0,0,0,0,25,25,"Egalité"
"FR-1-H_32_92_5877",6985,"23:06","FR_PAUC_13100",12,13,-1,-1,-1,-1,0,0,27,28,"FR_MHB_34000"
"FR-1-H_32_92_5877",6986,"29:30","FR_MHB_34000",15,14,-1,1,1,2,0,1,28,27,"FR_MHB_34000"
"FR-1-H_32_92_5877",6987,"46:26","FR_PAUC_13100",20,23,-2,-3,-3,-2,0,1,27,28,"FR_MHB_34000"
"FR-1-H_32_92_5877",6988,"54:01","FR_MHB_34000",25,23,-1,2,2,2,0,0,28,27,"FR_MHB_34000"
"FR-1-H_32_92_5877",6989,"58:03","FR_PAUC_13100",26,28,-1,-2,-2,-1,0,1,27,28,"FR_MHB_34000"
"FR-1-H_32_92_5877",6990,"59:14","FR_MHB_34000",28,27,-1,1,1,1,0,0,28,27,"FR_MHB_34000"
"FR-1-H_32_92_5878",6991,"24:53","FR_USIHB_94200",11,16,-2,-5,-5,-8,0,-3,27,35,"FR_USAMNG_30918"
"FR-1-H_32_92_5878",6992,"47:24","FR_USIHB_94200",18,29,-3,-11,-11,-9,0,2,27,35,"FR_USAMNG_30918"
"FR-1-H_32_92_5878",6993,"58:46","FR_USIHB_94200",26,35,1,-9,-9,-8,0,1,27,35,"FR_USAMNG_30918"
"FR-1-H_32_92_5879",6994,"09:13","FR_PSGHB_75016",5,6,-3,-1,-1,3,0,4,44,32,"FR_PSGHB_75016"
"FR-1-H_32_92_5879",6995,"15:12","FR_SRVHB_83700",7,10,-4,-3,-3,-2,0,1,32,44,"FR_PSGHB_75016"
"FR-1-H_32_92_5879",6996,"33:23","FR_SRVHB_83700",19,23,-3,-4,-4,-5,0,-1,32,44,"FR_PSGHB_75016"
"FR-1-H_32_92_5879",6997,"43:24","FR_SRVHB_83700",25,32,-3,-7,-7,-11,0,-4,32,44,"FR_PSGHB_75016"
"FR-1-H_32_93_5880",6998,"20:40","FR_LHB_87000",9,11,-4,-2,-2,-2,0,0,27,29,"FR_PAUC_13100"
"FR-1-H_32_93_5880",6999,"27:19","FR_PAUC_13100",13,13,-3,0,0,1,0,1,29,27,"FR_PAUC_13100"
"FR-1-H_32_93_5880",7000,"36:44","FR_PAUC_13100",17,19,-4,-2,-2,0,0,2,29,27,"FR_PAUC_13100"
"FR-1-H_32_93_5880",7001,"38:32","FR_LHB_87000",19,19,-2,0,0,1,0,1,27,29,"FR_PAUC_13100"
"FR-1-H_32_93_5880",7002,"54:47","FR_LHB_87000",25,25,-2,0,0,-2,0,-2,27,29,"FR_PAUC_13100"
"FR-1-H_32_93_5880",7003,"59:38","FR_PAUC_13100",29,27,2,2,2,2,0,0,29,27,"FR_PAUC_13100"
"FR-1-H_32_93_5881",7004,"17:11","FR_CRMHB_35510",8,9,-3,-1,-1,0,0,1,13,18,"FR_PSGHB_75016"
"FR-1-H_32_93_5881",7005,"30:00","FR_PSGHB_75016",18,13,5,5,5,5,0,0,18,13,"FR_PSGHB_75016"
"FR-1-H_32_93_5882",7006,"24:20","FR_DHBGL_59140",14,13,-1,1,1,1,0,0,33,29,"FR_DHBGL_59140"
"FR-1-H_32_93_5882",7007,"37:45","FR_DHBGL_59140",23,22,-1,1,1,1,0,0,33,29,"FR_DHBGL_59140"
"FR-1-H_32_93_5882",7008,"46:46","FR_USCHB_94000",27,28,-2,-1,-1,-3,0,-2,29,33,"FR_DHBGL_59140"
"FR-1-H_32_93_5882",7009,"57:47","FR_DHBGL_59140",32,29,1,3,3,4,0,1,33,29,"FR_DHBGL_59140"
"FR-1-H_32_93_5883",7010,"10:18","FR_USIHB_94200",2,6,-2,-4,-4,-5,0,-1,27,26,"FR_USIHB_94200"
"FR-1-H_32_93_5883",7011,"44:05","FR_USIHB_94200",20,20,-1,0,0,2,0,2,27,26,"FR_USIHB_94200"
"FR-1-H_32_93_5883",7012,"46:40","FR_CSMBHB_73000",20,22,-2,-2,-2,-2,0,0,26,27,"FR_USIHB_94200"
"FR-1-H_32_93_5883",7013,"51:53","FR_CSMBHB_73000",23,25,-1,-2,-2,-2,0,0,26,27,"FR_USIHB_94200"
"FR-1-H_32_93_5883",7014,"58:11","FR_USIHB_94200",27,25,-1,2,2,1,0,-1,27,26,"FR_USIHB_94200"
"FR-1-H_32_93_5884",7015,"01:48","FR_CCMHB_28000",0,3,-3,-3,-3,-3,0,0,28,33,"FR_HBCN_44200"
"FR-1-H_32_93_5884",7016,"28:48","FR_HBCN_44200",19,13,1,6,6,8,0,2,33,28,"FR_HBCN_44200"
"FR-1-H_32_93_5884",7017,"51:57","FR_HBCN_44200",30,24,-3,6,6,6,0,0,33,28,"FR_HBCN_44200"
"FR-1-H_32_93_5885",7018,"20:09","FR_SRVHB_83700",9,10,1,-1,-1,-3,0,-2,27,33,"FR_IPHB_13806"
"FR-1-H_32_93_5885",7019,"25:08","FR_IPHB_13806",14,11,1,3,3,2,0,-1,33,27,"FR_IPHB_13806"
"FR-1-H_32_93_5885",7020,"37:51","FR_SRVHB_83700",15,20,-1,-5,-5,-3,0,2,27,33,"FR_IPHB_13806"
"FR-1-H_32_93_5885",7021,"44:40","FR_SRVHB_83700",19,24,-3,-5,-5,-6,0,-1,27,33,"FR_IPHB_13806"
"FR-1-H_32_93_5885",7022,"49:37","FR_IPHB_13806",28,22,-1,6,6,6,0,0,33,27,"FR_IPHB_13806"
"FR-1-H_32_93_5886",7023,"19:29","FR_FTHB_31000",9,9,-2,0,0,1,0,1,30,33,"FR_MHB_34000"
"FR-1-H_32_93_5886",7024,"29:51","FR_MHB_34000",14,14,-1,0,0,3,0,3,33,30,"FR_MHB_34000"
"FR-1-H_32_93_5886",7025,"42:49","FR_MHB_34000",21,21,-3,0,0,2,0,2,33,30,"FR_MHB_34000"
"FR-1-H_32_93_5886",7026,"46:17","FR_FTHB_31000",22,24,-2,-2,-2,-2,0,0,30,33,"FR_MHB_34000"
"FR-1-H_32_93_5886",7027,"58:56","FR_FTHB_31000",30,32,-2,-2,-2,-3,0,-1,30,33,"FR_MHB_34000"
"FR-1-H_32_93_5887",7028,"18:06","FR_USAMNG_30918",10,13,1,-3,-3,-2,0,1,34,34,"Egalité"
"FR-1-H_32_93_5887",7029,"23:50","FR_TFHB_93290",14,12,-1,2,2,5,0,3,34,34,"Egalité"
"FR-1-H_32_93_5887",7030,"37:19","FR_TFHB_93290",24,20,-2,4,4,3,0,-1,34,34,"Egalité"
"FR-1-H_32_93_5887",7031,"44:46","FR_USAMNG_30918",24,26,2,-2,-2,-2,0,0,34,34,"Egalité"
"FR-1-H_32_93_5887",7032,"59:25","FR_TFHB_93290",33,34,-3,-1,-1,0,0,1,34,34,"Egalité"
"FR-1-H_32_93_5887",7033,"59:57","FR_USAMNG_30918",34,34,-1,0,0,0,0,0,34,34,"Egalité"
"FR-1-H_32_94_5888",7034,"13:16","FR_DHBGL_59140",5,8,-2,-3,-3,-5,0,-2,22,29,"FR_CSMBHB_73000"
"FR-1-H_32_94_5888",7035,"20:41","FR_CSMBHB_73000",11,7,-1,4,4,3,0,-1,29,22,"FR_CSMBHB_73000"
"FR-1-H_32_94_5888",7036,"47:01","FR_DHBGL_59140",17,21,-1,-4,-4,-5,0,-1,22,29,"FR_CSMBHB_73000"
"FR-1-H_32_94_5888",7037,"53:52","FR_DHBGL_59140",20,25,-1,-5,-5,-5,0,0,22,29,"FR_CSMBHB_73000"
"FR-1-H_32_94_5888",7038,"54:31","FR_CSMBHB_73000",25,20,0,5,5,6,0,1,29,22,"FR_CSMBHB_73000"
"FR-1-H_32_94_5889",7039,"07:06","FR_SRVHB_83700",2,6,-3,-4,-4,-4,0,0,31,29,"FR_SRVHB_83700"
"FR-1-H_32_94_5889",7040,"25:29","FR_CCMHB_28000",15,14,-3,1,1,0,0,-1,29,31,"FR_SRVHB_83700"
"FR-1-H_32_94_5889",7041,"38:21","FR_SRVHB_83700",20,21,-3,-1,-1,-1,0,0,31,29,"FR_SRVHB_83700"
"FR-1-H_32_94_5889",7042,"53:21","FR_CCMHB_28000",27,26,-1,1,1,-1,0,-2,29,31,"FR_SRVHB_83700"
"FR-1-H_32_94_5889",7043,"55:31","FR_SRVHB_83700",28,27,2,1,1,2,0,1,31,29,"FR_SRVHB_83700"
"FR-1-H_32_94_5889",7044,"56:28","FR_CCMHB_28000",27,29,-1,-2,-2,-2,0,0,29,31,"FR_SRVHB_83700"
"FR-1-H_32_94_5890",7045,"22:10","FR_CRMHB_35510",7,8,-2,-1,-1,0,0,1,19,27,"FR_USCHB_94000"
"FR-1-H_32_94_5890",7046,"29:44","FR_USCHB_94000",10,9,2,1,1,4,0,3,27,19,"FR_USCHB_94000"
"FR-1-H_32_94_5890",7047,"43:13","FR_USCHB_94000",17,15,-1,2,2,4,0,2,27,19,"FR_USCHB_94000"
"FR-1-H_32_94_5890",7048,"47:03","FR_CRMHB_35510",15,19,-2,-4,-4,-5,0,-1,19,27,"FR_USCHB_94000"
"FR-1-H_32_94_5890",7049,"55:13","FR_CRMHB_35510",18,24,-2,-6,-6,-8,0,-2,19,27,"FR_USCHB_94000"
"FR-1-H_32_94_5891",7050,"25:18","FR_LHB_87000",15,10,-1,5,5,4,0,-1,30,30,"Egalité"
"FR-1-H_32_94_5891",7051,"36:57","FR_LHB_87000",18,17,-3,1,1,1,0,0,30,30,"Egalité"
"FR-1-H_32_94_5891",7052,"46:12","FR_IPHB_13806",22,24,-2,-2,-2,-3,0,-1,30,30,"Egalité"
"FR-1-H_32_94_5891",7053,"56:39","FR_LHB_87000",29,26,-2,3,3,0,0,-3,30,30,"Egalité"
"FR-1-H_32_94_5892",7054,"16:37","FR_MHB_34000",6,10,-3,-4,-4,-6,0,-2,26,36,"FR_HBCN_44200"
"FR-1-H_32_94_5892",7055,"23:41","FR_MHB_34000",8,15,-2,-7,-7,-5,0,2,26,36,"FR_HBCN_44200"
"FR-1-H_32_94_5892",7056,"24:57","FR_HBCN_44200",15,10,-2,5,5,10,0,5,36,26,"FR_HBCN_44200"
"FR-1-H_32_94_5892",7057,"36:31","FR_HBCN_44200",22,16,-3,6,6,5,0,-1,36,26,"FR_HBCN_44200"
"FR-1-H_32_94_5892",7058,"53:55","FR_MHB_34000",23,32,-2,-9,-9,-9,0,0,26,36,"FR_HBCN_44200"
"FR-1-H_32_94_5893",7059,"25:30","FR_USAMNG_30918",15,17,-2,-2,-2,-4,0,-2,27,47,"FR_PSGHB_75016"
"FR-1-H_32_94_5893",7060,"41:43","FR_USAMNG_30918",22,31,-3,-9,-9,-11,0,-2,27,47,"FR_PSGHB_75016"
"FR-1-H_32_94_5893",7061,"48:50","FR_USAMNG_30918",24,37,-3,-13,-13,-16,0,-3,27,47,"FR_PSGHB_75016"
"FR-1-H_32_94_5894",7062,"13:14","FR_USIHB_94200",2,7,-1,-5,-5,-3,0,2,24,29,"FR_FTHB_31000"
"FR-1-H_32_94_5894",7063,"21:58","FR_FTHB_31000",10,6,-1,4,4,6,0,2,29,24,"FR_FTHB_31000"
"FR-1-H_32_94_5894",7064,"39:27","FR_FTHB_31000",20,12,-1,8,8,9,0,1,29,24,"FR_FTHB_31000"
"FR-1-H_32_94_5894",7065,"57:40","FR_FTHB_31000",29,22,-1,7,7,5,0,-2,29,24,"FR_FTHB_31000"
"FR-1-H_32_94_5895",7066,"20:16","FR_TFHB_93290",9,13,-3,-4,-4,-5,0,-1,22,30,"FR_PAUC_13100"
"FR-1-H_32_94_5895",7067,"27:47","FR_PAUC_13100",16,11,-1,5,5,7,0,2,30,22,"FR_PAUC_13100"
"FR-1-H_32_94_5895",7068,"35:41","FR_TFHB_93290",12,21,-2,-9,-9,-9,0,0,22,30,"FR_PAUC_13100"
"FR-1-H_32_94_5895",7069,"43:52","FR_PAUC_13100",24,16,-1,8,8,10,0,2,30,22,"FR_PAUC_13100"
